caja_id,alto,ancho,largo,utilizacion,cantidad_cajas_pallet
02cf77de65b70dd77905e2e33d78478f,291.0,266.4,355.5,0.81239895,48.0
02cf77de65b70dd77905e2e33d78478f,320.1,266.4,355.5,0.7433313625000001,40.0
02cf77de65b70dd77905e2e33d78478f,291.0,325.6,355.5,0.7417166625000001,36.0
02cf77de65b70dd77905e2e33d78478f,261.9,266.4,355.5,0.732800265,48.0
02cf77de65b70dd77905e2e33d78478f,320.1,325.6,355.5,0.678658259375,30.0
02cf77de65b70dd77905e2e33d78478f,291.0,296.0,355.5,0.6755079375,36.0
02cf77de65b70dd77905e2e33d78478f,261.9,325.6,355.5,0.66904341375,36.0
02cf77de65b70dd77905e2e33d78478f,320.1,296.0,355.5,0.618078390625,30.0
02cf77de65b70dd77905e2e33d78478f,261.9,296.0,355.5,0.6093218062499999,36.0
02cf77de65b70dd77905e2e33d78478f,291.0,266.4,434.5,0.494967825,24.0
02cf77de65b70dd77905e2e33d78478f,320.1,266.4,434.5,0.4528872270833334,20.0
02cf77de65b70dd77905e2e33d78478f,291.0,325.6,434.5,0.45190344375,18.0
02cf77de65b70dd77905e2e33d78478f,291.0,266.4,395.0,0.45058364999999995,24.0
02cf77de65b70dd77905e2e33d78478f,261.9,266.4,434.5,0.4464709774999999,24.0
02cf77de65b70dd77905e2e33d78478f,320.1,325.6,434.5,0.4134840432291667,15.0
02cf77de65b70dd77905e2e33d78478f,320.1,266.4,395.0,0.41227645416666664,20.0
02cf77de65b70dd77905e2e33d78478f,291.0,296.0,434.5,0.41156465625,18.0
02cf77de65b70dd77905e2e33d78478f,291.0,325.6,395.0,0.4113808875,18.0
02cf77de65b70dd77905e2e33d78478f,261.9,325.6,434.5,0.40762603562500005,18.0
02cf77de65b70dd77905e2e33d78478f,261.9,266.4,395.0,0.406435555,24.0
02cf77de65b70dd77905e2e33d78478f,320.1,296.0,434.5,0.37657473177083334,15.0
02cf77de65b70dd77905e2e33d78478f,320.1,325.6,395.0,0.3764065864583334,15.0
02cf77de65b70dd77905e2e33d78478f,291.0,296.0,395.0,0.3746593125,18.0
02cf77de65b70dd77905e2e33d78478f,261.9,296.0,434.5,0.37123963437499996,18.0
02cf77de65b70dd77905e2e33d78478f,261.9,325.6,395.0,0.37107387124999996,18.0
02cf77de65b70dd77905e2e33d78478f,320.1,296.0,395.0,0.3428069635416667,15.0
02cf77de65b70dd77905e2e33d78478f,261.9,296.0,395.0,0.33795026875,18.0
082c1cdb42b1abd201403ca33ca11ef0,170.1,223.2,383.0,0.9086148541666665,100.0
082c1cdb42b1abd201403ca33ca11ef0,189.0,223.2,383.0,0.9055190625,90.0
082c1cdb42b1abd201403ca33ca11ef0,170.1,272.8,383.0,0.8841948388888888,80.0
082c1cdb42b1abd201403ca33ca11ef0,207.9,223.2,383.0,0.8829197833333333,80.0
082c1cdb42b1abd201403ca33ca11ef0,189.0,272.8,383.0,0.88118225,72.0
082c1cdb42b1abd201403ca33ca11ef0,207.9,272.8,383.0,0.8591903511111113,64.0
082c1cdb42b1abd201403ca33ca11ef0,170.1,223.2,344.7,0.8191548312499998,100.0
082c1cdb42b1abd201403ca33ca11ef0,189.0,223.2,344.7,0.81636384375,90.0
082c1cdb42b1abd201403ca33ca11ef0,170.1,248.0,383.0,0.8055433611111111,80.0
082c1cdb42b1abd201403ca33ca11ef0,189.0,248.0,383.0,0.80279875,72.0
082c1cdb42b1abd201403ca33ca11ef0,170.1,272.8,344.7,0.7971391516666666,80.0
082c1cdb42b1abd201403ca33ca11ef0,207.9,223.2,344.7,0.7959896349999999,80.0
082c1cdb42b1abd201403ca33ca11ef0,189.0,272.8,344.7,0.7944231749999999,72.0
082c1cdb42b1abd201403ca33ca11ef0,207.9,248.0,383.0,0.7827630888888888,64.0
082c1cdb42b1abd201403ca33ca11ef0,207.9,272.8,344.7,0.7745965453333334,64.0
082c1cdb42b1abd201403ca33ca11ef0,170.1,248.0,344.7,0.7262315083333334,80.0
082c1cdb42b1abd201403ca33ca11ef0,189.0,248.0,344.7,0.723757125,72.0
082c1cdb42b1abd201403ca33ca11ef0,207.9,248.0,344.7,0.7056941266666666,64.0
082c1cdb42b1abd201403ca33ca11ef0,170.1,223.2,421.3,0.49903743854166666,50.0
082c1cdb42b1abd201403ca33ca11ef0,189.0,223.2,421.3,0.497337140625,45.0
082c1cdb42b1abd201403ca33ca11ef0,170.1,272.8,421.3,0.48562526305555553,40.0
082c1cdb42b1abd201403ca33ca11ef0,207.9,223.2,421.3,0.48492496583333333,40.0
082c1cdb42b1abd201403ca33ca11ef0,189.0,272.8,421.3,0.48397066250000004,36.0
082c1cdb42b1abd201403ca33ca11ef0,207.9,272.8,421.3,0.47189207844444453,32.0
082c1cdb42b1abd201403ca33ca11ef0,170.1,248.0,421.3,0.4424276069444445,40.0
082c1cdb42b1abd201403ca33ca11ef0,189.0,248.0,421.3,0.4409201875,36.0
082c1cdb42b1abd201403ca33ca11ef0,207.9,248.0,421.3,0.4299160255555555,32.0
0835ff365412a67b720a19713ec250f3,250.2,286.0,386.0,0.9503691555555553,56.0
0835ff365412a67b720a19713ec250f3,278.0,286.0,386.0,0.9029937777777778,48.0
0835ff365412a67b720a19713ec250f3,250.2,257.4,386.0,0.8572850533333333,56.0
0835ff365412a67b720a19713ec250f3,250.2,286.0,347.4,0.8567868866666666,56.0
0835ff365412a67b720a19713ec250f3,305.8,286.0,386.0,0.8261545185185185,40.0
0835ff365412a67b720a19713ec250f3,278.0,257.4,386.0,0.8145498666666666,48.0
0835ff365412a67b720a19713ec250f3,278.0,286.0,347.4,0.8140765333333333,48.0
0835ff365412a67b720a19713ec250f3,250.2,314.6,386.0,0.7825899433333334,42.0
0835ff365412a67b720a19713ec250f3,250.2,257.4,347.4,0.7728687189999999,56.0
0835ff365412a67b720a19713ec250f3,305.8,257.4,386.0,0.7452366444444444,40.0
0835ff365412a67b720a19713ec250f3,305.8,286.0,347.4,0.7448035888888889,40.0
0835ff365412a67b720a19713ec250f3,278.0,314.6,386.0,0.7435782666666668,36.0
0835ff365412a67b720a19713ec250f3,278.0,257.4,347.4,0.7343416399999999,48.0
0835ff365412a67b720a19713ec250f3,250.2,314.6,347.4,0.70552879075,42.0
0835ff365412a67b720a19713ec250f3,305.8,314.6,386.0,0.6803042944444445,30.0
0835ff365412a67b720a19713ec250f3,305.8,257.4,347.4,0.6718536483333332,40.0
0835ff365412a67b720a19713ec250f3,278.0,314.6,347.4,0.67035857,36.0
0835ff365412a67b720a19713ec250f3,305.8,314.6,347.4,0.6133151470833333,30.0
0835ff365412a67b720a19713ec250f3,250.2,286.0,424.6,0.5219757122222222,28.0
0835ff365412a67b720a19713ec250f3,278.0,286.0,424.6,0.49595551111111114,24.0
0835ff365412a67b720a19713ec250f3,250.2,257.4,424.6,0.4708506938333333,28.0
0835ff365412a67b720a19713ec250f3,305.8,286.0,424.6,0.4537527240740742,20.0
0835ff365412a67b720a19713ec250f3,278.0,257.4,424.6,0.44737904666666667,24.0
0835ff365412a67b720a19713ec250f3,250.2,314.6,424.6,0.42982554795833333,21.0
0835ff365412a67b720a19713ec250f3,305.8,257.4,424.6,0.4093098202777778,20.0
0835ff365412a67b720a19713ec250f3,278.0,314.6,424.6,0.40839898166666677,18.0
0835ff365412a67b720a19713ec250f3,305.8,314.6,424.6,0.37364672090277784,15.0
0b72571a5bb7429ce7de424547e8d27d,174.0,286.0,386.0,0.9538666666666666,80.0
0b72571a5bb7429ce7de424547e8d27d,156.6,286.0,386.0,0.947825511111111,88.0
0b72571a5bb7429ce7de424547e8d27d,191.4,286.0,386.0,0.9414664,72.0
0b72571a5bb7429ce7de424547e8d27d,174.0,257.4,386.0,0.8604399999999999,80.0
0b72571a5bb7429ce7de424547e8d27d,174.0,286.0,347.4,0.85994,80.0
0b72571a5bb7429ce7de424547e8d27d,156.6,257.4,386.0,0.8549905466666666,88.0
0b72571a5bb7429ce7de424547e8d27d,156.6,286.0,347.4,0.8544937133333332,88.0
0b72571a5bb7429ce7de424547e8d27d,191.4,257.4,386.0,0.8492542799999999,72.0
0b72571a5bb7429ce7de424547e8d27d,191.4,286.0,347.4,0.84876078,72.0
0b72571a5bb7429ce7de424547e8d27d,174.0,314.6,386.0,0.7854700000000001,60.0
0b72571a5bb7429ce7de424547e8d27d,156.6,314.6,386.0,0.7804953566666668,66.0
0b72571a5bb7429ce7de424547e8d27d,174.0,257.4,347.4,0.7757129999999999,80.0
0b72571a5bb7429ce7de424547e8d27d,191.4,314.6,386.0,0.7752588900000001,54.0
0b72571a5bb7429ce7de424547e8d27d,156.6,257.4,347.4,0.7708001509999999,88.0
0b72571a5bb7429ce7de424547e8d27d,191.4,257.4,347.4,0.7656287309999998,72.0
0b72571a5bb7429ce7de424547e8d27d,174.0,314.6,347.4,0.7081252500000002,60.0
0b72571a5bb7429ce7de424547e8d27d,156.6,314.6,347.4,0.70364045675,66.0
0b72571a5bb7429ce7de424547e8d27d,191.4,314.6,347.4,0.69891962175,54.0
0b72571a5bb7429ce7de424547e8d27d,174.0,286.0,424.6,0.5238966666666667,40.0
0b72571a5bb7429ce7de424547e8d27d,156.6,286.0,424.6,0.5205786544444444,44.0
0b72571a5bb7429ce7de424547e8d27d,191.4,286.0,424.6,0.5170860100000001,36.0
0b72571a5bb7429ce7de424547e8d27d,174.0,257.4,424.6,0.4725835,40.0
0b72571a5bb7429ce7de424547e8d27d,156.6,257.4,424.6,0.4695904711666667,44.0
0b72571a5bb7429ce7de424547e8d27d,191.4,257.4,424.6,0.46643991449999994,36.0
0b72571a5bb7429ce7de424547e8d27d,174.0,314.6,424.6,0.4314073750000001,30.0
0b72571a5bb7429ce7de424547e8d27d,156.6,314.6,424.6,0.4286751282916667,33.0
0b72571a5bb7429ce7de424547e8d27d,191.4,314.6,424.6,0.4257990791250001,27.0
10c5f9edbe2c87186bcdeb991fe8d902,250.8,226.8,380.0,0.9348019333333334,70.0
10c5f9edbe2c87186bcdeb991fe8d902,250.8,277.2,380.0,0.9097453866666666,56.0
10c5f9edbe2c87186bcdeb991fe8d902,205.2,226.8,380.0,0.8786389333333334,80.0
10c5f9edbe2c87186bcdeb991fe8d902,205.2,277.2,380.0,0.8550877866666666,64.0
10c5f9edbe2c87186bcdeb991fe8d902,228.0,226.8,380.0,0.8518055000000001,70.0
10c5f9edbe2c87186bcdeb991fe8d902,250.8,226.8,342.0,0.8427748,70.0
10c5f9edbe2c87186bcdeb991fe8d902,228.0,277.2,380.0,0.8289736,56.0
10c5f9edbe2c87186bcdeb991fe8d902,250.8,252.0,380.0,0.8287934666666668,56.0
10c5f9edbe2c87186bcdeb991fe8d902,250.8,277.2,342.0,0.82018496,56.0
10c5f9edbe2c87186bcdeb991fe8d902,205.2,226.8,342.0,0.7921408000000001,80.0
10c5f9edbe2c87186bcdeb991fe8d902,205.2,252.0,380.0,0.7789994666666665,64.0
10c5f9edbe2c87186bcdeb991fe8d902,205.2,277.2,342.0,0.7709081600000001,64.0
10c5f9edbe2c87186bcdeb991fe8d902,228.0,226.8,342.0,0.767949,70.0
10c5f9edbe2c87186bcdeb991fe8d902,228.0,252.0,380.0,0.755209,56.0
10c5f9edbe2c87186bcdeb991fe8d902,228.0,277.2,342.0,0.7473648,56.0
10c5f9edbe2c87186bcdeb991fe8d902,250.8,252.0,342.0,0.7472024000000002,56.0
10c5f9edbe2c87186bcdeb991fe8d902,205.2,252.0,342.0,0.7023104,64.0
10c5f9edbe2c87186bcdeb991fe8d902,228.0,252.0,342.0,0.680862,56.0
10c5f9edbe2c87186bcdeb991fe8d902,250.8,226.8,418.0,0.5134145333333334,35.0
10c5f9edbe2c87186bcdeb991fe8d902,250.8,277.2,418.0,0.4996529066666666,28.0
10c5f9edbe2c87186bcdeb991fe8d902,205.2,226.8,418.0,0.4825685333333333,40.0
10c5f9edbe2c87186bcdeb991fe8d902,205.2,277.2,418.0,0.46963370666666665,32.0
10c5f9edbe2c87186bcdeb991fe8d902,228.0,226.8,418.0,0.467831,35.0
10c5f9edbe2c87186bcdeb991fe8d902,228.0,277.2,418.0,0.45529120000000006,28.0
10c5f9edbe2c87186bcdeb991fe8d902,250.8,252.0,418.0,0.4551922666666668,28.0
10c5f9edbe2c87186bcdeb991fe8d902,205.2,252.0,418.0,0.42784426666666664,32.0
10c5f9edbe2c87186bcdeb991fe8d902,228.0,252.0,418.0,0.414778,28.0
116dda17a7b7fb82c62f462ef4a94218,164.0,286.0,386.0,0.900874074074074,80.0
116dda17a7b7fb82c62f462ef4a94218,147.6,286.0,386.0,0.8953628444444444,88.0
116dda17a7b7fb82c62f462ef4a94218,180.4,286.0,386.0,0.8890037333333334,72.0
116dda17a7b7fb82c62f462ef4a94218,164.0,257.4,386.0,0.8126377777777777,80.0
116dda17a7b7fb82c62f462ef4a94218,164.0,286.0,347.4,0.8121655555555556,80.0
116dda17a7b7fb82c62f462ef4a94218,147.6,257.4,386.0,0.8076663466666666,88.0
116dda17a7b7fb82c62f462ef4a94218,147.6,286.0,347.4,0.8071970133333333,88.0
116dda17a7b7fb82c62f462ef4a94218,180.4,257.4,386.0,0.8019300799999999,72.0
116dda17a7b7fb82c62f462ef4a94218,180.4,286.0,347.4,0.8014640799999999,72.0
116dda17a7b7fb82c62f462ef4a94218,164.0,314.6,386.0,0.7418327777777779,60.0
116dda17a7b7fb82c62f462ef4a94218,147.6,314.6,386.0,0.7372945066666668,66.0
116dda17a7b7fb82c62f462ef4a94218,164.0,257.4,347.4,0.7326178333333331,80.0
116dda17a7b7fb82c62f462ef4a94218,180.4,314.6,386.0,0.7320580400000001,54.0
116dda17a7b7fb82c62f462ef4a94218,147.6,257.4,347.4,0.728135936,88.0
116dda17a7b7fb82c62f462ef4a94218,180.4,257.4,347.4,0.7229645159999999,72.0
116dda17a7b7fb82c62f462ef4a94218,164.0,314.6,347.4,0.6687849583333333,60.0
116dda17a7b7fb82c62f462ef4a94218,147.6,314.6,347.4,0.6646935680000001,66.0
116dda17a7b7fb82c62f462ef4a94218,180.4,314.6,347.4,0.659972733,54.0
116dda17a7b7fb82c62f462ef4a94218,164.0,286.0,424.6,0.4947912962962963,40.0
116dda17a7b7fb82c62f462ef4a94218,147.6,286.0,424.6,0.4917643377777777,44.0
116dda17a7b7fb82c62f462ef4a94218,180.4,286.0,424.6,0.48827169333333337,36.0
116dda17a7b7fb82c62f462ef4a94218,164.0,257.4,424.6,0.44632886111111103,40.0
116dda17a7b7fb82c62f462ef4a94218,147.6,257.4,424.6,0.44359837866666674,44.0
116dda17a7b7fb82c62f462ef4a94218,180.4,257.4,424.6,0.440447822,36.0
116dda17a7b7fb82c62f462ef4a94218,164.0,314.6,424.6,0.4074402986111112,30.0
116dda17a7b7fb82c62f462ef4a94218,147.6,314.6,424.6,0.40494772266666673,33.0
116dda17a7b7fb82c62f462ef4a94218,180.4,314.6,424.6,0.40207167350000006,27.0
11b35a29e8327acfb5f714e16d96040c,326.7,268.0,379.0,0.8124195138888889,40.0
11b35a29e8327acfb5f714e16d96040c,399.3,268.0,379.0,0.7917610555555555,32.0
11b35a29e8327acfb5f714e16d96040c,326.7,241.2,379.0,0.7329565833333332,40.0
11b35a29e8327acfb5f714e16d96040c,326.7,268.0,341.1,0.7324436708333334,40.0
11b35a29e8327acfb5f714e16d96040c,363.0,268.0,379.0,0.7208483333333333,32.0
11b35a29e8327acfb5f714e16d96040c,399.3,241.2,379.0,0.7143187333333334,32.0
11b35a29e8327acfb5f714e16d96040c,399.3,268.0,341.1,0.7138188633333334,32.0
11b35a29e8327acfb5f714e16d96040c,326.7,294.8,379.0,0.6689118333333334,30.0
11b35a29e8327acfb5f714e16d96040c,326.7,241.2,341.1,0.6608031949999998,40.0
11b35a29e8327acfb5f714e16d96040c,399.3,294.8,379.0,0.6519025333333333,24.0
11b35a29e8327acfb5f714e16d96040c,363.0,241.2,379.0,0.650342,32.0
11b35a29e8327acfb5f714e16d96040c,363.0,268.0,341.1,0.6498869,32.0
11b35a29e8327acfb5f714e16d96040c,399.3,241.2,341.1,0.6440000840000001,32.0
11b35a29e8327acfb5f714e16d96040c,326.7,294.8,341.1,0.60306311,30.0
11b35a29e8327acfb5f714e16d96040c,363.0,294.8,379.0,0.593516,24.0
11b35a29e8327acfb5f714e16d96040c,399.3,294.8,341.1,0.5877282320000001,24.0
11b35a29e8327acfb5f714e16d96040c,363.0,241.2,341.1,0.5863213200000001,32.0
11b35a29e8327acfb5f714e16d96040c,363.0,294.8,341.1,0.5350893600000001,24.0
11b35a29e8327acfb5f714e16d96040c,326.7,268.0,416.9,0.4461976784722223,20.0
11b35a29e8327acfb5f714e16d96040c,399.3,268.0,416.9,0.43485162388888887,16.0
11b35a29e8327acfb5f714e16d96040c,326.7,241.2,416.9,0.40255498583333327,20.0
11b35a29e8327acfb5f714e16d96040c,363.0,268.0,416.9,0.39590488333333335,16.0
11b35a29e8327acfb5f714e16d96040c,399.3,241.2,416.9,0.3923186913333333,16.0
11b35a29e8327acfb5f714e16d96040c,326.7,294.8,416.9,0.3673802783333333,15.0
11b35a29e8327acfb5f714e16d96040c,399.3,294.8,416.9,0.3580384173333333,12.0
11b35a29e8327acfb5f714e16d96040c,363.0,241.2,416.9,0.35718134,16.0
11b35a29e8327acfb5f714e16d96040c,363.0,294.8,416.9,0.32597132,12.0
125888817c4da192ce9335454b8d4432,243.9,281.0,379.0,0.8948560347222222,56.0
125888817c4da192ce9335454b8d4432,271.0,281.0,379.0,0.8501976388888889,48.0
125888817c4da192ce9335454b8d4432,243.9,252.9,379.0,0.8072412104166666,56.0
125888817c4da192ce9335454b8d4432,243.9,281.0,341.1,0.8067650120833334,56.0
125888817c4da192ce9335454b8d4432,298.1,281.0,379.0,0.7778131828703705,40.0
125888817c4da192ce9335454b8d4432,271.0,252.9,379.0,0.7669552916666665,48.0
125888817c4da192ce9335454b8d4432,271.0,281.0,341.1,0.7665028583333333,48.0
125888817c4da192ce9335454b8d4432,243.9,309.1,379.0,0.7368531442708335,42.0
125888817c4da192ce9335454b8d4432,243.9,252.9,341.1,0.727775127625,56.0
125888817c4da192ce9335454b8d4432,298.1,252.9,379.0,0.7016579548611112,40.0
125888817c4da192ce9335454b8d4432,298.1,281.0,341.1,0.7012440409722224,40.0
125888817c4da192ce9335454b8d4432,271.0,309.1,379.0,0.7000799895833335,36.0
125888817c4da192ce9335454b8d4432,271.0,252.9,341.1,0.6914550175,48.0
125888817c4da192ce9335454b8d4432,243.9,309.1,341.1,0.6643161724062502,42.0
125888817c4da192ce9335454b8d4432,298.1,309.1,379.0,0.6404763081597223,30.0
125888817c4da192ce9335454b8d4432,298.1,252.9,341.1,0.6325856522916669,40.0
125888817c4da192ce9335454b8d4432,271.0,309.1,341.1,0.631163024375,36.0
125888817c4da192ce9335454b8d4432,298.1,309.1,341.1,0.5774268222395834,30.0
125888817c4da192ce9335454b8d4432,243.9,281.0,416.9,0.49147352868055555,28.0
125888817c4da192ce9335454b8d4432,271.0,281.0,416.9,0.4669462097222223,24.0
125888817c4da192ce9335454b8d4432,243.9,252.9,416.9,0.4433536466041666,28.0
125888817c4da192ce9335454b8d4432,298.1,281.0,416.9,0.42719116238425925,20.0
125888817c4da192ce9335454b8d4432,271.0,252.9,416.9,0.42122778291666657,24.0
125888817c4da192ce9335454b8d4432,243.9,309.1,416.9,0.40469505806770834,21.0
125888817c4da192ce9335454b8d4432,298.1,252.9,416.9,0.3853651287152777,20.0
125888817c4da192ce9335454b8d4432,271.0,309.1,416.9,0.38449847739583337,18.0
125888817c4da192ce9335454b8d4432,298.1,309.1,416.9,0.35176289703993063,15.0
1333ec917a8a6111a3fac88649307892,219.0,287.0,380.0,0.9424833333333333,64.0
1333ec917a8a6111a3fac88649307892,240.9,287.0,380.0,0.9049410805555556,56.0
1333ec917a8a6111a3fac88649307892,197.1,287.0,380.0,0.8507482888888888,64.0
1333ec917a8a6111a3fac88649307892,219.0,258.3,380.0,0.850165,64.0
1333ec917a8a6111a3fac88649307892,219.0,287.0,342.0,0.8497,64.0
1333ec917a8a6111a3fac88649307892,240.9,258.3,380.0,0.8163000941666667,56.0
1333ec917a8a6111a3fac88649307892,240.9,287.0,342.0,0.8158536166666666,56.0
1333ec917a8a6111a3fac88649307892,219.0,315.7,380.0,0.77610125,48.0
1333ec917a8a6111a3fac88649307892,197.1,258.3,380.0,0.7674156066666666,64.0
1333ec917a8a6111a3fac88649307892,197.1,287.0,342.0,0.7669958666666666,64.0
1333ec917a8a6111a3fac88649307892,219.0,258.3,342.0,0.76647,64.0
1333ec917a8a6111a3fac88649307892,240.9,315.7,380.0,0.7451865502083334,42.0
1333ec917a8a6111a3fac88649307892,240.9,258.3,342.0,0.735938945,56.0
1333ec917a8a6111a3fac88649307892,197.1,315.7,380.0,0.7005607283333333,48.0
1333ec917a8a6111a3fac88649307892,219.0,315.7,342.0,0.6996975,48.0
1333ec917a8a6111a3fac88649307892,197.1,258.3,342.0,0.6918669199999999,64.0
1333ec917a8a6111a3fac88649307892,240.9,315.7,342.0,0.67182621625,42.0
1333ec917a8a6111a3fac88649307892,197.1,315.7,342.0,0.6315936099999999,48.0
1333ec917a8a6111a3fac88649307892,219.0,287.0,418.0,0.5176333333333333,32.0
1333ec917a8a6111a3fac88649307892,240.9,287.0,418.0,0.49701427222222216,28.0
1333ec917a8a6111a3fac88649307892,197.1,287.0,418.0,0.46725035555555555,32.0
1333ec917a8a6111a3fac88649307892,219.0,258.3,418.0,0.46693,32.0
1333ec917a8a6111a3fac88649307892,240.9,258.3,418.0,0.44833062166666665,28.0
1333ec917a8a6111a3fac88649307892,219.0,315.7,418.0,0.4262525,24.0
1333ec917a8a6111a3fac88649307892,197.1,258.3,418.0,0.4214821466666667,32.0
1333ec917a8a6111a3fac88649307892,240.9,315.7,418.0,0.4092734420833333,21.0
1333ec917a8a6111a3fac88649307892,197.1,315.7,418.0,0.3847639233333333,24.0
1416893384452893b004453859dc1ae4,215.1,223.2,383.0,0.9126393833333334,80.0
1416893384452893b004453859dc1ae4,215.1,272.8,383.0,0.8881112044444445,64.0
1416893384452893b004453859dc1ae4,239.0,223.2,383.0,0.8848804513888889,70.0
1416893384452893b004453859dc1ae4,239.0,272.8,383.0,0.861098324074074,56.0
1416893384452893b004453859dc1ae4,262.9,223.2,383.0,0.8324583791666665,60.0
1416893384452893b004453859dc1ae4,215.1,223.2,344.7,0.8227831149999999,80.0
1416893384452893b004453859dc1ae4,262.9,272.8,383.0,0.8100851522222222,48.0
1416893384452893b004453859dc1ae4,215.1,248.0,383.0,0.8091113555555556,64.0
1416893384452893b004453859dc1ae4,215.1,272.8,344.7,0.8006699213333333,64.0
1416893384452893b004453859dc1ae4,239.0,223.2,344.7,0.7977572604166666,70.0
1416893384452893b004453859dc1ae4,239.0,248.0,383.0,0.7845013425925926,56.0
1416893384452893b004453859dc1ae4,239.0,272.8,344.7,0.7763166638888889,56.0
1416893384452893b004453859dc1ae4,262.9,223.2,344.7,0.7504965387499999,60.0
1416893384452893b004453859dc1ae4,262.9,248.0,383.0,0.7380259277777776,48.0
1416893384452893b004453859dc1ae4,262.9,272.8,344.7,0.7303261256666667,48.0
1416893384452893b004453859dc1ae4,215.1,248.0,344.7,0.7294482066666667,64.0
1416893384452893b004453859dc1ae4,239.0,248.0,344.7,0.7072612361111111,56.0
1416893384452893b004453859dc1ae4,262.9,248.0,344.7,0.6653616783333333,48.0
1416893384452893b004453859dc1ae4,215.1,223.2,421.3,0.5012478258333333,40.0
1416893384452893b004453859dc1ae4,215.1,272.8,421.3,0.4877762437777778,32.0
1416893384452893b004453859dc1ae4,239.0,223.2,421.3,0.48600182118055557,35.0
1416893384452893b004453859dc1ae4,239.0,272.8,421.3,0.4729399921296296,28.0
1416893384452893b004453859dc1ae4,262.9,223.2,421.3,0.4572101097916666,30.0
1416893384452893b004453859dc1ae4,262.9,272.8,421.3,0.4449220893888889,24.0
1416893384452893b004453859dc1ae4,215.1,248.0,421.3,0.44438725222222225,32.0
1416893384452893b004453859dc1ae4,239.0,248.0,421.3,0.43087072453703706,28.0
1416893384452893b004453859dc1ae4,262.9,248.0,421.3,0.40534508861111107,24.0
161332db17a4c8bcba8a5651098cbe91,170.1,288.0,388.0,0.9443851666666667,80.0
161332db17a4c8bcba8a5651098cbe91,189.0,288.0,388.0,0.9411675,72.0
161332db17a4c8bcba8a5651098cbe91,207.9,288.0,388.0,0.9176785333333333,64.0
161332db17a4c8bcba8a5651098cbe91,170.1,259.2,388.0,0.8518739666666665,80.0
161332db17a4c8bcba8a5651098cbe91,170.1,288.0,349.2,0.8513848,80.0
161332db17a4c8bcba8a5651098cbe91,189.0,259.2,388.0,0.8489715,72.0
161332db17a4c8bcba8a5651098cbe91,189.0,288.0,349.2,0.848484,72.0
161332db17a4c8bcba8a5651098cbe91,207.9,259.2,388.0,0.8277834933333333,64.0
161332db17a4c8bcba8a5651098cbe91,207.9,288.0,349.2,0.82730816,64.0
161332db17a4c8bcba8a5651098cbe91,170.1,316.8,388.0,0.777672275,60.0
161332db17a4c8bcba8a5651098cbe91,189.0,316.8,388.0,0.775022625,54.0
161332db17a4c8bcba8a5651098cbe91,170.1,259.2,349.2,0.7679838399999999,80.0
161332db17a4c8bcba8a5651098cbe91,189.0,259.2,349.2,0.7653672000000001,72.0
161332db17a4c8bcba8a5651098cbe91,207.9,316.8,388.0,0.7556801799999999,48.0
161332db17a4c8bcba8a5651098cbe91,207.9,259.2,349.2,0.746265728,64.0
161332db17a4c8bcba8a5651098cbe91,170.1,316.8,349.2,0.70108932,60.0
161332db17a4c8bcba8a5651098cbe91,189.0,316.8,349.2,0.6987006,54.0
161332db17a4c8bcba8a5651098cbe91,207.9,316.8,349.2,0.681262944,48.0
161332db17a4c8bcba8a5651098cbe91,170.1,288.0,426.8,0.5186927666666666,40.0
161332db17a4c8bcba8a5651098cbe91,189.0,288.0,426.8,0.5169255,36.0
161332db17a4c8bcba8a5651098cbe91,207.9,288.0,426.8,0.5040244533333333,32.0
161332db17a4c8bcba8a5651098cbe91,170.1,259.2,426.8,0.4678820466666666,40.0
161332db17a4c8bcba8a5651098cbe91,189.0,259.2,426.8,0.4662879,36.0
161332db17a4c8bcba8a5651098cbe91,207.9,259.2,426.8,0.45465062933333333,32.0
161332db17a4c8bcba8a5651098cbe91,170.1,316.8,426.8,0.427127615,30.0
161332db17a4c8bcba8a5651098cbe91,189.0,316.8,426.8,0.425672325,27.0
161332db17a4c8bcba8a5651098cbe91,207.9,316.8,426.8,0.415048708,24.0
162c41fa859810e889efa37f867819bb,192.6,266.4,355.5,0.8148607649999998,72.0
162c41fa859810e889efa37f867819bb,214.0,266.4,355.5,0.8023693333333332,64.0
162c41fa859810e889efa37f867819bb,235.4,266.4,355.5,0.7703657383333334,56.0
162c41fa859810e889efa37f867819bb,192.6,325.6,355.5,0.74396428875,54.0
162c41fa859810e889efa37f867819bb,214.0,325.6,355.5,0.7325596666666667,48.0
162c41fa859810e889efa37f867819bb,235.4,325.6,355.5,0.7033405254166667,42.0
162c41fa859810e889efa37f867819bb,192.6,296.0,355.5,0.67755493125,54.0
162c41fa859810e889efa37f867819bb,214.0,296.0,355.5,0.6671683333333334,48.0
162c41fa859810e889efa37f867819bb,235.4,296.0,355.5,0.6405574145833333,42.0
162c41fa859810e889efa37f867819bb,192.6,266.4,434.5,0.49646772749999996,36.0
162c41fa859810e889efa37f867819bb,214.0,266.4,434.5,0.488857111111111,32.0
162c41fa859810e889efa37f867819bb,235.4,266.4,434.5,0.4693583786111111,28.0
162c41fa859810e889efa37f867819bb,192.6,325.6,434.5,0.4532728481250001,27.0
162c41fa859810e889efa37f867819bb,192.6,266.4,395.0,0.45194905499999993,36.0
162c41fa859810e889efa37f867819bb,214.0,325.6,434.5,0.44632438888888887,24.0
162c41fa859810e889efa37f867819bb,214.0,266.4,395.0,0.4450208888888888,32.0
162c41fa859810e889efa37f867819bb,235.4,325.6,434.5,0.4285221320138889,21.0
162c41fa859810e889efa37f867819bb,235.4,266.4,395.0,0.42727062388888887,28.0
162c41fa859810e889efa37f867819bb,192.6,296.0,434.5,0.412811821875,27.0
162c41fa859810e889efa37f867819bb,192.6,325.6,395.0,0.41262749625000006,27.0
162c41fa859810e889efa37f867819bb,214.0,296.0,434.5,0.4064836111111111,24.0
162c41fa859810e889efa37f867819bb,214.0,325.6,395.0,0.4063021111111111,24.0
162c41fa859810e889efa37f867819bb,235.4,296.0,434.5,0.39027045798611115,21.0
162c41fa859810e889efa37f867819bb,235.4,325.6,395.0,0.3900961973611112,21.0
162c41fa859810e889efa37f867819bb,192.6,296.0,395.0,0.37579464375,27.0
162c41fa859810e889efa37f867819bb,214.0,296.0,395.0,0.3700338888888889,24.0
162c41fa859810e889efa37f867819bb,235.4,296.0,395.0,0.35527458263888895,21.0
170f5916eaeb0e271ae012eedb1ad645,327.8,286.0,386.0,0.8844463703703703,40.0
170f5916eaeb0e271ae012eedb1ad645,268.2,286.0,386.0,0.8718341333333333,48.0
170f5916eaeb0e271ae012eedb1ad645,298.0,286.0,386.0,0.8054874074074074,40.0
170f5916eaeb0e271ae012eedb1ad645,327.8,257.4,386.0,0.7978190888888889,40.0
170f5916eaeb0e271ae012eedb1ad645,327.8,286.0,347.4,0.7973554777777777,40.0
170f5916eaeb0e271ae012eedb1ad645,268.2,257.4,386.0,0.7864421599999999,48.0
170f5916eaeb0e271ae012eedb1ad645,268.2,286.0,347.4,0.78598516,48.0
170f5916eaeb0e271ae012eedb1ad645,327.8,314.6,386.0,0.728305238888889,30.0
170f5916eaeb0e271ae012eedb1ad645,298.0,257.4,386.0,0.7265937777777777,40.0
170f5916eaeb0e271ae012eedb1ad645,298.0,286.0,347.4,0.7261715555555556,40.0
170f5916eaeb0e271ae012eedb1ad645,327.8,257.4,347.4,0.7192583316666666,40.0
170f5916eaeb0e271ae012eedb1ad645,268.2,314.6,386.0,0.7179195800000001,36.0
170f5916eaeb0e271ae012eedb1ad645,268.2,257.4,347.4,0.7090016819999999,48.0
170f5916eaeb0e271ae012eedb1ad645,298.0,314.6,386.0,0.6632857777777779,30.0
170f5916eaeb0e271ae012eedb1ad645,327.8,314.6,347.4,0.6565894679166667,30.0
170f5916eaeb0e271ae012eedb1ad645,298.0,257.4,347.4,0.6550465333333333,40.0
170f5916eaeb0e271ae012eedb1ad645,268.2,314.6,347.4,0.6472264785,36.0
170f5916eaeb0e271ae012eedb1ad645,298.0,314.6,347.4,0.5979724333333334,30.0
170f5916eaeb0e271ae012eedb1ad645,327.8,286.0,424.6,0.4857686314814815,20.0
170f5916eaeb0e271ae012eedb1ad645,268.2,286.0,424.6,0.4788415533333332,24.0
170f5916eaeb0e271ae012eedb1ad645,298.0,286.0,424.6,0.4424016296296297,20.0
170f5916eaeb0e271ae012eedb1ad645,327.8,257.4,424.6,0.43818992305555554,20.0
170f5916eaeb0e271ae012eedb1ad645,268.2,257.4,424.6,0.43194131899999993,24.0
170f5916eaeb0e271ae012eedb1ad645,327.8,314.6,424.6,0.4000105049305556,15.0
170f5916eaeb0e271ae012eedb1ad645,298.0,257.4,424.6,0.3990705111111111,20.0
170f5916eaeb0e271ae012eedb1ad645,268.2,314.6,424.6,0.39430634075000004,18.0
170f5916eaeb0e271ae012eedb1ad645,298.0,314.6,424.6,0.3642995611111111,15.0
1a3ffa8018de4637afcdd1e390e2602a,218.9,223.2,383.0,0.9283247277777779,80.0
1a3ffa8018de4637afcdd1e390e2602a,218.9,272.8,383.0,0.9033749881481481,64.0
1a3ffa8018de4637afcdd1e390e2602a,179.1,223.2,383.0,0.8595465562499999,90.0
1a3ffa8018de4637afcdd1e390e2602a,199.0,223.2,383.0,0.8461830555555555,80.0
1a3ffa8018de4637afcdd1e390e2602a,218.9,223.2,344.7,0.8369241183333334,80.0
1a3ffa8018de4637afcdd1e390e2602a,179.1,272.8,383.0,0.836445305,72.0
1a3ffa8018de4637afcdd1e390e2602a,199.0,272.8,383.0,0.823440962962963,64.0
1a3ffa8018de4637afcdd1e390e2602a,218.9,248.0,383.0,0.8230173851851851,64.0
1a3ffa8018de4637afcdd1e390e2602a,218.9,272.8,344.7,0.8144308697777778,64.0
1a3ffa8018de4637afcdd1e390e2602a,179.1,223.2,344.7,0.7749176793749999,90.0
1a3ffa8018de4637afcdd1e390e2602a,199.0,223.2,344.7,0.7628699166666667,80.0
1a3ffa8018de4637afcdd1e390e2602a,179.1,248.0,383.0,0.7620412750000001,72.0
1a3ffa8018de4637afcdd1e390e2602a,179.1,272.8,344.7,0.7540909214999999,72.0
1a3ffa8018de4637afcdd1e390e2602a,199.0,248.0,383.0,0.7501937037037038,64.0
1a3ffa8018de4637afcdd1e390e2602a,199.0,272.8,344.7,0.7423669555555555,64.0
1a3ffa8018de4637afcdd1e390e2602a,218.9,248.0,344.7,0.7419850822222221,64.0
1a3ffa8018de4637afcdd1e390e2602a,179.1,248.0,344.7,0.6870125324999999,72.0
1a3ffa8018de4637afcdd1e390e2602a,199.0,248.0,344.7,0.6763314444444445,64.0
1a3ffa8018de4637afcdd1e390e2602a,218.9,223.2,421.3,0.5098626686111112,40.0
1a3ffa8018de4637afcdd1e390e2602a,218.9,272.8,421.3,0.4961595532592593,32.0
1a3ffa8018de4637afcdd1e390e2602a,179.1,223.2,421.3,0.47208771656250004,45.0
1a3ffa8018de4637afcdd1e390e2602a,199.0,223.2,421.3,0.4647480972222222,40.0
1a3ffa8018de4637afcdd1e390e2602a,179.1,272.8,421.3,0.45939984424999997,36.0
1a3ffa8018de4637afcdd1e390e2602a,199.0,272.8,421.3,0.45225748518518516,32.0
1a3ffa8018de4637afcdd1e390e2602a,218.9,248.0,421.3,0.45202484407407406,32.0
1a3ffa8018de4637afcdd1e390e2602a,179.1,248.0,421.3,0.41853500875000005,36.0
1a3ffa8018de4637afcdd1e390e2602a,199.0,248.0,421.3,0.4120279814814815,32.0
1aef9680c5b131e489d3ac61e5ace43f,148.0,286.0,384.0,0.8931144444444444,88.0
1aef9680c5b131e489d3ac61e5ace43f,162.8,286.0,384.0,0.8899511111111112,80.0
1aef9680c5b131e489d3ac61e5ace43f,133.2,286.0,384.0,0.8806719999999999,96.0
1aef9680c5b131e489d3ac61e5ace43f,148.0,257.4,384.0,0.8056381666666667,88.0
1aef9680c5b131e489d3ac61e5ace43f,148.0,286.0,345.6,0.8051770222222223,88.0
1aef9680c5b131e489d3ac61e5ace43f,162.8,257.4,384.0,0.8027846666666667,80.0
1aef9680c5b131e489d3ac61e5ace43f,162.8,286.0,345.6,0.8023251555555556,80.0
1aef9680c5b131e489d3ac61e5ace43f,133.2,257.4,384.0,0.7944143999999999,96.0
1aef9680c5b131e489d3ac61e5ace43f,133.2,286.0,345.6,0.79395968,96.0
1aef9680c5b131e489d3ac61e5ace43f,148.0,314.6,384.0,0.7354430416666666,66.0
1aef9680c5b131e489d3ac61e5ace43f,162.8,314.6,384.0,0.7328381666666668,60.0
1aef9680c5b131e489d3ac61e5ace43f,148.0,257.4,345.6,0.7263137933333332,88.0
1aef9680c5b131e489d3ac61e5ace43f,133.2,314.6,384.0,0.7251972,72.0
1aef9680c5b131e489d3ac61e5ace43f,162.8,257.4,345.6,0.7237412533333333,80.0
1aef9680c5b131e489d3ac61e5ace43f,133.2,257.4,345.6,0.7161951359999998,96.0
1aef9680c5b131e489d3ac61e5ace43f,148.0,314.6,345.6,0.6630301883333334,66.0
1aef9680c5b131e489d3ac61e5ace43f,162.8,314.6,345.6,0.6606817933333334,60.0
1aef9680c5b131e489d3ac61e5ace43f,133.2,314.6,345.6,0.653793168,72.0
1aef9680c5b131e489d3ac61e5ace43f,148.0,286.0,422.4,0.49052593333333333,44.0
1aef9680c5b131e489d3ac61e5ace43f,162.8,286.0,422.4,0.48878853333333333,40.0
1aef9680c5b131e489d3ac61e5ace43f,133.2,286.0,422.4,0.4836921599999999,48.0
1aef9680c5b131e489d3ac61e5ace43f,148.0,257.4,422.4,0.44248127,44.0
1aef9680c5b131e489d3ac61e5ace43f,162.8,257.4,422.4,0.44091403999999995,40.0
1aef9680c5b131e489d3ac61e5ace43f,133.2,257.4,422.4,0.43631683199999993,48.0
1aef9680c5b131e489d3ac61e5ace43f,148.0,314.6,422.4,0.4039279475,33.0
1aef9680c5b131e489d3ac61e5ace43f,162.8,314.6,422.4,0.40249727,30.0
1aef9680c5b131e489d3ac61e5ace43f,133.2,314.6,422.4,0.3983006159999999,36.0
1c01c33ced1f5bfdb36a399ac98e0c68,192.6,223.2,383.0,0.9222363375,90.0
1c01c33ced1f5bfdb36a399ac98e0c68,214.0,223.2,383.0,0.9080988888888889,80.0
1c01c33ced1f5bfdb36a399ac98e0c68,192.6,272.8,383.0,0.89745023,72.0
1c01c33ced1f5bfdb36a399ac98e0c68,214.0,272.8,383.0,0.8836927407407408,64.0
1c01c33ced1f5bfdb36a399ac98e0c68,235.4,223.2,383.0,0.871878126388889,70.0
1c01c33ced1f5bfdb36a399ac98e0c68,235.4,272.8,383.0,0.8484454507407408,56.0
1c01c33ced1f5bfdb36a399ac98e0c68,192.6,223.2,344.7,0.8314351762499999,90.0
1c01c33ced1f5bfdb36a399ac98e0c68,214.0,223.2,344.7,0.8186896666666666,80.0
1c01c33ced1f5bfdb36a399ac98e0c68,192.6,248.0,383.0,0.81761965,72.0
1c01c33ced1f5bfdb36a399ac98e0c68,192.6,272.8,344.7,0.809089449,72.0
1c01c33ced1f5bfdb36a399ac98e0c68,214.0,248.0,383.0,0.8050859259259259,64.0
1c01c33ced1f5bfdb36a399ac98e0c68,214.0,272.8,344.7,0.7966864888888888,64.0
1c01c33ced1f5bfdb36a399ac98e0c68,235.4,223.2,344.7,0.7860351129166666,70.0
1c01c33ced1f5bfdb36a399ac98e0c68,235.4,248.0,383.0,0.7729739759259259,56.0
1c01c33ced1f5bfdb36a399ac98e0c68,235.4,272.8,344.7,0.7649095618888889,56.0
1c01c33ced1f5bfdb36a399ac98e0c68,192.6,248.0,344.7,0.7371187949999999,72.0
1c01c33ced1f5bfdb36a399ac98e0c68,214.0,248.0,344.7,0.7258191111111111,64.0
1c01c33ced1f5bfdb36a399ac98e0c68,235.4,248.0,344.7,0.6968688261111111,56.0
1c01c33ced1f5bfdb36a399ac98e0c68,192.6,223.2,421.3,0.506518749375,45.0
1c01c33ced1f5bfdb36a399ac98e0c68,214.0,223.2,421.3,0.4987540555555556,40.0
1c01c33ced1f5bfdb36a399ac98e0c68,192.6,272.8,421.3,0.49290550550000006,36.0
1c01c33ced1f5bfdb36a399ac98e0c68,214.0,272.8,421.3,0.4853494962962963,32.0
1c01c33ced1f5bfdb36a399ac98e0c68,235.4,223.2,421.3,0.4788605699305555,35.0
1c01c33ced1f5bfdb36a399ac98e0c68,235.4,272.8,421.3,0.4659906697962964,28.0
1c01c33ced1f5bfdb36a399ac98e0c68,192.6,248.0,421.3,0.44906025250000003,36.0
1c01c33ced1f5bfdb36a399ac98e0c68,214.0,248.0,421.3,0.4421763703703704,32.0
1c01c33ced1f5bfdb36a399ac98e0c68,235.4,248.0,421.3,0.42453956287037037,28.0
1cbc364190e4feb6cfbe064584c400ab,246.4,223.2,383.0,0.9116074527777779,70.0
1cbc364190e4feb6cfbe064584c400ab,246.4,272.8,383.0,0.8871070081481482,56.0
1cbc364190e4feb6cfbe064584c400ab,201.6,223.2,383.0,0.8569151333333332,80.0
1cbc364190e4feb6cfbe064584c400ab,201.6,272.8,383.0,0.8338846044444445,64.0
1cbc364190e4feb6cfbe064584c400ab,224.0,223.2,383.0,0.8307040972222223,70.0
1cbc364190e4feb6cfbe064584c400ab,246.4,223.2,344.7,0.8218527858333334,70.0
1cbc364190e4feb6cfbe064584c400ab,224.0,272.8,383.0,0.8083780185185185,56.0
1cbc364190e4feb6cfbe064584c400ab,246.4,248.0,383.0,0.808196485185185,56.0
1cbc364190e4feb6cfbe064584c400ab,246.4,272.8,344.7,0.7997645957777779,56.0
1cbc364190e4feb6cfbe064584c400ab,201.6,223.2,344.7,0.77254534,80.0
1cbc364190e4feb6cfbe064584c400ab,201.6,248.0,383.0,0.7597083555555556,64.0
1cbc364190e4feb6cfbe064584c400ab,201.6,272.8,344.7,0.7517823413333332,64.0
1cbc364190e4feb6cfbe064584c400ab,224.0,223.2,344.7,0.7489149791666667,70.0
1cbc364190e4feb6cfbe064584c400ab,224.0,248.0,383.0,0.7364706481481481,56.0
1cbc364190e4feb6cfbe064584c400ab,224.0,272.8,344.7,0.7287870722222222,56.0
1cbc364190e4feb6cfbe064584c400ab,246.4,248.0,344.7,0.7286234122222222,56.0
1cbc364190e4feb6cfbe064584c400ab,201.6,248.0,344.7,0.6849093066666667,64.0
1cbc364190e4feb6cfbe064584c400ab,224.0,248.0,344.7,0.6639595277777778,56.0
1cbc364190e4feb6cfbe064584c400ab,246.4,223.2,421.3,0.5006810598611111,35.0
1cbc364190e4feb6cfbe064584c400ab,246.4,272.8,421.3,0.4872247102592593,28.0
1cbc364190e4feb6cfbe064584c400ab,201.6,223.2,421.3,0.47064246333333337,40.0
1cbc364190e4feb6cfbe064584c400ab,201.6,272.8,421.3,0.45799343377777774,32.0
1cbc364190e4feb6cfbe064584c400ab,224.0,223.2,421.3,0.4562466076388889,35.0
1cbc364190e4feb6cfbe064584c400ab,224.0,272.8,421.3,0.4439844824074074,28.0
1cbc364190e4feb6cfbe064584c400ab,246.4,248.0,421.3,0.4438847790740741,28.0
1cbc364190e4feb6cfbe064584c400ab,201.6,248.0,421.3,0.41725370222222224,32.0
1cbc364190e4feb6cfbe064584c400ab,224.0,248.0,421.3,0.4044908842592593,28.0
1d004a15dfa567347fd4f43b42afd3a4,163.0,266.4,355.5,0.7704569166666667,80.0
1d004a15dfa567347fd4f43b42afd3a4,146.7,266.4,355.5,0.7657612324999998,88.0
1d004a15dfa567347fd4f43b42afd3a4,179.3,266.4,355.5,0.7602905325,72.0
1d004a15dfa567347fd4f43b42afd3a4,163.0,325.6,355.5,0.7034237708333333,60.0
1d004a15dfa567347fd4f43b42afd3a4,146.7,325.6,355.5,0.699136631875,66.0
1d004a15dfa567347fd4f43b42afd3a4,179.3,325.6,355.5,0.6941419068750001,54.0
1d004a15dfa567347fd4f43b42afd3a4,163.0,296.0,355.5,0.6406332291666667,60.0
1d004a15dfa567347fd4f43b42afd3a4,146.7,296.0,355.5,0.636728778125,66.0
1d004a15dfa567347fd4f43b42afd3a4,179.3,296.0,355.5,0.632179903125,54.0
1d004a15dfa567347fd4f43b42afd3a4,163.0,266.4,434.5,0.4694139305555556,40.0
1d004a15dfa567347fd4f43b42afd3a4,146.7,266.4,434.5,0.4665530054166666,44.0
1d004a15dfa567347fd4f43b42afd3a4,179.3,266.4,434.5,0.46321988875,36.0
1d004a15dfa567347fd4f43b42afd3a4,163.0,325.6,434.5,0.42857285069444445,30.0
1d004a15dfa567347fd4f43b42afd3a4,163.0,266.4,395.0,0.4273211944444444,40.0
1d004a15dfa567347fd4f43b42afd3a4,146.7,325.6,434.5,0.4259608386458334,33.0
1d004a15dfa567347fd4f43b42afd3a4,146.7,266.4,395.0,0.4247168108333333,44.0
1d004a15dfa567347fd4f43b42afd3a4,179.3,325.6,434.5,0.4229177178125001,27.0
1d004a15dfa567347fd4f43b42afd3a4,179.3,266.4,395.0,0.4216825775,36.0
1d004a15dfa567347fd4f43b42afd3a4,163.0,296.0,434.5,0.39031664930555554,30.0
1d004a15dfa567347fd4f43b42afd3a4,163.0,325.6,395.0,0.39014236805555563,30.0
1d004a15dfa567347fd4f43b42afd3a4,146.7,296.0,434.5,0.3879377963541667,33.0
1d004a15dfa567347fd4f43b42afd3a4,146.7,325.6,395.0,0.3877645772916667,33.0
1d004a15dfa567347fd4f43b42afd3a4,179.3,296.0,434.5,0.3851663171875,27.0
1d004a15dfa567347fd4f43b42afd3a4,179.3,325.6,395.0,0.3849943356250001,27.0
1d004a15dfa567347fd4f43b42afd3a4,163.0,296.0,395.0,0.35531663194444446,30.0
1d004a15dfa567347fd4f43b42afd3a4,146.7,296.0,395.0,0.3531510927083333,33.0
1d004a15dfa567347fd4f43b42afd3a4,179.3,296.0,395.0,0.350628134375,27.0
1e4959b0a5703ba491bdc303578ad11c,168.0,229.5,393.0,0.9461703125,100.0
1e4959b0a5703ba491bdc303578ad11c,151.2,229.5,393.0,0.9402975312499998,110.0
1e4959b0a5703ba491bdc303578ad11c,184.8,229.5,393.0,0.9337722187500002,90.0
1e4959b0a5703ba491bdc303578ad11c,168.0,280.5,393.0,0.92085875,80.0
1e4959b0a5703ba491bdc303578ad11c,151.2,280.5,393.0,0.9151430749999999,88.0
1e4959b0a5703ba491bdc303578ad11c,184.8,280.5,393.0,0.9087923250000001,72.0
1e4959b0a5703ba491bdc303578ad11c,168.0,229.5,353.7,0.85297609375,100.0
1e4959b0a5703ba491bdc303578ad11c,151.2,229.5,353.7,0.8476817593749999,110.0
1e4959b0a5703ba491bdc303578ad11c,184.8,229.5,353.7,0.841799165625,90.0
1e4959b0a5703ba491bdc303578ad11c,168.0,255.0,393.0,0.8388975,80.0
1e4959b0a5703ba491bdc303578ad11c,151.2,255.0,393.0,0.8336905499999999,88.0
1e4959b0a5703ba491bdc303578ad11c,168.0,280.5,353.7,0.830157625,80.0
1e4959b0a5703ba491bdc303578ad11c,184.8,255.0,393.0,0.82790505,72.0
1e4959b0a5703ba491bdc303578ad11c,151.2,280.5,353.7,0.8250049224999999,88.0
1e4959b0a5703ba491bdc303578ad11c,184.8,280.5,353.7,0.8192796975000001,72.0
1e4959b0a5703ba491bdc303578ad11c,168.0,255.0,353.7,0.75626925,80.0
1e4959b0a5703ba491bdc303578ad11c,151.2,255.0,353.7,0.7515751649999999,88.0
1e4959b0a5703ba491bdc303578ad11c,184.8,255.0,353.7,0.7463595150000001,72.0
1e4959b0a5703ba491bdc303578ad11c,168.0,229.5,432.3,0.5196822656250001,50.0
1e4959b0a5703ba491bdc303578ad11c,151.2,229.5,432.3,0.5164566515625,55.0
1e4959b0a5703ba491bdc303578ad11c,184.8,229.5,432.3,0.5128726359375001,45.0
1e4959b0a5703ba491bdc303578ad11c,168.0,280.5,432.3,0.5057799375,40.0
1e4959b0a5703ba491bdc303578ad11c,151.2,280.5,432.3,0.50264061375,44.0
1e4959b0a5703ba491bdc303578ad11c,184.8,280.5,432.3,0.4991524762500001,36.0
1e4959b0a5703ba491bdc303578ad11c,168.0,255.0,432.3,0.460762875,40.0
1e4959b0a5703ba491bdc303578ad11c,151.2,255.0,432.3,0.4579029674999999,44.0
1e4959b0a5703ba491bdc303578ad11c,184.8,255.0,432.3,0.45472529250000004,36.0
1e68edd4dd3edf793634e204ec225c3b,193.5,282.0,380.0,0.924084,72.0
1e68edd4dd3edf793634e204ec225c3b,215.0,282.0,380.0,0.9099306666666667,64.0
1e68edd4dd3edf793634e204ec225c3b,236.5,282.0,380.0,0.8736466666666667,56.0
1e68edd4dd3edf793634e204ec225c3b,193.5,253.8,380.0,0.8336007750000001,72.0
1e68edd4dd3edf793634e204ec225c3b,193.5,282.0,342.0,0.833112,72.0
1e68edd4dd3edf793634e204ec225c3b,215.0,253.8,380.0,0.820833288888889,64.0
1e68edd4dd3edf793634e204ec225c3b,215.0,282.0,342.0,0.820352,64.0
1e68edd4dd3edf793634e204ec225c3b,236.5,253.8,380.0,0.7881020972222222,56.0
1e68edd4dd3edf793634e204ec225c3b,236.5,282.0,342.0,0.78764,56.0
1e68edd4dd3edf793634e204ec225c3b,193.5,310.2,380.0,0.76092541875,54.0
1e68edd4dd3edf793634e204ec225c3b,193.5,253.8,342.0,0.7515364500000001,72.0
1e68edd4dd3edf793634e204ec225c3b,215.0,310.2,380.0,0.7492710333333332,48.0
1e68edd4dd3edf793634e204ec225c3b,215.0,253.8,342.0,0.7400258666666667,64.0
1e68edd4dd3edf793634e204ec225c3b,236.5,310.2,380.0,0.7193934270833333,42.0
1e68edd4dd3edf793634e204ec225c3b,236.5,253.8,342.0,0.7105169166666667,56.0
1e68edd4dd3edf793634e204ec225c3b,193.5,310.2,342.0,0.6860156625,54.0
1e68edd4dd3edf793634e204ec225c3b,215.0,310.2,342.0,0.6755086,48.0
1e68edd4dd3edf793634e204ec225c3b,236.5,310.2,342.0,0.6485723125,42.0
1e68edd4dd3edf793634e204ec225c3b,193.5,282.0,418.0,0.507528,36.0
1e68edd4dd3edf793634e204ec225c3b,215.0,282.0,418.0,0.4997546666666667,32.0
1e68edd4dd3edf793634e204ec225c3b,236.5,282.0,418.0,0.4798266666666667,28.0
1e68edd4dd3edf793634e204ec225c3b,193.5,253.8,418.0,0.45783255000000006,36.0
1e68edd4dd3edf793634e204ec225c3b,215.0,253.8,418.0,0.4508203555555556,32.0
1e68edd4dd3edf793634e204ec225c3b,236.5,253.8,418.0,0.4328436388888889,28.0
1e68edd4dd3edf793634e204ec225c3b,193.5,310.2,418.0,0.41791758749999997,27.0
1e68edd4dd3edf793634e204ec225c3b,215.0,310.2,418.0,0.4115167333333333,24.0
1e68edd4dd3edf793634e204ec225c3b,236.5,310.2,418.0,0.39510727083333336,21.0
1f3654aef5539d7393e1c6a4a8be552f,185.4,285.0,383.0,0.902762025,72.0
1f3654aef5539d7393e1c6a4a8be552f,206.0,285.0,383.0,0.8888217777777778,64.0
1f3654aef5539d7393e1c6a4a8be552f,226.6,285.0,383.0,0.8532898694444442,56.0
1f3654aef5539d7393e1c6a4a8be552f,185.4,256.5,383.0,0.8143471875,72.0
1f3654aef5539d7393e1c6a4a8be552f,185.4,285.0,344.7,0.8138782575,72.0
1f3654aef5539d7393e1c6a4a8be552f,206.0,256.5,383.0,0.8017722222222222,64.0
1f3654aef5539d7393e1c6a4a8be552f,206.0,285.0,344.7,0.8013105333333332,64.0
1f3654aef5539d7393e1c6a4a8be552f,226.6,256.5,383.0,0.7697202430555555,56.0
1f3654aef5539d7393e1c6a4a8be552f,226.6,285.0,344.7,0.7692770108333332,56.0
1f3654aef5539d7393e1c6a4a8be552f,185.4,313.5,383.0,0.7433826468750001,54.0
1f3654aef5539d7393e1c6a4a8be552f,185.4,256.5,344.7,0.73416853125,72.0
1f3654aef5539d7393e1c6a4a8be552f,206.0,313.5,383.0,0.7319035,48.0
1f3654aef5539d7393e1c6a4a8be552f,206.0,256.5,344.7,0.7228316666666667,64.0
1f3654aef5539d7393e1c6a4a8be552f,226.6,313.5,383.0,0.702644621875,42.0
1f3654aef5539d7393e1c6a4a8be552f,226.6,256.5,344.7,0.6939354479166666,56.0
1f3654aef5539d7393e1c6a4a8be552f,185.4,313.5,344.7,0.6701909878125001,54.0
1f3654aef5539d7393e1c6a4a8be552f,206.0,313.5,344.7,0.6598420500000001,48.0
1f3654aef5539d7393e1c6a4a8be552f,226.6,313.5,344.7,0.6334639303124999,42.0
1f3654aef5539d7393e1c6a4a8be552f,185.4,285.0,421.3,0.49582289625000003,36.0
1f3654aef5539d7393e1c6a4a8be552f,206.0,285.0,421.3,0.48816651111111115,32.0
1f3654aef5539d7393e1c6a4a8be552f,226.6,285.0,421.3,0.4686513640277777,28.0
1f3654aef5539d7393e1c6a4a8be552f,185.4,256.5,421.3,0.447262921875,36.0
1f3654aef5539d7393e1c6a4a8be552f,206.0,256.5,421.3,0.4403563888888889,32.0
1f3654aef5539d7393e1c6a4a8be552f,226.6,256.5,421.3,0.4227525190972222,28.0
1f3654aef5539d7393e1c6a4a8be552f,185.4,313.5,421.3,0.40828715296875,27.0
1f3654aef5539d7393e1c6a4a8be552f,206.0,313.5,421.3,0.40198247499999995,24.0
1f3654aef5539d7393e1c6a4a8be552f,226.6,313.5,421.3,0.38591265671874997,21.0
1fe6b9010b30d1d429fc0c7a240159aa,280.5,266.4,355.5,0.7836777749999999,48.0
1fe6b9010b30d1d429fc0c7a240159aa,229.5,266.4,355.5,0.7515374125,56.0
1fe6b9010b30d1d429fc0c7a240159aa,280.5,325.6,355.5,0.7154943562500001,36.0
1fe6b9010b30d1d429fc0c7a240159aa,255.0,266.4,355.5,0.7139263499999999,48.0
1fe6b9010b30d1d429fc0c7a240159aa,229.5,325.6,355.5,0.6861503468749999,42.0
1fe6b9010b30d1d429fc0c7a240159aa,255.0,325.6,355.5,0.6518116125000001,36.0
1fe6b9010b30d1d429fc0c7a240159aa,280.5,296.0,355.5,0.65162634375,36.0
1fe6b9010b30d1d429fc0c7a240159aa,229.5,296.0,355.5,0.624901703125,42.0
1fe6b9010b30d1d429fc0c7a240159aa,255.0,296.0,355.5,0.5936281875,36.0
1fe6b9010b30d1d429fc0c7a240159aa,280.5,266.4,434.5,0.4774689625,24.0
1fe6b9010b30d1d429fc0c7a240159aa,229.5,266.4,434.5,0.4578869020833333,28.0
1fe6b9010b30d1d429fc0c7a240159aa,280.5,325.6,434.5,0.43592705937500004,18.0
1fe6b9010b30d1d429fc0c7a240159aa,255.0,266.4,434.5,0.434971725,24.0
1fe6b9010b30d1d429fc0c7a240159aa,280.5,266.4,395.0,0.434653925,24.0
1fe6b9010b30d1d429fc0c7a240159aa,229.5,325.6,434.5,0.41804872447916663,21.0
1fe6b9010b30d1d429fc0c7a240159aa,229.5,266.4,395.0,0.4168278041666667,28.0
1fe6b9010b30d1d429fc0c7a240159aa,255.0,325.6,434.5,0.39712726875000004,18.0
1fe6b9010b30d1d429fc0c7a240159aa,280.5,296.0,434.5,0.397014390625,18.0
1fe6b9010b30d1d429fc0c7a240159aa,280.5,325.6,395.0,0.39683711875000005,18.0
1fe6b9010b30d1d429fc0c7a240159aa,255.0,266.4,395.0,0.39596744999999994,24.0
1fe6b9010b30d1d429fc0c7a240159aa,229.5,296.0,434.5,0.3807319505208333,21.0
1fe6b9010b30d1d429fc0c7a240159aa,229.5,325.6,395.0,0.3805619489583334,21.0
1fe6b9010b30d1d429fc0c7a240159aa,255.0,296.0,434.5,0.36167803125,18.0
1fe6b9010b30d1d429fc0c7a240159aa,255.0,325.6,395.0,0.36151653750000007,18.0
1fe6b9010b30d1d429fc0c7a240159aa,280.5,296.0,395.0,0.36141378125,18.0
1fe6b9010b30d1d429fc0c7a240159aa,229.5,296.0,395.0,0.3465914010416667,21.0
1fe6b9010b30d1d429fc0c7a240159aa,255.0,296.0,395.0,0.3292460625,18.0
2060590a59a5c59ff1bb32dbffe1028b,288.0,286.0,386.0,0.9347893333333334,48.0
2060590a59a5c59ff1bb32dbffe1028b,316.8,286.0,386.0,0.8553004444444444,40.0
2060590a59a5c59ff1bb32dbffe1028b,288.0,257.4,386.0,0.8432312,48.0
2060590a59a5c59ff1bb32dbffe1028b,259.2,286.0,386.0,0.8432181333333333,48.0
2060590a59a5c59ff1bb32dbffe1028b,288.0,286.0,347.4,0.8427412,48.0
2060590a59a5c59ff1bb32dbffe1028b,316.8,257.4,386.0,0.7715278666666666,40.0
2060590a59a5c59ff1bb32dbffe1028b,316.8,286.0,347.4,0.7710795333333332,40.0
2060590a59a5c59ff1bb32dbffe1028b,288.0,314.6,386.0,0.7697606000000001,36.0
2060590a59a5c59ff1bb32dbffe1028b,259.2,257.4,386.0,0.7606289599999999,48.0
2060590a59a5c59ff1bb32dbffe1028b,288.0,257.4,347.4,0.7601987399999999,48.0
2060590a59a5c59ff1bb32dbffe1028b,259.2,286.0,347.4,0.7601869599999997,48.0
2060590a59a5c59ff1bb32dbffe1028b,316.8,314.6,386.0,0.7043047666666667,30.0
2060590a59a5c59ff1bb32dbffe1028b,316.8,257.4,347.4,0.6955559899999999,40.0
2060590a59a5c59ff1bb32dbffe1028b,259.2,314.6,386.0,0.69435548,36.0
2060590a59a5c59ff1bb32dbffe1028b,288.0,314.6,347.4,0.6939627450000001,36.0
2060590a59a5c59ff1bb32dbffe1028b,259.2,257.4,347.4,0.6857302919999998,48.0
2060590a59a5c59ff1bb32dbffe1028b,316.8,314.6,347.4,0.6349523075000001,30.0
2060590a59a5c59ff1bb32dbffe1028b,259.2,314.6,347.4,0.6259827209999999,36.0
2060590a59a5c59ff1bb32dbffe1028b,288.0,286.0,424.6,0.5134187333333333,24.0
2060590a59a5c59ff1bb32dbffe1028b,316.8,286.0,424.6,0.4697606777777778,20.0
2060590a59a5c59ff1bb32dbffe1028b,288.0,257.4,424.6,0.46313183,24.0
2060590a59a5c59ff1bb32dbffe1028b,259.2,286.0,424.6,0.46312465333333336,24.0
2060590a59a5c59ff1bb32dbffe1028b,316.8,257.4,424.6,0.42374987166666667,20.0
2060590a59a5c59ff1bb32dbffe1028b,288.0,314.6,424.6,0.4227792275000001,18.0
2060590a59a5c59ff1bb32dbffe1028b,259.2,257.4,424.6,0.417763814,24.0
2060590a59a5c59ff1bb32dbffe1028b,316.8,314.6,424.6,0.38682861291666676,15.0
2060590a59a5c59ff1bb32dbffe1028b,259.2,314.6,424.6,0.38136411950000004,18.0
225c1760c0e9639bbb73f58d280b7a0e,246.4,294.0,393.0,0.9791016666666666,56.0
225c1760c0e9639bbb73f58d280b7a0e,201.6,294.0,393.0,0.92036,64.0
225c1760c0e9639bbb73f58d280b7a0e,224.0,294.0,393.0,0.8922083333333334,56.0
225c1760c0e9639bbb73f58d280b7a0e,246.4,264.6,393.0,0.8831497033333334,56.0
225c1760c0e9639bbb73f58d280b7a0e,246.4,294.0,353.7,0.8826638333333333,56.0
225c1760c0e9639bbb73f58d280b7a0e,201.6,264.6,393.0,0.8301647200000001,64.0
225c1760c0e9639bbb73f58d280b7a0e,201.6,294.0,353.7,0.829708,64.0
225c1760c0e9639bbb73f58d280b7a0e,246.4,323.4,393.0,0.8062902225,42.0
225c1760c0e9639bbb73f58d280b7a0e,224.0,264.6,393.0,0.8047719166666668,56.0
225c1760c0e9639bbb73f58d280b7a0e,224.0,294.0,353.7,0.8043291666666667,56.0
225c1760c0e9639bbb73f58d280b7a0e,246.4,264.6,353.7,0.7961627776666668,56.0
225c1760c0e9639bbb73f58d280b7a0e,201.6,323.4,393.0,0.7579164599999998,48.0
225c1760c0e9639bbb73f58d280b7a0e,201.6,264.6,353.7,0.748396616,64.0
225c1760c0e9639bbb73f58d280b7a0e,224.0,323.4,393.0,0.7347335625,42.0
225c1760c0e9639bbb73f58d280b7a0e,246.4,323.4,353.7,0.72687366675,42.0
225c1760c0e9639bbb73f58d280b7a0e,224.0,264.6,353.7,0.7255049083333334,56.0
225c1760c0e9639bbb73f58d280b7a0e,201.6,323.4,353.7,0.6832645379999998,48.0
225c1760c0e9639bbb73f58d280b7a0e,224.0,323.4,353.7,0.66236506875,42.0
225c1760c0e9639bbb73f58d280b7a0e,246.4,294.0,432.3,0.53776975,28.0
225c1760c0e9639bbb73f58d280b7a0e,201.6,294.0,432.3,0.505506,32.0
225c1760c0e9639bbb73f58d280b7a0e,224.0,294.0,432.3,0.49004375,28.0
225c1760c0e9639bbb73f58d280b7a0e,246.4,264.6,432.3,0.48506831450000004,28.0
225c1760c0e9639bbb73f58d280b7a0e,201.6,264.6,432.3,0.45596641200000004,32.0
225c1760c0e9639bbb73f58d280b7a0e,246.4,323.4,432.3,0.442853389125,21.0
225c1760c0e9639bbb73f58d280b7a0e,224.0,264.6,432.3,0.4420194625,28.0
225c1760c0e9639bbb73f58d280b7a0e,201.6,323.4,432.3,0.4162841909999999,24.0
225c1760c0e9639bbb73f58d280b7a0e,224.0,323.4,432.3,0.403551028125,21.0
228ba4e5ea3c7574cbd9ce77434d4525,166.5,282.0,380.0,0.8878,80.0
228ba4e5ea3c7574cbd9ce77434d4525,185.0,282.0,380.0,0.884712,72.0
228ba4e5ea3c7574cbd9ce77434d4525,203.5,282.0,380.0,0.8625813333333333,64.0
228ba4e5ea3c7574cbd9ce77434d4525,166.5,253.8,380.0,0.8008695833333334,80.0
228ba4e5ea3c7574cbd9ce77434d4525,166.5,282.0,342.0,0.8004,80.0
228ba4e5ea3c7574cbd9ce77434d4525,185.0,253.8,380.0,0.7980839500000001,72.0
228ba4e5ea3c7574cbd9ce77434d4525,185.0,282.0,342.0,0.797616,72.0
228ba4e5ea3c7574cbd9ce77434d4525,203.5,253.8,380.0,0.7781202444444445,64.0
228ba4e5ea3c7574cbd9ce77434d4525,203.5,282.0,342.0,0.777664,64.0
228ba4e5ea3c7574cbd9ce77434d4525,166.5,310.2,380.0,0.7310478125,60.0
228ba4e5ea3c7574cbd9ce77434d4525,185.0,310.2,380.0,0.7285050375,54.0
228ba4e5ea3c7574cbd9ce77434d4525,166.5,253.8,342.0,0.7220275,80.0
228ba4e5ea3c7574cbd9ce77434d4525,185.0,253.8,342.0,0.7195161000000001,72.0
228ba4e5ea3c7574cbd9ce77434d4525,203.5,310.2,380.0,0.7102818166666666,48.0
228ba4e5ea3c7574cbd9ce77434d4525,203.5,253.8,342.0,0.7015177333333333,64.0
228ba4e5ea3c7574cbd9ce77434d4525,166.5,310.2,342.0,0.659079375,60.0
228ba4e5ea3c7574cbd9ce77434d4525,185.0,310.2,342.0,0.6567869249999999,54.0
228ba4e5ea3c7574cbd9ce77434d4525,203.5,310.2,342.0,0.6403576999999999,48.0
228ba4e5ea3c7574cbd9ce77434d4525,166.5,282.0,418.0,0.4876,40.0
228ba4e5ea3c7574cbd9ce77434d4525,185.0,282.0,418.0,0.485904,36.0
228ba4e5ea3c7574cbd9ce77434d4525,203.5,282.0,418.0,0.47374933333333336,32.0
228ba4e5ea3c7574cbd9ce77434d4525,166.5,253.8,418.0,0.43985583333333333,40.0
228ba4e5ea3c7574cbd9ce77434d4525,185.0,253.8,418.0,0.43832590000000005,36.0
228ba4e5ea3c7574cbd9ce77434d4525,203.5,253.8,418.0,0.42736137777777783,32.0
228ba4e5ea3c7574cbd9ce77434d4525,166.5,310.2,418.0,0.401508125,30.0
228ba4e5ea3c7574cbd9ce77434d4525,185.0,310.2,418.0,0.40011157499999994,27.0
228ba4e5ea3c7574cbd9ce77434d4525,203.5,310.2,418.0,0.39010296666666666,24.0
2358aed8ccfb64eb89ff5dcd9e30de7d,352.0,266.4,355.5,0.8160460833333333,40.0
2358aed8ccfb64eb89ff5dcd9e30de7d,352.0,325.6,355.5,0.7450464791666667,30.0
2358aed8ccfb64eb89ff5dcd9e30de7d,316.8,266.4,355.5,0.73580915,40.0
2358aed8ccfb64eb89ff5dcd9e30de7d,387.2,266.4,355.5,0.7170264133333334,32.0
2358aed8ccfb64eb89ff5dcd9e30de7d,352.0,296.0,355.5,0.6785405208333334,30.0
2358aed8ccfb64eb89ff5dcd9e30de7d,316.8,325.6,355.5,0.6717905125000001,30.0
2358aed8ccfb64eb89ff5dcd9e30de7d,387.2,325.6,355.5,0.6546419566666667,24.0
2358aed8ccfb64eb89ff5dcd9e30de7d,316.8,296.0,355.5,0.6118236875,30.0
2358aed8ccfb64eb89ff5dcd9e30de7d,387.2,296.0,355.5,0.5962058833333334,24.0
2358aed8ccfb64eb89ff5dcd9e30de7d,352.0,266.4,434.5,0.4971899027777778,20.0
2358aed8ccfb64eb89ff5dcd9e30de7d,352.0,325.6,434.5,0.4539321909722222,15.0
2358aed8ccfb64eb89ff5dcd9e30de7d,352.0,266.4,395.0,0.45260647222222217,20.0
2358aed8ccfb64eb89ff5dcd9e30de7d,316.8,266.4,434.5,0.4483041916666667,20.0
2358aed8ccfb64eb89ff5dcd9e30de7d,387.2,266.4,434.5,0.4368604911111111,16.0
2358aed8ccfb64eb89ff5dcd9e30de7d,352.0,296.0,434.5,0.41341230902777776,15.0
2358aed8ccfb64eb89ff5dcd9e30de7d,352.0,325.6,395.0,0.41322771527777785,15.0
2358aed8ccfb64eb89ff5dcd9e30de7d,316.8,325.6,434.5,0.40929975208333336,15.0
2358aed8ccfb64eb89ff5dcd9e30de7d,316.8,266.4,395.0,0.4081043833333333,20.0
2358aed8ccfb64eb89ff5dcd9e30de7d,387.2,325.6,434.5,0.3988517038888889,12.0
2358aed8ccfb64eb89ff5dcd9e30de7d,387.2,266.4,395.0,0.3976868488888889,16.0
2358aed8ccfb64eb89ff5dcd9e30de7d,352.0,296.0,395.0,0.3763412847222222,15.0
2358aed8ccfb64eb89ff5dcd9e30de7d,316.8,296.0,434.5,0.3727639479166667,15.0
2358aed8ccfb64eb89ff5dcd9e30de7d,316.8,325.6,395.0,0.3725975041666667,15.0
2358aed8ccfb64eb89ff5dcd9e30de7d,387.2,296.0,434.5,0.3632485361111111,12.0
2358aed8ccfb64eb89ff5dcd9e30de7d,387.2,325.6,395.0,0.36308634111111115,12.0
2358aed8ccfb64eb89ff5dcd9e30de7d,316.8,296.0,395.0,0.33933789583333335,15.0
2358aed8ccfb64eb89ff5dcd9e30de7d,387.2,296.0,395.0,0.33067573888888885,12.0
2361696c0cf9b4a8490d7098c11e6a51,250.0,229.5,393.0,0.9744466666666667,70.0
2361696c0cf9b4a8490d7098c11e6a51,250.0,280.5,393.0,0.9483786666666667,56.0
2361696c0cf9b4a8490d7098c11e6a51,275.0,229.5,393.0,0.91680640625,60.0
2361696c0cf9b4a8490d7098c11e6a51,275.0,280.5,393.0,0.892280375,48.0
2361696c0cf9b4a8490d7098c11e6a51,225.0,229.5,393.0,0.879285859375,70.0
2361696c0cf9b4a8490d7098c11e6a51,250.0,229.5,353.7,0.8784673333333332,70.0
2361696c0cf9b4a8490d7098c11e6a51,250.0,255.0,393.0,0.863968,56.0
2361696c0cf9b4a8490d7098c11e6a51,225.0,280.5,393.0,0.8557635625,56.0
2361696c0cf9b4a8490d7098c11e6a51,250.0,280.5,353.7,0.8549669333333333,56.0
2361696c0cf9b4a8490d7098c11e6a51,275.0,229.5,353.7,0.8265044218749998,60.0
2361696c0cf9b4a8490d7098c11e6a51,275.0,255.0,393.0,0.81286275,48.0
2361696c0cf9b4a8490d7098c11e6a51,275.0,280.5,353.7,0.8043941125,48.0
2361696c0cf9b4a8490d7098c11e6a51,225.0,229.5,353.7,0.7926795078124999,70.0
2361696c0cf9b4a8490d7098c11e6a51,225.0,255.0,393.0,0.779596125,56.0
2361696c0cf9b4a8490d7098c11e6a51,250.0,255.0,353.7,0.7788704000000001,56.0
2361696c0cf9b4a8490d7098c11e6a51,225.0,280.5,353.7,0.77147406875,56.0
2361696c0cf9b4a8490d7098c11e6a51,275.0,255.0,353.7,0.7327988249999999,48.0
2361696c0cf9b4a8490d7098c11e6a51,225.0,255.0,353.7,0.7028088375,56.0
2361696c0cf9b4a8490d7098c11e6a51,250.0,229.5,432.3,0.535213,35.0
2361696c0cf9b4a8490d7098c11e6a51,250.0,280.5,432.3,0.5208952,28.0
2361696c0cf9b4a8490d7098c11e6a51,275.0,229.5,432.3,0.5035541953125001,30.0
2361696c0cf9b4a8490d7098c11e6a51,275.0,280.5,432.3,0.49008331875000005,24.0
2361696c0cf9b4a8490d7098c11e6a51,225.0,229.5,432.3,0.48294610546875005,35.0
2361696c0cf9b4a8490d7098c11e6a51,250.0,255.0,432.3,0.4745328,28.0
2361696c0cf9b4a8490d7098c11e6a51,225.0,280.5,432.3,0.470026528125,28.0
2361696c0cf9b4a8490d7098c11e6a51,275.0,255.0,432.3,0.4464633375,24.0
2361696c0cf9b4a8490d7098c11e6a51,225.0,255.0,432.3,0.42819170624999997,28.0
25a862538c3d2488d1284dc2bd9244f3,183.6,266.4,355.5,0.7779335399999999,72.0
25a862538c3d2488d1284dc2bd9244f3,204.0,266.4,355.5,0.7658979999999999,64.0
25a862538c3d2488d1284dc2bd9244f3,224.4,266.4,355.5,0.73526208,56.0
25a862538c3d2488d1284dc2bd9244f3,183.6,325.6,355.5,0.710249895,54.0
25a862538c3d2488d1284dc2bd9244f3,204.0,325.6,355.5,0.6992615,48.0
25a862538c3d2488d1284dc2bd9244f3,224.4,325.6,355.5,0.6712910400000002,42.0
25a862538c3d2488d1284dc2bd9244f3,183.6,296.0,355.5,0.646850025,54.0
25a862538c3d2488d1284dc2bd9244f3,204.0,296.0,355.5,0.6368425,48.0
25a862538c3d2488d1284dc2bd9244f3,224.4,296.0,355.5,0.6113687999999999,42.0
25a862538c3d2488d1284dc2bd9244f3,183.6,266.4,434.5,0.47396919,36.0
25a862538c3d2488d1284dc2bd9244f3,204.0,266.4,434.5,0.46663633333333326,32.0
25a862538c3d2488d1284dc2bd9244f3,224.4,266.4,434.5,0.44797088,28.0
25a862538c3d2488d1284dc2bd9244f3,183.6,325.6,434.5,0.43273178250000005,27.0
25a862538c3d2488d1284dc2bd9244f3,183.6,266.4,395.0,0.43146798,36.0
25a862538c3d2488d1284dc2bd9244f3,204.0,325.6,434.5,0.42603691666666665,24.0
25a862538c3d2488d1284dc2bd9244f3,204.0,266.4,395.0,0.4247926666666666,32.0
25a862538c3d2488d1284dc2bd9244f3,224.4,325.6,434.5,0.4089954400000001,21.0
25a862538c3d2488d1284dc2bd9244f3,224.4,266.4,395.0,0.40780096,28.0
25a862538c3d2488d1284dc2bd9244f3,183.6,296.0,434.5,0.39410433749999996,27.0
25a862538c3d2488d1284dc2bd9244f3,183.6,325.6,395.0,0.393928365,27.0
25a862538c3d2488d1284dc2bd9244f3,204.0,296.0,434.5,0.38800708333333334,24.0
25a862538c3d2488d1284dc2bd9244f3,204.0,325.6,395.0,0.3878338333333333,24.0
25a862538c3d2488d1284dc2bd9244f3,224.4,296.0,434.5,0.37248680000000006,21.0
25a862538c3d2488d1284dc2bd9244f3,224.4,325.6,395.0,0.37232048,21.0
25a862538c3d2488d1284dc2bd9244f3,183.6,296.0,395.0,0.358764675,27.0
25a862538c3d2488d1284dc2bd9244f3,204.0,296.0,395.0,0.35321416666666666,24.0
25a862538c3d2488d1284dc2bd9244f3,224.4,296.0,395.0,0.33908560000000004,21.0
25b51ca97d24c6dd7fdc2fd6f9551dac,144.0,226.8,380.0,0.93605,120.0
25b51ca97d24c6dd7fdc2fd6f9551dac,129.6,226.8,380.0,0.9167049666666667,130.0
25b51ca97d24c6dd7fdc2fd6f9551dac,144.0,277.2,380.0,0.91096,96.0
25b51ca97d24c6dd7fdc2fd6f9551dac,129.6,277.2,380.0,0.8921334933333334,104.0
25b51ca97d24c6dd7fdc2fd6f9551dac,158.4,226.8,380.0,0.8549256666666667,100.0
25b51ca97d24c6dd7fdc2fd6f9551dac,144.0,226.8,342.0,0.8439,120.0
25b51ca97d24c6dd7fdc2fd6f9551dac,158.4,277.2,380.0,0.8320101333333333,80.0
25b51ca97d24c6dd7fdc2fd6f9551dac,144.0,252.0,380.0,0.8299,96.0
25b51ca97d24c6dd7fdc2fd6f9551dac,129.6,226.8,342.0,0.8264594000000001,130.0
25b51ca97d24c6dd7fdc2fd6f9551dac,144.0,277.2,342.0,0.82128,96.0
25b51ca97d24c6dd7fdc2fd6f9551dac,129.6,252.0,380.0,0.8127487333333332,104.0
25b51ca97d24c6dd7fdc2fd6f9551dac,129.6,277.2,342.0,0.8043068800000001,104.0
25b51ca97d24c6dd7fdc2fd6f9551dac,158.4,226.8,342.0,0.770762,100.0
25b51ca97d24c6dd7fdc2fd6f9551dac,158.4,252.0,380.0,0.7579753333333333,80.0
25b51ca97d24c6dd7fdc2fd6f9551dac,158.4,277.2,342.0,0.7501024000000001,80.0
25b51ca97d24c6dd7fdc2fd6f9551dac,144.0,252.0,342.0,0.7482,96.0
25b51ca97d24c6dd7fdc2fd6f9551dac,129.6,252.0,342.0,0.7327372,104.0
25b51ca97d24c6dd7fdc2fd6f9551dac,158.4,252.0,342.0,0.683356,80.0
25b51ca97d24c6dd7fdc2fd6f9551dac,144.0,226.8,418.0,0.5141,60.0
25b51ca97d24c6dd7fdc2fd6f9551dac,129.6,226.8,418.0,0.5034752666666668,65.0
25b51ca97d24c6dd7fdc2fd6f9551dac,144.0,277.2,418.0,0.50032,48.0
25b51ca97d24c6dd7fdc2fd6f9551dac,129.6,277.2,418.0,0.48998005333333333,52.0
25b51ca97d24c6dd7fdc2fd6f9551dac,158.4,226.8,418.0,0.46954466666666667,50.0
25b51ca97d24c6dd7fdc2fd6f9551dac,158.4,277.2,418.0,0.4569589333333334,40.0
25b51ca97d24c6dd7fdc2fd6f9551dac,144.0,252.0,418.0,0.4558,48.0
25b51ca97d24c6dd7fdc2fd6f9551dac,129.6,252.0,418.0,0.44638013333333326,52.0
25b51ca97d24c6dd7fdc2fd6f9551dac,158.4,252.0,418.0,0.41629733333333335,40.0
27cfee279bf2517d910cfab7c0b51213,183.6,286.0,386.0,0.9042656,72.0
27cfee279bf2517d910cfab7c0b51213,204.0,286.0,386.0,0.8902755555555556,64.0
27cfee279bf2517d910cfab7c0b51213,224.4,286.0,386.0,0.8546645333333334,56.0
27cfee279bf2517d910cfab7c0b51213,183.6,257.4,386.0,0.8156971199999998,72.0
27cfee279bf2517d910cfab7c0b51213,183.6,286.0,347.4,0.81522312,72.0
27cfee279bf2517d910cfab7c0b51213,204.0,257.4,386.0,0.8030773333333332,64.0
27cfee279bf2517d910cfab7c0b51213,204.0,286.0,347.4,0.8026106666666667,64.0
27cfee279bf2517d910cfab7c0b51213,224.4,257.4,386.0,0.7709542399999999,56.0
27cfee279bf2517d910cfab7c0b51213,224.4,286.0,347.4,0.77050624,56.0
27cfee279bf2517d910cfab7c0b51213,183.6,314.6,386.0,0.74462556,54.0
27cfee279bf2517d910cfab7c0b51213,183.6,257.4,347.4,0.7353759239999998,72.0
27cfee279bf2517d910cfab7c0b51213,204.0,314.6,386.0,0.7331053333333334,48.0
27cfee279bf2517d910cfab7c0b51213,204.0,257.4,347.4,0.7239987999999999,64.0
27cfee279bf2517d910cfab7c0b51213,224.4,314.6,386.0,0.70378112,42.0
27cfee279bf2517d910cfab7c0b51213,224.4,257.4,347.4,0.6950388479999999,56.0
27cfee279bf2517d910cfab7c0b51213,183.6,314.6,347.4,0.671302737,54.0
27cfee279bf2517d910cfab7c0b51213,204.0,314.6,347.4,0.6609168999999999,48.0
27cfee279bf2517d910cfab7c0b51213,224.4,314.6,347.4,0.634480224,42.0
27cfee279bf2517d910cfab7c0b51213,183.6,286.0,424.6,0.4966540400000001,36.0
27cfee279bf2517d910cfab7c0b51213,204.0,286.0,424.6,0.4889702222222222,32.0
27cfee279bf2517d910cfab7c0b51213,224.4,286.0,424.6,0.46941141333333336,28.0
27cfee279bf2517d910cfab7c0b51213,183.6,257.4,424.6,0.44800915799999996,36.0
27cfee279bf2517d910cfab7c0b51213,204.0,257.4,424.6,0.4410779333333333,32.0
27cfee279bf2517d910cfab7c0b51213,224.4,257.4,424.6,0.423434816,28.0
27cfee279bf2517d910cfab7c0b51213,183.6,314.6,424.6,0.40897419150000003,27.0
27cfee279bf2517d910cfab7c0b51213,204.0,314.6,424.6,0.40264688333333337,24.0
27cfee279bf2517d910cfab7c0b51213,224.4,314.6,424.6,0.3865410080000001,21.0
27f597341f2223c1757e942d65f52be3,162.0,286.0,386.0,0.8902755555555556,80.0
27f597341f2223c1757e942d65f52be3,145.8,286.0,386.0,0.8848703111111114,88.0
27f597341f2223c1757e942d65f52be3,178.2,286.0,386.0,0.8785111999999999,72.0
27f597341f2223c1757e942d65f52be3,162.0,257.4,386.0,0.8030773333333333,80.0
27f597341f2223c1757e942d65f52be3,162.0,286.0,347.4,0.8026106666666667,80.0
27f597341f2223c1757e942d65f52be3,145.8,257.4,386.0,0.7982015066666667,88.0
27f597341f2223c1757e942d65f52be3,145.8,286.0,347.4,0.7977376733333333,88.0
27f597341f2223c1757e942d65f52be3,178.2,257.4,386.0,0.7924652399999998,72.0
27f597341f2223c1757e942d65f52be3,178.2,286.0,347.4,0.7920047399999999,72.0
27f597341f2223c1757e942d65f52be3,162.0,314.6,386.0,0.7331053333333334,60.0
27f597341f2223c1757e942d65f52be3,145.8,314.6,386.0,0.7286543366666668,66.0
27f597341f2223c1757e942d65f52be3,162.0,257.4,347.4,0.7239987999999999,80.0
27f597341f2223c1757e942d65f52be3,178.2,314.6,386.0,0.7234178699999999,54.0
27f597341f2223c1757e942d65f52be3,145.8,257.4,347.4,0.719603093,88.0
27f597341f2223c1757e942d65f52be3,178.2,257.4,347.4,0.7144316729999999,72.0
27f597341f2223c1757e942d65f52be3,162.0,314.6,347.4,0.6609168999999999,60.0
27f597341f2223c1757e942d65f52be3,145.8,314.6,347.4,0.65690419025,66.0
27f597341f2223c1757e942d65f52be3,178.2,314.6,347.4,0.65218335525,54.0
27f597341f2223c1757e942d65f52be3,162.0,286.0,424.6,0.4889702222222222,40.0
27f597341f2223c1757e942d65f52be3,145.8,286.0,424.6,0.4860014744444445,44.0
27f597341f2223c1757e942d65f52be3,178.2,286.0,424.6,0.48250883,36.0
27f597341f2223c1757e942d65f52be3,162.0,257.4,424.6,0.4410779333333333,40.0
27f597341f2223c1757e942d65f52be3,145.8,257.4,424.6,0.43839996016666666,44.0
27f597341f2223c1757e942d65f52be3,178.2,257.4,424.6,0.43524940349999997,36.0
27f597341f2223c1757e942d65f52be3,162.0,314.6,424.6,0.40264688333333337,30.0
27f597341f2223c1757e942d65f52be3,145.8,314.6,424.6,0.4002022415416668,33.0
27f597341f2223c1757e942d65f52be3,178.2,314.6,424.6,0.397326192375,27.0
3068e6f2a2ce79314e458b7a6ab57b4d,144.0,288.0,388.0,0.9653,96.0
3068e6f2a2ce79314e458b7a6ab57b4d,129.6,288.0,388.0,0.9453504666666667,104.0
3068e6f2a2ce79314e458b7a6ab57b4d,158.4,288.0,388.0,0.8816406666666666,80.0
3068e6f2a2ce79314e458b7a6ab57b4d,144.0,259.2,388.0,0.87074,96.0
3068e6f2a2ce79314e458b7a6ab57b4d,144.0,288.0,349.2,0.87024,96.0
3068e6f2a2ce79314e458b7a6ab57b4d,129.6,259.2,388.0,0.8527447066666665,104.0
3068e6f2a2ce79314e458b7a6ab57b4d,129.6,288.0,349.2,0.85225504,104.0
3068e6f2a2ce79314e458b7a6ab57b4d,158.4,259.2,388.0,0.7952758666666666,80.0
3068e6f2a2ce79314e458b7a6ab57b4d,144.0,316.8,388.0,0.794895,72.0
3068e6f2a2ce79314e458b7a6ab57b4d,158.4,288.0,349.2,0.7948192,80.0
3068e6f2a2ce79314e458b7a6ab57b4d,144.0,259.2,349.2,0.784992,96.0
3068e6f2a2ce79314e458b7a6ab57b4d,129.6,316.8,388.0,0.7784671700000001,78.0
3068e6f2a2ce79314e458b7a6ab57b4d,129.6,259.2,349.2,0.7687688319999998,104.0
3068e6f2a2ce79314e458b7a6ab57b4d,158.4,316.8,388.0,0.7260041000000002,60.0
3068e6f2a2ce79314e458b7a6ab57b4d,158.4,259.2,349.2,0.7169593599999999,80.0
3068e6f2a2ce79314e458b7a6ab57b4d,144.0,316.8,349.2,0.716616,72.0
3068e6f2a2ce79314e458b7a6ab57b4d,129.6,316.8,349.2,0.701805936,78.0
3068e6f2a2ce79314e458b7a6ab57b4d,158.4,316.8,349.2,0.6545092800000001,60.0
3068e6f2a2ce79314e458b7a6ab57b4d,144.0,288.0,426.8,0.53018,48.0
3068e6f2a2ce79314e458b7a6ab57b4d,129.6,288.0,426.8,0.5192229466666668,52.0
3068e6f2a2ce79314e458b7a6ab57b4d,158.4,288.0,426.8,0.4842310666666666,40.0
3068e6f2a2ce79314e458b7a6ab57b4d,144.0,259.2,426.8,0.478244,48.0
3068e6f2a2ce79314e458b7a6ab57b4d,129.6,259.2,426.8,0.46836029066666657,52.0
3068e6f2a2ce79314e458b7a6ab57b4d,158.4,259.2,426.8,0.43679618666666664,40.0
3068e6f2a2ce79314e458b7a6ab57b4d,144.0,316.8,426.8,0.436587,36.0
3068e6f2a2ce79314e458b7a6ab57b4d,129.6,316.8,426.8,0.42756420200000006,39.0
3068e6f2a2ce79314e458b7a6ab57b4d,158.4,316.8,426.8,0.39874946000000006,30.0
3249c6671a2e400c91ae940376aa4946,241.2,288.0,388.0,0.9279750666666668,56.0
3249c6671a2e400c91ae940376aa4946,268.0,288.0,388.0,0.8816406666666666,48.0
3249c6671a2e400c91ae940376aa4946,241.2,259.2,388.0,0.8370713866666666,56.0
3249c6671a2e400c91ae940376aa4946,241.2,288.0,349.2,0.8365907199999999,56.0
3249c6671a2e400c91ae940376aa4946,294.8,288.0,388.0,0.8065617777777778,40.0
3249c6671a2e400c91ae940376aa4946,268.0,259.2,388.0,0.7952758666666667,48.0
3249c6671a2e400c91ae940376aa4946,268.0,288.0,349.2,0.7948192,48.0
3249c6671a2e400c91ae940376aa4946,241.2,316.8,388.0,0.76415906,42.0
3249c6671a2e400c91ae940376aa4946,241.2,259.2,349.2,0.7546389759999997,56.0
3249c6671a2e400c91ae940376aa4946,294.8,259.2,388.0,0.7275516444444445,40.0
3249c6671a2e400c91ae940376aa4946,294.8,288.0,349.2,0.7271338666666666,40.0
3249c6671a2e400c91ae940376aa4946,268.0,316.8,388.0,0.7260040999999999,36.0
3249c6671a2e400c91ae940376aa4946,268.0,259.2,349.2,0.7169593599999999,48.0
3249c6671a2e400c91ae940376aa4946,241.2,316.8,349.2,0.688906848,42.0
3249c6671a2e400c91ae940376aa4946,294.8,316.8,388.0,0.6641789333333334,30.0
3249c6671a2e400c91ae940376aa4946,294.8,259.2,349.2,0.6559044266666666,40.0
3249c6671a2e400c91ae940376aa4946,268.0,316.8,349.2,0.65450928,36.0
3249c6671a2e400c91ae940376aa4946,294.8,316.8,349.2,0.5987724799999999,30.0
3249c6671a2e400c91ae940376aa4946,241.2,288.0,426.8,0.5096797066666667,28.0
3249c6671a2e400c91ae940376aa4946,268.0,288.0,426.8,0.4842310666666667,24.0
3249c6671a2e400c91ae940376aa4946,241.2,259.2,426.8,0.45975189866666655,28.0
3249c6671a2e400c91ae940376aa4946,294.8,288.0,426.8,0.4429948444444445,20.0
3249c6671a2e400c91ae940376aa4946,268.0,259.2,426.8,0.4367961866666667,24.0
3249c6671a2e400c91ae940376aa4946,241.2,316.8,426.8,0.419705636,21.0
3249c6671a2e400c91ae940376aa4946,294.8,259.2,426.8,0.3995994311111111,20.0
3249c6671a2e400c91ae940376aa4946,268.0,316.8,426.8,0.39874945999999994,18.0
3249c6671a2e400c91ae940376aa4946,294.8,316.8,426.8,0.36479269333333336,15.0
3256a5fed07b421a92abee44a3d93243,286.0,266.4,355.5,0.7987221999999999,48.0
3256a5fed07b421a92abee44a3d93243,234.0,266.4,355.5,0.7658979999999999,56.0
3256a5fed07b421a92abee44a3d93243,286.0,325.6,355.5,0.7292298500000001,36.0
3256a5fed07b421a92abee44a3d93243,260.0,266.4,355.5,0.7276031,48.0
3256a5fed07b421a92abee44a3d93243,234.0,325.6,355.5,0.6992615,42.0
3256a5fed07b421a92abee44a3d93243,260.0,325.6,355.5,0.664298425,36.0
3256a5fed07b421a92abee44a3d93243,286.0,296.0,355.5,0.66413575,36.0
3256a5fed07b421a92abee44a3d93243,234.0,296.0,355.5,0.6368425,42.0
3256a5fed07b421a92abee44a3d93243,260.0,296.0,355.5,0.605000375,36.0
3256a5fed07b421a92abee44a3d93243,286.0,266.4,434.5,0.4866350333333333,24.0
3256a5fed07b421a92abee44a3d93243,234.0,266.4,434.5,0.46663633333333326,28.0
3256a5fed07b421a92abee44a3d93243,286.0,325.6,434.5,0.4442956416666667,18.0
3256a5fed07b421a92abee44a3d93243,260.0,266.4,434.5,0.44330451666666665,24.0
3256a5fed07b421a92abee44a3d93243,286.0,266.4,395.0,0.44299806666666663,24.0
3256a5fed07b421a92abee44a3d93243,234.0,325.6,434.5,0.42603691666666665,21.0
3256a5fed07b421a92abee44a3d93243,234.0,266.4,395.0,0.4247926666666666,28.0
3256a5fed07b421a92abee44a3d93243,260.0,325.6,434.5,0.4047350708333334,18.0
3256a5fed07b421a92abee44a3d93243,286.0,296.0,434.5,0.4046359583333333,18.0
3256a5fed07b421a92abee44a3d93243,286.0,325.6,395.0,0.40445528333333336,18.0
3256a5fed07b421a92abee44a3d93243,260.0,266.4,395.0,0.40355303333333326,24.0
3256a5fed07b421a92abee44a3d93243,234.0,296.0,434.5,0.38800708333333334,21.0
3256a5fed07b421a92abee44a3d93243,234.0,325.6,395.0,0.3878338333333333,21.0
3256a5fed07b421a92abee44a3d93243,260.0,296.0,434.5,0.36860672916666665,18.0
3256a5fed07b421a92abee44a3d93243,260.0,325.6,395.0,0.3684421416666667,18.0
3256a5fed07b421a92abee44a3d93243,286.0,296.0,395.0,0.36835191666666667,18.0
3256a5fed07b421a92abee44a3d93243,234.0,296.0,395.0,0.35321416666666666,21.0
3256a5fed07b421a92abee44a3d93243,260.0,296.0,395.0,0.33555345833333333,18.0
32afd4b4cbf80746743543d141a1b52c,211.5,266.4,355.5,0.7932514999999999,64.0
32afd4b4cbf80746743543d141a1b52c,235.0,266.4,355.5,0.7690892416666666,56.0
32afd4b4cbf80746743543d141a1b52c,211.5,325.6,355.5,0.724235125,48.0
32afd4b4cbf80746743543d141a1b52c,258.5,266.4,355.5,0.7235000749999999,48.0
32afd4b4cbf80746743543d141a1b52c,235.0,325.6,355.5,0.7021750895833334,42.0
32afd4b4cbf80746743543d141a1b52c,258.5,325.6,355.5,0.6605523812500002,36.0
32afd4b4cbf80746743543d141a1b52c,211.5,296.0,355.5,0.659586875,48.0
32afd4b4cbf80746743543d141a1b52c,235.0,296.0,355.5,0.6394960104166667,42.0
32afd4b4cbf80746743543d141a1b52c,258.5,296.0,355.5,0.60158871875,36.0
32afd4b4cbf80746743543d141a1b52c,211.5,266.4,434.5,0.4833019166666666,32.0
32afd4b4cbf80746743543d141a1b52c,235.0,266.4,434.5,0.4685806513888889,28.0
32afd4b4cbf80746743543d141a1b52c,211.5,325.6,434.5,0.44125252083333333,24.0
32afd4b4cbf80746743543d141a1b52c,258.5,266.4,434.5,0.4408046791666666,24.0
32afd4b4cbf80746743543d141a1b52c,211.5,266.4,395.0,0.4399638333333333,32.0
32afd4b4cbf80746743543d141a1b52c,235.0,325.6,434.5,0.42781207048611114,21.0
32afd4b4cbf80746743543d141a1b52c,235.0,266.4,395.0,0.42656263611111106,28.0
32afd4b4cbf80746743543d141a1b52c,258.5,325.6,434.5,0.4024527302083334,18.0
32afd4b4cbf80746743543d141a1b52c,211.5,296.0,434.5,0.4018644791666667,24.0
32afd4b4cbf80746743543d141a1b52c,211.5,325.6,395.0,0.4016850416666667,24.0
32afd4b4cbf80746743543d141a1b52c,258.5,266.4,395.0,0.4012773583333333,24.0
32afd4b4cbf80746743543d141a1b52c,235.0,296.0,434.5,0.3896237795138889,21.0
32afd4b4cbf80746743543d141a1b52c,235.0,325.6,395.0,0.3894498076388889,21.0
32afd4b4cbf80746743543d141a1b52c,258.5,296.0,434.5,0.36652811979166666,18.0
32afd4b4cbf80746743543d141a1b52c,258.5,325.6,395.0,0.3663644604166667,18.0
32afd4b4cbf80746743543d141a1b52c,211.5,296.0,395.0,0.36582895833333334,24.0
32afd4b4cbf80746743543d141a1b52c,235.0,296.0,395.0,0.3546858923611111,21.0
32afd4b4cbf80746743543d141a1b52c,258.5,296.0,395.0,0.3336612395833333,18.0
3479d784dc4ed4c42784cabde22ac149,248.0,223.2,383.0,0.9173862638888889,70.0
3479d784dc4ed4c42784cabde22ac149,248.0,272.8,383.0,0.8927305074074072,56.0
3479d784dc4ed4c42784cabde22ac149,272.8,223.2,383.0,0.8631067166666667,60.0
3479d784dc4ed4c42784cabde22ac149,272.8,272.8,383.0,0.8399097822222222,48.0
3479d784dc4ed4c42784cabde22ac149,223.2,223.2,383.0,0.8278146916666665,70.0
3479d784dc4ed4c42784cabde22ac149,248.0,223.2,344.7,0.8270626291666665,70.0
3479d784dc4ed4c42784cabde22ac149,248.0,248.0,383.0,0.8133197592592593,56.0
3479d784dc4ed4c42784cabde22ac149,223.2,272.8,383.0,0.8055662688888889,56.0
3479d784dc4ed4c42784cabde22ac149,248.0,272.8,344.7,0.8048344188888888,56.0
3479d784dc4ed4c42784cabde22ac149,272.8,223.2,344.7,0.778127315,60.0
3479d784dc4ed4c42784cabde22ac149,272.8,248.0,383.0,0.7651975777777777,48.0
3479d784dc4ed4c42784cabde22ac149,272.8,272.8,344.7,0.7572142946666667,48.0
3479d784dc4ed4c42784cabde22ac149,223.2,223.2,344.7,0.7463100574999999,70.0
3479d784dc4ed4c42784cabde22ac149,223.2,248.0,383.0,0.7339090111111112,56.0
3479d784dc4ed4c42784cabde22ac149,248.0,248.0,344.7,0.7332422611111111,56.0
3479d784dc4ed4c42784cabde22ac149,223.2,272.8,344.7,0.7262521606666666,56.0
3479d784dc4ed4c42784cabde22ac149,272.8,248.0,344.7,0.6898580733333333,48.0
3479d784dc4ed4c42784cabde22ac149,223.2,248.0,344.7,0.6616501033333333,56.0
3479d784dc4ed4c42784cabde22ac149,248.0,223.2,421.3,0.5038549493055555,35.0
3479d784dc4ed4c42784cabde22ac149,248.0,272.8,421.3,0.49031329796296297,28.0
3479d784dc4ed4c42784cabde22ac149,272.8,223.2,421.3,0.47404305916666667,30.0
3479d784dc4ed4c42784cabde22ac149,272.8,272.8,421.3,0.4613026348888889,24.0
3479d784dc4ed4c42784cabde22ac149,223.2,223.2,421.3,0.4546596629166666,35.0
3479d784dc4ed4c42784cabde22ac149,248.0,248.0,421.3,0.4466986287037037,28.0
3479d784dc4ed4c42784cabde22ac149,223.2,272.8,421.3,0.44244018855555556,28.0
3479d784dc4ed4c42784cabde22ac149,272.8,248.0,421.3,0.4202685411111111,24.0
3479d784dc4ed4c42784cabde22ac149,223.2,248.0,421.3,0.4030839594444445,28.0
34dbd33aabcf7123c6ee197304f6312d,207.0,220.5,355.5,0.8074253125,80.0
34dbd33aabcf7123c6ee197304f6312d,207.0,269.5,355.5,0.7856800833333333,64.0
34dbd33aabcf7123c6ee197304f6312d,230.0,220.5,355.5,0.7827855729166666,70.0
34dbd33aabcf7123c6ee197304f6312d,230.0,269.5,355.5,0.7617039305555555,56.0
34dbd33aabcf7123c6ee197304f6312d,253.0,220.5,355.5,0.736349140625,60.0
34dbd33aabcf7123c6ee197304f6312d,253.0,269.5,355.5,0.7165181041666666,48.0
34dbd33aabcf7123c6ee197304f6312d,207.0,245.0,355.5,0.7158101666666666,64.0
34dbd33aabcf7123c6ee197304f6312d,230.0,245.0,355.5,0.6939661944444444,56.0
34dbd33aabcf7123c6ee197304f6312d,253.0,245.0,355.5,0.6527987083333333,48.0
34dbd33aabcf7123c6ee197304f6312d,207.0,220.5,434.5,0.49193755208333334,40.0
34dbd33aabcf7123c6ee197304f6312d,207.0,269.5,434.5,0.47868890277777776,32.0
34dbd33aabcf7123c6ee197304f6312d,230.0,220.5,434.5,0.4769253732638889,35.0
34dbd33aabcf7123c6ee197304f6312d,230.0,269.5,434.5,0.464081025462963,28.0
34dbd33aabcf7123c6ee197304f6312d,253.0,220.5,434.5,0.4486331901041667,30.0
34dbd33aabcf7123c6ee197304f6312d,207.0,220.5,395.0,0.44782510416666665,40.0
34dbd33aabcf7123c6ee197304f6312d,253.0,269.5,434.5,0.4365507951388889,24.0
34dbd33aabcf7123c6ee197304f6312d,207.0,245.0,434.5,0.43611947222222225,32.0
34dbd33aabcf7123c6ee197304f6312d,207.0,269.5,395.0,0.4357644722222222,32.0
34dbd33aabcf7123c6ee197304f6312d,230.0,220.5,395.0,0.43415907986111113,35.0
34dbd33aabcf7123c6ee197304f6312d,230.0,245.0,434.5,0.42281066203703704,28.0
34dbd33aabcf7123c6ee197304f6312d,230.0,269.5,395.0,0.42246649537037034,28.0
34dbd33aabcf7123c6ee197304f6312d,253.0,220.5,395.0,0.40840388020833335,30.0
34dbd33aabcf7123c6ee197304f6312d,253.0,245.0,434.5,0.39772867361111114,24.0
34dbd33aabcf7123c6ee197304f6312d,253.0,269.5,395.0,0.3974049236111111,24.0
34dbd33aabcf7123c6ee197304f6312d,207.0,245.0,395.0,0.39701227777777776,32.0
34dbd33aabcf7123c6ee197304f6312d,230.0,245.0,395.0,0.38489687962962965,28.0
34dbd33aabcf7123c6ee197304f6312d,253.0,245.0,395.0,0.36206401388888887,24.0
35174969e008414733b7133a380c2f8c,216.0,229.5,391.0,0.9609054166666666,80.0
35174969e008414733b7133a380c2f8c,216.0,280.5,391.0,0.9351996666666667,64.0
35174969e008414733b7133a380c2f8c,240.0,229.5,391.0,0.9316886979166666,70.0
35174969e008414733b7133a380c2f8c,240.0,280.5,391.0,0.9067645416666666,56.0
35174969e008414733b7133a380c2f8c,264.0,229.5,391.0,0.8765015625,60.0
35174969e008414733b7133a380c2f8c,216.0,229.5,351.9,0.866267125,80.0
35174969e008414733b7133a380c2f8c,264.0,280.5,391.0,0.85305375,48.0
35174969e008414733b7133a380c2f8c,216.0,255.0,391.0,0.851962,64.0
35174969e008414733b7133a380c2f8c,216.0,280.5,351.9,0.8430930999999999,64.0
35174969e008414733b7133a380c2f8c,240.0,229.5,351.9,0.839927921875,70.0
35174969e008414733b7133a380c2f8c,240.0,255.0,391.0,0.82605775,56.0
35174969e008414733b7133a380c2f8c,240.0,280.5,351.9,0.8174585124999999,56.0
35174969e008414733b7133a380c2f8c,264.0,229.5,351.9,0.79017609375,60.0
35174969e008414733b7133a380c2f8c,264.0,255.0,391.0,0.7771275,48.0
35174969e008414733b7133a380c2f8c,264.0,280.5,351.9,0.769037625,48.0
35174969e008414733b7133a380c2f8c,216.0,255.0,351.9,0.7680533999999999,64.0
35174969e008414733b7133a380c2f8c,240.0,255.0,351.9,0.7447004249999999,56.0
35174969e008414733b7133a380c2f8c,264.0,255.0,351.9,0.70058925,48.0
35174969e008414733b7133a380c2f8c,216.0,229.5,430.1,0.5277718541666667,40.0
35174969e008414733b7133a380c2f8c,216.0,280.5,430.1,0.5136531166666667,32.0
35174969e008414733b7133a380c2f8c,240.0,229.5,430.1,0.5117247369791667,35.0
35174969e008414733b7133a380c2f8c,240.0,280.5,430.1,0.4980352854166667,28.0
35174969e008414733b7133a380c2f8c,264.0,229.5,430.1,0.481413515625,30.0
35174969e008414733b7133a380c2f8c,264.0,280.5,430.1,0.4685349375,24.0
35174969e008414733b7133a380c2f8c,216.0,255.0,430.1,0.46793530000000005,32.0
35174969e008414733b7133a380c2f8c,240.0,255.0,430.1,0.45370753750000004,28.0
35174969e008414733b7133a380c2f8c,264.0,255.0,430.1,0.426832875,24.0
3665e3bea9deb6de2f6ad8e308473be4,190.8,282.0,380.0,0.9115776000000001,72.0
3665e3bea9deb6de2f6ad8e308473be4,212.0,282.0,380.0,0.8975786666666666,64.0
3665e3bea9deb6de2f6ad8e308473be4,233.2,282.0,380.0,0.8617578666666666,56.0
3665e3bea9deb6de2f6ad8e308473be4,190.8,253.8,380.0,0.82231896,72.0
3665e3bea9deb6de2f6ad8e308473be4,190.8,282.0,342.0,0.8218367999999999,72.0
3665e3bea9deb6de2f6ad8e308473be4,212.0,253.8,380.0,0.8096907555555556,64.0
3665e3bea9deb6de2f6ad8e308473be4,212.0,282.0,342.0,0.809216,64.0
3665e3bea9deb6de2f6ad8e308473be4,233.2,253.8,380.0,0.7773774088888888,56.0
3665e3bea9deb6de2f6ad8e308473be4,233.2,282.0,342.0,0.7769215999999999,56.0
3665e3bea9deb6de2f6ad8e308473be4,190.8,310.2,380.0,0.7506271800000001,54.0
3665e3bea9deb6de2f6ad8e308473be4,190.8,253.8,342.0,0.7413652800000001,72.0
3665e3bea9deb6de2f6ad8e308473be4,212.0,310.2,380.0,0.7390999333333333,48.0
3665e3bea9deb6de2f6ad8e308473be4,212.0,253.8,342.0,0.7299802666666666,64.0
3665e3bea9deb6de2f6ad8e308473be4,233.2,310.2,380.0,0.7096037433333333,42.0
3665e3bea9deb6de2f6ad8e308473be4,233.2,253.8,342.0,0.7008480266666666,56.0
3665e3bea9deb6de2f6ad8e308473be4,190.8,310.2,342.0,0.6767312400000001,54.0
3665e3bea9deb6de2f6ad8e308473be4,212.0,310.2,342.0,0.6663387999999999,48.0
3665e3bea9deb6de2f6ad8e308473be4,233.2,310.2,342.0,0.63974638,42.0
3665e3bea9deb6de2f6ad8e308473be4,190.8,282.0,418.0,0.5006592,36.0
3665e3bea9deb6de2f6ad8e308473be4,212.0,282.0,418.0,0.49297066666666667,32.0
3665e3bea9deb6de2f6ad8e308473be4,233.2,282.0,418.0,0.47329706666666654,28.0
3665e3bea9deb6de2f6ad8e308473be4,190.8,253.8,418.0,0.4516363200000001,36.0
3665e3bea9deb6de2f6ad8e308473be4,212.0,253.8,418.0,0.44470062222222223,32.0
3665e3bea9deb6de2f6ad8e308473be4,233.2,253.8,418.0,0.42695339555555556,28.0
3665e3bea9deb6de2f6ad8e308473be4,190.8,310.2,418.0,0.41226155999999997,27.0
3665e3bea9deb6de2f6ad8e308473be4,212.0,310.2,418.0,0.4059305333333333,24.0
3665e3bea9deb6de2f6ad8e308473be4,233.2,310.2,418.0,0.38973055333333334,21.0
37070e9f43f02e356af14131f16a3112,245.0,229.5,393.0,0.9554145052083334,70.0
37070e9f43f02e356af14131f16a3112,245.0,280.5,393.0,0.9298556458333334,56.0
37070e9f43f02e356af14131f16a3112,269.5,229.5,393.0,0.898861796875,60.0
37070e9f43f02e356af14131f16a3112,269.5,280.5,393.0,0.8748158125,48.0
37070e9f43f02e356af14131f16a3112,220.5,229.5,393.0,0.8621569140625,70.0
37070e9f43f02e356af14131f16a3112,245.0,229.5,353.7,0.8613097682291665,70.0
37070e9f43f02e356af14131f16a3112,245.0,255.0,393.0,0.847093625,56.0
37070e9f43f02e356af14131f16a3112,220.5,280.5,393.0,0.83909284375,56.0
37070e9f43f02e356af14131f16a3112,245.0,280.5,353.7,0.8382683604166666,56.0
37070e9f43f02e356af14131f16a3112,269.5,229.5,353.7,0.8103272890625,60.0
37070e9f43f02e356af14131f16a3112,269.5,255.0,393.0,0.796952625,48.0
37070e9f43f02e356af14131f16a3112,269.5,280.5,353.7,0.7886497437499999,48.0
37070e9f43f02e356af14131f16a3112,220.5,229.5,353.7,0.77723769921875,70.0
37070e9f43f02e356af14131f16a3112,220.5,255.0,393.0,0.7644091875,56.0
37070e9f43f02e356af14131f16a3112,245.0,255.0,353.7,0.7636580875000001,56.0
37070e9f43f02e356af14131f16a3112,220.5,280.5,353.7,0.756445353125,56.0
37070e9f43f02e356af14131f16a3112,269.5,255.0,353.7,0.7184557874999999,48.0
37070e9f43f02e356af14131f16a3112,220.5,255.0,353.7,0.6891177562499999,56.0
37070e9f43f02e356af14131f16a3112,245.0,229.5,432.3,0.5247596210937501,35.0
37070e9f43f02e356af14131f16a3112,245.0,280.5,432.3,0.510721465625,28.0
37070e9f43f02e356af14131f16a3112,269.5,229.5,432.3,0.49369815234375,30.0
37070e9f43f02e356af14131f16a3112,269.5,280.5,432.3,0.48049094062500003,24.0
37070e9f43f02e356af14131f16a3112,220.5,229.5,432.3,0.473538064453125,35.0
37070e9f43f02e356af14131f16a3112,245.0,255.0,432.3,0.46526458125,28.0
37070e9f43f02e356af14131f16a3112,220.5,280.5,432.3,0.4608701671875,28.0
37070e9f43f02e356af14131f16a3112,269.5,255.0,432.3,0.43772473125,24.0
37070e9f43f02e356af14131f16a3112,220.5,255.0,432.3,0.419850309375,28.0
371bc8e13ebaec61128f288334956fa5,207.0,229.5,391.0,0.9219497916666667,80.0
371bc8e13ebaec61128f288334956fa5,207.0,280.5,391.0,0.8972861666666667,64.0
371bc8e13ebaec61128f288334956fa5,230.0,229.5,391.0,0.8938151736111111,70.0
371bc8e13ebaec61128f288334956fa5,230.0,280.5,391.0,0.8699041944444444,56.0
371bc8e13ebaec61128f288334956fa5,253.0,229.5,391.0,0.8407922395833334,60.0
371bc8e13ebaec61128f288334956fa5,207.0,229.5,351.9,0.8311481874999999,80.0
371bc8e13ebaec61128f288334956fa5,253.0,280.5,391.0,0.8182997083333333,48.0
371bc8e13ebaec61128f288334956fa5,207.0,255.0,391.0,0.817423,64.0
371bc8e13ebaec61128f288334956fa5,207.0,280.5,351.9,0.8089136499999999,64.0
371bc8e13ebaec61128f288334956fa5,230.0,229.5,351.9,0.8057845104166667,70.0
371bc8e13ebaec61128f288334956fa5,230.0,255.0,391.0,0.7924781666666667,56.0
371bc8e13ebaec61128f288334956fa5,230.0,280.5,351.9,0.7842284916666666,56.0
371bc8e13ebaec61128f288334956fa5,253.0,229.5,351.9,0.7579837343749999,60.0
371bc8e13ebaec61128f288334956fa5,253.0,255.0,391.0,0.74546675,48.0
371bc8e13ebaec61128f288334956fa5,253.0,280.5,351.9,0.7377064624999999,48.0
371bc8e13ebaec61128f288334956fa5,207.0,255.0,351.9,0.7369161,64.0
371bc8e13ebaec61128f288334956fa5,230.0,255.0,351.9,0.7144280499999999,56.0
371bc8e13ebaec61128f288334956fa5,253.0,255.0,351.9,0.672046725,48.0
371bc8e13ebaec61128f288334956fa5,207.0,229.5,430.1,0.5063756979166667,40.0
371bc8e13ebaec61128f288334956fa5,207.0,280.5,430.1,0.4928293416666667,32.0
371bc8e13ebaec61128f288334956fa5,230.0,229.5,430.1,0.4909229184027778,35.0
371bc8e13ebaec61128f288334956fa5,230.0,280.5,430.1,0.4777899486111111,28.0
371bc8e13ebaec61128f288334956fa5,253.0,229.5,430.1,0.4618003723958334,30.0
371bc8e13ebaec61128f288334956fa5,253.0,280.5,430.1,0.4494464770833334,24.0
371bc8e13ebaec61128f288334956fa5,207.0,255.0,430.1,0.44896495000000003,32.0
371bc8e13ebaec61128f288334956fa5,230.0,255.0,430.1,0.4352641416666667,28.0
371bc8e13ebaec61128f288334956fa5,253.0,255.0,430.1,0.40944338750000003,24.0
3826faf22304dbe5bef22f8c36155874,246.4,229.5,393.0,0.9607435104166666,70.0
3826faf22304dbe5bef22f8c36155874,246.4,280.5,393.0,0.9350420916666667,56.0
3826faf22304dbe5bef22f8c36155874,201.6,229.5,393.0,0.90310325,80.0
3826faf22304dbe5bef22f8c36155874,201.6,280.5,393.0,0.8789438,64.0
3826faf22304dbe5bef22f8c36155874,224.0,229.5,393.0,0.8754794270833334,70.0
3826faf22304dbe5bef22f8c36155874,246.4,229.5,353.7,0.8661138864583334,70.0
3826faf22304dbe5bef22f8c36155874,224.0,280.5,393.0,0.8520589583333333,56.0
3826faf22304dbe5bef22f8c36155874,246.4,255.0,393.0,0.8518184500000002,56.0
3826faf22304dbe5bef22f8c36155874,246.4,280.5,353.7,0.8429439608333334,56.0
3826faf22304dbe5bef22f8c36155874,201.6,229.5,353.7,0.814150975,80.0
3826faf22304dbe5bef22f8c36155874,201.6,255.0,393.0,0.8007131999999999,64.0
3826faf22304dbe5bef22f8c36155874,201.6,280.5,353.7,0.7923711400000001,64.0
3826faf22304dbe5bef22f8c36155874,224.0,229.5,353.7,0.7892479947916666,70.0
3826faf22304dbe5bef22f8c36155874,224.0,255.0,393.0,0.77622125,56.0
3826faf22304dbe5bef22f8c36155874,224.0,280.5,353.7,0.7681343541666666,56.0
3826faf22304dbe5bef22f8c36155874,246.4,255.0,353.7,0.767917535,56.0
3826faf22304dbe5bef22f8c36155874,201.6,255.0,353.7,0.7218459599999999,64.0
3826faf22304dbe5bef22f8c36155874,224.0,255.0,353.7,0.699766375,56.0
3826faf22304dbe5bef22f8c36155874,246.4,229.5,432.3,0.5276865671875001,35.0
3826faf22304dbe5bef22f8c36155874,246.4,280.5,432.3,0.51357011125,28.0
3826faf22304dbe5bef22f8c36155874,201.6,229.5,432.3,0.4960277625,40.0
3826faf22304dbe5bef22f8c36155874,201.6,280.5,432.3,0.48275823,32.0
3826faf22304dbe5bef22f8c36155874,224.0,229.5,432.3,0.4808554296875,35.0
3826faf22304dbe5bef22f8c36155874,224.0,280.5,432.3,0.46799178125,28.0
3826faf22304dbe5bef22f8c36155874,246.4,255.0,432.3,0.4678596825000001,28.0
3826faf22304dbe5bef22f8c36155874,201.6,255.0,432.3,0.43979021999999995,32.0
3826faf22304dbe5bef22f8c36155874,224.0,255.0,432.3,0.4263380625,28.0
3b9cad8a30970ffa68683f11cb2734ba,165.6,223.2,383.0,0.8853964166666666,100.0
3b9cad8a30970ffa68683f11cb2734ba,184.0,223.2,383.0,0.882300625,90.0
3b9cad8a30970ffa68683f11cb2734ba,165.6,272.8,383.0,0.8616004222222223,80.0
3b9cad8a30970ffa68683f11cb2734ba,202.4,223.2,383.0,0.8602173111111111,80.0
3b9cad8a30970ffa68683f11cb2734ba,184.0,272.8,383.0,0.8585878333333333,72.0
3b9cad8a30970ffa68683f11cb2734ba,202.4,272.8,383.0,0.8370980325925927,64.0
3b9cad8a30970ffa68683f11cb2734ba,165.6,223.2,344.7,0.7982224249999997,100.0
3b9cad8a30970ffa68683f11cb2734ba,184.0,223.2,344.7,0.7954314375,90.0
3b9cad8a30970ffa68683f11cb2734ba,165.6,248.0,383.0,0.7849587777777778,80.0
3b9cad8a30970ffa68683f11cb2734ba,184.0,248.0,383.0,0.7822141666666667,72.0
3b9cad8a30970ffa68683f11cb2734ba,165.6,272.8,344.7,0.7767693266666666,80.0
3b9cad8a30970ffa68683f11cb2734ba,202.4,223.2,344.7,0.7755223933333333,80.0
3b9cad8a30970ffa68683f11cb2734ba,184.0,272.8,344.7,0.77405335,72.0
3b9cad8a30970ffa68683f11cb2734ba,202.4,248.0,383.0,0.7626359407407407,64.0
3b9cad8a30970ffa68683f11cb2734ba,202.4,272.8,344.7,0.7546793831111112,64.0
3b9cad8a30970ffa68683f11cb2734ba,165.6,248.0,344.7,0.7076736333333334,80.0
3b9cad8a30970ffa68683f11cb2734ba,184.0,248.0,344.7,0.70519925,72.0
3b9cad8a30970ffa68683f11cb2734ba,202.4,248.0,344.7,0.6875486488888889,64.0
3b9cad8a30970ffa68683f11cb2734ba,165.6,223.2,421.3,0.48628520416666665,50.0
3b9cad8a30970ffa68683f11cb2734ba,184.0,223.2,421.3,0.48458490625000006,45.0
3b9cad8a30970ffa68683f11cb2734ba,165.6,272.8,421.3,0.47321575888888895,40.0
3b9cad8a30970ffa68683f11cb2734ba,202.4,223.2,421.3,0.47245611444444446,40.0
3b9cad8a30970ffa68683f11cb2734ba,184.0,272.8,421.3,0.47156115833333334,36.0
3b9cad8a30970ffa68683f11cb2734ba,202.4,272.8,421.3,0.4597583410370371,32.0
3b9cad8a30970ffa68683f11cb2734ba,165.6,248.0,421.3,0.4311219611111112,40.0
3b9cad8a30970ffa68683f11cb2734ba,184.0,248.0,421.3,0.4296145416666667,36.0
3b9cad8a30970ffa68683f11cb2734ba,202.4,248.0,421.3,0.4188616162962963,32.0
3bbb0a264f46985b05693bd22a6944d3,169.2,283.0,381.0,0.9071709999999998,80.0
3bbb0a264f46985b05693bd22a6944d3,188.0,283.0,381.0,0.90406425,72.0
3bbb0a264f46985b05693bd22a6944d3,206.8,283.0,381.0,0.8814885333333334,64.0
3bbb0a264f46985b05693bd22a6944d3,169.2,254.7,381.0,0.8183372999999998,80.0
3bbb0a264f46985b05693bd22a6944d3,169.2,283.0,342.9,0.8178603666666666,80.0
3bbb0a264f46985b05693bd22a6944d3,188.0,254.7,381.0,0.8155347749999999,72.0
3bbb0a264f46985b05693bd22a6944d3,188.0,283.0,342.9,0.815059475,72.0
3bbb0a264f46985b05693bd22a6944d3,206.8,254.7,381.0,0.79516976,64.0
3bbb0a264f46985b05693bd22a6944d3,206.8,283.0,342.9,0.7947063288888888,64.0
3bbb0a264f46985b05693bd22a6944d3,169.2,311.3,381.0,0.747003525,60.0
3bbb0a264f46985b05693bd22a6944d3,188.0,311.3,381.0,0.7444452937500001,54.0
3bbb0a264f46985b05693bd22a6944d3,169.2,254.7,342.9,0.7377723099999998,80.0
3bbb0a264f46985b05693bd22a6944d3,188.0,254.7,342.9,0.7352456924999999,72.0
3bbb0a264f46985b05693bd22a6944d3,206.8,311.3,381.0,0.72585548,48.0
3bbb0a264f46985b05693bd22a6944d3,206.8,254.7,342.9,0.7168856053333332,64.0
3bbb0a264f46985b05693bd22a6944d3,169.2,311.3,342.9,0.6734613174999999,60.0
3bbb0a264f46985b05693bd22a6944d3,188.0,311.3,342.9,0.671154943125,54.0
3bbb0a264f46985b05693bd22a6944d3,206.8,311.3,342.9,0.6543952893333332,48.0
3bbb0a264f46985b05693bd22a6944d3,169.2,283.0,419.1,0.49824081666666664,40.0
3bbb0a264f46985b05693bd22a6944d3,188.0,283.0,419.1,0.4965345125,36.0
3bbb0a264f46985b05693bd22a6944d3,206.8,283.0,419.1,0.4841353688888889,32.0
3bbb0a264f46985b05693bd22a6944d3,169.2,254.7,419.1,0.44945114499999994,40.0
3bbb0a264f46985b05693bd22a6944d3,188.0,254.7,419.1,0.4479119287499999,36.0
3bbb0a264f46985b05693bd22a6944d3,206.8,254.7,419.1,0.4367269573333334,32.0
3bbb0a264f46985b05693bd22a6944d3,169.2,311.3,419.1,0.41027286625,30.0
3bbb0a264f46985b05693bd22a6944d3,188.0,311.3,419.1,0.40886782218750006,27.0
3bbb0a264f46985b05693bd22a6944d3,206.8,311.3,419.1,0.3986578353333334,24.0
3cdb44bb6e06ba2151d665a0c599b894,173.0,266.4,355.5,0.8160460833333333,80.0
3cdb44bb6e06ba2151d665a0c599b894,155.7,266.4,355.5,0.8108945074999999,88.0
3cdb44bb6e06ba2151d665a0c599b894,190.3,266.4,355.5,0.8054238075,72.0
3cdb44bb6e06ba2151d665a0c599b894,173.0,325.6,355.5,0.7450464791666667,60.0
3cdb44bb6e06ba2151d665a0c599b894,155.7,325.6,355.5,0.740343113125,66.0
3cdb44bb6e06ba2151d665a0c599b894,190.3,325.6,355.5,0.735348388125,54.0
3cdb44bb6e06ba2151d665a0c599b894,173.0,296.0,355.5,0.6785405208333334,60.0
3cdb44bb6e06ba2151d665a0c599b894,155.7,296.0,355.5,0.674256996875,66.0
3cdb44bb6e06ba2151d665a0c599b894,190.3,296.0,355.5,0.6697081218750001,54.0
3cdb44bb6e06ba2151d665a0c599b894,173.0,266.4,434.5,0.4971899027777778,40.0
3cdb44bb6e06ba2151d665a0c599b894,155.7,266.4,434.5,0.4940512179166666,44.0
3cdb44bb6e06ba2151d665a0c599b894,190.3,266.4,434.5,0.49071810125000004,36.0
3cdb44bb6e06ba2151d665a0c599b894,173.0,325.6,434.5,0.4539321909722222,30.0
3cdb44bb6e06ba2151d665a0c599b894,173.0,266.4,395.0,0.45260647222222217,40.0
3cdb44bb6e06ba2151d665a0c599b894,155.7,325.6,434.5,0.45106658552083334,33.0
3cdb44bb6e06ba2151d665a0c599b894,155.7,266.4,395.0,0.4497492358333333,44.0
3cdb44bb6e06ba2151d665a0c599b894,190.3,325.6,434.5,0.4480234646875001,27.0
3cdb44bb6e06ba2151d665a0c599b894,190.3,266.4,395.0,0.44671500249999996,36.0
3cdb44bb6e06ba2151d665a0c599b894,173.0,296.0,434.5,0.41341230902777776,30.0
3cdb44bb6e06ba2151d665a0c599b894,173.0,325.6,395.0,0.41322771527777785,30.0
3cdb44bb6e06ba2151d665a0c599b894,155.7,296.0,434.5,0.4108024994791667,33.0
3cdb44bb6e06ba2151d665a0c599b894,155.7,325.6,395.0,0.4106190710416667,33.0
3cdb44bb6e06ba2151d665a0c599b894,190.3,296.0,434.5,0.4080310203125,27.0
3cdb44bb6e06ba2151d665a0c599b894,190.3,325.6,395.0,0.40784882937500005,27.0
3cdb44bb6e06ba2151d665a0c599b894,173.0,296.0,395.0,0.3763412847222222,30.0
3cdb44bb6e06ba2151d665a0c599b894,155.7,296.0,395.0,0.3739654989583333,33.0
3cdb44bb6e06ba2151d665a0c599b894,190.3,296.0,395.0,0.37144254062500004,27.0
3ee40e049bab5e95db9b552be527cd7d,287.1,282.0,380.0,0.9050928,48.0
3ee40e049bab5e95db9b552be527cd7d,234.9,282.0,380.0,0.8678824,56.0
3ee40e049bab5e95db9b552be527cd7d,261.0,282.0,380.0,0.824496,48.0
3ee40e049bab5e95db9b552be527cd7d,287.1,253.8,380.0,0.8164691300000001,48.0
3ee40e049bab5e95db9b552be527cd7d,287.1,282.0,342.0,0.8159904,48.0
3ee40e049bab5e95db9b552be527cd7d,234.9,253.8,380.0,0.7829022483333334,56.0
3ee40e049bab5e95db9b552be527cd7d,234.9,282.0,342.0,0.7824431999999999,56.0
3ee40e049bab5e95db9b552be527cd7d,287.1,310.2,380.0,0.7452873525000001,36.0
3ee40e049bab5e95db9b552be527cd7d,261.0,253.8,380.0,0.7437641000000002,48.0
3ee40e049bab5e95db9b552be527cd7d,261.0,282.0,342.0,0.743328,48.0
3ee40e049bab5e95db9b552be527cd7d,287.1,253.8,342.0,0.73609134,48.0
3ee40e049bab5e95db9b552be527cd7d,234.9,310.2,380.0,0.71464691375,42.0
3ee40e049bab5e95db9b552be527cd7d,234.9,253.8,342.0,0.70582897,56.0
3ee40e049bab5e95db9b552be527cd7d,261.0,310.2,380.0,0.6789209249999999,36.0
3ee40e049bab5e95db9b552be527cd7d,287.1,310.2,342.0,0.671917095,36.0
3ee40e049bab5e95db9b552be527cd7d,261.0,253.8,342.0,0.6705438,48.0
3ee40e049bab5e95db9b552be527cd7d,234.9,310.2,342.0,0.6442930725,42.0
3ee40e049bab5e95db9b552be527cd7d,261.0,310.2,342.0,0.6120841499999999,36.0
3ee40e049bab5e95db9b552be527cd7d,287.1,282.0,418.0,0.49709760000000003,24.0
3ee40e049bab5e95db9b552be527cd7d,234.9,282.0,418.0,0.47666079999999994,28.0
3ee40e049bab5e95db9b552be527cd7d,261.0,282.0,418.0,0.452832,24.0
3ee40e049bab5e95db9b552be527cd7d,287.1,253.8,418.0,0.44842346,24.0
3ee40e049bab5e95db9b552be527cd7d,234.9,253.8,418.0,0.4299877633333334,28.0
3ee40e049bab5e95db9b552be527cd7d,287.1,310.2,418.0,0.40932880499999996,18.0
3ee40e049bab5e95db9b552be527cd7d,261.0,253.8,418.0,0.4084922,24.0
3ee40e049bab5e95db9b552be527cd7d,234.9,310.2,418.0,0.39250037750000005,21.0
3ee40e049bab5e95db9b552be527cd7d,261.0,310.2,418.0,0.37287885,18.0
3ef63ea58bdc563a0f889a62b3874119,148.0,229.5,393.0,0.9211566145833333,110.0
3ef63ea58bdc563a0f889a62b3874119,162.8,229.5,393.0,0.9178939583333334,100.0
3ef63ea58bdc563a0f889a62b3874119,133.2,229.5,393.0,0.9083234999999998,120.0
3ef63ea58bdc563a0f889a62b3874119,148.0,280.5,393.0,0.8965142083333333,88.0
3ef63ea58bdc563a0f889a62b3874119,162.8,280.5,393.0,0.8933388333333333,80.0
3ef63ea58bdc563a0f889a62b3874119,133.2,280.5,393.0,0.8840243999999999,96.0
3ef63ea58bdc563a0f889a62b3874119,148.0,229.5,353.7,0.8304261510416666,110.0
3ef63ea58bdc563a0f889a62b3874119,162.8,229.5,353.7,0.8274848541666666,100.0
3ef63ea58bdc563a0f889a62b3874119,133.2,229.5,353.7,0.8188570499999999,120.0
3ef63ea58bdc563a0f889a62b3874119,148.0,255.0,393.0,0.81671975,88.0
3ef63ea58bdc563a0f889a62b3874119,162.8,255.0,393.0,0.8138270000000002,80.0
3ef63ea58bdc563a0f889a62b3874119,148.0,280.5,353.7,0.8082109291666666,88.0
3ef63ea58bdc563a0f889a62b3874119,162.8,280.5,353.7,0.8053483166666667,80.0
3ef63ea58bdc563a0f889a62b3874119,133.2,255.0,393.0,0.8053416,96.0
3ef63ea58bdc563a0f889a62b3874119,133.2,280.5,353.7,0.7969513199999999,96.0
3ef63ea58bdc563a0f889a62b3874119,148.0,255.0,353.7,0.7362759249999999,88.0
3ef63ea58bdc563a0f889a62b3874119,162.8,255.0,353.7,0.7336681000000002,80.0
3ef63ea58bdc563a0f889a62b3874119,133.2,255.0,353.7,0.7260184799999999,96.0
3ef63ea58bdc563a0f889a62b3874119,148.0,229.5,432.3,0.5059435390625,55.0
3ef63ea58bdc563a0f889a62b3874119,162.8,229.5,432.3,0.5041515312500001,50.0
3ef63ea58bdc563a0f889a62b3874119,133.2,229.5,432.3,0.49889497499999996,60.0
3ef63ea58bdc563a0f889a62b3874119,148.0,280.5,432.3,0.49240874375000004,44.0
3ef63ea58bdc563a0f889a62b3874119,162.8,280.5,432.3,0.49066467500000005,40.0
3ef63ea58bdc563a0f889a62b3874119,133.2,280.5,432.3,0.48554873999999987,48.0
3ef63ea58bdc563a0f889a62b3874119,148.0,255.0,432.3,0.4485817875,44.0
3ef63ea58bdc563a0f889a62b3874119,162.8,255.0,432.3,0.44699295,40.0
3ef63ea58bdc563a0f889a62b3874119,133.2,255.0,432.3,0.44233236,48.0
3f4b03b56bb388655f2cb1495b69f5d7,250.2,288.0,388.0,0.9617605666666669,56.0
3f4b03b56bb388655f2cb1495b69f5d7,278.0,288.0,388.0,0.9138173333333334,48.0
3f4b03b56bb388655f2cb1495b69f5d7,250.2,259.2,388.0,0.8675472866666665,56.0
3f4b03b56bb388655f2cb1495b69f5d7,250.2,288.0,349.2,0.8670491199999999,56.0
3f4b03b56bb388655f2cb1495b69f5d7,305.8,288.0,388.0,0.8360570555555555,40.0
3f4b03b56bb388655f2cb1495b69f5d7,278.0,259.2,388.0,0.8243005333333334,48.0
3f4b03b56bb388655f2cb1495b69f5d7,278.0,288.0,349.2,0.8238272,48.0
3f4b03b56bb388655f2cb1495b69f5d7,250.2,316.8,388.0,0.791980385,42.0
3f4b03b56bb388655f2cb1495b69f5d7,250.2,259.2,349.2,0.7821136959999998,56.0
3f4b03b56bb388655f2cb1495b69f5d7,305.8,259.2,388.0,0.7541575888888888,40.0
3f4b03b56bb388655f2cb1495b69f5d7,305.8,288.0,349.2,0.7537245333333332,40.0
3f4b03b56bb388655f2cb1495b69f5d7,278.0,316.8,388.0,0.7525006,36.0
3f4b03b56bb388655f2cb1495b69f5d7,278.0,259.2,349.2,0.74312576,48.0
3f4b03b56bb388655f2cb1495b69f5d7,250.2,316.8,349.2,0.713988408,42.0
3f4b03b56bb388655f2cb1495b69f5d7,305.8,316.8,388.0,0.6884673916666668,30.0
3f4b03b56bb388655f2cb1495b69f5d7,305.8,259.2,349.2,0.6798902933333333,40.0
3f4b03b56bb388655f2cb1495b69f5d7,278.0,316.8,349.2,0.6783964800000001,36.0
3f4b03b56bb388655f2cb1495b69f5d7,305.8,316.8,349.2,0.62066908,30.0
3f4b03b56bb388655f2cb1495b69f5d7,250.2,288.0,426.8,0.5282360066666667,28.0
3f4b03b56bb388655f2cb1495b69f5d7,278.0,288.0,426.8,0.5019037333333334,24.0
3f4b03b56bb388655f2cb1495b69f5d7,250.2,259.2,426.8,0.4764904386666666,28.0
3f4b03b56bb388655f2cb1495b69f5d7,305.8,288.0,426.8,0.45919478888888887,20.0
3f4b03b56bb388655f2cb1495b69f5d7,278.0,259.2,426.8,0.4527376533333334,24.0
3f4b03b56bb388655f2cb1495b69f5d7,250.2,316.8,426.8,0.434986181,21.0
3f4b03b56bb388655f2cb1495b69f5d7,305.8,259.2,426.8,0.41421244222222225,20.0
3f4b03b56bb388655f2cb1495b69f5d7,278.0,316.8,426.8,0.41330236000000004,18.0
3f4b03b56bb388655f2cb1495b69f5d7,305.8,316.8,426.8,0.3781328516666667,15.0
414d4cf5c1bc8a346f7e4445ede7acbd,206.1,286.0,386.0,0.899178311111111,64.0
414d4cf5c1bc8a346f7e4445ede7acbd,229.0,286.0,386.0,0.8717281481481481,56.0
414d4cf5c1bc8a346f7e4445ede7acbd,251.9,286.0,386.0,0.8200073777777777,48.0
414d4cf5c1bc8a346f7e4445ede7acbd,206.1,257.4,386.0,0.8111081066666664,64.0
414d4cf5c1bc8a346f7e4445ede7acbd,206.1,286.0,347.4,0.8106367733333333,64.0
414d4cf5c1bc8a346f7e4445ede7acbd,229.0,257.4,386.0,0.7863465555555554,56.0
414d4cf5c1bc8a346f7e4445ede7acbd,229.0,286.0,347.4,0.7858896111111111,56.0
414d4cf5c1bc8a346f7e4445ede7acbd,206.1,314.6,386.0,0.7404363866666667,48.0
414d4cf5c1bc8a346f7e4445ede7acbd,251.9,257.4,386.0,0.7396915866666666,48.0
414d4cf5c1bc8a346f7e4445ede7acbd,251.9,286.0,347.4,0.7392617533333332,48.0
414d4cf5c1bc8a346f7e4445ede7acbd,206.1,257.4,347.4,0.7312387879999999,64.0
414d4cf5c1bc8a346f7e4445ede7acbd,229.0,314.6,386.0,0.7178323055555555,42.0
414d4cf5c1bc8a346f7e4445ede7acbd,229.0,257.4,347.4,0.7089154916666666,56.0
414d4cf5c1bc8a346f7e4445ede7acbd,251.9,314.6,386.0,0.6752423766666668,36.0
414d4cf5c1bc8a346f7e4445ede7acbd,206.1,314.6,347.4,0.6675260690000001,48.0
414d4cf5c1bc8a346f7e4445ede7acbd,251.9,257.4,347.4,0.6668546089999998,48.0
414d4cf5c1bc8a346f7e4445ede7acbd,229.0,314.6,347.4,0.6471477979166667,42.0
414d4cf5c1bc8a346f7e4445ede7acbd,251.9,314.6,347.4,0.6087516732499999,36.0
414d4cf5c1bc8a346f7e4445ede7acbd,206.1,286.0,424.6,0.4938599244444445,32.0
414d4cf5c1bc8a346f7e4445ede7acbd,229.0,286.0,424.6,0.4787833425925926,28.0
414d4cf5c1bc8a346f7e4445ede7acbd,251.9,286.0,424.6,0.4503765011111111,24.0
414d4cf5c1bc8a346f7e4445ede7acbd,206.1,257.4,424.6,0.4454887126666666,32.0
414d4cf5c1bc8a346f7e4445ede7acbd,229.0,257.4,424.6,0.43188880972222216,28.0
414d4cf5c1bc8a346f7e4445ede7acbd,206.1,314.6,424.6,0.4066733521666668,24.0
414d4cf5c1bc8a346f7e4445ede7acbd,251.9,257.4,424.6,0.4062642821666666,24.0
414d4cf5c1bc8a346f7e4445ede7acbd,229.0,314.6,424.6,0.3942584065972222,21.0
414d4cf5c1bc8a346f7e4445ede7acbd,251.9,314.6,424.6,0.3708665400416667,18.0
4472825c5f9816d7befa089cf8451878,349.8,223.2,383.0,0.9179022291666666,50.0
4472825c5f9816d7befa089cf8451878,286.2,223.2,383.0,0.9045903249999998,60.0
4472825c5f9816d7befa089cf8451878,349.8,272.8,383.0,0.8932326055555556,40.0
4472825c5f9816d7befa089cf8451878,286.2,272.8,383.0,0.8802784733333334,48.0
4472825c5f9816d7befa089cf8451878,318.0,223.2,383.0,0.8358637500000001,50.0
4472825c5f9816d7befa089cf8451878,349.8,223.2,344.7,0.8275277937500001,50.0
4472825c5f9816d7befa089cf8451878,286.2,223.2,344.7,0.8155265474999999,60.0
4472825c5f9816d7befa089cf8451878,349.8,248.0,383.0,0.8137771944444444,40.0
4472825c5f9816d7befa089cf8451878,318.0,272.8,383.0,0.813399,40.0
4472825c5f9816d7befa089cf8451878,349.8,272.8,344.7,0.8052870816666667,40.0
4472825c5f9816d7befa089cf8451878,286.2,248.0,383.0,0.8019753666666668,48.0
4472825c5f9816d7befa089cf8451878,286.2,272.8,344.7,0.793608382,48.0
4472825c5f9816d7befa089cf8451878,318.0,223.2,344.7,0.753566625,50.0
4472825c5f9816d7befa089cf8451878,318.0,248.0,383.0,0.741045,40.0
4472825c5f9816d7befa089cf8451878,349.8,248.0,344.7,0.7336546583333333,40.0
4472825c5f9816d7befa089cf8451878,318.0,272.8,344.7,0.7333137,40.0
4472825c5f9816d7befa089cf8451878,286.2,248.0,344.7,0.72301481,48.0
4472825c5f9816d7befa089cf8451878,318.0,248.0,344.7,0.6680835,40.0
4472825c5f9816d7befa089cf8451878,349.8,223.2,421.3,0.5041383322916667,25.0
4472825c5f9816d7befa089cf8451878,286.2,223.2,421.3,0.4968270512499999,30.0
4472825c5f9816d7befa089cf8451878,349.8,272.8,421.3,0.49058906472222225,20.0
4472825c5f9816d7befa089cf8451878,286.2,272.8,421.3,0.48347428233333334,24.0
4472825c5f9816d7befa089cf8451878,318.0,223.2,421.3,0.45908043750000005,25.0
4472825c5f9816d7befa089cf8451878,349.8,248.0,421.3,0.4469498652777778,20.0
4472825c5f9816d7befa089cf8451878,318.0,272.8,421.3,0.44674214999999995,20.0
4472825c5f9816d7befa089cf8451878,286.2,248.0,421.3,0.4404679616666667,24.0
4472825c5f9816d7befa089cf8451878,318.0,248.0,421.3,0.4070032500000001,20.0
457aead6b645a6fdaad21f23a4e8ca12,291.5,229.5,393.0,0.970640234375,60.0
457aead6b645a6fdaad21f23a4e8ca12,291.5,280.5,393.0,0.9446740625,48.0
457aead6b645a6fdaad21f23a4e8ca12,238.5,229.5,393.0,0.9306726953125,70.0
457aead6b645a6fdaad21f23a4e8ca12,238.5,280.5,393.0,0.90577571875,56.0
457aead6b645a6fdaad21f23a4e8ca12,265.0,229.5,393.0,0.88417984375,60.0
457aead6b645a6fdaad21f23a4e8ca12,291.5,229.5,353.7,0.8750358203125,60.0
457aead6b645a6fdaad21f23a4e8ca12,291.5,255.0,393.0,0.860593125,48.0
457aead6b645a6fdaad21f23a4e8ca12,265.0,280.5,393.0,0.860526625,48.0
457aead6b645a6fdaad21f23a4e8ca12,291.5,280.5,353.7,0.85162721875,48.0
457aead6b645a6fdaad21f23a4e8ca12,238.5,229.5,353.7,0.83900493359375,70.0
457aead6b645a6fdaad21f23a4e8ca12,238.5,255.0,393.0,0.8251569375,56.0
457aead6b645a6fdaad21f23a4e8ca12,238.5,280.5,353.7,0.8165602156249999,56.0
457aead6b645a6fdaad21f23a4e8ca12,265.0,229.5,353.7,0.7970914531249998,60.0
457aead6b645a6fdaad21f23a4e8ca12,265.0,255.0,393.0,0.78393525,48.0
457aead6b645a6fdaad21f23a4e8ca12,291.5,255.0,353.7,0.7758279375,48.0
457aead6b645a6fdaad21f23a4e8ca12,265.0,280.5,353.7,0.7757679875000001,48.0
457aead6b645a6fdaad21f23a4e8ca12,238.5,255.0,353.7,0.7438820812499999,56.0
457aead6b645a6fdaad21f23a4e8ca12,265.0,255.0,353.7,0.706720575,48.0
457aead6b645a6fdaad21f23a4e8ca12,291.5,229.5,432.3,0.53312232421875,30.0
457aead6b645a6fdaad21f23a4e8ca12,291.5,280.5,432.3,0.518860453125,24.0
457aead6b645a6fdaad21f23a4e8ca12,238.5,229.5,432.3,0.511170228515625,35.0
457aead6b645a6fdaad21f23a4e8ca12,238.5,280.5,432.3,0.49749561093750005,28.0
457aead6b645a6fdaad21f23a4e8ca12,265.0,229.5,432.3,0.48563411718750005,30.0
457aead6b645a6fdaad21f23a4e8ca12,291.5,255.0,432.3,0.47267915625,24.0
457aead6b645a6fdaad21f23a4e8ca12,265.0,280.5,432.3,0.47264263125000006,24.0
457aead6b645a6fdaad21f23a4e8ca12,238.5,255.0,432.3,0.453215896875,28.0
457aead6b645a6fdaad21f23a4e8ca12,265.0,255.0,432.3,0.43057496250000005,24.0
48d2fa87ef6ac189e633680672b6132e,218.9,286.0,386.0,0.9534427259259259,64.0
48d2fa87ef6ac189e633680672b6132e,179.1,286.0,386.0,0.8828036,72.0
48d2fa87ef6ac189e633680672b6132e,199.0,286.0,386.0,0.8690785185185185,64.0
48d2fa87ef6ac189e633680672b6132e,218.9,257.4,386.0,0.8600575822222222,64.0
48d2fa87ef6ac189e633680672b6132e,218.9,286.0,347.4,0.8595578044444444,64.0
48d2fa87ef6ac189e633680672b6132e,179.1,257.4,386.0,0.79633722,72.0
48d2fa87ef6ac189e633680672b6132e,179.1,286.0,347.4,0.7958744699999999,72.0
48d2fa87ef6ac189e633680672b6132e,218.9,314.6,386.0,0.7851209022222222,48.0
48d2fa87ef6ac189e633680672b6132e,199.0,257.4,386.0,0.7839564444444443,64.0
48d2fa87ef6ac189e633680672b6132e,199.0,286.0,347.4,0.7835008888888889,64.0
48d2fa87ef6ac189e633680672b6132e,218.9,257.4,347.4,0.7753682386666666,64.0
48d2fa87ef6ac189e633680672b6132e,179.1,314.6,386.0,0.7269524850000001,54.0
48d2fa87ef6ac189e633680672b6132e,179.1,257.4,347.4,0.7179223814999999,72.0
48d2fa87ef6ac189e633680672b6132e,199.0,314.6,386.0,0.7156504444444445,48.0
48d2fa87ef6ac189e633680672b6132e,218.9,314.6,347.4,0.7078105276666667,48.0
48d2fa87ef6ac189e633680672b6132e,199.0,257.4,347.4,0.7067607333333332,64.0
48d2fa87ef6ac189e633680672b6132e,179.1,314.6,347.4,0.655369918875,54.0
48d2fa87ef6ac189e633680672b6132e,199.0,314.6,347.4,0.6451807833333333,48.0
48d2fa87ef6ac189e633680672b6132e,218.9,286.0,424.6,0.5236638237037038,32.0
48d2fa87ef6ac189e633680672b6132e,179.1,286.0,424.6,0.484866365,36.0
48d2fa87ef6ac189e633680672b6132e,199.0,286.0,424.6,0.47732807407407407,32.0
48d2fa87ef6ac189e633680672b6132e,218.9,257.4,424.6,0.4723734628888889,32.0
48d2fa87ef6ac189e633680672b6132e,179.1,257.4,424.6,0.43737602924999996,36.0
48d2fa87ef6ac189e633680672b6132e,218.9,314.6,424.6,0.43121563838888893,24.0
48d2fa87ef6ac189e633680672b6132e,199.0,257.4,424.6,0.4305760777777778,32.0
48d2fa87ef6ac189e633680672b6132e,179.1,314.6,424.6,0.3992675255625,27.0
48d2fa87ef6ac189e633680672b6132e,199.0,314.6,424.6,0.3930600527777778,24.0
4910b652fb2cf1c609d243a1e78d1919,217.0,286.0,386.0,0.9453878518518518,64.0
4910b652fb2cf1c609d243a1e78d1919,238.7,286.0,386.0,0.9077101185185183,56.0
4910b652fb2cf1c609d243a1e78d1919,195.3,286.0,386.0,0.8533927111111113,64.0
4910b652fb2cf1c609d243a1e78d1919,217.0,257.4,386.0,0.8527916444444444,64.0
4910b652fb2cf1c609d243a1e78d1919,217.0,286.0,347.4,0.8522960888888889,64.0
4910b652fb2cf1c609d243a1e78d1919,238.7,257.4,386.0,0.8188042644444443,56.0
4910b652fb2cf1c609d243a1e78d1919,238.7,286.0,347.4,0.8183284588888887,56.0
4910b652fb2cf1c609d243a1e78d1919,217.0,314.6,386.0,0.7784880444444445,48.0
4910b652fb2cf1c609d243a1e78d1919,195.3,257.4,386.0,0.7698069866666667,64.0
4910b652fb2cf1c609d243a1e78d1919,195.3,286.0,347.4,0.7693596533333333,64.0
4910b652fb2cf1c609d243a1e78d1919,217.0,257.4,347.4,0.7688177733333333,64.0
4910b652fb2cf1c609d243a1e78d1919,238.7,314.6,386.0,0.7474619794444445,42.0
4910b652fb2cf1c609d243a1e78d1919,238.7,257.4,347.4,0.7381771098333331,56.0
4910b652fb2cf1c609d243a1e78d1919,195.3,314.6,386.0,0.7027338266666667,48.0
4910b652fb2cf1c609d243a1e78d1919,217.0,314.6,347.4,0.7018308033333333,48.0
4910b652fb2cf1c609d243a1e78d1919,195.3,257.4,347.4,0.6940045639999999,64.0
4910b652fb2cf1c609d243a1e78d1919,238.7,314.6,347.4,0.6738598559583334,42.0
4910b652fb2cf1c609d243a1e78d1919,195.3,314.6,347.4,0.633536057,48.0
4910b652fb2cf1c609d243a1e78d1919,217.0,286.0,424.6,0.5192398074074074,32.0
4910b652fb2cf1c609d243a1e78d1919,238.7,286.0,424.6,0.49854588907407404,28.0
4910b652fb2cf1c609d243a1e78d1919,195.3,286.0,424.6,0.46871288444444453,32.0
4910b652fb2cf1c609d243a1e78d1919,217.0,257.4,424.6,0.4683827577777778,32.0
4910b652fb2cf1c609d243a1e78d1919,238.7,257.4,424.6,0.44971570952777773,28.0
4910b652fb2cf1c609d243a1e78d1919,217.0,314.6,424.6,0.4275726427777778,24.0
4910b652fb2cf1c609d243a1e78d1919,195.3,257.4,424.6,0.4228047046666667,32.0
4910b652fb2cf1c609d243a1e78d1919,238.7,314.6,424.6,0.4105320514652779,21.0
4910b652fb2cf1c609d243a1e78d1919,195.3,314.6,424.6,0.3859657981666667,24.0
4989f7c44b56191eebb2c0b95763c0db,250.0,266.4,355.5,0.8169578666666666,56.0
4989f7c44b56191eebb2c0b95763c0db,275.0,266.4,355.5,0.76863335,48.0
4989f7c44b56191eebb2c0b95763c0db,250.0,325.6,355.5,0.7458789333333334,42.0
4989f7c44b56191eebb2c0b95763c0db,225.0,266.4,355.5,0.7371768249999999,56.0
4989f7c44b56191eebb2c0b95763c0db,275.0,325.6,355.5,0.7017588625,36.0
4989f7c44b56191eebb2c0b95763c0db,250.0,296.0,355.5,0.6792986666666667,42.0
4989f7c44b56191eebb2c0b95763c0db,225.0,325.6,355.5,0.6730391937500001,42.0
4989f7c44b56191eebb2c0b95763c0db,275.0,296.0,355.5,0.6391169375,36.0
4989f7c44b56191eebb2c0b95763c0db,225.0,296.0,355.5,0.61296090625,42.0
4989f7c44b56191eebb2c0b95763c0db,250.0,266.4,434.5,0.49774542222222223,28.0
4989f7c44b56191eebb2c0b95763c0db,275.0,266.4,434.5,0.46830289166666667,24.0
4989f7c44b56191eebb2c0b95763c0db,250.0,325.6,434.5,0.4544393777777778,21.0
4989f7c44b56191eebb2c0b95763c0db,250.0,266.4,395.0,0.45311217777777774,28.0
4989f7c44b56191eebb2c0b95763c0db,225.0,266.4,434.5,0.44913747083333333,28.0
4989f7c44b56191eebb2c0b95763c0db,275.0,325.6,434.5,0.4275584770833334,18.0
4989f7c44b56191eebb2c0b95763c0db,275.0,266.4,395.0,0.4263097833333333,24.0
4989f7c44b56191eebb2c0b95763c0db,250.0,296.0,434.5,0.4138742222222222,21.0
4989f7c44b56191eebb2c0b95763c0db,250.0,325.6,395.0,0.4136894222222222,21.0
4989f7c44b56191eebb2c0b95763c0db,225.0,325.6,434.5,0.4100605322916667,21.0
4989f7c44b56191eebb2c0b95763c0db,225.0,266.4,395.0,0.40886294166666665,28.0
4989f7c44b56191eebb2c0b95763c0db,275.0,296.0,434.5,0.38939282291666666,18.0
4989f7c44b56191eebb2c0b95763c0db,275.0,325.6,395.0,0.3892189541666667,18.0
4989f7c44b56191eebb2c0b95763c0db,250.0,296.0,395.0,0.37676177777777775,21.0
4989f7c44b56191eebb2c0b95763c0db,225.0,296.0,434.5,0.37345681770833333,21.0
4989f7c44b56191eebb2c0b95763c0db,225.0,325.6,395.0,0.37329006458333336,21.0
4989f7c44b56191eebb2c0b95763c0db,275.0,296.0,395.0,0.35447564583333335,18.0
4989f7c44b56191eebb2c0b95763c0db,225.0,296.0,395.0,0.33996863541666666,21.0
4b244c7cfb71e51bf24fcc396d19c509,168.0,225.0,393.0,0.928090625,100.0
4b244c7cfb71e51bf24fcc396d19c509,151.2,225.0,393.0,0.9223300624999998,110.0
4b244c7cfb71e51bf24fcc396d19c509,184.8,225.0,393.0,0.9159294375000001,90.0
4b244c7cfb71e51bf24fcc396d19c509,168.0,275.0,393.0,0.9031808333333333,80.0
4b244c7cfb71e51bf24fcc396d19c509,151.2,275.0,393.0,0.8975748833333331,88.0
4b244c7cfb71e51bf24fcc396d19c509,184.8,275.0,393.0,0.89134605,72.0
4b244c7cfb71e51bf24fcc396d19c509,168.0,225.0,353.7,0.8366771875,100.0
4b244c7cfb71e51bf24fcc396d19c509,151.2,225.0,353.7,0.8314840187499999,110.0
4b244c7cfb71e51bf24fcc396d19c509,184.8,225.0,353.7,0.8257138312500001,90.0
4b244c7cfb71e51bf24fcc396d19c509,168.0,250.0,393.0,0.8228266666666667,80.0
4b244c7cfb71e51bf24fcc396d19c509,151.2,250.0,393.0,0.8177194666666666,88.0
4b244c7cfb71e51bf24fcc396d19c509,168.0,275.0,353.7,0.8142209166666666,80.0
4b244c7cfb71e51bf24fcc396d19c509,184.8,250.0,393.0,0.8120448,72.0
4b244c7cfb71e51bf24fcc396d19c509,151.2,275.0,353.7,0.8091671316666667,88.0
4b244c7cfb71e51bf24fcc396d19c509,184.8,275.0,353.7,0.803551815,72.0
4b244c7cfb71e51bf24fcc396d19c509,168.0,250.0,353.7,0.7417813333333333,80.0
4b244c7cfb71e51bf24fcc396d19c509,151.2,250.0,353.7,0.7371771733333333,88.0
4b244c7cfb71e51bf24fcc396d19c509,184.8,250.0,353.7,0.73206144,72.0
4b244c7cfb71e51bf24fcc396d19c509,168.0,225.0,432.3,0.50975203125,50.0
4b244c7cfb71e51bf24fcc396d19c509,151.2,225.0,432.3,0.506588053125,55.0
4b244c7cfb71e51bf24fcc396d19c509,184.8,225.0,432.3,0.5030725218750001,45.0
4b244c7cfb71e51bf24fcc396d19c509,168.0,275.0,432.3,0.496070375,40.0
4b244c7cfb71e51bf24fcc396d19c509,151.2,275.0,432.3,0.49299131749999997,44.0
4b244c7cfb71e51bf24fcc396d19c509,184.8,275.0,432.3,0.4895701425000001,36.0
4b244c7cfb71e51bf24fcc396d19c509,168.0,250.0,432.3,0.451936,40.0
4b244c7cfb71e51bf24fcc396d19c509,151.2,250.0,432.3,0.44913088,44.0
4b244c7cfb71e51bf24fcc396d19c509,184.8,250.0,432.3,0.4460140800000001,36.0
4c00c9ca639e09b29ebaf3d4ce15c111,148.0,266.4,355.5,0.7722804833333333,88.0
4c00c9ca639e09b29ebaf3d4ce15c111,162.8,266.4,355.5,0.7695451333333334,80.0
4c00c9ca639e09b29ebaf3d4ce15c111,133.2,266.4,355.5,0.7615214399999998,96.0
4c00c9ca639e09b29ebaf3d4ce15c111,148.0,325.6,355.5,0.7050886791666667,66.0
4c00c9ca639e09b29ebaf3d4ce15c111,162.8,325.6,355.5,0.7025913166666667,60.0
4c00c9ca639e09b29ebaf3d4ce15c111,133.2,325.6,355.5,0.6952657200000001,72.0
4c00c9ca639e09b29ebaf3d4ce15c111,148.0,296.0,355.5,0.6421495208333333,66.0
4c00c9ca639e09b29ebaf3d4ce15c111,162.8,296.0,355.5,0.6398750833333334,60.0
4c00c9ca639e09b29ebaf3d4ce15c111,133.2,296.0,355.5,0.6332033999999999,72.0
4c00c9ca639e09b29ebaf3d4ce15c111,148.0,266.4,434.5,0.4705249694444445,44.0
4c00c9ca639e09b29ebaf3d4ce15c111,162.8,266.4,434.5,0.4688584111111111,40.0
4c00c9ca639e09b29ebaf3d4ce15c111,133.2,266.4,434.5,0.46396983999999997,48.0
4c00c9ca639e09b29ebaf3d4ce15c111,148.0,325.6,434.5,0.42958722430555557,33.0
4c00c9ca639e09b29ebaf3d4ce15c111,148.0,266.4,395.0,0.42833260555555547,44.0
4c00c9ca639e09b29ebaf3d4ce15c111,162.8,325.6,434.5,0.428065663888889,30.0
4c00c9ca639e09b29ebaf3d4ce15c111,162.8,266.4,395.0,0.4268154888888889,40.0
4c00c9ca639e09b29ebaf3d4ce15c111,133.2,325.6,434.5,0.42360242,36.0
4c00c9ca639e09b29ebaf3d4ce15c111,133.2,266.4,395.0,0.42236527999999995,48.0
4c00c9ca639e09b29ebaf3d4ce15c111,148.0,296.0,434.5,0.3912404756944444,33.0
4c00c9ca639e09b29ebaf3d4ce15c111,148.0,325.6,395.0,0.39106578194444447,33.0
4c00c9ca639e09b29ebaf3d4ce15c111,162.8,296.0,434.5,0.3898547361111111,30.0
4c00c9ca639e09b29ebaf3d4ce15c111,162.8,325.6,395.0,0.38968066111111116,30.0
4c00c9ca639e09b29ebaf3d4ce15c111,133.2,296.0,434.5,0.38578989999999996,36.0
4c00c9ca639e09b29ebaf3d4ce15c111,133.2,325.6,395.0,0.38561764,36.0
4c00c9ca639e09b29ebaf3d4ce15c111,148.0,296.0,395.0,0.35615761805555557,33.0
4c00c9ca639e09b29ebaf3d4ce15c111,162.8,296.0,395.0,0.3548961388888889,30.0
4c00c9ca639e09b29ebaf3d4ce15c111,133.2,296.0,395.0,0.3511958,36.0
4d0dc68792c8a76defd00faaff677665,289.0,281.0,379.0,0.9054451388888889,48.0
4d0dc68792c8a76defd00faaff677665,317.9,281.0,379.0,0.8284567245370369,40.0
4d0dc68792c8a76defd00faaff677665,289.0,252.9,379.0,0.8167935416666666,48.0
4d0dc68792c8a76defd00faaff677665,260.1,281.0,379.0,0.8167422083333334,48.0
4d0dc68792c8a76defd00faaff677665,289.0,281.0,341.1,0.8163117083333334,48.0
4d0dc68792c8a76defd00faaff677665,317.9,252.9,379.0,0.7473430173611111,40.0
4d0dc68792c8a76defd00faaff677665,317.9,281.0,341.1,0.7469021534722221,40.0
4d0dc68792c8a76defd00faaff677665,289.0,309.1,379.0,0.7455725520833333,36.0
4d0dc68792c8a76defd00faaff677665,260.1,252.9,379.0,0.7367754624999999,48.0
4d0dc68792c8a76defd00faaff677665,289.0,252.9,341.1,0.7363871125000001,48.0
4d0dc68792c8a76defd00faaff677665,260.1,281.0,341.1,0.7363408325000003,48.0
4d0dc68792c8a76defd00faaff677665,317.9,309.1,379.0,0.6821778237847222,30.0
4d0dc68792c8a76defd00faaff677665,317.9,252.9,341.1,0.6737734060416666,40.0
4d0dc68792c8a76defd00faaff677665,260.1,309.1,379.0,0.6725317156250001,36.0
4d0dc68792c8a76defd00faaff677665,289.0,309.1,341.1,0.672177228125,36.0
4d0dc68792c8a76defd00faaff677665,260.1,252.9,341.1,0.6642461377500001,48.0
4d0dc68792c8a76defd00faaff677665,317.9,309.1,341.1,0.6150231756770833,30.0
4d0dc68792c8a76defd00faaff677665,260.1,309.1,341.1,0.6063266454375001,36.0
4d0dc68792c8a76defd00faaff677665,289.0,281.0,416.9,0.4972892847222222,24.0
4d0dc68792c8a76defd00faaff677665,317.9,281.0,416.9,0.45500564780092584,20.0
4d0dc68792c8a76defd00faaff677665,289.0,252.9,416.9,0.4485999854166666,24.0
4d0dc68792c8a76defd00faaff677665,260.1,281.0,416.9,0.4485717920833334,24.0
4d0dc68792c8a76defd00faaff677665,317.9,252.9,416.9,0.4104563143402777,20.0
4d0dc68792c8a76defd00faaff677665,289.0,309.1,416.9,0.4094839380208333,18.0
4d0dc68792c8a76defd00faaff677665,260.1,252.9,416.9,0.40465239362499994,24.0
4d0dc68792c8a76defd00faaff677665,317.9,309.1,416.9,0.3746662359461805,15.0
4d0dc68792c8a76defd00faaff677665,260.1,309.1,416.9,0.36936839290625,18.0
4e08f8e3d25dca0ebe2ef18b5cff3f24,335.5,282.0,380.0,0.8787933333333333,40.0
4e08f8e3d25dca0ebe2ef18b5cff3f24,274.5,282.0,380.0,0.866184,48.0
4e08f8e3d25dca0ebe2ef18b5cff3f24,305.0,282.0,380.0,0.8003066666666667,40.0
4e08f8e3d25dca0ebe2ef18b5cff3f24,335.5,253.8,380.0,0.7927448194444443,40.0
4e08f8e3d25dca0ebe2ef18b5cff3f24,335.5,282.0,342.0,0.79228,40.0
4e08f8e3d25dca0ebe2ef18b5cff3f24,274.5,253.8,380.0,0.78137015,48.0
4e08f8e3d25dca0ebe2ef18b5cff3f24,274.5,282.0,342.0,0.780912,48.0
4e08f8e3d25dca0ebe2ef18b5cff3f24,335.5,310.2,380.0,0.7236313854166668,30.0
4e08f8e3d25dca0ebe2ef18b5cff3f24,305.0,253.8,380.0,0.7219433055555555,40.0
4e08f8e3d25dca0ebe2ef18b5cff3f24,305.0,282.0,342.0,0.72152,40.0
4e08f8e3d25dca0ebe2ef18b5cff3f24,335.5,253.8,342.0,0.7147025833333334,40.0
4e08f8e3d25dca0ebe2ef18b5cff3f24,274.5,310.2,380.0,0.7132483875,36.0
4e08f8e3d25dca0ebe2ef18b5cff3f24,274.5,253.8,342.0,0.7044477000000001,48.0
4e08f8e3d25dca0ebe2ef18b5cff3f24,305.0,310.2,380.0,0.6590025208333332,30.0
4e08f8e3d25dca0ebe2ef18b5cff3f24,335.5,310.2,342.0,0.6523930625,30.0
4e08f8e3d25dca0ebe2ef18b5cff3f24,305.0,253.8,342.0,0.6508711666666667,40.0
4e08f8e3d25dca0ebe2ef18b5cff3f24,274.5,310.2,342.0,0.643032225,36.0
4e08f8e3d25dca0ebe2ef18b5cff3f24,305.0,310.2,342.0,0.594126625,30.0
4e08f8e3d25dca0ebe2ef18b5cff3f24,335.5,282.0,418.0,0.4826533333333333,20.0
4e08f8e3d25dca0ebe2ef18b5cff3f24,274.5,282.0,418.0,0.475728,24.0
4e08f8e3d25dca0ebe2ef18b5cff3f24,305.0,282.0,418.0,0.43954666666666664,20.0
4e08f8e3d25dca0ebe2ef18b5cff3f24,335.5,253.8,418.0,0.4353935277777778,20.0
4e08f8e3d25dca0ebe2ef18b5cff3f24,274.5,253.8,418.0,0.42914630000000004,24.0
4e08f8e3d25dca0ebe2ef18b5cff3f24,335.5,310.2,418.0,0.3974348541666667,15.0
4e08f8e3d25dca0ebe2ef18b5cff3f24,305.0,253.8,418.0,0.39650772222222225,20.0
4e08f8e3d25dca0ebe2ef18b5cff3f24,274.5,310.2,418.0,0.39173227499999996,18.0
4e08f8e3d25dca0ebe2ef18b5cff3f24,305.0,310.2,418.0,0.3619392083333333,15.0
4e4ab9c5dd0e741b2d59dd243d6a270a,248.6,285.0,383.0,0.9339965638888886,56.0
4e4ab9c5dd0e741b2d59dd243d6a270a,203.4,285.0,383.0,0.8779211333333334,64.0
4e4ab9c5dd0e741b2d59dd243d6a270a,226.0,285.0,383.0,0.8510887777777778,56.0
4e4ab9c5dd0e741b2d59dd243d6a270a,248.6,256.5,383.0,0.8425226736111111,56.0
4e4ab9c5dd0e741b2d59dd243d6a270a,248.6,285.0,344.7,0.8420375191666666,56.0
4e4ab9c5dd0e741b2d59dd243d6a270a,203.4,256.5,383.0,0.7919391666666666,64.0
4e4ab9c5dd0e741b2d59dd243d6a270a,203.4,285.0,344.7,0.7914831400000001,64.0
4e4ab9c5dd0e741b2d59dd243d6a270a,248.6,313.5,383.0,0.7691028406249999,42.0
4e4ab9c5dd0e741b2d59dd243d6a270a,226.0,256.5,383.0,0.7677347222222223,56.0
4e4ab9c5dd0e741b2d59dd243d6a270a,226.0,285.0,344.7,0.7672926333333332,56.0
4e4ab9c5dd0e741b2d59dd243d6a270a,248.6,256.5,344.7,0.7595699270833334,56.0
4e4ab9c5dd0e741b2d59dd243d6a270a,203.4,313.5,383.0,0.7229273250000001,48.0
4e4ab9c5dd0e741b2d59dd243d6a270a,203.4,256.5,344.7,0.71396675,64.0
4e4ab9c5dd0e741b2d59dd243d6a270a,226.0,313.5,383.0,0.700832125,42.0
4e4ab9c5dd0e741b2d59dd243d6a270a,248.6,313.5,344.7,0.6933788334375001,42.0
4e4ab9c5dd0e741b2d59dd243d6a270a,226.0,256.5,344.7,0.6921454166666666,56.0
4e4ab9c5dd0e741b2d59dd243d6a270a,203.4,313.5,344.7,0.6517496475,48.0
4e4ab9c5dd0e741b2d59dd243d6a270a,226.0,313.5,344.7,0.6318298875000001,42.0
4e4ab9c5dd0e741b2d59dd243d6a270a,248.6,285.0,421.3,0.5129778043055555,28.0
4e4ab9c5dd0e741b2d59dd243d6a270a,203.4,285.0,421.3,0.4821795633333334,32.0
4e4ab9c5dd0e741b2d59dd243d6a270a,226.0,285.0,421.3,0.46744246111111115,28.0
4e4ab9c5dd0e741b2d59dd243d6a270a,248.6,256.5,421.3,0.4627377100694444,28.0
4e4ab9c5dd0e741b2d59dd243d6a270a,203.4,256.5,421.3,0.43495579166666665,32.0
4e4ab9c5dd0e741b2d59dd243d6a270a,248.6,313.5,421.3,0.42241342390625,21.0
4e4ab9c5dd0e741b2d59dd243d6a270a,226.0,256.5,421.3,0.4216620138888889,28.0
4e4ab9c5dd0e741b2d59dd243d6a270a,203.4,313.5,421.3,0.39705250125,24.0
4e4ab9c5dd0e741b2d59dd243d6a270a,226.0,313.5,421.3,0.38491718124999996,21.0
4f08f853cf7f9be28571df66a50bc322,164.0,288.0,388.0,0.9116722222222222,80.0
4f08f853cf7f9be28571df66a50bc322,147.6,288.0,388.0,0.9060949333333335,88.0
4f08f853cf7f9be28571df66a50bc322,180.4,288.0,388.0,0.8996596,72.0
4f08f853cf7f9be28571df66a50bc322,164.0,259.2,388.0,0.8223655555555556,80.0
4f08f853cf7f9be28571df66a50bc322,164.0,288.0,349.2,0.8218933333333334,80.0
4f08f853cf7f9be28571df66a50bc322,147.6,259.2,388.0,0.8173346133333332,88.0
4f08f853cf7f9be28571df66a50bc322,147.6,288.0,349.2,0.8168652799999999,88.0
4f08f853cf7f9be28571df66a50bc322,180.4,259.2,388.0,0.81152968,72.0
4f08f853cf7f9be28571df66a50bc322,180.4,288.0,349.2,0.81106368,72.0
4f08f853cf7f9be28571df66a50bc322,164.0,316.8,388.0,0.7507341666666667,60.0
4f08f853cf7f9be28571df66a50bc322,147.6,316.8,388.0,0.7461414399999999,66.0
4f08f853cf7f9be28571df66a50bc322,164.0,259.2,349.2,0.7413813333333333,80.0
4f08f853cf7f9be28571df66a50bc322,180.4,316.8,388.0,0.74084214,54.0
4f08f853cf7f9be28571df66a50bc322,147.6,259.2,349.2,0.7368458239999999,88.0
4f08f853cf7f9be28571df66a50bc322,180.4,259.2,349.2,0.7316125439999999,72.0
4f08f853cf7f9be28571df66a50bc322,164.0,316.8,349.2,0.676804,60.0
4f08f853cf7f9be28571df66a50bc322,147.6,316.8,349.2,0.6726635519999999,66.0
4f08f853cf7f9be28571df66a50bc322,180.4,316.8,349.2,0.6678861120000001,54.0
4f08f853cf7f9be28571df66a50bc322,164.0,288.0,426.8,0.5007255555555555,40.0
4f08f853cf7f9be28571df66a50bc322,147.6,288.0,426.8,0.49766229333333334,44.0
4f08f853cf7f9be28571df66a50bc322,180.4,288.0,426.8,0.49412775999999997,36.0
4f08f853cf7f9be28571df66a50bc322,164.0,259.2,426.8,0.4516748888888889,40.0
4f08f853cf7f9be28571df66a50bc322,147.6,259.2,426.8,0.44891170133333336,44.0
4f08f853cf7f9be28571df66a50bc322,180.4,259.2,426.8,0.44572340799999993,36.0
4f08f853cf7f9be28571df66a50bc322,164.0,316.8,426.8,0.41233216666666667,30.0
4f08f853cf7f9be28571df66a50bc322,147.6,316.8,426.8,0.40980966399999996,33.0
4f08f853cf7f9be28571df66a50bc322,180.4,316.8,426.8,0.406899084,27.0
4f15606db1c337e2b9460243b25326d4,322.2,268.0,379.0,0.8014309722222223,40.0
4f15606db1c337e2b9460243b25326d4,393.8,268.0,379.0,0.7810167037037037,32.0
4f15606db1c337e2b9460243b25326d4,322.2,241.2,379.0,0.7230428333333333,40.0
4f15606db1c337e2b9460243b25326d4,322.2,268.0,341.1,0.7225368583333335,40.0
4f15606db1c337e2b9460243b25326d4,358.0,268.0,379.0,0.7110807407407408,32.0
4f15606db1c337e2b9460243b25326d4,393.8,241.2,379.0,0.7046252888888889,32.0
4f15606db1c337e2b9460243b25326d4,393.8,268.0,341.1,0.7041322022222223,32.0
4f15606db1c337e2b9460243b25326d4,322.2,294.8,379.0,0.6598643333333334,30.0
4f15606db1c337e2b9460243b25326d4,322.2,241.2,341.1,0.6518653700000001,40.0
4f15606db1c337e2b9460243b25326d4,393.8,294.8,379.0,0.643056088888889,24.0
4f15606db1c337e2b9460243b25326d4,358.0,241.2,379.0,0.6415297777777778,32.0
4f15606db1c337e2b9460243b25326d4,358.0,268.0,341.1,0.6410808444444445,32.0
4f15606db1c337e2b9460243b25326d4,393.8,241.2,341.1,0.6352608773333334,32.0
4f15606db1c337e2b9460243b25326d4,322.2,294.8,341.1,0.5949062600000001,30.0
4f15606db1c337e2b9460243b25326d4,358.0,294.8,379.0,0.5854737777777778,24.0
4f15606db1c337e2b9460243b25326d4,393.8,294.8,341.1,0.5797526453333334,24.0
4f15606db1c337e2b9460243b25326d4,358.0,241.2,341.1,0.5783765866666667,32.0
4f15606db1c337e2b9460243b25326d4,358.0,294.8,341.1,0.5278388266666667,24.0
4f15606db1c337e2b9460243b25326d4,322.2,268.0,416.9,0.4401625430555555,20.0
4f15606db1c337e2b9460243b25326d4,393.8,268.0,416.9,0.4289506025925926,16.0
4f15606db1c337e2b9460243b25326d4,322.2,241.2,416.9,0.39711014833333325,20.0
4f15606db1c337e2b9460243b25326d4,358.0,268.0,416.9,0.3905403185185185,16.0
4f15606db1c337e2b9460243b25326d4,393.8,241.2,416.9,0.3869948502222222,16.0
4f15606db1c337e2b9460243b25326d4,322.2,294.8,416.9,0.3624112033333333,15.0
4f15606db1c337e2b9460243b25326d4,393.8,294.8,416.9,0.35317976622222225,12.0
4f15606db1c337e2b9460243b25326d4,358.0,241.2,416.9,0.35234148444444446,16.0
4f15606db1c337e2b9460243b25326d4,358.0,294.8,416.9,0.32155436444444446,12.0
519a80871f454928779db9ed3e039e2b,167.0,282.0,380.0,0.8903733333333333,80.0
519a80871f454928779db9ed3e039e2b,150.3,282.0,380.0,0.8848664000000002,88.0
519a80871f454928779db9ed3e039e2b,183.7,282.0,380.0,0.8786903999999999,72.0
519a80871f454928779db9ed3e039e2b,167.0,253.8,380.0,0.8031909444444446,80.0
519a80871f454928779db9ed3e039e2b,167.0,282.0,342.0,0.80272,80.0
519a80871f454928779db9ed3e039e2b,150.3,253.8,380.0,0.7982232316666668,88.0
519a80871f454928779db9ed3e039e2b,150.3,282.0,342.0,0.7977552000000001,88.0
519a80871f454928779db9ed3e039e2b,183.7,253.8,380.0,0.792651965,72.0
519a80871f454928779db9ed3e039e2b,183.7,282.0,342.0,0.7921872000000001,72.0
519a80871f454928779db9ed3e039e2b,167.0,310.2,380.0,0.7331667916666665,60.0
519a80871f454928779db9ed3e039e2b,150.3,310.2,380.0,0.72863217625,66.0
519a80871f454928779db9ed3e039e2b,167.0,253.8,342.0,0.7241203333333334,80.0
519a80871f454928779db9ed3e039e2b,183.7,310.2,380.0,0.7235466262499999,54.0
519a80871f454928779db9ed3e039e2b,150.3,253.8,342.0,0.7196416700000001,88.0
519a80871f454928779db9ed3e039e2b,183.7,253.8,342.0,0.7146188699999999,72.0
519a80871f454928779db9ed3e039e2b,167.0,310.2,342.0,0.66098975,60.0
519a80871f454928779db9ed3e039e2b,150.3,310.2,342.0,0.6569015475000001,66.0
519a80871f454928779db9ed3e039e2b,183.7,310.2,342.0,0.6523166475,54.0
519a80871f454928779db9ed3e039e2b,167.0,282.0,418.0,0.48901333333333336,40.0
519a80871f454928779db9ed3e039e2b,150.3,282.0,418.0,0.48598880000000005,44.0
519a80871f454928779db9ed3e039e2b,183.7,282.0,418.0,0.4825968,36.0
519a80871f454928779db9ed3e039e2b,167.0,253.8,418.0,0.44113077777777776,40.0
519a80871f454928779db9ed3e039e2b,150.3,253.8,418.0,0.4384023966666667,44.0
519a80871f454928779db9ed3e039e2b,183.7,253.8,418.0,0.43534252999999995,36.0
519a80871f454928779db9ed3e039e2b,167.0,310.2,418.0,0.4026719166666667,30.0
519a80871f454928779db9ed3e039e2b,150.3,310.2,418.0,0.40018140250000006,33.0
519a80871f454928779db9ed3e039e2b,183.7,310.2,418.0,0.39738830249999996,27.0
5229dfb764d843b66341f7ca5cdec3dd,192.6,288.0,388.0,0.9585429,72.0
5229dfb764d843b66341f7ca5cdec3dd,214.0,288.0,388.0,0.9438488888888888,64.0
5229dfb764d843b66341f7ca5cdec3dd,235.4,288.0,388.0,0.9062021888888889,56.0
5229dfb764d843b66341f7ca5cdec3dd,192.6,259.2,388.0,0.8646448199999999,72.0
5229dfb764d843b66341f7ca5cdec3dd,192.6,288.0,349.2,0.86414832,72.0
5229dfb764d843b66341f7ca5cdec3dd,214.0,259.2,388.0,0.8513902222222223,64.0
5229dfb764d843b66341f7ca5cdec3dd,214.0,288.0,349.2,0.8509013333333333,64.0
5229dfb764d843b66341f7ca5cdec3dd,235.4,259.2,388.0,0.8174313622222222,56.0
5229dfb764d843b66341f7ca5cdec3dd,235.4,288.0,349.2,0.8169619733333334,56.0
5229dfb764d843b66341f7ca5cdec3dd,192.6,316.8,388.0,0.789330735,54.0
5229dfb764d843b66341f7ca5cdec3dd,192.6,259.2,349.2,0.7794970559999997,72.0
5229dfb764d843b66341f7ca5cdec3dd,214.0,316.8,388.0,0.7772306666666666,48.0
5229dfb764d843b66341f7ca5cdec3dd,214.0,259.2,349.2,0.7675477333333334,64.0
5229dfb764d843b66341f7ca5cdec3dd,235.4,316.8,388.0,0.7462297616666668,42.0
5229dfb764d843b66341f7ca5cdec3dd,235.4,259.2,349.2,0.7369330453333333,56.0
5229dfb764d843b66341f7ca5cdec3dd,192.6,316.8,349.2,0.711599688,54.0
5229dfb764d843b66341f7ca5cdec3dd,214.0,316.8,349.2,0.7006912,48.0
5229dfb764d843b66341f7ca5cdec3dd,235.4,316.8,349.2,0.672743176,42.0
5229dfb764d843b66341f7ca5cdec3dd,192.6,288.0,426.8,0.52646874,36.0
5229dfb764d843b66341f7ca5cdec3dd,214.0,288.0,426.8,0.5183982222222222,32.0
5229dfb764d843b66341f7ca5cdec3dd,235.4,288.0,426.8,0.49772120222222227,28.0
5229dfb764d843b66341f7ca5cdec3dd,192.6,259.2,426.8,0.474896292,36.0
5229dfb764d843b66341f7ca5cdec3dd,214.0,259.2,426.8,0.46761635555555553,32.0
5229dfb764d843b66341f7ca5cdec3dd,235.4,259.2,426.8,0.44896483955555555,28.0
5229dfb764d843b66341f7ca5cdec3dd,192.6,316.8,426.8,0.433530891,27.0
5229dfb764d843b66341f7ca5cdec3dd,214.0,316.8,426.8,0.4268850666666667,24.0
5229dfb764d843b66341f7ca5cdec3dd,235.4,316.8,426.8,0.40985817366666666,21.0
5291917030874f6b0d887d1710a073f8,248.6,226.8,380.0,0.9267935055555556,70.0
5291917030874f6b0d887d1710a073f8,248.6,277.2,380.0,0.9019516177777778,56.0
5291917030874f6b0d887d1710a073f8,203.4,226.8,380.0,0.8711505333333336,80.0
5291917030874f6b0d887d1710a073f8,203.4,277.2,380.0,0.8478001066666666,64.0
5291917030874f6b0d887d1710a073f8,226.0,226.8,380.0,0.8445251111111111,70.0
5291917030874f6b0d887d1710a073f8,248.6,226.8,342.0,0.8355547666666667,70.0
5291917030874f6b0d887d1710a073f8,226.0,277.2,380.0,0.8218883555555555,56.0
5291917030874f6b0d887d1710a073f8,248.6,252.0,380.0,0.821693211111111,56.0
5291917030874f6b0d887d1710a073f8,248.6,277.2,342.0,0.8131584533333333,56.0
5291917030874f6b0d887d1710a073f8,203.4,226.8,342.0,0.7853896000000001,80.0
5291917030874f6b0d887d1710a073f8,203.4,252.0,380.0,0.7723602666666668,64.0
5291917030874f6b0d887d1710a073f8,203.4,277.2,342.0,0.76433792,64.0
5291917030874f6b0d887d1710a073f8,226.0,226.8,342.0,0.7613853333333334,70.0
5291917030874f6b0d887d1710a073f8,226.0,252.0,380.0,0.7487542222222222,56.0
5291917030874f6b0d887d1710a073f8,226.0,277.2,342.0,0.7409770666666667,56.0
5291917030874f6b0d887d1710a073f8,248.6,252.0,342.0,0.7408011333333334,56.0
5291917030874f6b0d887d1710a073f8,203.4,252.0,342.0,0.6963248000000001,64.0
5291917030874f6b0d887d1710a073f8,226.0,252.0,342.0,0.6750426666666667,56.0
5291917030874f6b0d887d1710a073f8,248.6,226.8,418.0,0.5090161222222223,35.0
5291917030874f6b0d887d1710a073f8,248.6,277.2,418.0,0.49537239111111114,28.0
5291917030874f6b0d887d1710a073f8,203.4,226.8,418.0,0.4784557333333334,40.0
5291917030874f6b0d887d1710a073f8,203.4,277.2,418.0,0.4656311466666667,32.0
5291917030874f6b0d887d1710a073f8,226.0,226.8,418.0,0.4638324444444445,35.0
5291917030874f6b0d887d1710a073f8,226.0,277.2,418.0,0.4513998222222222,28.0
5291917030874f6b0d887d1710a073f8,248.6,252.0,418.0,0.4512926444444445,28.0
5291917030874f6b0d887d1710a073f8,203.4,252.0,418.0,0.4241978666666667,32.0
5291917030874f6b0d887d1710a073f8,226.0,252.0,418.0,0.41123288888888887,28.0
537ef1ac28efdb45dee0d50d3e1f8274,251.0,282.0,380.0,0.9258853333333333,56.0
537ef1ac28efdb45dee0d50d3e1f8274,276.1,282.0,380.0,0.8711248,48.0
537ef1ac28efdb45dee0d50d3e1f8274,225.9,282.0,380.0,0.8354584,56.0
537ef1ac28efdb45dee0d50d3e1f8274,251.0,253.8,380.0,0.8352257277777778,56.0
537ef1ac28efdb45dee0d50d3e1f8274,251.0,282.0,342.0,0.834736,56.0
537ef1ac28efdb45dee0d50d3e1f8274,276.1,253.8,380.0,0.7858271633333335,48.0
537ef1ac28efdb45dee0d50d3e1f8274,276.1,282.0,342.0,0.7853664,48.0
537ef1ac28efdb45dee0d50d3e1f8274,251.0,310.2,380.0,0.7624087041666666,42.0
537ef1ac28efdb45dee0d50d3e1f8274,225.9,253.8,380.0,0.7536530983333334,56.0
537ef1ac28efdb45dee0d50d3e1f8274,225.9,282.0,342.0,0.7532112,56.0
537ef1ac28efdb45dee0d50d3e1f8274,251.0,253.8,342.0,0.7530014333333334,56.0
537ef1ac28efdb45dee0d50d3e1f8274,276.1,310.2,380.0,0.7173168275,36.0
537ef1ac28efdb45dee0d50d3e1f8274,276.1,253.8,342.0,0.7084659400000002,48.0
537ef1ac28efdb45dee0d50d3e1f8274,225.9,310.2,380.0,0.6879477762499999,42.0
537ef1ac28efdb45dee0d50d3e1f8274,251.0,310.2,342.0,0.6873529249999999,42.0
537ef1ac28efdb45dee0d50d3e1f8274,225.9,253.8,342.0,0.6794592700000001,56.0
537ef1ac28efdb45dee0d50d3e1f8274,276.1,310.2,342.0,0.646700145,36.0
537ef1ac28efdb45dee0d50d3e1f8274,225.9,310.2,342.0,0.6202223475,42.0
537ef1ac28efdb45dee0d50d3e1f8274,251.0,282.0,418.0,0.5085173333333334,28.0
537ef1ac28efdb45dee0d50d3e1f8274,276.1,282.0,418.0,0.4784416,24.0
537ef1ac28efdb45dee0d50d3e1f8274,225.9,282.0,418.0,0.4588527999999999,28.0
537ef1ac28efdb45dee0d50d3e1f8274,251.0,253.8,418.0,0.45872501111111114,28.0
537ef1ac28efdb45dee0d50d3e1f8274,276.1,253.8,418.0,0.43159419333333343,24.0
537ef1ac28efdb45dee0d50d3e1f8274,251.0,310.2,418.0,0.4187322416666666,21.0
537ef1ac28efdb45dee0d50d3e1f8274,225.9,253.8,418.0,0.4139234633333334,28.0
537ef1ac28efdb45dee0d50d3e1f8274,276.1,310.2,418.0,0.39396675500000006,18.0
537ef1ac28efdb45dee0d50d3e1f8274,225.9,310.2,418.0,0.3778366025,21.0
55b52b97c05b19dbbbefa191622fe36a,161.1,286.0,386.0,0.8855062222222222,80.0
55b52b97c05b19dbbbefa191622fe36a,179.0,286.0,386.0,0.8823266666666667,72.0
55b52b97c05b19dbbbefa191622fe36a,196.9,286.0,386.0,0.860175762962963,64.0
55b52b97c05b19dbbbefa191622fe36a,161.1,257.4,386.0,0.7987751333333332,80.0
55b52b97c05b19dbbbefa191622fe36a,161.1,286.0,347.4,0.7983109666666666,80.0
55b52b97c05b19dbbbefa191622fe36a,179.0,257.4,386.0,0.7959069999999998,72.0
55b52b97c05b19dbbbefa191622fe36a,179.0,286.0,347.4,0.7954445,72.0
55b52b97c05b19dbbbefa191622fe36a,196.9,257.4,386.0,0.775925671111111,64.0
55b52b97c05b19dbbbefa191622fe36a,196.9,286.0,347.4,0.7754747822222222,64.0
55b52b97c05b19dbbbefa191622fe36a,161.1,314.6,386.0,0.7291779833333334,60.0
55b52b97c05b19dbbbefa191622fe36a,179.0,314.6,386.0,0.7265597500000002,54.0
55b52b97c05b19dbbbefa191622fe36a,161.1,257.4,347.4,0.7201202349999998,80.0
55b52b97c05b19dbbbefa191622fe36a,179.0,257.4,347.4,0.7175345249999999,72.0
55b52b97c05b19dbbbefa191622fe36a,196.9,314.6,386.0,0.7083193911111112,48.0
55b52b97c05b19dbbbefa191622fe36a,196.9,257.4,347.4,0.6995207453333333,64.0
55b52b97c05b19dbbbefa191622fe36a,161.1,314.6,347.4,0.65737627375,60.0
55b52b97c05b19dbbbefa191622fe36a,179.0,314.6,347.4,0.65501585625,54.0
55b52b97c05b19dbbbefa191622fe36a,196.9,314.6,347.4,0.6385716143333334,48.0
55b52b97c05b19dbbbefa191622fe36a,161.1,286.0,424.6,0.48635073888888886,40.0
55b52b97c05b19dbbbefa191622fe36a,179.0,286.0,424.6,0.48460441666666665,36.0
55b52b97c05b19dbbbefa191622fe36a,196.9,286.0,424.6,0.4724383718518519,32.0
55b52b97c05b19dbbbefa191622fe36a,161.1,257.4,424.6,0.4387150158333333,40.0
55b52b97c05b19dbbbefa191622fe36a,179.0,257.4,424.6,0.43713973749999996,36.0
55b52b97c05b19dbbbefa191622fe36a,196.9,257.4,424.6,0.4261652984444444,32.0
55b52b97c05b19dbbbefa191622fe36a,161.1,314.6,424.6,0.40048984645833335,30.0
55b52b97c05b19dbbbefa191622fe36a,179.0,314.6,424.6,0.3990518218750001,27.0
55b52b97c05b19dbbbefa191622fe36a,196.9,314.6,424.6,0.3890335839444445,24.0
563a3fa61d441769163b35905be8987d,210.6,223.2,383.0,0.8940646333333333,80.0
563a3fa61d441769163b35905be8987d,210.6,272.8,383.0,0.8700356711111111,64.0
563a3fa61d441769163b35905be8987d,234.0,223.2,383.0,0.8668216666666667,70.0
563a3fa61d441769163b35905be8987d,234.0,272.8,383.0,0.8435248888888889,56.0
563a3fa61d441769163b35905be8987d,257.4,223.2,383.0,0.8154315249999999,60.0
563a3fa61d441769163b35905be8987d,210.6,223.2,344.7,0.8060371899999998,80.0
563a3fa61d441769163b35905be8987d,257.4,272.8,383.0,0.7935159133333334,48.0
563a3fa61d441769163b35905be8987d,210.6,248.0,383.0,0.7926436888888889,64.0
563a3fa61d441769163b35905be8987d,210.6,272.8,344.7,0.7843740613333333,64.0
563a3fa61d441769163b35905be8987d,234.0,223.2,344.7,0.7814764999999999,70.0
563a3fa61d441769163b35905be8987d,234.0,248.0,383.0,0.7684911111111111,56.0
563a3fa61d441769163b35905be8987d,234.0,272.8,344.7,0.7604734666666666,56.0
563a3fa61d441769163b35905be8987d,257.4,223.2,344.7,0.7351461074999999,60.0
563a3fa61d441769163b35905be8987d,257.4,248.0,383.0,0.7229305666666666,48.0
563a3fa61d441769163b35905be8987d,257.4,272.8,344.7,0.715388254,48.0
563a3fa61d441769163b35905be8987d,210.6,248.0,344.7,0.7146019066666667,64.0
563a3fa61d441769163b35905be8987d,234.0,248.0,344.7,0.6928273333333334,56.0
563a3fa61d441769163b35905be8987d,257.4,248.0,344.7,0.6517525699999999,48.0
563a3fa61d441769163b35905be8987d,210.6,223.2,421.3,0.4910460383333333,40.0
563a3fa61d441769163b35905be8987d,210.6,272.8,421.3,0.4778486404444445,32.0
563a3fa61d441769163b35905be8987d,234.0,223.2,421.3,0.47608341666666676,35.0
563a3fa61d441769163b35905be8987d,234.0,272.8,421.3,0.4632881555555556,28.0
563a3fa61d441769163b35905be8987d,257.4,223.2,421.3,0.44785847124999995,30.0
563a3fa61d441769163b35905be8987d,257.4,272.8,421.3,0.43582178633333335,24.0
563a3fa61d441769163b35905be8987d,210.6,248.0,421.3,0.4353427355555556,32.0
563a3fa61d441769163b35905be8987d,234.0,248.0,421.3,0.42207744444444445,28.0
563a3fa61d441769163b35905be8987d,257.4,248.0,421.3,0.3970542816666666,24.0
5752498adef915345dabc54b32edf146,219.0,266.4,355.5,0.8206049999999998,64.0
5752498adef915345dabc54b32edf146,240.9,266.4,355.5,0.7879175675,56.0
5752498adef915345dabc54b32edf146,219.0,325.6,355.5,0.74920875,48.0
5752498adef915345dabc54b32edf146,197.1,266.4,355.5,0.74073278,64.0
5752498adef915345dabc54b32edf146,240.9,325.6,355.5,0.7193652681250001,42.0
5752498adef915345dabc54b32edf146,219.0,296.0,355.5,0.68233125,48.0
5752498adef915345dabc54b32edf146,197.1,325.6,355.5,0.676285765,48.0
5752498adef915345dabc54b32edf146,240.9,296.0,355.5,0.6551517218749999,42.0
5752498adef915345dabc54b32edf146,197.1,296.0,355.5,0.615917675,48.0
5752498adef915345dabc54b32edf146,219.0,266.4,434.5,0.49996749999999995,32.0
5752498adef915345dabc54b32edf146,240.9,266.4,434.5,0.4800521279166666,28.0
5752498adef915345dabc54b32edf146,219.0,325.6,434.5,0.456468125,24.0
5752498adef915345dabc54b32edf146,219.0,266.4,395.0,0.45513499999999996,32.0
5752498adef915345dabc54b32edf146,197.1,266.4,434.5,0.4513039966666666,32.0
5752498adef915345dabc54b32edf146,240.9,325.6,434.5,0.4382854780208334,21.0
5752498adef915345dabc54b32edf146,240.9,266.4,395.0,0.4370054558333333,28.0
5752498adef915345dabc54b32edf146,219.0,296.0,434.5,0.415721875,24.0
5752498adef915345dabc54b32edf146,219.0,325.6,395.0,0.41553625,24.0
5752498adef915345dabc54b32edf146,197.1,325.6,434.5,0.4120385608333334,24.0
5752498adef915345dabc54b32edf146,197.1,266.4,395.0,0.4108351933333333,32.0
5752498adef915345dabc54b32edf146,240.9,296.0,434.5,0.3991622869791667,21.0
5752498adef915345dabc54b32edf146,240.9,325.6,395.0,0.3989840560416667,21.0
5752498adef915345dabc54b32edf146,219.0,296.0,395.0,0.37844375,24.0
5752498adef915345dabc54b32edf146,197.1,296.0,434.5,0.37525827916666665,24.0
5752498adef915345dabc54b32edf146,197.1,325.6,395.0,0.3750907216666666,24.0
5752498adef915345dabc54b32edf146,240.9,296.0,395.0,0.3633690739583334,21.0
5752498adef915345dabc54b32edf146,197.1,296.0,395.0,0.3416085583333333,24.0
584c93c412f45cd05fb6c4c753038aa1,289.0,285.0,379.0,0.9180645833333333,48.0
584c93c412f45cd05fb6c4c753038aa1,317.9,285.0,379.0,0.8400031597222222,40.0
584c93c412f45cd05fb6c4c753038aa1,289.0,256.5,379.0,0.8281510416666666,48.0
584c93c412f45cd05fb6c4c753038aa1,260.1,285.0,379.0,0.8281253750000002,48.0
584c93c412f45cd05fb6c4c753038aa1,289.0,285.0,341.1,0.8276888750000001,48.0
584c93c412f45cd05fb6c4c753038aa1,317.9,256.5,379.0,0.7577348090277778,40.0
584c93c412f45cd05fb6c4c753038aa1,317.9,285.0,341.1,0.7573119395833333,40.0
584c93c412f45cd05fb6c4c753038aa1,289.0,313.5,379.0,0.75598359375,36.0
584c93c412f45cd05fb6c4c753038aa1,260.1,256.5,379.0,0.7470203125,48.0
584c93c412f45cd05fb6c4c753038aa1,289.0,256.5,341.1,0.7466265625,48.0
584c93c412f45cd05fb6c4c753038aa1,260.1,285.0,341.1,0.7466034225000001,48.0
584c93c412f45cd05fb6c4c753038aa1,317.9,313.5,379.0,0.6917036328124999,30.0
584c93c412f45cd05fb6c4c753038aa1,317.9,256.5,341.1,0.6831422135416668,40.0
584c93c412f45cd05fb6c4c753038aa1,260.1,313.5,379.0,0.6819228281250002,36.0
584c93c412f45cd05fb6c4c753038aa1,289.0,313.5,341.1,0.6815633906250002,36.0
584c93c412f45cd05fb6c4c753038aa1,260.1,256.5,341.1,0.67348246875,48.0
584c93c412f45cd05fb6c4c753038aa1,317.9,313.5,341.1,0.6236112492187499,30.0
584c93c412f45cd05fb6c4c753038aa1,260.1,313.5,341.1,0.6147932821875002,36.0
584c93c412f45cd05fb6c4c753038aa1,289.0,285.0,416.9,0.5042201458333333,24.0
584c93c412f45cd05fb6c4c753038aa1,317.9,285.0,416.9,0.46134718993055546,20.0
584c93c412f45cd05fb6c4c753038aa1,289.0,256.5,416.9,0.4548377604166667,24.0
584c93c412f45cd05fb6c4c753038aa1,260.1,285.0,416.9,0.45482366375,24.0
584c93c412f45cd05fb6c4c753038aa1,317.9,256.5,416.9,0.41616370225694443,20.0
584c93c412f45cd05fb6c4c753038aa1,289.0,313.5,416.9,0.4152018984375,18.0
584c93c412f45cd05fb6c4c753038aa1,260.1,256.5,416.9,0.410279078125,24.0
584c93c412f45cd05fb6c4c753038aa1,317.9,313.5,416.9,0.37989800820312497,15.0
584c93c412f45cd05fb6c4c753038aa1,260.1,313.5,416.9,0.37452618703125,18.0
5914abeae491eab8612131985b15994f,215.1,286.0,386.0,0.9373329777777777,64.0
5914abeae491eab8612131985b15994f,239.0,286.0,386.0,0.9088229629629629,56.0
5914abeae491eab8612131985b15994f,262.9,286.0,386.0,0.8549824888888887,48.0
5914abeae491eab8612131985b15994f,215.1,257.4,386.0,0.8455257066666666,64.0
5914abeae491eab8612131985b15994f,215.1,286.0,347.4,0.8450343733333333,64.0
5914abeae491eab8612131985b15994f,239.0,257.4,386.0,0.819808111111111,56.0
5914abeae491eab8612131985b15994f,239.0,286.0,347.4,0.8193317222222222,56.0
5914abeae491eab8612131985b15994f,215.1,314.6,386.0,0.7718551866666667,48.0
5914abeae491eab8612131985b15994f,262.9,257.4,386.0,0.7712410533333333,48.0
5914abeae491eab8612131985b15994f,262.9,286.0,347.4,0.7707928866666666,48.0
5914abeae491eab8612131985b15994f,215.1,257.4,347.4,0.7622673079999999,64.0
5914abeae491eab8612131985b15994f,239.0,314.6,386.0,0.7483783611111111,42.0
5914abeae491eab8612131985b15994f,239.0,257.4,347.4,0.7390821083333332,56.0
5914abeae491eab8612131985b15994f,262.9,314.6,386.0,0.7040429433333333,36.0
5914abeae491eab8612131985b15994f,215.1,314.6,347.4,0.6958510790000001,48.0
5914abeae491eab8612131985b15994f,262.9,257.4,347.4,0.6952974189999999,48.0
5914abeae491eab8612131985b15994f,239.0,314.6,347.4,0.6746860020833333,42.0
5914abeae491eab8612131985b15994f,262.9,314.6,347.4,0.63471626575,36.0
5914abeae491eab8612131985b15994f,215.1,286.0,424.6,0.5148157911111111,32.0
5914abeae491eab8612131985b15994f,239.0,286.0,424.6,0.49915710185185186,28.0
5914abeae491eab8612131985b15994f,262.9,286.0,424.6,0.46958604555555544,24.0
5914abeae491eab8612131985b15994f,215.1,257.4,424.6,0.4643920526666666,32.0
5914abeae491eab8612131985b15994f,239.0,257.4,424.6,0.45026705694444435,28.0
5914abeae491eab8612131985b15994f,215.1,314.6,424.6,0.42392964716666676,24.0
5914abeae491eab8612131985b15994f,262.9,257.4,424.6,0.4235923438333334,24.0
5914abeae491eab8612131985b15994f,239.0,314.6,424.6,0.41103536006944447,21.0
5914abeae491eab8612131985b15994f,262.9,314.6,424.6,0.38668481045833336,18.0
5a779fb14ea37232001ecf933514d159,170.1,266.4,355.5,0.8028252249999999,80.0
5a779fb14ea37232001ecf933514d159,189.0,266.4,355.5,0.8000898749999998,72.0
5a779fb14ea37232001ecf933514d159,207.9,266.4,355.5,0.7801218199999999,64.0
5a779fb14ea37232001ecf933514d159,170.1,325.6,355.5,0.73297589375,60.0
5a779fb14ea37232001ecf933514d159,189.0,325.6,355.5,0.7304785312500002,54.0
5a779fb14ea37232001ecf933514d159,207.9,325.6,355.5,0.712247785,48.0
5a779fb14ea37232001ecf933514d159,170.1,296.0,355.5,0.66754740625,60.0
5a779fb14ea37232001ecf933514d159,189.0,296.0,355.5,0.66527296875,54.0
5a779fb14ea37232001ecf933514d159,207.9,296.0,355.5,0.648669575,48.0
5a779fb14ea37232001ecf933514d159,170.1,266.4,434.5,0.4891348708333333,40.0
5a779fb14ea37232001ecf933514d159,189.0,266.4,434.5,0.48746831249999995,36.0
5a779fb14ea37232001ecf933514d159,207.9,266.4,434.5,0.47530243666666666,32.0
5a779fb14ea37232001ecf933514d159,170.1,325.6,434.5,0.44657798229166673,30.0
5a779fb14ea37232001ecf933514d159,170.1,266.4,395.0,0.4452737416666666,40.0
5a779fb14ea37232001ecf933514d159,189.0,325.6,434.5,0.44505642187500005,27.0
5a779fb14ea37232001ecf933514d159,189.0,266.4,395.0,0.4437566249999999,36.0
5a779fb14ea37232001ecf933514d159,207.9,325.6,434.5,0.43394903083333336,24.0
5a779fb14ea37232001ecf933514d159,207.9,266.4,395.0,0.43268167333333324,32.0
5a779fb14ea37232001ecf933514d159,170.1,296.0,434.5,0.40671456770833325,30.0
5a779fb14ea37232001ecf933514d159,170.1,325.6,395.0,0.4065329645833334,30.0
5a779fb14ea37232001ecf933514d159,189.0,296.0,434.5,0.405328828125,27.0
5a779fb14ea37232001ecf933514d159,189.0,325.6,395.0,0.40514784375000007,27.0
5a779fb14ea37232001ecf933514d159,207.9,296.0,434.5,0.39521292916666667,24.0
5a779fb14ea37232001ecf933514d159,207.9,325.6,395.0,0.39503646166666667,24.0
5a779fb14ea37232001ecf933514d159,170.1,296.0,395.0,0.3702441354166667,30.0
5a779fb14ea37232001ecf933514d159,189.0,296.0,395.0,0.36898265625,27.0
5a779fb14ea37232001ecf933514d159,207.9,296.0,395.0,0.35977385833333336,24.0
5c09a821f787019adf0ee74c5cc31985,349.8,229.5,385.0,0.9479815364583334,50.0
5c09a821f787019adf0ee74c5cc31985,286.2,229.5,385.0,0.9342334062499998,60.0
5c09a821f787019adf0ee74c5cc31985,349.8,280.5,385.0,0.9226215208333332,40.0
5c09a821f787019adf0ee74c5cc31985,286.2,280.5,385.0,0.909241175,48.0
5c09a821f787019adf0ee74c5cc31985,318.0,229.5,385.0,0.8632546875,50.0
5c09a821f787019adf0ee74c5cc31985,349.8,229.5,346.5,0.8546380859375001,50.0
5c09a821f787019adf0ee74c5cc31985,286.2,229.5,346.5,0.8422436718749998,60.0
5c09a821f787019adf0ee74c5cc31985,349.8,255.0,385.0,0.8405033750000002,40.0
5c09a821f787019adf0ee74c5cc31985,318.0,280.5,385.0,0.84016125,40.0
5c09a821f787019adf0ee74c5cc31985,349.8,280.5,346.5,0.83177515625,40.0
5c09a821f787019adf0ee74c5cc31985,286.2,255.0,385.0,0.82831395,48.0
5c09a821f787019adf0ee74c5cc31985,286.2,280.5,346.5,0.8197123125,48.0
5c09a821f787019adf0ee74c5cc31985,318.0,229.5,346.5,0.77825390625,50.0
5c09a821f787019adf0ee74c5cc31985,318.0,255.0,385.0,0.7653825,40.0
5c09a821f787019adf0ee74c5cc31985,349.8,255.0,346.5,0.7577428125,40.0
5c09a821f787019adf0ee74c5cc31985,318.0,280.5,346.5,0.757434375,40.0
5c09a821f787019adf0ee74c5cc31985,286.2,255.0,346.5,0.746753625,48.0
5c09a821f787019adf0ee74c5cc31985,318.0,255.0,346.5,0.69001875,40.0
5c09a821f787019adf0ee74c5cc31985,349.8,229.5,423.5,0.5206624934895834,25.0
5c09a821f787019adf0ee74c5cc31985,286.2,229.5,423.5,0.5131115703124999,30.0
5c09a821f787019adf0ee74c5cc31985,349.8,280.5,423.5,0.5067339427083334,20.0
5c09a821f787019adf0ee74c5cc31985,286.2,280.5,423.5,0.4993850187500001,24.0
5c09a821f787019adf0ee74c5cc31985,318.0,229.5,423.5,0.474127734375,25.0
5c09a821f787019adf0ee74c5cc31985,349.8,255.0,423.5,0.46163196875,20.0
5c09a821f787019adf0ee74c5cc31985,318.0,280.5,423.5,0.4614440625,20.0
5c09a821f787019adf0ee74c5cc31985,286.2,255.0,423.5,0.4549371374999999,24.0
5c09a821f787019adf0ee74c5cc31985,318.0,255.0,423.5,0.420373125,20.0
5de73c5764aabd7851aff9fdd3125d98,170.0,285.0,385.0,0.9271044444444444,80.0
5de73c5764aabd7851aff9fdd3125d98,153.0,285.0,385.0,0.9213100416666666,88.0
5de73c5764aabd7851aff9fdd3125d98,187.0,285.0,385.0,0.914988875,72.0
5de73c5764aabd7851aff9fdd3125d98,170.0,256.5,385.0,0.8363055555555555,80.0
5de73c5764aabd7851aff9fdd3125d98,170.0,285.0,346.5,0.8358166666666667,80.0
5de73c5764aabd7851aff9fdd3125d98,153.0,256.5,385.0,0.8310786458333334,88.0
5de73c5764aabd7851aff9fdd3125d98,153.0,285.0,346.5,0.8305928125,88.0
5de73c5764aabd7851aff9fdd3125d98,187.0,256.5,385.0,0.8253765625,72.0
5de73c5764aabd7851aff9fdd3125d98,187.0,285.0,346.5,0.8248940625,72.0
5de73c5764aabd7851aff9fdd3125d98,170.0,313.5,385.0,0.7634275,60.0
5de73c5764aabd7851aff9fdd3125d98,153.0,313.5,385.0,0.758656078125,66.0
5de73c5764aabd7851aff9fdd3125d98,170.0,256.5,346.5,0.7539583333333333,80.0
5de73c5764aabd7851aff9fdd3125d98,187.0,313.5,385.0,0.753450890625,54.0
5de73c5764aabd7851aff9fdd3125d98,153.0,256.5,346.5,0.74924609375,88.0
5de73c5764aabd7851aff9fdd3125d98,187.0,256.5,346.5,0.74410546875,72.0
5de73c5764aabd7851aff9fdd3125d98,170.0,313.5,346.5,0.68825625,60.0
5de73c5764aabd7851aff9fdd3125d98,153.0,313.5,346.5,0.6839546484375,66.0
5de73c5764aabd7851aff9fdd3125d98,187.0,313.5,346.5,0.6792619921875,54.0
5de73c5764aabd7851aff9fdd3125d98,170.0,285.0,423.5,0.5091961111111111,40.0
5de73c5764aabd7851aff9fdd3125d98,153.0,285.0,423.5,0.5060136354166667,44.0
5de73c5764aabd7851aff9fdd3125d98,187.0,285.0,423.5,0.50254184375,36.0
5de73c5764aabd7851aff9fdd3125d98,170.0,256.5,423.5,0.4593263888888889,40.0
5de73c5764aabd7851aff9fdd3125d98,153.0,256.5,423.5,0.4564555989583333,44.0
5de73c5764aabd7851aff9fdd3125d98,187.0,256.5,423.5,0.453323828125,36.0
5de73c5764aabd7851aff9fdd3125d98,170.0,313.5,423.5,0.419299375,30.0
5de73c5764aabd7851aff9fdd3125d98,153.0,313.5,423.5,0.41667875390625,33.0
5de73c5764aabd7851aff9fdd3125d98,187.0,313.5,423.5,0.41381989453125,27.0
5e09543a8b7a6614f447c98559a39851,160.2,266.4,355.5,0.7576919499999999,80.0
5e09543a8b7a6614f447c98559a39851,178.0,266.4,355.5,0.7549566,72.0
5e09543a8b7a6614f447c98559a39851,195.8,266.4,355.5,0.7359915066666667,64.0
5e09543a8b7a6614f447c98559a39851,160.2,325.6,355.5,0.6917694125,60.0
5e09543a8b7a6614f447c98559a39851,178.0,325.6,355.5,0.68927205,54.0
5e09543a8b7a6614f447c98559a39851,195.8,325.6,355.5,0.6719570033333333,48.0
5e09543a8b7a6614f447c98559a39851,160.2,296.0,355.5,0.6300191874999999,60.0
5e09543a8b7a6614f447c98559a39851,178.0,296.0,355.5,0.62774475,54.0
5e09543a8b7a6614f447c98559a39851,195.8,296.0,355.5,0.6119753166666667,48.0
5e09543a8b7a6614f447c98559a39851,160.2,266.4,434.5,0.4616366583333333,40.0
5e09543a8b7a6614f447c98559a39851,178.0,266.4,434.5,0.45997010000000005,36.0
5e09543a8b7a6614f447c98559a39851,195.8,266.4,434.5,0.4484152955555556,32.0
5e09543a8b7a6614f447c98559a39851,160.2,325.6,434.5,0.4214722354166666,30.0
5e09543a8b7a6614f447c98559a39851,160.2,266.4,395.0,0.42024131666666653,40.0
5e09543a8b7a6614f447c98559a39851,178.0,325.6,434.5,0.419950675,27.0
5e09543a8b7a6614f447c98559a39851,178.0,266.4,395.0,0.41872419999999994,36.0
5e09543a8b7a6614f447c98559a39851,195.8,325.6,434.5,0.4094011894444445,24.0
5e09543a8b7a6614f447c98559a39851,195.8,266.4,395.0,0.40820552444444447,32.0
5e09543a8b7a6614f447c98559a39851,160.2,296.0,434.5,0.3838498645833333,30.0
5e09543a8b7a6614f447c98559a39851,160.2,325.6,395.0,0.3836784708333333,30.0
5e09543a8b7a6614f447c98559a39851,178.0,296.0,434.5,0.382464125,27.0
5e09543a8b7a6614f447c98559a39851,178.0,325.6,395.0,0.38229335000000003,27.0
5e09543a8b7a6614f447c98559a39851,195.8,296.0,434.5,0.37285633055555556,24.0
5e09543a8b7a6614f447c98559a39851,195.8,325.6,395.0,0.3726898455555556,24.0
5e09543a8b7a6614f447c98559a39851,160.2,296.0,395.0,0.34942972916666665,30.0
5e09543a8b7a6614f447c98559a39851,178.0,296.0,395.0,0.34816825,27.0
5e09543a8b7a6614f447c98559a39851,195.8,296.0,395.0,0.3394219944444445,24.0
5e55b0f0e0122b55ba8d4d91fb921c5a,347.6,292.0,391.0,0.9683565185185186,40.0
5e55b0f0e0122b55ba8d4d91fb921c5a,284.4,292.0,391.0,0.9543350666666666,48.0
5e55b0f0e0122b55ba8d4d91fb921c5a,316.0,292.0,391.0,0.8818178703703704,40.0
5e55b0f0e0122b55ba8d4d91fb921c5a,347.6,262.8,391.0,0.8734705777777778,40.0
5e55b0f0e0122b55ba8d4d91fb921c5a,347.6,292.0,351.9,0.8729843777777777,40.0
5e55b0f0e0122b55ba8d4d91fb921c5a,284.4,262.8,391.0,0.8608230400000001,48.0
5e55b0f0e0122b55ba8d4d91fb921c5a,284.4,292.0,351.9,0.86034388,48.0
5e55b0f0e0122b55ba8d4d91fb921c5a,347.6,321.2,391.0,0.7974318444444445,30.0
5e55b0f0e0122b55ba8d4d91fb921c5a,316.0,262.8,391.0,0.7954115555555555,40.0
5e55b0f0e0122b55ba8d4d91fb921c5a,316.0,292.0,351.9,0.7949688055555556,40.0
5e55b0f0e0122b55ba8d4d91fb921c5a,347.6,262.8,351.9,0.7874436266666666,40.0
5e55b0f0e0122b55ba8d4d91fb921c5a,284.4,321.2,391.0,0.78588532,36.0
5e55b0f0e0122b55ba8d4d91fb921c5a,284.4,262.8,351.9,0.7760417279999999,48.0
5e55b0f0e0122b55ba8d4d91fb921c5a,316.0,321.2,391.0,0.7261681388888889,30.0
5e55b0f0e0122b55ba8d4d91fb921c5a,347.6,321.2,351.9,0.7188938466666667,30.0
5e55b0f0e0122b55ba8d4d91fb921c5a,316.0,262.8,351.9,0.7170725333333334,40.0
5e55b0f0e0122b55ba8d4d91fb921c5a,284.4,321.2,351.9,0.708484524,36.0
5e55b0f0e0122b55ba8d4d91fb921c5a,316.0,321.2,351.9,0.6546488083333332,30.0
5e55b0f0e0122b55ba8d4d91fb921c5a,347.6,292.0,430.1,0.5318643296296297,20.0
5e55b0f0e0122b55ba8d4d91fb921c5a,284.4,292.0,430.1,0.5241631266666666,24.0
5e55b0f0e0122b55ba8d4d91fb921c5a,316.0,292.0,430.1,0.4843334675925926,20.0
5e55b0f0e0122b55ba8d4d91fb921c5a,347.6,262.8,430.1,0.4797487644444445,20.0
5e55b0f0e0122b55ba8d4d91fb921c5a,284.4,262.8,430.1,0.4728021760000001,24.0
5e55b0f0e0122b55ba8d4d91fb921c5a,347.6,321.2,430.1,0.43798492111111115,15.0
5e55b0f0e0122b55ba8d4d91fb921c5a,316.0,262.8,430.1,0.43687528888888894,20.0
5e55b0f0e0122b55ba8d4d91fb921c5a,284.4,321.2,430.1,0.43164305799999997,18.0
5e55b0f0e0122b55ba8d4d91fb921c5a,316.0,321.2,430.1,0.39884373472222223,15.0
600cd59259a79d7fa6a1bffb6451bb8a,219.0,286.0,386.0,0.9538666666666666,64.0
600cd59259a79d7fa6a1bffb6451bb8a,240.9,286.0,386.0,0.9158709777777778,56.0
600cd59259a79d7fa6a1bffb6451bb8a,197.1,286.0,386.0,0.8610236444444443,64.0
600cd59259a79d7fa6a1bffb6451bb8a,219.0,257.4,386.0,0.8604399999999999,64.0
600cd59259a79d7fa6a1bffb6451bb8a,219.0,286.0,347.4,0.85994,64.0
600cd59259a79d7fa6a1bffb6451bb8a,240.9,257.4,386.0,0.8261658066666667,56.0
600cd59259a79d7fa6a1bffb6451bb8a,240.9,286.0,347.4,0.8256857233333333,56.0
600cd59259a79d7fa6a1bffb6451bb8a,219.0,314.6,386.0,0.78547,48.0
600cd59259a79d7fa6a1bffb6451bb8a,197.1,257.4,386.0,0.7766905066666665,64.0
600cd59259a79d7fa6a1bffb6451bb8a,197.1,286.0,347.4,0.7762391733333331,64.0
600cd59259a79d7fa6a1bffb6451bb8a,219.0,257.4,347.4,0.7757129999999999,64.0
600cd59259a79d7fa6a1bffb6451bb8a,240.9,314.6,386.0,0.7541821116666668,42.0
600cd59259a79d7fa6a1bffb6451bb8a,240.9,257.4,347.4,0.7448137655,56.0
600cd59259a79d7fa6a1bffb6451bb8a,197.1,314.6,386.0,0.7090175866666667,48.0
600cd59259a79d7fa6a1bffb6451bb8a,219.0,314.6,347.4,0.70812525,48.0
600cd59259a79d7fa6a1bffb6451bb8a,197.1,257.4,347.4,0.700210268,64.0
600cd59259a79d7fa6a1bffb6451bb8a,240.9,314.6,347.4,0.6799182608750001,42.0
600cd59259a79d7fa6a1bffb6451bb8a,197.1,314.6,347.4,0.6392010589999999,48.0
600cd59259a79d7fa6a1bffb6451bb8a,219.0,286.0,424.6,0.5238966666666667,32.0
600cd59259a79d7fa6a1bffb6451bb8a,240.9,286.0,424.6,0.5030281161111112,28.0
600cd59259a79d7fa6a1bffb6451bb8a,197.1,286.0,424.6,0.4729040577777778,32.0
600cd59259a79d7fa6a1bffb6451bb8a,219.0,257.4,424.6,0.4725835,32.0
600cd59259a79d7fa6a1bffb6451bb8a,240.9,257.4,424.6,0.4537589239166667,28.0
600cd59259a79d7fa6a1bffb6451bb8a,219.0,314.6,424.6,0.431407375,24.0
600cd59259a79d7fa6a1bffb6451bb8a,197.1,257.4,424.6,0.42658537266666663,32.0
600cd59259a79d7fa6a1bffb6451bb8a,240.9,314.6,424.6,0.4142229812291668,21.0
600cd59259a79d7fa6a1bffb6451bb8a,197.1,314.6,424.6,0.3894170571666667,24.0
60eb77c934f99a121f410ec2037a2a46,336.6,266.4,355.5,0.7809424250000001,40.0
60eb77c934f99a121f410ec2037a2a46,275.4,266.4,355.5,0.7697274899999998,48.0
60eb77c934f99a121f410ec2037a2a46,336.6,325.6,355.5,0.71299699375,30.0
60eb77c934f99a121f410ec2037a2a46,306.0,266.4,355.5,0.7111909999999999,40.0
60eb77c934f99a121f410ec2037a2a46,275.4,325.6,355.5,0.7027578075,36.0
60eb77c934f99a121f410ec2037a2a46,336.6,296.0,355.5,0.6493519062500002,30.0
60eb77c934f99a121f410ec2037a2a46,306.0,325.6,355.5,0.6493142500000001,30.0
60eb77c934f99a121f410ec2037a2a46,275.4,296.0,355.5,0.6400267124999999,36.0
60eb77c934f99a121f410ec2037a2a46,306.0,296.0,355.5,0.59135375,30.0
60eb77c934f99a121f410ec2037a2a46,336.6,266.4,434.5,0.47580240416666664,20.0
60eb77c934f99a121f410ec2037a2a46,275.4,266.4,434.5,0.4689695149999999,24.0
60eb77c934f99a121f410ec2037a2a46,336.6,325.6,434.5,0.4344054989583334,15.0
60eb77c934f99a121f410ec2037a2a46,306.0,266.4,434.5,0.4333051666666667,20.0
60eb77c934f99a121f410ec2037a2a46,336.6,266.4,395.0,0.4331368083333334,20.0
60eb77c934f99a121f410ec2037a2a46,275.4,325.6,434.5,0.42816710125,18.0
60eb77c934f99a121f410ec2037a2a46,275.4,266.4,395.0,0.4269166299999999,24.0
60eb77c934f99a121f410ec2037a2a46,336.6,296.0,434.5,0.39562865104166667,15.0
60eb77c934f99a121f410ec2037a2a46,306.0,325.6,434.5,0.3956057083333333,15.0
60eb77c934f99a121f410ec2037a2a46,336.6,325.6,395.0,0.39545199791666674,15.0
60eb77c934f99a121f410ec2037a2a46,306.0,266.4,395.0,0.39445033333333335,20.0
60eb77c934f99a121f410ec2037a2a46,275.4,296.0,434.5,0.38994711874999993,18.0
60eb77c934f99a121f410ec2037a2a46,275.4,325.6,395.0,0.3897730025,18.0
60eb77c934f99a121f410ec2037a2a46,306.0,296.0,434.5,0.36029229166666665,15.0
60eb77c934f99a121f410ec2037a2a46,336.6,296.0,395.0,0.3601523020833333,15.0
60eb77c934f99a121f410ec2037a2a46,306.0,325.6,395.0,0.36013141666666665,15.0
60eb77c934f99a121f410ec2037a2a46,275.4,296.0,395.0,0.35498023749999996,18.0
60eb77c934f99a121f410ec2037a2a46,306.0,296.0,395.0,0.32798458333333336,15.0
60f9d051a89c1302333f9987840f1831,328.0,229.5,385.0,0.8898983506944445,50.0
60f9d051a89c1302333f9987840f1831,328.0,280.5,385.0,0.8660921527777777,40.0
60f9d051a89c1302333f9987840f1831,295.2,229.5,385.0,0.8025071354166666,50.0
60f9d051a89c1302333f9987840f1831,328.0,229.5,346.5,0.8022740885416667,50.0
60f9d051a89c1302333f9987840f1831,328.0,255.0,385.0,0.7890054166666667,40.0
60f9d051a89c1302333f9987840f1831,360.8,229.5,385.0,0.7818316527777779,40.0
60f9d051a89c1302333f9987840f1831,295.2,280.5,385.0,0.7810387916666668,40.0
60f9d051a89c1302333f9987840f1831,328.0,280.5,346.5,0.7808119791666667,40.0
60f9d051a89c1302333f9987840f1831,360.8,280.5,385.0,0.7609164111111111,32.0
60f9d051a89c1302333f9987840f1831,295.2,229.5,346.5,0.7234878906249999,50.0
60f9d051a89c1302333f9987840f1831,295.2,255.0,385.0,0.71152225,40.0
60f9d051a89c1302333f9987840f1831,328.0,255.0,346.5,0.711315625,40.0
60f9d051a89c1302333f9987840f1831,360.8,229.5,346.5,0.7048482291666668,40.0
60f9d051a89c1302333f9987840f1831,295.2,280.5,346.5,0.7041334375,40.0
60f9d051a89c1302333f9987840f1831,360.8,255.0,385.0,0.6931908666666667,32.0
60f9d051a89c1302333f9987840f1831,360.8,280.5,346.5,0.6859924166666667,32.0
60f9d051a89c1302333f9987840f1831,295.2,255.0,346.5,0.641461875,40.0
60f9d051a89c1302333f9987840f1831,360.8,255.0,346.5,0.6249355,32.0
60f9d051a89c1302333f9987840f1831,328.0,229.5,423.5,0.4887613064236111,25.0
60f9d051a89c1302333f9987840f1831,328.0,280.5,423.5,0.47568616319444446,20.0
60f9d051a89c1302333f9987840f1831,295.2,229.5,423.5,0.4407631901041666,25.0
60f9d051a89c1302333f9987840f1831,328.0,255.0,423.5,0.4333476041666667,20.0
60f9d051a89c1302333f9987840f1831,360.8,229.5,423.5,0.4294075381944445,20.0
60f9d051a89c1302333f9987840f1831,295.2,280.5,423.5,0.42897207291666667,20.0
60f9d051a89c1302333f9987840f1831,360.8,280.5,423.5,0.41792020277777775,16.0
60f9d051a89c1302333f9987840f1831,295.2,255.0,423.5,0.3907913125,20.0
60f9d051a89c1302333f9987840f1831,360.8,255.0,423.5,0.3807231166666667,16.0
614801e8bbdec32546c0d92055dfb596,194.0,288.0,388.0,0.9653,72.0
614801e8bbdec32546c0d92055dfb596,213.4,288.0,388.0,0.9412747555555555,64.0
614801e8bbdec32546c0d92055dfb596,174.6,288.0,388.0,0.8716659,72.0
614801e8bbdec32546c0d92055dfb596,194.0,259.2,388.0,0.87074,72.0
614801e8bbdec32546c0d92055dfb596,194.0,288.0,349.2,0.87024,72.0
614801e8bbdec32546c0d92055dfb596,213.4,259.2,388.0,0.8490682488888889,64.0
614801e8bbdec32546c0d92055dfb596,213.4,288.0,349.2,0.8485806933333333,64.0
614801e8bbdec32546c0d92055dfb596,194.0,316.8,388.0,0.794895,54.0
614801e8bbdec32546c0d92055dfb596,174.6,259.2,388.0,0.7862782199999999,72.0
614801e8bbdec32546c0d92055dfb596,174.6,288.0,349.2,0.7858267200000001,72.0
614801e8bbdec32546c0d92055dfb596,194.0,259.2,349.2,0.784992,72.0
614801e8bbdec32546c0d92055dfb596,213.4,316.8,388.0,0.7751109466666668,48.0
614801e8bbdec32546c0d92055dfb596,213.4,259.2,349.2,0.7654544213333333,64.0
614801e8bbdec32546c0d92055dfb596,174.6,316.8,388.0,0.717790185,54.0
614801e8bbdec32546c0d92055dfb596,194.0,316.8,349.2,0.716616,54.0
614801e8bbdec32546c0d92055dfb596,174.6,259.2,349.2,0.7088477759999999,72.0
614801e8bbdec32546c0d92055dfb596,213.4,316.8,349.2,0.6987802240000001,48.0
614801e8bbdec32546c0d92055dfb596,174.6,316.8,349.2,0.6471042480000001,54.0
614801e8bbdec32546c0d92055dfb596,194.0,288.0,426.8,0.53018,36.0
614801e8bbdec32546c0d92055dfb596,213.4,288.0,426.8,0.516984408888889,32.0
614801e8bbdec32546c0d92055dfb596,174.6,288.0,426.8,0.47875254000000006,36.0
614801e8bbdec32546c0d92055dfb596,194.0,259.2,426.8,0.478244,36.0
614801e8bbdec32546c0d92055dfb596,213.4,259.2,426.8,0.4663410382222222,32.0
614801e8bbdec32546c0d92055dfb596,194.0,316.8,426.8,0.436587,27.0
614801e8bbdec32546c0d92055dfb596,174.6,259.2,426.8,0.4318543319999999,36.0
614801e8bbdec32546c0d92055dfb596,213.4,316.8,426.8,0.42572083466666677,24.0
614801e8bbdec32546c0d92055dfb596,174.6,316.8,426.8,0.394238061,27.0
6317bf81cd9d3fe0f209963e7fd234f7,172.0,282.0,380.0,0.9161066666666666,80.0
6317bf81cd9d3fe0f209963e7fd234f7,154.8,282.0,380.0,0.9103424000000002,88.0
6317bf81cd9d3fe0f209963e7fd234f7,189.2,282.0,380.0,0.9041663999999999,72.0
6317bf81cd9d3fe0f209963e7fd234f7,172.0,253.8,380.0,0.8264045555555557,80.0
6317bf81cd9d3fe0f209963e7fd234f7,172.0,282.0,342.0,0.82592,80.0
6317bf81cd9d3fe0f209963e7fd234f7,154.8,253.8,380.0,0.8212047066666668,88.0
6317bf81cd9d3fe0f209963e7fd234f7,154.8,282.0,342.0,0.8207232000000001,88.0
6317bf81cd9d3fe0f209963e7fd234f7,189.2,253.8,380.0,0.8156334399999999,72.0
6317bf81cd9d3fe0f209963e7fd234f7,189.2,282.0,342.0,0.8151552000000001,72.0
6317bf81cd9d3fe0f209963e7fd234f7,172.0,310.2,380.0,0.7543565833333332,60.0
6317bf81cd9d3fe0f209963e7fd234f7,154.8,310.2,380.0,0.7496100699999999,66.0
6317bf81cd9d3fe0f209963e7fd234f7,172.0,253.8,342.0,0.7450486666666667,80.0
6317bf81cd9d3fe0f209963e7fd234f7,189.2,310.2,380.0,0.7445245199999999,54.0
6317bf81cd9d3fe0f209963e7fd234f7,154.8,253.8,342.0,0.7403607200000001,88.0
6317bf81cd9d3fe0f209963e7fd234f7,189.2,253.8,342.0,0.7353379199999999,72.0
6317bf81cd9d3fe0f209963e7fd234f7,172.0,310.2,342.0,0.6800935,60.0
6317bf81cd9d3fe0f209963e7fd234f7,154.8,310.2,342.0,0.67581426,66.0
6317bf81cd9d3fe0f209963e7fd234f7,189.2,310.2,342.0,0.6712293599999998,54.0
6317bf81cd9d3fe0f209963e7fd234f7,172.0,282.0,418.0,0.5031466666666666,40.0
6317bf81cd9d3fe0f209963e7fd234f7,154.8,282.0,418.0,0.49998080000000006,44.0
6317bf81cd9d3fe0f209963e7fd234f7,189.2,282.0,418.0,0.4965888,36.0
6317bf81cd9d3fe0f209963e7fd234f7,172.0,253.8,418.0,0.45388022222222224,40.0
6317bf81cd9d3fe0f209963e7fd234f7,154.8,253.8,418.0,0.45102434666666663,44.0
6317bf81cd9d3fe0f209963e7fd234f7,189.2,253.8,418.0,0.44796447999999994,36.0
6317bf81cd9d3fe0f209963e7fd234f7,172.0,310.2,418.0,0.4143098333333333,30.0
6317bf81cd9d3fe0f209963e7fd234f7,154.8,310.2,418.0,0.41170293999999996,33.0
6317bf81cd9d3fe0f209963e7fd234f7,189.2,310.2,418.0,0.40890983999999997,27.0
631adf6ff70b5781bcd77a8f20a140e0,172.8,286.0,386.0,0.9475075555555557,80.0
631adf6ff70b5781bcd77a8f20a140e0,192.0,286.0,386.0,0.944328,72.0
631adf6ff70b5781bcd77a8f20a140e0,211.2,286.0,386.0,0.9207992888888887,64.0
631adf6ff70b5781bcd77a8f20a140e0,172.8,257.4,386.0,0.8547037333333334,80.0
631adf6ff70b5781bcd77a8f20a140e0,172.8,286.0,347.4,0.8542070666666667,80.0
631adf6ff70b5781bcd77a8f20a140e0,192.0,257.4,386.0,0.8518356,72.0
631adf6ff70b5781bcd77a8f20a140e0,192.0,286.0,347.4,0.8513406,72.0
631adf6ff70b5781bcd77a8f20a140e0,211.2,257.4,386.0,0.8306114133333332,64.0
631adf6ff70b5781bcd77a8f20a140e0,211.2,286.0,347.4,0.8301287466666666,64.0
631adf6ff70b5781bcd77a8f20a140e0,172.8,314.6,386.0,0.7802335333333335,60.0
631adf6ff70b5781bcd77a8f20a140e0,192.0,314.6,386.0,0.7776153,54.0
631adf6ff70b5781bcd77a8f20a140e0,172.8,257.4,347.4,0.7705415799999998,80.0
631adf6ff70b5781bcd77a8f20a140e0,192.0,257.4,347.4,0.76795587,72.0
631adf6ff70b5781bcd77a8f20a140e0,211.2,314.6,386.0,0.7582403733333334,48.0
631adf6ff70b5781bcd77a8f20a140e0,211.2,257.4,347.4,0.7488216159999999,64.0
631adf6ff70b5781bcd77a8f20a140e0,172.8,314.6,347.4,0.7034044150000001,60.0
631adf6ff70b5781bcd77a8f20a140e0,192.0,314.6,347.4,0.7010439974999999,54.0
631adf6ff70b5781bcd77a8f20a140e0,211.2,314.6,347.4,0.6835769080000001,48.0
631adf6ff70b5781bcd77a8f20a140e0,172.8,286.0,424.6,0.5204040222222224,40.0
631adf6ff70b5781bcd77a8f20a140e0,192.0,286.0,424.6,0.5186577,36.0
631adf6ff70b5781bcd77a8f20a140e0,211.2,286.0,424.6,0.5057349155555555,32.0
631adf6ff70b5781bcd77a8f20a140e0,172.8,257.4,424.6,0.4694329433333333,40.0
631adf6ff70b5781bcd77a8f20a140e0,192.0,257.4,424.6,0.4678576650000001,36.0
631adf6ff70b5781bcd77a8f20a140e0,211.2,257.4,424.6,0.4562006053333333,32.0
631adf6ff70b5781bcd77a8f20a140e0,172.8,314.6,424.6,0.42853132583333337,30.0
631adf6ff70b5781bcd77a8f20a140e0,192.0,314.6,424.6,0.42709330125000006,27.0
631adf6ff70b5781bcd77a8f20a140e0,211.2,314.6,424.6,0.4164519193333334,24.0
63849e2a342c002e41cdca735b7ffa35,206.1,283.0,381.0,0.8785889,64.0
63849e2a342c002e41cdca735b7ffa35,229.0,283.0,381.0,0.8517672916666666,56.0
63849e2a342c002e41cdca735b7ffa35,251.9,283.0,381.0,0.801230825,48.0
63849e2a342c002e41cdca735b7ffa35,206.1,254.7,381.0,0.7925540699999999,64.0
63849e2a342c002e41cdca735b7ffa35,206.1,283.0,342.9,0.7920921633333333,64.0
63849e2a342c002e41cdca735b7ffa35,229.0,254.7,381.0,0.7683589375,56.0
63849e2a342c002e41cdca735b7ffa35,229.0,283.0,342.9,0.7679111319444445,56.0
63849e2a342c002e41cdca735b7ffa35,206.1,311.3,381.0,0.7234677975,48.0
63849e2a342c002e41cdca735b7ffa35,251.9,254.7,381.0,0.7227711974999999,48.0
63849e2a342c002e41cdca735b7ffa35,251.9,283.0,342.9,0.7223499608333331,48.0
63849e2a342c002e41cdca735b7ffa35,206.1,254.7,342.9,0.7145274289999999,64.0
63849e2a342c002e41cdca735b7ffa35,229.0,311.3,381.0,0.701381734375,42.0
63849e2a342c002e41cdca735b7ffa35,229.0,254.7,342.9,0.6927142979166665,56.0
63849e2a342c002e41cdca735b7ffa35,251.9,311.3,381.0,0.659767839375,36.0
63849e2a342c002e41cdca735b7ffa35,206.1,311.3,342.9,0.65224267325,48.0
63849e2a342c002e41cdca735b7ffa35,251.9,254.7,342.9,0.6516146532499999,48.0
63849e2a342c002e41cdca735b7ffa35,229.0,311.3,342.9,0.6323309744791665,42.0
63849e2a342c002e41cdca735b7ffa35,251.9,311.3,342.9,0.5948139513124999,36.0
63849e2a342c002e41cdca735b7ffa35,206.1,283.0,419.1,0.48254281833333335,32.0
63849e2a342c002e41cdca735b7ffa35,229.0,283.0,419.1,0.46781172569444446,28.0
63849e2a342c002e41cdca735b7ffa35,251.9,283.0,419.1,0.4400558445833333,24.0
63849e2a342c002e41cdca735b7ffa35,206.1,254.7,419.1,0.43529035549999995,32.0
63849e2a342c002e41cdca735b7ffa35,229.0,254.7,419.1,0.42200178854166676,28.0
63849e2a342c002e41cdca735b7ffa35,206.1,311.3,419.1,0.39734646087500003,24.0
63849e2a342c002e41cdca735b7ffa35,251.9,254.7,419.1,0.3969638708749999,24.0
63849e2a342c002e41cdca735b7ffa35,229.0,311.3,419.1,0.3852162471354167,21.0
63849e2a342c002e41cdca735b7ffa35,251.9,311.3,419.1,0.36236086371875004,18.0
6606e81b2f59d36618cddb9ed77287c3,218.9,229.5,393.0,0.9783618541666667,80.0
6606e81b2f59d36618cddb9ed77287c3,218.9,280.5,393.0,0.9521891166666666,64.0
6606e81b2f59d36618cddb9ed77287c3,179.1,229.5,393.0,0.9058765078125,90.0
6606e81b2f59d36618cddb9ed77287c3,199.0,229.5,393.0,0.8917927083333334,80.0
6606e81b2f59d36618cddb9ed77287c3,218.9,229.5,353.7,0.8819968895833333,80.0
6606e81b2f59d36618cddb9ed77287c3,179.1,280.5,393.0,0.88164286875,72.0
6606e81b2f59d36618cddb9ed77287c3,199.0,280.5,393.0,0.8679358333333334,64.0
6606e81b2f59d36618cddb9ed77287c3,218.9,255.0,393.0,0.8674393,64.0
6606e81b2f59d36618cddb9ed77287c3,218.9,280.5,353.7,0.8584020683333333,64.0
6606e81b2f59d36618cddb9ed77287c3,179.1,229.5,353.7,0.8166510773437499,90.0
6606e81b2f59d36618cddb9ed77287c3,199.0,229.5,353.7,0.8039544791666666,80.0
6606e81b2f59d36618cddb9ed77287c3,179.1,255.0,393.0,0.8031720375,72.0
6606e81b2f59d36618cddb9ed77287c3,179.1,280.5,353.7,0.794804360625,72.0
6606e81b2f59d36618cddb9ed77287c3,199.0,255.0,393.0,0.790685,64.0
6606e81b2f59d36618cddb9ed77287c3,199.0,280.5,353.7,0.7824474166666666,64.0
6606e81b2f59d36618cddb9ed77287c3,218.9,255.0,353.7,0.78199979,64.0
6606e81b2f59d36618cddb9ed77287c3,179.1,255.0,353.7,0.7240626112499998,72.0
6606e81b2f59d36618cddb9ed77287c3,199.0,255.0,353.7,0.7128055,64.0
6606e81b2f59d36618cddb9ed77287c3,218.9,229.5,432.3,0.537363409375,40.0
6606e81b2f59d36618cddb9ed77287c3,218.9,280.5,432.3,0.5229880825000001,32.0
6606e81b2f59d36618cddb9ed77287c3,179.1,229.5,432.3,0.49755096914062497,45.0
6606e81b2f59d36618cddb9ed77287c3,199.0,229.5,432.3,0.48981546875,40.0
6606e81b2f59d36618cddb9ed77287c3,179.1,280.5,432.3,0.48424068843750007,36.0
6606e81b2f59d36618cddb9ed77287c3,199.0,280.5,432.3,0.476712125,32.0
6606e81b2f59d36618cddb9ed77287c3,218.9,255.0,432.3,0.47643940500000004,32.0
6606e81b2f59d36618cddb9ed77287c3,179.1,255.0,432.3,0.44114073187499997,36.0
6606e81b2f59d36618cddb9ed77287c3,199.0,255.0,432.3,0.43428225,32.0
67894c5a8355ca9b7e57b96362fa45f1,169.0,288.0,388.0,0.9384861111111111,80.0
67894c5a8355ca9b7e57b96362fa45f1,152.1,288.0,388.0,0.9326406833333335,88.0
67894c5a8355ca9b7e57b96362fa45f1,185.9,288.0,388.0,0.9262053499999999,72.0
67894c5a8355ca9b7e57b96362fa45f1,169.0,259.2,388.0,0.8465527777777778,80.0
67894c5a8355ca9b7e57b96362fa45f1,169.0,288.0,349.2,0.8460666666666666,80.0
67894c5a8355ca9b7e57b96362fa45f1,152.1,259.2,388.0,0.8412799633333332,88.0
67894c5a8355ca9b7e57b96362fa45f1,152.1,288.0,349.2,0.84079688,88.0
67894c5a8355ca9b7e57b96362fa45f1,185.9,259.2,388.0,0.8354750299999999,72.0
67894c5a8355ca9b7e57b96362fa45f1,185.9,288.0,349.2,0.8349952799999999,72.0
67894c5a8355ca9b7e57b96362fa45f1,169.0,316.8,388.0,0.7728145833333333,60.0
67894c5a8355ca9b7e57b96362fa45f1,152.1,316.8,388.0,0.7680010525000001,66.0
67894c5a8355ca9b7e57b96362fa45f1,169.0,259.2,349.2,0.7631866666666667,80.0
67894c5a8355ca9b7e57b96362fa45f1,185.9,316.8,388.0,0.7627017525,54.0
67894c5a8355ca9b7e57b96362fa45f1,152.1,259.2,349.2,0.758433104,88.0
67894c5a8355ca9b7e57b96362fa45f1,185.9,259.2,349.2,0.7531998239999999,72.0
67894c5a8355ca9b7e57b96362fa45f1,169.0,316.8,349.2,0.69671,60.0
67894c5a8355ca9b7e57b96362fa45f1,152.1,316.8,349.2,0.6923704919999999,66.0
67894c5a8355ca9b7e57b96362fa45f1,185.9,316.8,349.2,0.687593052,54.0
67894c5a8355ca9b7e57b96362fa45f1,169.0,288.0,426.8,0.5154527777777778,40.0
67894c5a8355ca9b7e57b96362fa45f1,152.1,288.0,426.8,0.5122422433333333,44.0
67894c5a8355ca9b7e57b96362fa45f1,185.9,288.0,426.8,0.5087077099999999,36.0
67894c5a8355ca9b7e57b96362fa45f1,169.0,259.2,426.8,0.4649594444444444,40.0
67894c5a8355ca9b7e57b96362fa45f1,152.1,259.2,426.8,0.4620634113333333,44.0
67894c5a8355ca9b7e57b96362fa45f1,185.9,259.2,426.8,0.458875118,36.0
67894c5a8355ca9b7e57b96362fa45f1,169.0,316.8,426.8,0.42445958333333333,30.0
67894c5a8355ca9b7e57b96362fa45f1,152.1,316.8,426.8,0.4218158065,33.0
67894c5a8355ca9b7e57b96362fa45f1,185.9,316.8,426.8,0.41890522650000006,27.0
689d55a5924317429c37f70116fcf10b,247.5,229.5,393.0,0.9649305859375,70.0
689d55a5924317429c37f70116fcf10b,247.5,280.5,393.0,0.93911715625,56.0
689d55a5924317429c37f70116fcf10b,275.0,229.5,393.0,0.91680640625,60.0
689d55a5924317429c37f70116fcf10b,275.0,280.5,393.0,0.892280375,48.0
689d55a5924317429c37f70116fcf10b,247.5,229.5,353.7,0.8698885507812498,70.0
689d55a5924317429c37f70116fcf10b,247.5,255.0,393.0,0.8555308125,56.0
689d55a5924317429c37f70116fcf10b,247.5,280.5,353.7,0.846617646875,56.0
689d55a5924317429c37f70116fcf10b,302.5,229.5,393.0,0.8387745442708333,50.0
689d55a5924317429c37f70116fcf10b,275.0,229.5,353.7,0.8265044218749998,60.0
689d55a5924317429c37f70116fcf10b,302.5,280.5,393.0,0.8163359895833333,40.0
689d55a5924317429c37f70116fcf10b,275.0,255.0,393.0,0.81286275,48.0
689d55a5924317429c37f70116fcf10b,275.0,280.5,353.7,0.8043941125,48.0
689d55a5924317429c37f70116fcf10b,247.5,255.0,353.7,0.77126424375,56.0
689d55a5924317429c37f70116fcf10b,302.5,229.5,353.7,0.7561584049479166,50.0
689d55a5924317429c37f70116fcf10b,302.5,255.0,393.0,0.7436778125,40.0
689d55a5924317429c37f70116fcf10b,302.5,280.5,353.7,0.7359299635416666,40.0
689d55a5924317429c37f70116fcf10b,275.0,255.0,353.7,0.7327988249999999,48.0
689d55a5924317429c37f70116fcf10b,302.5,255.0,353.7,0.67042834375,40.0
689d55a5924317429c37f70116fcf10b,247.5,229.5,432.3,0.5299863105468751,35.0
689d55a5924317429c37f70116fcf10b,247.5,280.5,432.3,0.5158083328125,28.0
689d55a5924317429c37f70116fcf10b,275.0,229.5,432.3,0.5035541953125001,30.0
689d55a5924317429c37f70116fcf10b,275.0,280.5,432.3,0.49008331875000005,24.0
689d55a5924317429c37f70116fcf10b,247.5,255.0,432.3,0.469898690625,28.0
689d55a5924317429c37f70116fcf10b,302.5,229.5,432.3,0.460695341796875,25.0
689d55a5924317429c37f70116fcf10b,302.5,280.5,432.3,0.4483710078125,20.0
689d55a5924317429c37f70116fcf10b,275.0,255.0,432.3,0.4464633375,24.0
689d55a5924317429c37f70116fcf10b,302.5,255.0,432.3,0.40846364062500007,20.0
6a29db0cef2137d2bb15a27d61f064bd,243.0,229.5,393.0,0.947801640625,70.0
6a29db0cef2137d2bb15a27d61f064bd,243.0,280.5,393.0,0.9224464375,56.0
6a29db0cef2137d2bb15a27d61f064bd,270.0,229.5,393.0,0.900493125,60.0
6a29db0cef2137d2bb15a27d61f064bd,270.0,280.5,393.0,0.8764035,48.0
6a29db0cef2137d2bb15a27d61f064bd,243.0,229.5,353.7,0.8544467421875,70.0
6a29db0cef2137d2bb15a27d61f064bd,243.0,255.0,393.0,0.840343875,56.0
6a29db0cef2137d2bb15a27d61f064bd,243.0,280.5,353.7,0.83158893125,56.0
6a29db0cef2137d2bb15a27d61f064bd,297.0,229.5,393.0,0.823820703125,50.0
6a29db0cef2137d2bb15a27d61f064bd,270.0,229.5,353.7,0.8117979374999998,60.0
6a29db0cef2137d2bb15a27d61f064bd,297.0,280.5,393.0,0.8017821875,40.0
6a29db0cef2137d2bb15a27d61f064bd,270.0,255.0,393.0,0.798399,48.0
6a29db0cef2137d2bb15a27d61f064bd,270.0,280.5,353.7,0.7900810500000001,48.0
6a29db0cef2137d2bb15a27d61f064bd,243.0,255.0,353.7,0.7575731625,56.0
6a29db0cef2137d2bb15a27d61f064bd,297.0,229.5,353.7,0.7426774609375,50.0
6a29db0cef2137d2bb15a27d61f064bd,297.0,255.0,393.0,0.730419375,40.0
6a29db0cef2137d2bb15a27d61f064bd,297.0,280.5,353.7,0.72280965625,40.0
6a29db0cef2137d2bb15a27d61f064bd,270.0,255.0,353.7,0.7197596999999999,48.0
6a29db0cef2137d2bb15a27d61f064bd,297.0,255.0,353.7,0.6584758125,40.0
6a29db0cef2137d2bb15a27d61f064bd,243.0,229.5,432.3,0.52057826953125,35.0
6a29db0cef2137d2bb15a27d61f064bd,243.0,280.5,432.3,0.506651971875,28.0
6a29db0cef2137d2bb15a27d61f064bd,270.0,229.5,432.3,0.4945941562500001,30.0
6a29db0cef2137d2bb15a27d61f064bd,270.0,280.5,432.3,0.481362975,24.0
6a29db0cef2137d2bb15a27d61f064bd,243.0,255.0,432.3,0.46155729375,28.0
6a29db0cef2137d2bb15a27d61f064bd,297.0,229.5,432.3,0.45248197265625,25.0
6a29db0cef2137d2bb15a27d61f064bd,297.0,280.5,432.3,0.440377359375,20.0
6a29db0cef2137d2bb15a27d61f064bd,270.0,255.0,432.3,0.43851915,24.0
6a29db0cef2137d2bb15a27d61f064bd,297.0,255.0,432.3,0.40118146875,20.0
6bd5fa9e984e7243519003fc969aa30d,244.0,286.0,386.0,0.9273703703703704,56.0
6bd5fa9e984e7243519003fc969aa30d,268.4,286.0,386.0,0.8724700444444443,48.0
6bd5fa9e984e7243519003fc969aa30d,219.6,286.0,386.0,0.8368590222222222,56.0
6bd5fa9e984e7243519003fc969aa30d,244.0,257.4,386.0,0.8365388888888889,56.0
6bd5fa9e984e7243519003fc969aa30d,244.0,286.0,347.4,0.8360527777777778,56.0
6bd5fa9e984e7243519003fc969aa30d,268.4,257.4,386.0,0.7870157866666666,48.0
6bd5fa9e984e7243519003fc969aa30d,268.4,286.0,347.4,0.7865584533333332,48.0
6bd5fa9e984e7243519003fc969aa30d,244.0,314.6,386.0,0.7636513888888888,42.0
6bd5fa9e984e7243519003fc969aa30d,219.6,257.4,386.0,0.7548926933333332,56.0
6bd5fa9e984e7243519003fc969aa30d,219.6,286.0,347.4,0.7544540266666665,56.0
6bd5fa9e984e7243519003fc969aa30d,244.0,257.4,347.4,0.7541654166666667,56.0
6bd5fa9e984e7243519003fc969aa30d,268.4,314.6,386.0,0.7184432266666667,36.0
6bd5fa9e984e7243519003fc969aa30d,268.4,257.4,347.4,0.7095188239999999,48.0
6bd5fa9e984e7243519003fc969aa30d,219.6,314.6,386.0,0.6891190133333334,42.0
6bd5fa9e984e7243519003fc969aa30d,244.0,314.6,347.4,0.6884551041666667,42.0
6bd5fa9e984e7243519003fc969aa30d,219.6,257.4,347.4,0.6805588719999999,56.0
6bd5fa9e984e7243519003fc969aa30d,268.4,314.6,347.4,0.647698562,36.0
6bd5fa9e984e7243519003fc969aa30d,219.6,314.6,347.4,0.621261886,42.0
6bd5fa9e984e7243519003fc969aa30d,244.0,286.0,424.6,0.5093439814814815,28.0
6bd5fa9e984e7243519003fc969aa30d,268.4,286.0,424.6,0.4791908177777777,24.0
6bd5fa9e984e7243519003fc969aa30d,219.6,286.0,424.6,0.4596320088888889,28.0
6bd5fa9e984e7243519003fc969aa30d,244.0,257.4,424.6,0.45945618055555554,28.0
6bd5fa9e984e7243519003fc969aa30d,268.4,257.4,424.6,0.43225637466666667,24.0
6bd5fa9e984e7243519003fc969aa30d,244.0,314.6,424.6,0.41942383680555556,21.0
6bd5fa9e984e7243519003fc969aa30d,219.6,257.4,424.6,0.4146132573333334,28.0
6bd5fa9e984e7243519003fc969aa30d,268.4,314.6,424.6,0.39459394566666667,18.0
6bd5fa9e984e7243519003fc969aa30d,219.6,314.6,424.6,0.3784880703333333,21.0
6bf7838d3709d8f15fdad06ed6484d8e,286.0,229.5,393.0,0.952695625,60.0
6bf7838d3709d8f15fdad06ed6484d8e,286.0,280.5,393.0,0.9272095,48.0
6bf7838d3709d8f15fdad06ed6484d8e,234.0,229.5,393.0,0.91354375,70.0
6bf7838d3709d8f15fdad06ed6484d8e,234.0,280.5,393.0,0.889105,56.0
6bf7838d3709d8f15fdad06ed6484d8e,260.0,229.5,393.0,0.8678665625,60.0
6bf7838d3709d8f15fdad06ed6484d8e,286.0,229.5,353.7,0.8588586875,60.0
6bf7838d3709d8f15fdad06ed6484d8e,286.0,255.0,393.0,0.844683,48.0
6bf7838d3709d8f15fdad06ed6484d8e,260.0,280.5,393.0,0.84464975,48.0
6bf7838d3709d8f15fdad06ed6484d8e,286.0,280.5,353.7,0.83588285,48.0
6bf7838d3709d8f15fdad06ed6484d8e,234.0,229.5,353.7,0.823563125,70.0
6bf7838d3709d8f15fdad06ed6484d8e,234.0,255.0,393.0,0.80997,56.0
6bf7838d3709d8f15fdad06ed6484d8e,234.0,280.5,353.7,0.8015315,56.0
6bf7838d3709d8f15fdad06ed6484d8e,260.0,229.5,353.7,0.7823849687499999,60.0
6bf7838d3709d8f15fdad06ed6484d8e,260.0,255.0,393.0,0.7694715,48.0
6bf7838d3709d8f15fdad06ed6484d8e,286.0,255.0,353.7,0.7614848999999999,48.0
6bf7838d3709d8f15fdad06ed6484d8e,260.0,280.5,353.7,0.761454925,48.0
6bf7838d3709d8f15fdad06ed6484d8e,234.0,255.0,353.7,0.730191,56.0
6bf7838d3709d8f15fdad06ed6484d8e,260.0,255.0,353.7,0.6936814499999999,48.0
6bf7838d3709d8f15fdad06ed6484d8e,286.0,229.5,432.3,0.52326628125,30.0
6bf7838d3709d8f15fdad06ed6484d8e,286.0,280.5,432.3,0.5092680749999999,24.0
6bf7838d3709d8f15fdad06ed6484d8e,234.0,229.5,432.3,0.5017621875,35.0
6bf7838d3709d8f15fdad06ed6484d8e,234.0,280.5,432.3,0.48833925,28.0
6bf7838d3709d8f15fdad06ed6484d8e,260.0,229.5,432.3,0.47667407812500007,30.0
6bf7838d3709d8f15fdad06ed6484d8e,286.0,255.0,432.3,0.46394055000000006,24.0
6bf7838d3709d8f15fdad06ed6484d8e,260.0,280.5,432.3,0.4639222875,24.0
6bf7838d3709d8f15fdad06ed6484d8e,234.0,255.0,432.3,0.4448745,28.0
6bf7838d3709d8f15fdad06ed6484d8e,260.0,255.0,432.3,0.422630775,24.0
6d3b65a1af8cc152d64aed67c4b13230,171.9,285.0,383.0,0.9323195416666666,80.0
6d3b65a1af8cc152d64aed67c4b13230,191.0,285.0,383.0,0.929175125,72.0
6d3b65a1af8cc152d64aed67c4b13230,210.1,285.0,383.0,0.9060112555555555,64.0
6d3b65a1af8cc152d64aed67c4b13230,171.9,256.5,383.0,0.8410098958333333,80.0
6d3b65a1af8cc152d64aed67c4b13230,171.9,285.0,344.7,0.8405256125,80.0
6d3b65a1af8cc152d64aed67c4b13230,191.0,256.5,383.0,0.8381734375,72.0
6d3b65a1af8cc152d64aed67c4b13230,191.0,285.0,344.7,0.8376907874999999,72.0
6d3b65a1af8cc152d64aed67c4b13230,210.1,256.5,383.0,0.8172781944444445,64.0
6d3b65a1af8cc152d64aed67c4b13230,210.1,285.0,344.7,0.8168075766666667,64.0
6d3b65a1af8cc152d64aed67c4b13230,171.9,313.5,383.0,0.7677218906250002,60.0
6d3b65a1af8cc152d64aed67c4b13230,191.0,313.5,383.0,0.765132609375,54.0
6d3b65a1af8cc152d64aed67c4b13230,171.9,256.5,344.7,0.75820609375,80.0
6d3b65a1af8cc152d64aed67c4b13230,191.0,256.5,344.7,0.75564890625,72.0
6d3b65a1af8cc152d64aed67c4b13230,210.1,313.5,383.0,0.7460582374999999,48.0
6d3b65a1af8cc152d64aed67c4b13230,210.1,256.5,344.7,0.7368109583333333,64.0
6d3b65a1af8cc152d64aed67c4b13230,171.9,313.5,344.7,0.6921338484375,60.0
6d3b65a1af8cc152d64aed67c4b13230,191.0,313.5,344.7,0.6897995015625,54.0
6d3b65a1af8cc152d64aed67c4b13230,210.1,313.5,344.7,0.6726031462499998,48.0
6d3b65a1af8cc152d64aed67c4b13230,171.9,285.0,421.3,0.5120567354166667,40.0
6d3b65a1af8cc152d64aed67c4b13230,191.0,285.0,421.3,0.51032973125,36.0
6d3b65a1af8cc152d64aed67c4b13230,210.1,285.0,421.3,0.4976074672222222,32.0
6d3b65a1af8cc152d64aed67c4b13230,171.9,256.5,421.3,0.46190684895833334,40.0
6d3b65a1af8cc152d64aed67c4b13230,191.0,256.5,421.3,0.460348984375,36.0
6d3b65a1af8cc152d64aed67c4b13230,210.1,256.5,421.3,0.4488727152777778,32.0
6d3b65a1af8cc152d64aed67c4b13230,171.9,313.5,421.3,0.42165496640625005,30.0
6d3b65a1af8cc152d64aed67c4b13230,191.0,313.5,421.3,0.42023285859375,27.0
6d3b65a1af8cc152d64aed67c4b13230,210.1,313.5,421.3,0.40975666437499997,24.0
6d3c3bcdfc4034e3424078243e7668a1,286.0,286.0,386.0,0.9284302222222223,48.0
6d3c3bcdfc4034e3424078243e7668a1,314.6,286.0,386.0,0.8494712592592594,40.0
6d3c3bcdfc4034e3424078243e7668a1,257.4,286.0,386.0,0.8374949333333331,48.0
6d3c3bcdfc4034e3424078243e7668a1,286.0,257.4,386.0,0.8374949333333331,48.0
6d3c3bcdfc4034e3424078243e7668a1,286.0,286.0,347.4,0.8370082666666666,48.0
6d3c3bcdfc4034e3424078243e7668a1,314.6,257.4,386.0,0.7662696222222221,40.0
6d3c3bcdfc4034e3424078243e7668a1,314.6,286.0,347.4,0.7658243444444445,40.0
6d3c3bcdfc4034e3424078243e7668a1,286.0,314.6,386.0,0.7645241333333334,36.0
6d3c3bcdfc4034e3424078243e7668a1,257.4,257.4,386.0,0.7554663199999997,48.0
6d3c3bcdfc4034e3424078243e7668a1,257.4,286.0,347.4,0.7550273199999998,48.0
6d3c3bcdfc4034e3424078243e7668a1,286.0,257.4,347.4,0.7550273199999998,48.0
6d3c3bcdfc4034e3424078243e7668a1,314.6,314.6,386.0,0.6995046722222223,30.0
6d3c3bcdfc4034e3424078243e7668a1,314.6,257.4,347.4,0.6908155216666666,40.0
6d3c3bcdfc4034e3424078243e7668a1,257.4,314.6,386.0,0.6896426599999999,36.0
6d3c3bcdfc4034e3424078243e7668a1,286.0,314.6,347.4,0.68924191,36.0
6d3c3bcdfc4034e3424078243e7668a1,257.4,257.4,347.4,0.6810760139999998,48.0
6d3c3bcdfc4034e3424078243e7668a1,314.6,314.6,347.4,0.6306248754166667,30.0
6d3c3bcdfc4034e3424078243e7668a1,257.4,314.6,347.4,0.6217339694999998,36.0
6d3c3bcdfc4034e3424078243e7668a1,286.0,286.0,424.6,0.5099260888888888,24.0
6d3c3bcdfc4034e3424078243e7668a1,314.6,286.0,424.6,0.4665590870370371,20.0
6d3c3bcdfc4034e3424078243e7668a1,257.4,286.0,424.6,0.4599812733333333,24.0
6d3c3bcdfc4034e3424078243e7668a1,286.0,257.4,424.6,0.4599812733333333,24.0
6d3c3bcdfc4034e3424078243e7668a1,314.6,257.4,424.6,0.4208618613888889,20.0
6d3c3bcdfc4034e3424078243e7668a1,286.0,314.6,424.6,0.4199031783333334,18.0
6d3c3bcdfc4034e3424078243e7668a1,257.4,257.4,424.6,0.4149283129999999,24.0
6d3c3bcdfc4034e3424078243e7668a1,314.6,314.6,424.6,0.38419223451388895,15.0
6d3c3bcdfc4034e3424078243e7668a1,257.4,314.6,424.6,0.37877567525,18.0
6d5c1314ab281dbdd56dc5dde84579b9,245.0,266.4,355.5,0.8010016583333333,56.0
6d5c1314ab281dbdd56dc5dde84579b9,269.5,266.4,355.5,0.7535889250000001,48.0
6d5c1314ab281dbdd56dc5dde84579b9,245.0,325.6,355.5,0.7313109854166667,42.0
6d5c1314ab281dbdd56dc5dde84579b9,220.5,266.4,355.5,0.7228162374999999,56.0
6d5c1314ab281dbdd56dc5dde84579b9,269.5,325.6,355.5,0.68802336875,36.0
6d5c1314ab281dbdd56dc5dde84579b9,245.0,296.0,355.5,0.6660311145833333,42.0
6d5c1314ab281dbdd56dc5dde84579b9,220.5,325.6,355.5,0.659928040625,42.0
6d5c1314ab281dbdd56dc5dde84579b9,269.5,296.0,355.5,0.62660753125,36.0
6d5c1314ab281dbdd56dc5dde84579b9,220.5,296.0,355.5,0.601020109375,42.0
6d5c1314ab281dbdd56dc5dde84579b9,245.0,266.4,434.5,0.48802383194444443,28.0
6d5c1314ab281dbdd56dc5dde84579b9,269.5,266.4,434.5,0.4591368208333333,24.0
6d5c1314ab281dbdd56dc5dde84579b9,245.0,325.6,434.5,0.4455636086805556,21.0
6d5c1314ab281dbdd56dc5dde84579b9,245.0,266.4,395.0,0.44426233055555553,28.0
6d5c1314ab281dbdd56dc5dde84579b9,220.5,266.4,434.5,0.4403880395833332,28.0
6d5c1314ab281dbdd56dc5dde84579b9,269.5,325.6,434.5,0.41918989479166663,18.0
6d5c1314ab281dbdd56dc5dde84579b9,269.5,266.4,395.0,0.41796564166666667,24.0
6d5c1314ab281dbdd56dc5dde84579b9,245.0,296.0,434.5,0.4057907413194444,21.0
6d5c1314ab281dbdd56dc5dde84579b9,245.0,325.6,395.0,0.40560955069444443,21.0
6d5c1314ab281dbdd56dc5dde84579b9,220.5,325.6,434.5,0.4020723401041667,21.0
6d5c1314ab281dbdd56dc5dde84579b9,220.5,266.4,395.0,0.40089807916666664,28.0
6d5c1314ab281dbdd56dc5dde84579b9,269.5,296.0,434.5,0.3817712552083333,18.0
6d5c1314ab281dbdd56dc5dde84579b9,269.5,325.6,395.0,0.3816007895833334,18.0
6d5c1314ab281dbdd56dc5dde84579b9,245.0,296.0,395.0,0.36940314930555557,21.0
6d5c1314ab281dbdd56dc5dde84579b9,220.5,296.0,434.5,0.36618168489583336,21.0
6d5c1314ab281dbdd56dc5dde84579b9,220.5,325.6,395.0,0.3660181802083334,21.0
6d5c1314ab281dbdd56dc5dde84579b9,269.5,296.0,395.0,0.34753751041666664,18.0
6d5c1314ab281dbdd56dc5dde84579b9,220.5,296.0,395.0,0.3333458697916667,21.0
6e24cdcd39a5b66463bacc58cc283eb7,249.7,288.0,388.0,0.9598835944444446,56.0
6e24cdcd39a5b66463bacc58cc283eb7,204.3,288.0,388.0,0.9022337333333333,64.0
6e24cdcd39a5b66463bacc58cc283eb7,227.0,288.0,388.0,0.8746690555555555,56.0
6e24cdcd39a5b66463bacc58cc283eb7,249.7,259.2,388.0,0.8658541811111111,56.0
6e24cdcd39a5b66463bacc58cc283eb7,249.7,288.0,349.2,0.8653569866666667,56.0
6e24cdcd39a5b66463bacc58cc283eb7,204.3,259.2,388.0,0.8138516533333333,64.0
6e24cdcd39a5b66463bacc58cc283eb7,204.3,288.0,349.2,0.81338432,64.0
6e24cdcd39a5b66463bacc58cc283eb7,249.7,316.8,388.0,0.7904347558333334,42.0
6e24cdcd39a5b66463bacc58cc283eb7,227.0,259.2,388.0,0.7889871888888889,56.0
6e24cdcd39a5b66463bacc58cc283eb7,227.0,288.0,349.2,0.7885341333333332,56.0
6e24cdcd39a5b66463bacc58cc283eb7,249.7,259.2,349.2,0.7805873226666667,56.0
6e24cdcd39a5b66463bacc58cc283eb7,204.3,316.8,388.0,0.7429618600000001,48.0
6e24cdcd39a5b66463bacc58cc283eb7,204.3,259.2,349.2,0.733705856,64.0
6e24cdcd39a5b66463bacc58cc283eb7,227.0,316.8,388.0,0.7202631916666669,42.0
6e24cdcd39a5b66463bacc58cc283eb7,249.7,316.8,349.2,0.7125949880000001,42.0
6e24cdcd39a5b66463bacc58cc283eb7,227.0,259.2,349.2,0.7112899733333333,56.0
6e24cdcd39a5b66463bacc58cc283eb7,204.3,316.8,349.2,0.669797088,48.0
6e24cdcd39a5b66463bacc58cc283eb7,227.0,316.8,349.2,0.64933372,42.0
6e24cdcd39a5b66463bacc58cc283eb7,249.7,288.0,426.8,0.5272051011111111,28.0
6e24cdcd39a5b66463bacc58cc283eb7,204.3,288.0,426.8,0.4955415733333334,32.0
6e24cdcd39a5b66463bacc58cc283eb7,227.0,288.0,426.8,0.4804019888888889,28.0
6e24cdcd39a5b66463bacc58cc283eb7,249.7,259.2,426.8,0.4755605197777778,28.0
6e24cdcd39a5b66463bacc58cc283eb7,204.3,259.2,426.8,0.44699872533333335,32.0
6e24cdcd39a5b66463bacc58cc283eb7,249.7,316.8,426.8,0.4341372618333334,21.0
6e24cdcd39a5b66463bacc58cc283eb7,227.0,259.2,426.8,0.43334220222222225,28.0
6e24cdcd39a5b66463bacc58cc283eb7,204.3,316.8,426.8,0.40806331600000006,24.0
6e24cdcd39a5b66463bacc58cc283eb7,227.0,316.8,426.8,0.39559633166666675,21.0
6f0bc5eabea0d399e9342acf41bcb33b,194.0,266.4,355.5,0.8206049999999998,72.0
6f0bc5eabea0d399e9342acf41bcb33b,213.4,266.4,355.5,0.8001810533333332,64.0
6f0bc5eabea0d399e9342acf41bcb33b,194.0,325.6,355.5,0.74920875,54.0
6f0bc5eabea0d399e9342acf41bcb33b,174.6,266.4,355.5,0.7410063149999999,72.0
6f0bc5eabea0d399e9342acf41bcb33b,213.4,325.6,355.5,0.7305617766666668,48.0
6f0bc5eabea0d399e9342acf41bcb33b,194.0,296.0,355.5,0.68233125,54.0
6f0bc5eabea0d399e9342acf41bcb33b,174.6,325.6,355.5,0.67653550125,54.0
6f0bc5eabea0d399e9342acf41bcb33b,213.4,296.0,355.5,0.6653487833333332,48.0
6f0bc5eabea0d399e9342acf41bcb33b,174.6,296.0,355.5,0.61614511875,54.0
6f0bc5eabea0d399e9342acf41bcb33b,194.0,266.4,434.5,0.49996749999999995,36.0
6f0bc5eabea0d399e9342acf41bcb33b,213.4,266.4,434.5,0.48752386444444445,32.0
6f0bc5eabea0d399e9342acf41bcb33b,194.0,325.6,434.5,0.456468125,27.0
6f0bc5eabea0d399e9342acf41bcb33b,194.0,266.4,395.0,0.45513499999999996,36.0
6f0bc5eabea0d399e9342acf41bcb33b,174.6,266.4,434.5,0.4514706524999999,36.0
6f0bc5eabea0d399e9342acf41bcb33b,213.4,325.6,434.5,0.4451071405555556,24.0
6f0bc5eabea0d399e9342acf41bcb33b,213.4,266.4,395.0,0.44380719555555553,32.0
6f0bc5eabea0d399e9342acf41bcb33b,194.0,296.0,434.5,0.415721875,27.0
6f0bc5eabea0d399e9342acf41bcb33b,194.0,325.6,395.0,0.41553625,27.0
6f0bc5eabea0d399e9342acf41bcb33b,174.6,325.6,434.5,0.412190716875,27.0
6f0bc5eabea0d399e9342acf41bcb33b,174.6,266.4,395.0,0.41098690499999996,36.0
6f0bc5eabea0d399e9342acf41bcb33b,213.4,296.0,434.5,0.4053750194444445,24.0
6f0bc5eabea0d399e9342acf41bcb33b,213.4,325.6,395.0,0.4051940144444445,24.0
6f0bc5eabea0d399e9342acf41bcb33b,194.0,296.0,395.0,0.37844375,27.0
6f0bc5eabea0d399e9342acf41bcb33b,174.6,296.0,434.5,0.375396853125,27.0
6f0bc5eabea0d399e9342acf41bcb33b,174.6,325.6,395.0,0.37522923375000006,27.0
6f0bc5eabea0d399e9342acf41bcb33b,213.4,296.0,395.0,0.3690247055555556,24.0
6f0bc5eabea0d399e9342acf41bcb33b,174.6,296.0,395.0,0.34173470624999996,27.0
72188210fb21e6ddf6d4aba9a9301c48,215.1,288.0,388.0,0.9485681333333333,64.0
72188210fb21e6ddf6d4aba9a9301c48,239.0,288.0,388.0,0.9197163888888888,56.0
72188210fb21e6ddf6d4aba9a9301c48,262.9,288.0,388.0,0.8652305666666665,48.0
72188210fb21e6ddf6d4aba9a9301c48,215.1,259.2,388.0,0.8556471733333332,64.0
72188210fb21e6ddf6d4aba9a9301c48,215.1,288.0,349.2,0.85515584,64.0
72188210fb21e6ddf6d4aba9a9301c48,239.0,259.2,388.0,0.8296217222222222,56.0
72188210fb21e6ddf6d4aba9a9301c48,239.0,288.0,349.2,0.8291453333333333,56.0
72188210fb21e6ddf6d4aba9a9301c48,215.1,316.8,388.0,0.78111682,48.0
72188210fb21e6ddf6d4aba9a9301c48,262.9,259.2,388.0,0.7804732866666665,48.0
72188210fb21e6ddf6d4aba9a9301c48,262.9,288.0,349.2,0.7800251199999999,48.0
72188210fb21e6ddf6d4aba9a9301c48,215.1,259.2,349.2,0.771385472,64.0
72188210fb21e6ddf6d4aba9a9301c48,239.0,316.8,388.0,0.7573582916666667,42.0
72188210fb21e6ddf6d4aba9a9301c48,239.0,259.2,349.2,0.7479229333333333,56.0
72188210fb21e6ddf6d4aba9a9301c48,262.9,316.8,388.0,0.712490885,36.0
72188210fb21e6ddf6d4aba9a9301c48,215.1,316.8,349.2,0.7041946560000001,48.0
72188210fb21e6ddf6d4aba9a9301c48,262.9,259.2,349.2,0.7036144959999999,48.0
72188210fb21e6ddf6d4aba9a9301c48,239.0,316.8,349.2,0.6827757999999999,42.0
72188210fb21e6ddf6d4aba9a9301c48,262.9,316.8,349.2,0.642326808,36.0
72188210fb21e6ddf6d4aba9a9301c48,215.1,288.0,426.8,0.5209902133333333,32.0
72188210fb21e6ddf6d4aba9a9301c48,239.0,288.0,426.8,0.5051437222222223,28.0
72188210fb21e6ddf6d4aba9a9301c48,262.9,288.0,426.8,0.47521800666666664,24.0
72188210fb21e6ddf6d4aba9a9301c48,215.1,259.2,426.8,0.46995443733333325,32.0
72188210fb21e6ddf6d4aba9a9301c48,239.0,259.2,426.8,0.45566025555555556,28.0
72188210fb21e6ddf6d4aba9a9301c48,215.1,316.8,426.8,0.42901949200000006,24.0
72188210fb21e6ddf6d4aba9a9301c48,262.9,259.2,426.8,0.4286660386666666,24.0
72188210fb21e6ddf6d4aba9a9301c48,239.0,316.8,426.8,0.4159703916666667,21.0
72188210fb21e6ddf6d4aba9a9301c48,262.9,316.8,426.8,0.391327481,18.0
74199034c698427710e01bb0d15604d8,173.0,229.5,393.0,0.9733591145833334,100.0
74199034c698427710e01bb0d15604d8,155.7,229.5,393.0,0.9672144453124999,110.0
74199034c698427710e01bb0d15604d8,190.3,229.5,393.0,0.9606891328125001,90.0
74199034c698427710e01bb0d15604d8,173.0,280.5,393.0,0.9473202083333333,80.0
74199034c698427710e01bb0d15604d8,155.7,280.5,393.0,0.9413399187499999,88.0
74199034c698427710e01bb0d15604d8,190.3,280.5,393.0,0.93498916875,72.0
74199034c698427710e01bb0d15604d8,173.0,229.5,353.7,0.8774869010416667,100.0
74199034c698427710e01bb0d15604d8,155.7,229.5,353.7,0.87194745859375,110.0
74199034c698427710e01bb0d15604d8,190.3,229.5,353.7,0.86606486484375,90.0
74199034c698427710e01bb0d15604d8,173.0,255.0,393.0,0.86300375,80.0
74199034c698427710e01bb0d15604d8,155.7,255.0,393.0,0.8575557374999998,88.0
74199034c698427710e01bb0d15604d8,173.0,280.5,353.7,0.8540127291666667,80.0
74199034c698427710e01bb0d15604d8,190.3,255.0,393.0,0.8517702375,72.0
74199034c698427710e01bb0d15604d8,155.7,280.5,353.7,0.8486214756249999,88.0
74199034c698427710e01bb0d15604d8,190.3,280.5,353.7,0.842896250625,72.0
74199034c698427710e01bb0d15604d8,173.0,255.0,353.7,0.778001125,80.0
74199034c698427710e01bb0d15604d8,155.7,255.0,353.7,0.77308972125,88.0
74199034c698427710e01bb0d15604d8,190.3,255.0,353.7,0.7678740712500001,72.0
74199034c698427710e01bb0d15604d8,173.0,229.5,432.3,0.5346156640625,50.0
74199034c698427710e01bb0d15604d8,155.7,229.5,432.3,0.531240716015625,55.0
74199034c698427710e01bb0d15604d8,190.3,229.5,432.3,0.5276567003906251,45.0
74199034c698427710e01bb0d15604d8,173.0,280.5,432.3,0.52031384375,40.0
74199034c698427710e01bb0d15604d8,155.7,280.5,432.3,0.5170291809374999,44.0
74199034c698427710e01bb0d15604d8,190.3,280.5,432.3,0.5135410434375001,36.0
74199034c698427710e01bb0d15604d8,173.0,255.0,432.3,0.4740031875,40.0
74199034c698427710e01bb0d15604d8,155.7,255.0,432.3,0.471010876875,44.0
74199034c698427710e01bb0d15604d8,190.3,255.0,432.3,0.467833201875,36.0
746ba2b15e87d0070b74ecc07f6ca350,206.1,288.0,388.0,0.9099561333333334,64.0
746ba2b15e87d0070b74ecc07f6ca350,229.0,288.0,388.0,0.8821769444444445,56.0
746ba2b15e87d0070b74ecc07f6ca350,251.9,288.0,388.0,0.8298362333333332,48.0
746ba2b15e87d0070b74ecc07f6ca350,206.1,259.2,388.0,0.8208175733333334,64.0
746ba2b15e87d0070b74ecc07f6ca350,206.1,288.0,349.2,0.82034624,64.0
746ba2b15e87d0070b74ecc07f6ca350,229.0,259.2,388.0,0.7957596111111112,56.0
746ba2b15e87d0070b74ecc07f6ca350,229.0,288.0,349.2,0.7953026666666667,56.0
746ba2b15e87d0070b74ecc07f6ca350,206.1,316.8,388.0,0.7493210200000001,48.0
746ba2b15e87d0070b74ecc07f6ca350,251.9,259.2,388.0,0.7485461533333332,48.0
746ba2b15e87d0070b74ecc07f6ca350,251.9,288.0,349.2,0.7481163199999998,48.0
746ba2b15e87d0070b74ecc07f6ca350,206.1,259.2,349.2,0.739985792,64.0
746ba2b15e87d0070b74ecc07f6ca350,229.0,316.8,388.0,0.7264457083333333,42.0
746ba2b15e87d0070b74ecc07f6ca350,229.0,259.2,349.2,0.7173954666666665,56.0
746ba2b15e87d0070b74ecc07f6ca350,251.9,316.8,388.0,0.6833447349999999,36.0
746ba2b15e87d0070b74ecc07f6ca350,206.1,316.8,349.2,0.675530016,48.0
746ba2b15e87d0070b74ecc07f6ca350,251.9,259.2,349.2,0.6748314559999998,48.0
746ba2b15e87d0070b74ecc07f6ca350,229.0,316.8,349.2,0.6549073999999999,42.0
746ba2b15e87d0070b74ecc07f6ca350,251.9,316.8,349.2,0.616050888,36.0
746ba2b15e87d0070b74ecc07f6ca350,206.1,288.0,426.8,0.49978301333333336,32.0
746ba2b15e87d0070b74ecc07f6ca350,229.0,288.0,426.8,0.4845256111111111,28.0
746ba2b15e87d0070b74ecc07f6ca350,251.9,288.0,426.8,0.45577807333333326,24.0
746ba2b15e87d0070b74ecc07f6ca350,206.1,259.2,426.8,0.45082467733333337,32.0
746ba2b15e87d0070b74ecc07f6ca350,229.0,259.2,426.8,0.43706187777777783,28.0
746ba2b15e87d0070b74ecc07f6ca350,206.1,316.8,426.8,0.411556012,24.0
746ba2b15e87d0070b74ecc07f6ca350,251.9,259.2,426.8,0.4111304253333332,24.0
746ba2b15e87d0070b74ecc07f6ca350,229.0,316.8,426.8,0.39899200833333337,21.0
746ba2b15e87d0070b74ecc07f6ca350,251.9,316.8,426.8,0.37531929099999994,18.0
76707310f2a6b601d4f7815c21f6e7bd,282.7,267.3,393.0,0.8744939525000001,48.0
76707310f2a6b601d4f7815c21f6e7bd,231.3,267.3,393.0,0.83859941375,56.0
76707310f2a6b601d4f7815c21f6e7bd,282.7,326.7,393.0,0.7984196981249999,36.0
76707310f2a6b601d4f7815c21f6e7bd,257.0,267.3,393.0,0.7966467250000001,48.0
76707310f2a6b601d4f7815c21f6e7bd,282.7,267.3,353.7,0.7883595857500001,48.0
76707310f2a6b601d4f7815c21f6e7bd,231.3,326.7,393.0,0.7656477084375001,42.0
76707310f2a6b601d4f7815c21f6e7bd,231.3,267.3,353.7,0.756000524125,56.0
76707310f2a6b601d4f7815c21f6e7bd,257.0,326.7,393.0,0.7273445812499999,36.0
76707310f2a6b601d4f7815c21f6e7bd,282.7,297.0,393.0,0.7271450812499999,36.0
76707310f2a6b601d4f7815c21f6e7bd,282.7,326.7,353.7,0.7197783594375,36.0
76707310f2a6b601d4f7815c21f6e7bd,257.0,267.3,353.7,0.7181800175000002,48.0
76707310f2a6b601d4f7815c21f6e7bd,231.3,297.0,393.0,0.6972986343750002,42.0
76707310f2a6b601d4f7815c21f6e7bd,231.3,326.7,353.7,0.69023428753125,42.0
76707310f2a6b601d4f7815c21f6e7bd,257.0,297.0,393.0,0.6624148125,36.0
76707310f2a6b601d4f7815c21f6e7bd,257.0,326.7,353.7,0.6557038743749999,36.0
76707310f2a6b601d4f7815c21f6e7bd,282.7,297.0,353.7,0.6555240243749999,36.0
76707310f2a6b601d4f7815c21f6e7bd,231.3,297.0,353.7,0.6286173403125,42.0
76707310f2a6b601d4f7815c21f6e7bd,257.0,297.0,353.7,0.59716944375,36.0
76707310f2a6b601d4f7815c21f6e7bd,282.7,267.3,432.3,0.480314159625,24.0
76707310f2a6b601d4f7815c21f6e7bd,231.3,267.3,432.3,0.46059915168750004,28.0
76707310f2a6b601d4f7815c21f6e7bd,282.7,326.7,432.3,0.43853051840625,18.0
76707310f2a6b601d4f7815c21f6e7bd,257.0,267.3,432.3,0.43755671625000003,24.0
76707310f2a6b601d4f7815c21f6e7bd,231.3,326.7,432.3,0.4205305646718751,21.0
76707310f2a6b601d4f7815c21f6e7bd,257.0,326.7,432.3,0.39949264406249996,18.0
76707310f2a6b601d4f7815c21f6e7bd,282.7,297.0,432.3,0.39938306906249993,18.0
76707310f2a6b601d4f7815c21f6e7bd,231.3,297.0,432.3,0.38298996421875003,21.0
76707310f2a6b601d4f7815c21f6e7bd,257.0,297.0,432.3,0.363830090625,18.0
78476d2a5588a720c7742ab9b866c42e,286.0,229.5,393.0,0.952695625,60.0
78476d2a5588a720c7742ab9b866c42e,286.0,280.5,393.0,0.9272095,48.0
78476d2a5588a720c7742ab9b866c42e,314.6,229.5,393.0,0.8716729947916668,50.0
78476d2a5588a720c7742ab9b866c42e,257.4,229.5,393.0,0.8593836562499999,60.0
78476d2a5588a720c7742ab9b866c42e,286.0,229.5,353.7,0.8588586875,60.0
78476d2a5588a720c7742ab9b866c42e,314.6,280.5,393.0,0.8483543541666667,40.0
78476d2a5588a720c7742ab9b866c42e,286.0,255.0,393.0,0.844683,48.0
78476d2a5588a720c7742ab9b866c42e,257.4,280.5,393.0,0.8363937749999999,48.0
78476d2a5588a720c7742ab9b866c42e,286.0,280.5,353.7,0.83588285,48.0
78476d2a5588a720c7742ab9b866c42e,314.6,229.5,353.7,0.7858164817708333,50.0
78476d2a5588a720c7742ab9b866c42e,257.4,229.5,353.7,0.7747375968749999,60.0
78476d2a5588a720c7742ab9b866c42e,314.6,255.0,393.0,0.772846375,40.0
78476d2a5588a720c7742ab9b866c42e,314.6,280.5,353.7,0.7647946395833334,40.0
78476d2a5588a720c7742ab9b866c42e,257.4,255.0,393.0,0.76195035,48.0
78476d2a5588a720c7742ab9b866c42e,286.0,255.0,353.7,0.7614848999999999,48.0
78476d2a5588a720c7742ab9b866c42e,257.4,280.5,353.7,0.7540121324999999,48.0
78476d2a5588a720c7742ab9b866c42e,314.6,255.0,353.7,0.6967239125,40.0
78476d2a5588a720c7742ab9b866c42e,257.4,255.0,353.7,0.6869011049999999,48.0
78476d2a5588a720c7742ab9b866c42e,286.0,229.5,432.3,0.52326628125,30.0
78476d2a5588a720c7742ab9b866c42e,286.0,280.5,432.3,0.5092680749999999,24.0
78476d2a5588a720c7742ab9b866c42e,314.6,229.5,432.3,0.47876475390625006,25.0
78476d2a5588a720c7742ab9b866c42e,257.4,229.5,432.3,0.47201485781249997,30.0
78476d2a5588a720c7742ab9b866c42e,314.6,280.5,432.3,0.4659570343750001,20.0
78476d2a5588a720c7742ab9b866c42e,286.0,255.0,432.3,0.46394055000000006,24.0
78476d2a5588a720c7742ab9b866c42e,257.4,280.5,432.3,0.45938770874999996,24.0
78476d2a5588a720c7742ab9b866c42e,314.6,255.0,432.3,0.42448441875000004,20.0
78476d2a5588a720c7742ab9b866c42e,257.4,255.0,432.3,0.41849979749999994,24.0
79637c70988d89fe3abe191b59c1ed0c,219.0,288.0,388.0,0.9653,64.0
79637c70988d89fe3abe191b59c1ed0c,240.9,288.0,388.0,0.9268488833333334,56.0
79637c70988d89fe3abe191b59c1ed0c,197.1,288.0,388.0,0.8713441333333334,64.0
79637c70988d89fe3abe191b59c1ed0c,219.0,259.2,388.0,0.87074,64.0
79637c70988d89fe3abe191b59c1ed0c,219.0,288.0,349.2,0.87024,64.0
79637c70988d89fe3abe191b59c1ed0c,240.9,259.2,388.0,0.8360555233333333,56.0
79637c70988d89fe3abe191b59c1ed0c,240.9,288.0,349.2,0.8355754400000001,56.0
79637c70988d89fe3abe191b59c1ed0c,219.0,316.8,388.0,0.794895,48.0
79637c70988d89fe3abe191b59c1ed0c,197.1,259.2,388.0,0.7859879733333333,64.0
79637c70988d89fe3abe191b59c1ed0c,197.1,288.0,349.2,0.78553664,64.0
79637c70988d89fe3abe191b59c1ed0c,219.0,259.2,349.2,0.784992,64.0
79637c70988d89fe3abe191b59c1ed0c,240.9,316.8,388.0,0.7632316825000001,42.0
79637c70988d89fe3abe191b59c1ed0c,240.9,259.2,349.2,0.753723152,56.0
79637c70988d89fe3abe191b59c1ed0c,197.1,316.8,388.0,0.7175252200000001,48.0
79637c70988d89fe3abe191b59c1ed0c,219.0,316.8,349.2,0.716616,48.0
79637c70988d89fe3abe191b59c1ed0c,197.1,259.2,349.2,0.7085861119999999,64.0
79637c70988d89fe3abe191b59c1ed0c,240.9,316.8,349.2,0.6880707960000001,42.0
79637c70988d89fe3abe191b59c1ed0c,197.1,316.8,349.2,0.646865376,48.0
79637c70988d89fe3abe191b59c1ed0c,219.0,288.0,426.8,0.53018,32.0
79637c70988d89fe3abe191b59c1ed0c,240.9,288.0,426.8,0.5090611633333333,28.0
79637c70988d89fe3abe191b59c1ed0c,197.1,288.0,426.8,0.4785758133333334,32.0
79637c70988d89fe3abe191b59c1ed0c,219.0,259.2,426.8,0.478244,32.0
79637c70988d89fe3abe191b59c1ed0c,240.9,259.2,426.8,0.4591939473333333,28.0
79637c70988d89fe3abe191b59c1ed0c,219.0,316.8,426.8,0.436587,24.0
79637c70988d89fe3abe191b59c1ed0c,197.1,259.2,426.8,0.4316949173333333,32.0
79637c70988d89fe3abe191b59c1ed0c,240.9,316.8,426.8,0.4191962845,21.0
79637c70988d89fe3abe191b59c1ed0c,197.1,316.8,426.8,0.39409253200000005,24.0
7a36a62f118b7544b9313b676a30ea35,218.9,288.0,388.0,0.9648709777777779,64.0
7a36a62f118b7544b9313b676a30ea35,179.1,288.0,388.0,0.8933851500000001,72.0
7a36a62f118b7544b9313b676a30ea35,199.0,288.0,388.0,0.8794955555555556,64.0
7a36a62f118b7544b9313b676a30ea35,218.9,259.2,388.0,0.8703530044444443,64.0
7a36a62f118b7544b9313b676a30ea35,218.9,288.0,349.2,0.8698532266666668,64.0
7a36a62f118b7544b9313b676a30ea35,179.1,259.2,388.0,0.80586987,72.0
7a36a62f118b7544b9313b676a30ea35,179.1,288.0,349.2,0.8054071199999999,72.0
7a36a62f118b7544b9313b676a30ea35,218.9,316.8,388.0,0.7945417133333332,48.0
7a36a62f118b7544b9313b676a30ea35,199.0,259.2,388.0,0.7933408888888889,64.0
7a36a62f118b7544b9313b676a30ea35,199.0,288.0,349.2,0.7928853333333333,64.0
7a36a62f118b7544b9313b676a30ea35,218.9,259.2,349.2,0.7846431146666666,64.0
7a36a62f118b7544b9313b676a30ea35,179.1,316.8,388.0,0.7356753225,54.0
7a36a62f118b7544b9313b676a30ea35,179.1,259.2,349.2,0.7265100959999998,72.0
7a36a62f118b7544b9313b676a30ea35,199.0,316.8,388.0,0.7242376666666667,48.0
7a36a62f118b7544b9313b676a30ea35,218.9,316.8,349.2,0.7162975040000001,48.0
7a36a62f118b7544b9313b676a30ea35,199.0,259.2,349.2,0.7152149333333333,64.0
7a36a62f118b7544b9313b676a30ea35,179.1,316.8,349.2,0.6632281080000001,54.0
7a36a62f118b7544b9313b676a30ea35,199.0,316.8,349.2,0.6529168000000001,48.0
7a36a62f118b7544b9313b676a30ea35,218.9,288.0,426.8,0.5299443644444445,32.0
7a36a62f118b7544b9313b676a30ea35,179.1,288.0,426.8,0.49068159,36.0
7a36a62f118b7544b9313b676a30ea35,199.0,288.0,426.8,0.48305288888888887,32.0
7a36a62f118b7544b9313b676a30ea35,218.9,259.2,426.8,0.47803144711111106,32.0
7a36a62f118b7544b9313b676a30ea35,179.1,259.2,426.8,0.442614822,36.0
7a36a62f118b7544b9313b676a30ea35,218.9,316.8,426.8,0.43639296133333333,24.0
7a36a62f118b7544b9313b676a30ea35,199.0,259.2,426.8,0.4357334222222222,32.0
7a36a62f118b7544b9313b676a30ea35,179.1,316.8,426.8,0.4040612685,27.0
7a36a62f118b7544b9313b676a30ea35,199.0,316.8,426.8,0.39777926666666663,24.0
8044f4664ac51a293ecacbd7a3d0fb38,189.0,282.0,380.0,0.90324,72.0
8044f4664ac51a293ecacbd7a3d0fb38,210.0,282.0,380.0,0.889344,64.0
8044f4664ac51a293ecacbd7a3d0fb38,231.0,282.0,380.0,0.853832,56.0
8044f4664ac51a293ecacbd7a3d0fb38,189.0,253.8,380.0,0.81479775,72.0
8044f4664ac51a293ecacbd7a3d0fb38,189.0,282.0,342.0,0.81432,72.0
8044f4664ac51a293ecacbd7a3d0fb38,210.0,253.8,380.0,0.8022624,64.0
8044f4664ac51a293ecacbd7a3d0fb38,210.0,282.0,342.0,0.801792,64.0
8044f4664ac51a293ecacbd7a3d0fb38,231.0,253.8,380.0,0.7702276166666667,56.0
8044f4664ac51a293ecacbd7a3d0fb38,231.0,282.0,342.0,0.769776,56.0
8044f4664ac51a293ecacbd7a3d0fb38,189.0,310.2,380.0,0.7437616875,54.0
8044f4664ac51a293ecacbd7a3d0fb38,189.0,253.8,342.0,0.7345845,72.0
8044f4664ac51a293ecacbd7a3d0fb38,210.0,310.2,380.0,0.7323192,48.0
8044f4664ac51a293ecacbd7a3d0fb38,210.0,253.8,342.0,0.7232832000000001,64.0
8044f4664ac51a293ecacbd7a3d0fb38,231.0,310.2,380.0,0.7030772875,42.0
8044f4664ac51a293ecacbd7a3d0fb38,231.0,253.8,342.0,0.6944021,56.0
8044f4664ac51a293ecacbd7a3d0fb38,189.0,310.2,342.0,0.670541625,54.0
8044f4664ac51a293ecacbd7a3d0fb38,210.0,310.2,342.0,0.6602256,48.0
8044f4664ac51a293ecacbd7a3d0fb38,231.0,310.2,342.0,0.6338624249999999,42.0
8044f4664ac51a293ecacbd7a3d0fb38,189.0,282.0,418.0,0.49608,36.0
8044f4664ac51a293ecacbd7a3d0fb38,210.0,282.0,418.0,0.488448,32.0
8044f4664ac51a293ecacbd7a3d0fb38,231.0,282.0,418.0,0.468944,28.0
8044f4664ac51a293ecacbd7a3d0fb38,189.0,253.8,418.0,0.4475055,36.0
8044f4664ac51a293ecacbd7a3d0fb38,210.0,253.8,418.0,0.44062080000000003,32.0
8044f4664ac51a293ecacbd7a3d0fb38,231.0,253.8,418.0,0.4230265666666667,28.0
8044f4664ac51a293ecacbd7a3d0fb38,189.0,310.2,418.0,0.408490875,27.0
8044f4664ac51a293ecacbd7a3d0fb38,210.0,310.2,418.0,0.40220639999999996,24.0
8044f4664ac51a293ecacbd7a3d0fb38,231.0,310.2,418.0,0.3861460749999999,21.0
83d3c7c10fbc6fe2e476fd8c600855e2,194.0,229.5,393.0,0.978796875,90.0
83d3c7c10fbc6fe2e476fd8c600855e2,213.4,229.5,393.0,0.9544357083333334,80.0
83d3c7c10fbc6fe2e476fd8c600855e2,194.0,280.5,393.0,0.9526125,72.0
83d3c7c10fbc6fe2e476fd8c600855e2,213.4,280.5,393.0,0.9289030333333332,64.0
83d3c7c10fbc6fe2e476fd8c600855e2,174.6,229.5,393.0,0.883853578125,90.0
83d3c7c10fbc6fe2e476fd8c600855e2,194.0,229.5,353.7,0.8823890625,90.0
83d3c7c10fbc6fe2e476fd8c600855e2,194.0,255.0,393.0,0.867825,72.0
83d3c7c10fbc6fe2e476fd8c600855e2,213.4,229.5,353.7,0.8604273791666667,80.0
83d3c7c10fbc6fe2e476fd8c600855e2,174.6,280.5,393.0,0.8602090875,72.0
83d3c7c10fbc6fe2e476fd8c600855e2,194.0,280.5,353.7,0.85878375,72.0
83d3c7c10fbc6fe2e476fd8c600855e2,213.4,255.0,393.0,0.8462258,64.0
83d3c7c10fbc6fe2e476fd8c600855e2,213.4,280.5,353.7,0.8374095766666667,64.0
83d3c7c10fbc6fe2e476fd8c600855e2,174.6,229.5,353.7,0.7967973234374999,90.0
83d3c7c10fbc6fe2e476fd8c600855e2,174.6,255.0,393.0,0.783645975,72.0
83d3c7c10fbc6fe2e476fd8c600855e2,194.0,255.0,353.7,0.7823475,72.0
83d3c7c10fbc6fe2e476fd8c600855e2,174.6,280.5,353.7,0.77548172625,72.0
83d3c7c10fbc6fe2e476fd8c600855e2,213.4,255.0,353.7,0.76287574,64.0
83d3c7c10fbc6fe2e476fd8c600855e2,174.6,255.0,353.7,0.7064597925,72.0
83d3c7c10fbc6fe2e476fd8c600855e2,194.0,229.5,432.3,0.53760234375,45.0
83d3c7c10fbc6fe2e476fd8c600855e2,213.4,229.5,432.3,0.5242220187500001,40.0
83d3c7c10fbc6fe2e476fd8c600855e2,194.0,280.5,432.3,0.523220625,36.0
83d3c7c10fbc6fe2e476fd8c600855e2,213.4,280.5,432.3,0.510198245,32.0
83d3c7c10fbc6fe2e476fd8c600855e2,174.6,229.5,432.3,0.48545491640625,45.0
83d3c7c10fbc6fe2e476fd8c600855e2,194.0,255.0,432.3,0.47665125,36.0
83d3c7c10fbc6fe2e476fd8c600855e2,174.6,280.5,432.3,0.472468224375,36.0
83d3c7c10fbc6fe2e476fd8c600855e2,213.4,255.0,432.3,0.46478793000000007,32.0
83d3c7c10fbc6fe2e476fd8c600855e2,174.6,255.0,432.3,0.43041607875000004,36.0
845990194eeb50cd131954a55fecd655,330.0,290.4,355.5,0.833378,40.0
845990194eeb50cd131954a55fecd655,330.0,264.0,355.5,0.75915,40.0
845990194eeb50cd131954a55fecd655,297.0,290.4,355.5,0.751528375,40.0
845990194eeb50cd131954a55fecd655,363.0,290.4,355.5,0.7321821,32.0
845990194eeb50cd131954a55fecd655,330.0,237.6,355.5,0.684922,40.0
845990194eeb50cd131954a55fecd655,297.0,264.0,355.5,0.684590625,40.0
845990194eeb50cd131954a55fecd655,363.0,264.0,355.5,0.6669675,32.0
845990194eeb50cd131954a55fecd655,297.0,237.6,355.5,0.617652875,40.0
845990194eeb50cd131954a55fecd655,363.0,237.6,355.5,0.6017528999999999,32.0
845990194eeb50cd131954a55fecd655,330.0,290.4,434.5,0.5077496666666665,20.0
845990194eeb50cd131954a55fecd655,330.0,264.0,434.5,0.462525,20.0
845990194eeb50cd131954a55fecd655,330.0,290.4,395.0,0.4622193333333333,20.0
845990194eeb50cd131954a55fecd655,297.0,290.4,434.5,0.4578813958333333,20.0
845990194eeb50cd131954a55fecd655,363.0,290.4,434.5,0.44609435,16.0
845990194eeb50cd131954a55fecd655,330.0,264.0,395.0,0.42105,20.0
845990194eeb50cd131954a55fecd655,330.0,237.6,434.5,0.41730033333333333,20.0
845990194eeb50cd131954a55fecd655,297.0,264.0,434.5,0.4170984375,20.0
845990194eeb50cd131954a55fecd655,297.0,290.4,395.0,0.4168227916666666,20.0
845990194eeb50cd131954a55fecd655,363.0,264.0,434.5,0.40636125,16.0
845990194eeb50cd131954a55fecd655,363.0,290.4,395.0,0.4060926999999999,16.0
845990194eeb50cd131954a55fecd655,330.0,237.6,395.0,0.37988066666666664,20.0
845990194eeb50cd131954a55fecd655,297.0,264.0,395.0,0.379696875,20.0
845990194eeb50cd131954a55fecd655,297.0,237.6,434.5,0.3763154791666667,20.0
845990194eeb50cd131954a55fecd655,363.0,264.0,395.0,0.3699225,16.0
845990194eeb50cd131954a55fecd655,363.0,237.6,434.5,0.36662815,16.0
845990194eeb50cd131954a55fecd655,297.0,237.6,395.0,0.34257095833333334,20.0
845990194eeb50cd131954a55fecd655,363.0,237.6,395.0,0.3337523,16.0
8850d576186653964c356b848cd2153a,194.0,286.0,386.0,0.9538666666666666,72.0
8850d576186653964c356b848cd2153a,213.4,286.0,386.0,0.9301259851851852,64.0
8850d576186653964c356b848cd2153a,174.6,286.0,386.0,0.8613415999999999,72.0
8850d576186653964c356b848cd2153a,194.0,257.4,386.0,0.8604399999999999,72.0
8850d576186653964c356b848cd2153a,194.0,286.0,347.4,0.85994,72.0
8850d576186653964c356b848cd2153a,213.4,257.4,386.0,0.8390246044444445,64.0
8850d576186653964c356b848cd2153a,213.4,286.0,347.4,0.8385370488888889,64.0
8850d576186653964c356b848cd2153a,194.0,314.6,386.0,0.7854700000000001,54.0
8850d576186653964c356b848cd2153a,174.6,257.4,386.0,0.7769773199999999,72.0
8850d576186653964c356b848cd2153a,174.6,286.0,347.4,0.7765258199999999,72.0
8850d576186653964c356b848cd2153a,194.0,257.4,347.4,0.7757129999999999,72.0
8850d576186653964c356b848cd2153a,213.4,314.6,386.0,0.7659205244444446,48.0
8850d576186653964c356b848cd2153a,213.4,257.4,347.4,0.7564063653333334,64.0
8850d576186653964c356b848cd2153a,174.6,314.6,386.0,0.70927941,54.0
8850d576186653964c356b848cd2153a,194.0,314.6,347.4,0.70812525,54.0
8850d576186653964c356b848cd2153a,174.6,257.4,347.4,0.7004688389999999,72.0
8850d576186653964c356b848cd2153a,213.4,314.6,347.4,0.6905007993333334,48.0
8850d576186653964c356b848cd2153a,174.6,314.6,347.4,0.6394371007499999,54.0
8850d576186653964c356b848cd2153a,194.0,286.0,424.6,0.5238966666666667,36.0
8850d576186653964c356b848cd2153a,213.4,286.0,424.6,0.5108574607407408,32.0
8850d576186653964c356b848cd2153a,174.6,286.0,424.6,0.47307869,36.0
8850d576186653964c356b848cd2153a,194.0,257.4,424.6,0.47258349999999993,36.0
8850d576186653964c356b848cd2153a,213.4,257.4,424.6,0.4608214217777778,32.0
8850d576186653964c356b848cd2153a,194.0,314.6,424.6,0.4314073750000001,27.0
8850d576186653964c356b848cd2153a,174.6,257.4,424.6,0.4267429005,36.0
8850d576186653964c356b848cd2153a,213.4,314.6,424.6,0.4206701247777779,24.0
8850d576186653964c356b848cd2153a,174.6,314.6,424.6,0.38956085962500003,27.0
8b92b5a6728066959f3f11c35d1cd62f,218.0,226.8,380.0,0.9318897777777779,80.0
8b92b5a6728066959f3f11c35d1cd62f,218.0,277.2,380.0,0.9069112888888888,64.0
8b92b5a6728066959f3f11c35d1cd62f,239.8,226.8,380.0,0.8947597944444444,70.0
8b92b5a6728066959f3f11c35d1cd62f,239.8,277.2,380.0,0.8707765422222222,56.0
8b92b5a6728066959f3f11c35d1cd62f,196.2,226.8,380.0,0.8411969333333331,80.0
8b92b5a6728066959f3f11c35d1cd62f,218.0,226.8,342.0,0.8401493333333333,80.0
8b92b5a6728066959f3f11c35d1cd62f,218.0,252.0,380.0,0.8262115555555556,64.0
8b92b5a6728066959f3f11c35d1cd62f,196.2,277.2,380.0,0.8186493866666665,64.0
8b92b5a6728066959f3f11c35d1cd62f,218.0,277.2,342.0,0.8176298666666666,64.0
8b92b5a6728066959f3f11c35d1cd62f,239.8,226.8,342.0,0.8066746333333336,70.0
8b92b5a6728066959f3f11c35d1cd62f,239.8,252.0,380.0,0.793292188888889,56.0
8b92b5a6728066959f3f11c35d1cd62f,239.8,277.2,342.0,0.7850524266666666,56.0
8b92b5a6728066959f3f11c35d1cd62f,196.2,226.8,342.0,0.7583848,80.0
8b92b5a6728066959f3f11c35d1cd62f,196.2,252.0,380.0,0.7458034666666666,64.0
8b92b5a6728066959f3f11c35d1cd62f,218.0,252.0,342.0,0.7448746666666667,64.0
8b92b5a6728066959f3f11c35d1cd62f,196.2,277.2,342.0,0.7380569599999999,64.0
8b92b5a6728066959f3f11c35d1cd62f,239.8,252.0,342.0,0.7151960666666667,56.0
8b92b5a6728066959f3f11c35d1cd62f,196.2,252.0,342.0,0.6723824,64.0
8b92b5a6728066959f3f11c35d1cd62f,218.0,226.8,418.0,0.5118151111111111,40.0
8b92b5a6728066959f3f11c35d1cd62f,218.0,277.2,418.0,0.49809635555555554,32.0
8b92b5a6728066959f3f11c35d1cd62f,239.8,226.8,418.0,0.4914224777777778,35.0
8b92b5a6728066959f3f11c35d1cd62f,239.8,277.2,418.0,0.47825032888888885,28.0
8b92b5a6728066959f3f11c35d1cd62f,196.2,226.8,418.0,0.46200453333333336,40.0
8b92b5a6728066959f3f11c35d1cd62f,218.0,252.0,418.0,0.45377422222222225,32.0
8b92b5a6728066959f3f11c35d1cd62f,196.2,277.2,418.0,0.4496209066666666,32.0
8b92b5a6728066959f3f11c35d1cd62f,239.8,252.0,418.0,0.4356941555555556,28.0
8b92b5a6728066959f3f11c35d1cd62f,196.2,252.0,418.0,0.4096122666666666,32.0
8f26468860664ecfed551104179d7f3e,349.8,286.0,386.0,0.9427382222222223,40.0
8f26468860664ecfed551104179d7f3e,286.2,286.0,386.0,0.9290661333333332,48.0
8f26468860664ecfed551104179d7f3e,318.0,286.0,386.0,0.85848,40.0
8f26468860664ecfed551104179d7f3e,349.8,257.4,386.0,0.8504015333333335,40.0
8f26468860664ecfed551104179d7f3e,349.8,286.0,347.4,0.8499073666666668,40.0
8f26468860664ecfed551104179d7f3e,286.2,257.4,386.0,0.8380685600000001,48.0
8f26468860664ecfed551104179d7f3e,286.2,286.0,347.4,0.83758156,48.0
8f26468860664ecfed551104179d7f3e,349.8,314.6,386.0,0.7763061833333335,30.0
8f26468860664ecfed551104179d7f3e,318.0,257.4,386.0,0.7743959999999999,40.0
8f26468860664ecfed551104179d7f3e,318.0,286.0,347.4,0.773946,40.0
8f26468860664ecfed551104179d7f3e,349.8,257.4,347.4,0.766663015,40.0
8f26468860664ecfed551104179d7f3e,286.2,314.6,386.0,0.7650477800000001,36.0
8f26468860664ecfed551104179d7f3e,286.2,257.4,347.4,0.7555444619999998,48.0
8f26468860664ecfed551104179d7f3e,318.0,314.6,386.0,0.7069230000000002,30.0
8f26468860664ecfed551104179d7f3e,349.8,314.6,347.4,0.69986378875,30.0
8f26468860664ecfed551104179d7f3e,318.0,257.4,347.4,0.6981416999999998,40.0
8f26468860664ecfed551104179d7f3e,286.2,314.6,347.4,0.6897139935000001,36.0
8f26468860664ecfed551104179d7f3e,318.0,314.6,347.4,0.637312725,30.0
8f26468860664ecfed551104179d7f3e,349.8,286.0,424.6,0.5177845388888889,20.0
8f26468860664ecfed551104179d7f3e,286.2,286.0,424.6,0.5102753533333333,24.0
8f26468860664ecfed551104179d7f3e,318.0,286.0,424.6,0.47150700000000006,20.0
8f26468860664ecfed551104179d7f3e,349.8,257.4,424.6,0.46707002583333335,20.0
8f26468860664ecfed551104179d7f3e,286.2,257.4,424.6,0.46029632900000006,24.0
8f26468860664ecfed551104179d7f3e,349.8,314.6,424.6,0.42637428895833335,15.0
8f26468860664ecfed551104179d7f3e,318.0,257.4,424.6,0.42532515000000004,20.0
8f26468860664ecfed551104179d7f3e,286.2,314.6,424.6,0.42019078325000003,18.0
8f26468860664ecfed551104179d7f3e,318.0,314.6,424.6,0.38826663750000007,15.0
8f61ca662a88d3f0432d0d6a0cfbf2ee,161.1,223.2,383.0,0.8621779791666667,100.0
8f61ca662a88d3f0432d0d6a0cfbf2ee,179.0,223.2,383.0,0.8590821875,90.0
8f61ca662a88d3f0432d0d6a0cfbf2ee,161.1,272.8,383.0,0.8390060055555556,80.0
8f61ca662a88d3f0432d0d6a0cfbf2ee,196.9,223.2,383.0,0.8375148388888888,80.0
8f61ca662a88d3f0432d0d6a0cfbf2ee,179.0,272.8,383.0,0.8359934166666667,72.0
8f61ca662a88d3f0432d0d6a0cfbf2ee,196.9,272.8,383.0,0.8150057140740741,64.0
8f61ca662a88d3f0432d0d6a0cfbf2ee,161.1,223.2,344.7,0.77729001875,100.0
8f61ca662a88d3f0432d0d6a0cfbf2ee,179.0,223.2,344.7,0.77449903125,90.0
8f61ca662a88d3f0432d0d6a0cfbf2ee,161.1,248.0,383.0,0.7643741944444444,80.0
8f61ca662a88d3f0432d0d6a0cfbf2ee,179.0,248.0,383.0,0.7616295833333333,72.0
8f61ca662a88d3f0432d0d6a0cfbf2ee,161.1,272.8,344.7,0.7563995016666667,80.0
8f61ca662a88d3f0432d0d6a0cfbf2ee,196.9,223.2,344.7,0.7550551516666666,80.0
8f61ca662a88d3f0432d0d6a0cfbf2ee,179.0,272.8,344.7,0.7536835249999999,72.0
8f61ca662a88d3f0432d0d6a0cfbf2ee,196.9,248.0,383.0,0.7425087925925925,64.0
8f61ca662a88d3f0432d0d6a0cfbf2ee,196.9,272.8,344.7,0.734762220888889,64.0
8f61ca662a88d3f0432d0d6a0cfbf2ee,161.1,248.0,344.7,0.6891157583333334,80.0
8f61ca662a88d3f0432d0d6a0cfbf2ee,179.0,248.0,344.7,0.686641375,72.0
8f61ca662a88d3f0432d0d6a0cfbf2ee,196.9,248.0,344.7,0.669403171111111,64.0
8f61ca662a88d3f0432d0d6a0cfbf2ee,161.1,223.2,421.3,0.4735329697916667,50.0
8f61ca662a88d3f0432d0d6a0cfbf2ee,179.0,223.2,421.3,0.47183267187500005,45.0
8f61ca662a88d3f0432d0d6a0cfbf2ee,161.1,272.8,421.3,0.46080625472222225,40.0
8f61ca662a88d3f0432d0d6a0cfbf2ee,196.9,223.2,421.3,0.4599872630555556,40.0
8f61ca662a88d3f0432d0d6a0cfbf2ee,179.0,272.8,421.3,0.4591516541666667,36.0
8f61ca662a88d3f0432d0d6a0cfbf2ee,196.9,272.8,421.3,0.44762460362962964,32.0
8f61ca662a88d3f0432d0d6a0cfbf2ee,161.1,248.0,421.3,0.41981631527777774,40.0
8f61ca662a88d3f0432d0d6a0cfbf2ee,179.0,248.0,421.3,0.41830889583333336,36.0
8f61ca662a88d3f0432d0d6a0cfbf2ee,196.9,248.0,421.3,0.40780720703703704,32.0
8f6cdeebd6a09f639e27ef1cbb567311,154.0,223.2,383.0,0.9080988888888889,110.0
8f6cdeebd6a09f639e27ef1cbb567311,169.4,223.2,383.0,0.9050030972222223,100.0
8f6cdeebd6a09f639e27ef1cbb567311,138.6,223.2,383.0,0.89530295,120.0
8f6cdeebd6a09f639e27ef1cbb567311,154.0,272.8,383.0,0.8836927407407408,88.0
8f6cdeebd6a09f639e27ef1cbb567311,169.4,272.8,383.0,0.8806801518518519,80.0
8f6cdeebd6a09f639e27ef1cbb567311,138.6,272.8,383.0,0.8712407066666668,96.0
8f6cdeebd6a09f639e27ef1cbb567311,154.0,223.2,344.7,0.8186896666666666,110.0
8f6cdeebd6a09f639e27ef1cbb567311,169.4,223.2,344.7,0.8158986791666666,100.0
8f6cdeebd6a09f639e27ef1cbb567311,138.6,223.2,344.7,0.8071535849999999,120.0
8f6cdeebd6a09f639e27ef1cbb567311,154.0,248.0,383.0,0.8050859259259259,88.0
8f6cdeebd6a09f639e27ef1cbb567311,169.4,248.0,383.0,0.8023413148148149,80.0
8f6cdeebd6a09f639e27ef1cbb567311,154.0,272.8,344.7,0.7966864888888888,88.0
8f6cdeebd6a09f639e27ef1cbb567311,169.4,272.8,344.7,0.7939705122222221,80.0
8f6cdeebd6a09f639e27ef1cbb567311,138.6,248.0,383.0,0.7937415333333334,96.0
8f6cdeebd6a09f639e27ef1cbb567311,138.6,272.8,344.7,0.785460452,96.0
8f6cdeebd6a09f639e27ef1cbb567311,154.0,248.0,344.7,0.7258191111111111,88.0
8f6cdeebd6a09f639e27ef1cbb567311,169.4,248.0,344.7,0.7233447277777777,80.0
8f6cdeebd6a09f639e27ef1cbb567311,138.6,248.0,344.7,0.71559166,96.0
8f6cdeebd6a09f639e27ef1cbb567311,154.0,223.2,421.3,0.4987540555555556,55.0
8f6cdeebd6a09f639e27ef1cbb567311,169.4,223.2,421.3,0.4970537576388889,50.0
8f6cdeebd6a09f639e27ef1cbb567311,138.6,223.2,421.3,0.49172615750000004,60.0
8f6cdeebd6a09f639e27ef1cbb567311,154.0,272.8,421.3,0.48534949629629637,44.0
8f6cdeebd6a09f639e27ef1cbb567311,169.4,272.8,421.3,0.4836948957407408,40.0
8f6cdeebd6a09f639e27ef1cbb567311,138.6,272.8,421.3,0.4785104806666667,48.0
8f6cdeebd6a09f639e27ef1cbb567311,154.0,248.0,421.3,0.4421763703703704,44.0
8f6cdeebd6a09f639e27ef1cbb567311,169.4,248.0,421.3,0.44066895092592595,40.0
8f6cdeebd6a09f639e27ef1cbb567311,138.6,248.0,421.3,0.4359457033333333,48.0
8ff369b05ce8c21076793bc345e6ec1e,241.2,223.2,383.0,0.8928263166666667,70.0
8ff369b05ce8c21076793bc345e6ec1e,241.2,272.8,383.0,0.8688306355555555,56.0
8ff369b05ce8c21076793bc345e6ec1e,268.0,223.2,383.0,0.8482469166666666,60.0
8ff369b05ce8c21076793bc345e6ec1e,268.0,272.8,383.0,0.8254493555555554,48.0
8ff369b05ce8c21076793bc345e6ec1e,241.2,223.2,344.7,0.804920795,70.0
8ff369b05ce8c21076793bc345e6ec1e,241.2,248.0,383.0,0.7915458444444444,56.0
8ff369b05ce8c21076793bc345e6ec1e,241.2,272.8,344.7,0.7832876706666668,56.0
8ff369b05ce8c21076793bc345e6ec1e,294.8,223.2,383.0,0.7760117777777777,50.0
8ff369b05ce8c21076793bc345e6ec1e,268.0,223.2,344.7,0.764730575,60.0
8ff369b05ce8c21076793bc345e6ec1e,294.8,272.8,383.0,0.7551556148148149,40.0
8ff369b05ce8c21076793bc345e6ec1e,268.0,248.0,383.0,0.7520234444444445,48.0
8ff369b05ce8c21076793bc345e6ec1e,268.0,272.8,344.7,0.7441776066666667,48.0
8ff369b05ce8c21076793bc345e6ec1e,241.2,248.0,344.7,0.7136121533333332,56.0
8ff369b05ce8c21076793bc345e6ec1e,294.8,223.2,344.7,0.6996075333333333,50.0
8ff369b05ce8c21076793bc345e6ec1e,294.8,248.0,383.0,0.6879825185185185,40.0
8ff369b05ce8c21076793bc345e6ec1e,294.8,272.8,344.7,0.6808048177777779,40.0
8ff369b05ce8c21076793bc345e6ec1e,268.0,248.0,344.7,0.6779810333333333,48.0
8ff369b05ce8c21076793bc345e6ec1e,294.8,248.0,344.7,0.6202454222222221,40.0
8ff369b05ce8c21076793bc345e6ec1e,241.2,223.2,421.3,0.4903659191666666,35.0
8ff369b05ce8c21076793bc345e6ec1e,241.2,272.8,421.3,0.47718680022222226,28.0
8ff369b05ce8c21076793bc345e6ec1e,268.0,223.2,421.3,0.4658816291666667,30.0
8ff369b05ce8c21076793bc345e6ec1e,268.0,272.8,421.3,0.4533605522222222,24.0
8ff369b05ce8c21076793bc345e6ec1e,241.2,248.0,421.3,0.43473976777777773,28.0
8ff369b05ce8c21076793bc345e6ec1e,294.8,223.2,421.3,0.4262080111111111,25.0
8ff369b05ce8c21076793bc345e6ec1e,294.8,272.8,421.3,0.414753205925926,20.0
8ff369b05ce8c21076793bc345e6ec1e,268.0,248.0,421.3,0.4130329277777778,24.0
8ff369b05ce8c21076793bc345e6ec1e,294.8,248.0,421.3,0.37785980740740743,20.0
952d7cb277c22fee189451276b46d536,161.1,288.0,388.0,0.8961201666666667,80.0
952d7cb277c22fee189451276b46d536,179.0,288.0,388.0,0.8929025,72.0
952d7cb277c22fee189451276b46d536,196.9,288.0,388.0,0.8704860888888888,64.0
952d7cb277c22fee189451276b46d536,161.1,259.2,388.0,0.8083369666666668,80.0
952d7cb277c22fee189451276b46d536,161.1,288.0,349.2,0.8078728000000001,80.0
952d7cb277c22fee189451276b46d536,179.0,259.2,388.0,0.8054345,72.0
952d7cb277c22fee189451276b46d536,179.0,288.0,349.2,0.804972,72.0
952d7cb277c22fee189451276b46d536,196.9,259.2,388.0,0.7852139822222222,64.0
952d7cb277c22fee189451276b46d536,196.9,288.0,349.2,0.7847630933333333,64.0
952d7cb277c22fee189451276b46d536,161.1,316.8,388.0,0.7379275249999999,60.0
952d7cb277c22fee189451276b46d536,179.0,316.8,388.0,0.735277875,54.0
952d7cb277c22fee189451276b46d536,161.1,259.2,349.2,0.7287342399999999,80.0
952d7cb277c22fee189451276b46d536,179.0,259.2,349.2,0.7261175999999999,72.0
952d7cb277c22fee189451276b46d536,196.9,316.8,388.0,0.7168186466666667,48.0
952d7cb277c22fee189451276b46d536,196.9,259.2,349.2,0.7078883413333332,64.0
952d7cb277c22fee189451276b46d536,161.1,316.8,349.2,0.66525852,60.0
952d7cb277c22fee189451276b46d536,179.0,316.8,349.2,0.6628698,54.0
952d7cb277c22fee189451276b46d536,196.9,316.8,349.2,0.646228384,48.0
952d7cb277c22fee189451276b46d536,161.1,288.0,426.8,0.4921837666666667,40.0
952d7cb277c22fee189451276b46d536,179.0,288.0,426.8,0.4904165,36.0
952d7cb277c22fee189451276b46d536,196.9,288.0,426.8,0.47810454222222226,32.0
952d7cb277c22fee189451276b46d536,161.1,259.2,426.8,0.44396984666666667,40.0
952d7cb277c22fee189451276b46d536,179.0,259.2,426.8,0.44237570000000004,36.0
952d7cb277c22fee189451276b46d536,196.9,259.2,426.8,0.43126981155555555,32.0
952d7cb277c22fee189451276b46d536,161.1,316.8,426.8,0.405298265,30.0
952d7cb277c22fee189451276b46d536,179.0,316.8,426.8,0.40384297500000005,27.0
952d7cb277c22fee189451276b46d536,196.9,316.8,426.8,0.3937044546666667,24.0
963709ce03639618149be23f8bb82ece,278.3,223.2,383.0,0.8801335708333334,60.0
963709ce03639618149be23f8bb82ece,278.3,272.8,383.0,0.8564790211111113,48.0
963709ce03639618149be23f8bb82ece,227.7,223.2,383.0,0.8440675979166665,70.0
963709ce03639618149be23f8bb82ece,227.7,272.8,383.0,0.8213823605555556,56.0
963709ce03639618149be23f8bb82ece,253.0,223.2,383.0,0.8018100416666667,60.0
963709ce03639618149be23f8bb82ece,278.3,223.2,344.7,0.79347774625,60.0
963709ce03639618149be23f8bb82ece,278.3,248.0,383.0,0.7802929388888888,48.0
963709ce03639618149be23f8bb82ece,253.0,272.8,383.0,0.7802605222222221,48.0
963709ce03639618149be23f8bb82ece,278.3,272.8,344.7,0.7721521663333334,48.0
963709ce03639618149be23f8bb82ece,227.7,223.2,344.7,0.7609627418749999,70.0
963709ce03639618149be23f8bb82ece,227.7,248.0,383.0,0.7483182194444444,56.0
963709ce03639618149be23f8bb82ece,227.7,272.8,344.7,0.7405110381666666,56.0
963709ce03639618149be23f8bb82ece,253.0,223.2,344.7,0.7228657624999999,60.0
963709ce03639618149be23f8bb82ece,253.0,248.0,383.0,0.7108542777777778,48.0
963709ce03639618149be23f8bb82ece,278.3,248.0,344.7,0.7034671816666667,48.0
963709ce03639618149be23f8bb82ece,253.0,272.8,344.7,0.7034379566666666,48.0
963709ce03639618149be23f8bb82ece,227.7,248.0,344.7,0.6746406158333332,56.0
963709ce03639618149be23f8bb82ece,253.0,248.0,344.7,0.6408652833333333,48.0
963709ce03639618149be23f8bb82ece,278.3,223.2,421.3,0.4833946977083333,30.0
963709ce03639618149be23f8bb82ece,278.3,272.8,421.3,0.47040293794444454,24.0
963709ce03639618149be23f8bb82ece,227.7,223.2,421.3,0.4635862269791667,35.0
963709ce03639618149be23f8bb82ece,227.7,272.8,421.3,0.4511268414722222,28.0
963709ce03639618149be23f8bb82ece,253.0,223.2,421.3,0.44037716041666664,30.0
963709ce03639618149be23f8bb82ece,278.3,248.0,421.3,0.4285593480555555,24.0
963709ce03639618149be23f8bb82ece,253.0,272.8,421.3,0.42854154388888893,24.0
963709ce03639618149be23f8bb82ece,227.7,248.0,421.3,0.41099791152777776,28.0
963709ce03639618149be23f8bb82ece,253.0,248.0,421.3,0.39042163611111114,24.0
9a88ed4806deaa5c9b3abac82886d23a,165.6,286.0,386.0,0.9093528888888889,80.0
9a88ed4806deaa5c9b3abac82886d23a,184.0,286.0,386.0,0.9061733333333334,72.0
9a88ed4806deaa5c9b3abac82886d23a,202.4,286.0,386.0,0.8834925037037038,64.0
9a88ed4806deaa5c9b3abac82886d23a,165.6,257.4,386.0,0.8202861333333331,80.0
9a88ed4806deaa5c9b3abac82886d23a,165.6,286.0,347.4,0.8198094666666664,80.0
9a88ed4806deaa5c9b3abac82886d23a,184.0,257.4,386.0,0.8174179999999999,72.0
9a88ed4806deaa5c9b3abac82886d23a,184.0,286.0,347.4,0.816943,72.0
9a88ed4806deaa5c9b3abac82886d23a,202.4,257.4,386.0,0.7969586488888889,64.0
9a88ed4806deaa5c9b3abac82886d23a,202.4,286.0,347.4,0.7964955377777777,64.0
9a88ed4806deaa5c9b3abac82886d23a,165.6,314.6,386.0,0.7488147333333334,60.0
9a88ed4806deaa5c9b3abac82886d23a,184.0,314.6,386.0,0.7461965000000002,54.0
9a88ed4806deaa5c9b3abac82886d23a,165.6,257.4,347.4,0.7395130599999999,80.0
9a88ed4806deaa5c9b3abac82886d23a,184.0,257.4,347.4,0.7369273499999999,72.0
9a88ed4806deaa5c9b3abac82886d23a,202.4,314.6,386.0,0.7275197688888889,48.0
9a88ed4806deaa5c9b3abac82886d23a,202.4,257.4,347.4,0.7184826186666665,64.0
9a88ed4806deaa5c9b3abac82886d23a,165.6,314.6,347.4,0.675079405,60.0
9a88ed4806deaa5c9b3abac82886d23a,184.0,314.6,347.4,0.6727189875,54.0
9a88ed4806deaa5c9b3abac82886d23a,202.4,314.6,347.4,0.6558813426666669,48.0
9a88ed4806deaa5c9b3abac82886d23a,165.6,286.0,424.6,0.49944815555555555,40.0
9a88ed4806deaa5c9b3abac82886d23a,184.0,286.0,424.6,0.49770183333333334,36.0
9a88ed4806deaa5c9b3abac82886d23a,202.4,286.0,424.6,0.4852447348148149,32.0
9a88ed4806deaa5c9b3abac82886d23a,165.6,257.4,424.6,0.4505296033333333,40.0
9a88ed4806deaa5c9b3abac82886d23a,184.0,257.4,424.6,0.44895432499999993,36.0
9a88ed4806deaa5c9b3abac82886d23a,202.4,257.4,424.6,0.43771733955555553,32.0
9a88ed4806deaa5c9b3abac82886d23a,165.6,314.6,424.6,0.41127503083333333,30.0
9a88ed4806deaa5c9b3abac82886d23a,184.0,314.6,424.6,0.40983700625000014,27.0
9a88ed4806deaa5c9b3abac82886d23a,202.4,314.6,424.6,0.3995790975555556,24.0
9bad717e71278467a7e45ca1001c12ee,161.1,286.0,384.0,0.8809883333333334,80.0
9bad717e71278467a7e45ca1001c12ee,179.0,286.0,384.0,0.877825,72.0
9bad717e71278467a7e45ca1001c12ee,196.9,286.0,384.0,0.8557871111111112,64.0
9bad717e71278467a7e45ca1001c12ee,161.1,257.4,384.0,0.7946997499999998,80.0
9bad717e71278467a7e45ca1001c12ee,161.1,286.0,345.6,0.7942448666666667,80.0
9bad717e71278467a7e45ca1001c12ee,179.0,257.4,384.0,0.7918462499999999,72.0
9bad717e71278467a7e45ca1001c12ee,179.0,286.0,345.6,0.791393,72.0
9bad717e71278467a7e45ca1001c12ee,196.9,257.4,384.0,0.7719668666666666,64.0
9bad717e71278467a7e45ca1001c12ee,196.9,286.0,345.6,0.7715249955555556,64.0
9bad717e71278467a7e45ca1001c12ee,161.1,314.6,384.0,0.7254576875000002,60.0
9bad717e71278467a7e45ca1001c12ee,179.0,314.6,384.0,0.7228528125000001,54.0
9bad717e71278467a7e45ca1001c12ee,161.1,257.4,345.6,0.7164523899999999,80.0
9bad717e71278467a7e45ca1001c12ee,179.0,257.4,345.6,0.71387985,72.0
9bad717e71278467a7e45ca1001c12ee,196.9,314.6,384.0,0.7047055166666668,48.0
9bad717e71278467a7e45ca1001c12ee,196.9,257.4,345.6,0.6959578213333333,64.0
9bad717e71278467a7e45ca1001c12ee,161.1,314.6,345.6,0.6540280075,60.0
9bad717e71278467a7e45ca1001c12ee,179.0,314.6,345.6,0.6516796125000002,54.0
9bad717e71278467a7e45ca1001c12ee,196.9,314.6,345.6,0.6353191273333334,48.0
9bad717e71278467a7e45ca1001c12ee,161.1,286.0,422.4,0.48386589999999996,40.0
9bad717e71278467a7e45ca1001c12ee,179.0,286.0,422.4,0.4821285,36.0
9bad717e71278467a7e45ca1001c12ee,196.9,286.0,422.4,0.47002461333333334,32.0
9bad717e71278467a7e45ca1001c12ee,161.1,257.4,422.4,0.43647355499999985,40.0
9bad717e71278467a7e45ca1001c12ee,179.0,257.4,422.4,0.43490632499999987,36.0
9bad717e71278467a7e45ca1001c12ee,196.9,257.4,422.4,0.4239879559999999,32.0
9bad717e71278467a7e45ca1001c12ee,161.1,314.6,422.4,0.39844368375,30.0
9bad717e71278467a7e45ca1001c12ee,179.0,314.6,422.4,0.39701300625,27.0
9bad717e71278467a7e45ca1001c12ee,196.9,314.6,422.4,0.387045953,24.0
9c72b7ef9f82b991ef05900066e9dc1b,243.9,282.0,380.0,0.9003064000000001,56.0
9c72b7ef9f82b991ef05900066e9dc1b,271.0,282.0,380.0,0.855376,48.0
9c72b7ef9f82b991ef05900066e9dc1b,243.9,253.8,380.0,0.8121513983333334,56.0
9c72b7ef9f82b991ef05900066e9dc1b,243.9,282.0,342.0,0.8116751999999999,56.0
9c72b7ef9f82b991ef05900066e9dc1b,298.1,282.0,380.0,0.7825506666666668,40.0
9c72b7ef9f82b991ef05900066e9dc1b,271.0,253.8,380.0,0.7716204333333334,48.0
9c72b7ef9f82b991ef05900066e9dc1b,271.0,282.0,342.0,0.771168,48.0
9c72b7ef9f82b991ef05900066e9dc1b,243.9,310.2,380.0,0.7413460512500001,42.0
9c72b7ef9f82b991ef05900066e9dc1b,243.9,253.8,342.0,0.7321986699999999,56.0
9c72b7ef9f82b991ef05900066e9dc1b,298.1,253.8,380.0,0.705925913888889,40.0
9c72b7ef9f82b991ef05900066e9dc1b,298.1,282.0,342.0,0.705512,40.0
9c72b7ef9f82b991ef05900066e9dc1b,271.0,310.2,380.0,0.7043486749999999,36.0
9c72b7ef9f82b991ef05900066e9dc1b,271.0,253.8,342.0,0.6956578000000001,48.0
9c72b7ef9f82b991ef05900066e9dc1b,243.9,310.2,342.0,0.6683637975000001,42.0
9c72b7ef9f82b991ef05900066e9dc1b,298.1,310.2,380.0,0.6443815645833333,30.0
9c72b7ef9f82b991ef05900066e9dc1b,298.1,253.8,342.0,0.6364306166666668,40.0
9c72b7ef9f82b991ef05900066e9dc1b,271.0,310.2,342.0,0.6350086500000001,36.0
9c72b7ef9f82b991ef05900066e9dc1b,298.1,310.2,342.0,0.5809450374999999,30.0
9c72b7ef9f82b991ef05900066e9dc1b,243.9,282.0,418.0,0.49446879999999993,28.0
9c72b7ef9f82b991ef05900066e9dc1b,271.0,282.0,418.0,0.469792,24.0
9c72b7ef9f82b991ef05900066e9dc1b,243.9,253.8,418.0,0.44605206333333336,28.0
9c72b7ef9f82b991ef05900066e9dc1b,298.1,282.0,418.0,0.42979466666666666,20.0
9c72b7ef9f82b991ef05900066e9dc1b,271.0,253.8,418.0,0.42379153333333336,24.0
9c72b7ef9f82b991ef05900066e9dc1b,243.9,310.2,418.0,0.4071641525,21.0
9c72b7ef9f82b991ef05900066e9dc1b,298.1,253.8,418.0,0.3877106055555556,20.0
9c72b7ef9f82b991ef05900066e9dc1b,271.0,310.2,418.0,0.38684434999999995,18.0
9c72b7ef9f82b991ef05900066e9dc1b,298.1,310.2,418.0,0.35390904583333327,15.0
9d44d480026dfab07731a73d1d0c6539,283.0,288.0,388.0,0.9299056666666666,48.0
9d44d480026dfab07731a73d1d0c6539,311.3,288.0,388.0,0.8508046944444444,40.0
9d44d480026dfab07731a73d1d0c6539,254.7,288.0,388.0,0.8388457,48.0
9d44d480026dfab07731a73d1d0c6539,283.0,259.2,388.0,0.8388128666666668,48.0
9d44d480026dfab07731a73d1d0c6539,283.0,288.0,349.2,0.8383311999999999,48.0
9d44d480026dfab07731a73d1d0c6539,311.3,259.2,388.0,0.7674605611111112,40.0
9d44d480026dfab07731a73d1d0c6539,311.3,288.0,349.2,0.7670198666666667,40.0
9d44d480026dfab07731a73d1d0c6539,283.0,316.8,388.0,0.7657488499999999,36.0
9d44d480026dfab07731a73d1d0c6539,254.7,259.2,388.0,0.75667306,48.0
9d44d480026dfab07731a73d1d0c6539,254.7,288.0,349.2,0.75623856,48.0
9d44d480026dfab07731a73d1d0c6539,283.0,259.2,349.2,0.7562089599999999,48.0
9d44d480026dfab07731a73d1d0c6539,311.3,316.8,388.0,0.7006116208333333,30.0
9d44d480026dfab07731a73d1d0c6539,311.3,259.2,349.2,0.6918832266666667,40.0
9d44d480026dfab07731a73d1d0c6539,254.7,316.8,388.0,0.6907637550000001,36.0
9d44d480026dfab07731a73d1d0c6539,283.0,316.8,349.2,0.6903400799999999,36.0
9d44d480026dfab07731a73d1d0c6539,254.7,259.2,349.2,0.682158048,48.0
9d44d480026dfab07731a73d1d0c6539,311.3,316.8,349.2,0.6316173799999999,30.0
9d44d480026dfab07731a73d1d0c6539,254.7,316.8,349.2,0.622739304,36.0
9d44d480026dfab07731a73d1d0c6539,283.0,288.0,426.8,0.5107400666666667,24.0
9d44d480026dfab07731a73d1d0c6539,311.3,288.0,426.8,0.4672947611111111,20.0
9d44d480026dfab07731a73d1d0c6539,254.7,288.0,426.8,0.46072641999999997,24.0
9d44d480026dfab07731a73d1d0c6539,283.0,259.2,426.8,0.4607083866666667,24.0
9d44d480026dfab07731a73d1d0c6539,311.3,259.2,426.8,0.4215189477777778,20.0
9d44d480026dfab07731a73d1d0c6539,283.0,316.8,426.8,0.42057880999999997,18.0
9d44d480026dfab07731a73d1d0c6539,254.7,259.2,426.8,0.41559403599999994,24.0
9d44d480026dfab07731a73d1d0c6539,311.3,316.8,426.8,0.38480293083333333,15.0
9d44d480026dfab07731a73d1d0c6539,254.7,316.8,426.8,0.37939410300000004,18.0
9dbb448086386afae3321dda0441c688,207.0,229.5,393.0,0.926594375,80.0
9dbb448086386afae3321dda0441c688,207.0,280.5,393.0,0.9018065,64.0
9dbb448086386afae3321dda0441c688,230.0,229.5,393.0,0.8983180208333333,70.0
9dbb448086386afae3321dda0441c688,230.0,280.5,393.0,0.8742865833333333,56.0
9dbb448086386afae3321dda0441c688,253.0,229.5,393.0,0.84502796875,60.0
9dbb448086386afae3321dda0441c688,207.0,229.5,353.7,0.8353283125,80.0
9dbb448086386afae3321dda0441c688,253.0,280.5,393.0,0.822422125,48.0
9dbb448086386afae3321dda0441c688,207.0,255.0,393.0,0.821541,64.0
9dbb448086386afae3321dda0441c688,207.0,280.5,353.7,0.81298195,64.0
9dbb448086386afae3321dda0441c688,230.0,229.5,353.7,0.8098370729166665,70.0
9dbb448086386afae3321dda0441c688,230.0,255.0,393.0,0.7964705,56.0
9dbb448086386afae3321dda0441c688,230.0,280.5,353.7,0.7881726416666667,56.0
9dbb448086386afae3321dda0441c688,253.0,229.5,353.7,0.761795890625,60.0
9dbb448086386afae3321dda0441c688,253.0,255.0,393.0,0.74922225,48.0
9dbb448086386afae3321dda0441c688,253.0,280.5,353.7,0.7414166375,48.0
9dbb448086386afae3321dda0441c688,207.0,255.0,353.7,0.7406223,64.0
9dbb448086386afae3321dda0441c688,230.0,255.0,353.7,0.71802115,56.0
9dbb448086386afae3321dda0441c688,253.0,255.0,353.7,0.6754266750000001,48.0
9dbb448086386afae3321dda0441c688,207.0,229.5,432.3,0.50893021875,40.0
9dbb448086386afae3321dda0441c688,207.0,280.5,432.3,0.49531552500000003,32.0
9dbb448086386afae3321dda0441c688,230.0,229.5,432.3,0.4933994843750001,35.0
9dbb448086386afae3321dda0441c688,230.0,280.5,432.3,0.48020026250000003,28.0
9dbb448086386afae3321dda0441c688,253.0,229.5,432.3,0.4641300234375,30.0
9dbb448086386afae3321dda0441c688,253.0,280.5,432.3,0.45171380625,24.0
9dbb448086386afae3321dda0441c688,207.0,255.0,432.3,0.45122985000000004,32.0
9dbb448086386afae3321dda0441c688,230.0,255.0,432.3,0.43745992499999997,28.0
9dbb448086386afae3321dda0441c688,253.0,255.0,432.3,0.4115089125,24.0
a053806f0b23db27a17e90bf971c8a62,245.7,286.0,386.0,0.9336764888888888,56.0
a053806f0b23db27a17e90bf971c8a62,273.0,286.0,386.0,0.887096,48.0
a053806f0b23db27a17e90bf971c8a62,245.7,257.4,386.0,0.8422273533333332,56.0
a053806f0b23db27a17e90bf971c8a62,245.7,286.0,347.4,0.8417379366666666,56.0
a053806f0b23db27a17e90bf971c8a62,300.3,286.0,386.0,0.8115815555555556,40.0
a053806f0b23db27a17e90bf971c8a62,273.0,257.4,386.0,0.8002092,48.0
a053806f0b23db27a17e90bf971c8a62,273.0,286.0,347.4,0.7997441999999999,48.0
a053806f0b23db27a17e90bf971c8a62,245.7,314.6,386.0,0.7688442183333333,42.0
a053806f0b23db27a17e90bf971c8a62,245.7,257.4,347.4,0.7592937414999997,56.0
a053806f0b23db27a17e90bf971c8a62,300.3,257.4,386.0,0.7320910333333333,40.0
a053806f0b23db27a17e90bf971c8a62,300.3,286.0,347.4,0.7316656166666666,40.0
a053806f0b23db27a17e90bf971c8a62,273.0,314.6,386.0,0.7304871000000001,36.0
a053806f0b23db27a17e90bf971c8a62,273.0,257.4,347.4,0.7214130899999999,48.0
a053806f0b23db27a17e90bf971c8a62,245.7,314.6,347.4,0.693136598875,42.0
a053806f0b23db27a17e90bf971c8a62,300.3,314.6,386.0,0.6683040583333334,30.0
a053806f0b23db27a17e90bf971c8a62,300.3,257.4,347.4,0.6600024775,40.0
a053806f0b23db27a17e90bf971c8a62,273.0,314.6,347.4,0.6585564825,36.0
a053806f0b23db27a17e90bf971c8a62,300.3,314.6,347.4,0.6024965668750001,30.0
a053806f0b23db27a17e90bf971c8a62,245.7,286.0,424.6,0.5128075205555556,28.0
a053806f0b23db27a17e90bf971c8a62,273.0,286.0,424.6,0.48722390000000004,24.0
a053806f0b23db27a17e90bf971c8a62,245.7,257.4,424.6,0.4625804825833333,28.0
a053806f0b23db27a17e90bf971c8a62,300.3,286.0,424.6,0.44574874722222224,20.0
a053806f0b23db27a17e90bf971c8a62,273.0,257.4,424.6,0.43950265499999996,24.0
a053806f0b23db27a17e90bf971c8a62,245.7,314.6,424.6,0.4222759188958334,21.0
a053806f0b23db27a17e90bf971c8a62,300.3,257.4,424.6,0.4020897945833334,20.0
a053806f0b23db27a17e90bf971c8a62,273.0,314.6,424.6,0.40120885875000006,18.0
a053806f0b23db27a17e90bf971c8a62,300.3,314.6,424.6,0.3670557748958334,15.0
a12aea41ad9864b83129274495d5d5b2,165.6,288.0,388.0,0.9202526666666667,80.0
a12aea41ad9864b83129274495d5d5b2,184.0,288.0,388.0,0.917035,72.0
a12aea41ad9864b83129274495d5d5b2,202.4,288.0,388.0,0.894082311111111,64.0
a12aea41ad9864b83129274495d5d5b2,165.6,259.2,388.0,0.8301054666666666,80.0
a12aea41ad9864b83129274495d5d5b2,165.6,288.0,349.2,0.8296287999999999,80.0
a12aea41ad9864b83129274495d5d5b2,184.0,259.2,388.0,0.827203,72.0
a12aea41ad9864b83129274495d5d5b2,184.0,288.0,349.2,0.826728,72.0
a12aea41ad9864b83129274495d5d5b2,202.4,259.2,388.0,0.8064987377777778,64.0
a12aea41ad9864b83129274495d5d5b2,202.4,288.0,349.2,0.8060356266666666,64.0
a12aea41ad9864b83129274495d5d5b2,165.6,316.8,388.0,0.7577999000000001,60.0
a12aea41ad9864b83129274495d5d5b2,184.0,316.8,388.0,0.75515025,54.0
a12aea41ad9864b83129274495d5d5b2,165.6,259.2,349.2,0.74835904,80.0
a12aea41ad9864b83129274495d5d5b2,184.0,259.2,349.2,0.7457423999999999,72.0
a12aea41ad9864b83129274495d5d5b2,202.4,316.8,388.0,0.7362494133333335,48.0
a12aea41ad9864b83129274495d5d5b2,202.4,259.2,349.2,0.7270770346666667,64.0
a12aea41ad9864b83129274495d5d5b2,165.6,316.8,349.2,0.68317392,60.0
a12aea41ad9864b83129274495d5d5b2,184.0,316.8,349.2,0.6807852,54.0
a12aea41ad9864b83129274495d5d5b2,202.4,316.8,349.2,0.663745664,48.0
a12aea41ad9864b83129274495d5d5b2,165.6,288.0,426.8,0.5054382666666667,40.0
a12aea41ad9864b83129274495d5d5b2,184.0,288.0,426.8,0.503671,36.0
a12aea41ad9864b83129274495d5d5b2,202.4,288.0,426.8,0.4910644977777778,32.0
a12aea41ad9864b83129274495d5d5b2,165.6,259.2,426.8,0.4559259466666667,40.0
a12aea41ad9864b83129274495d5d5b2,184.0,259.2,426.8,0.45433180000000006,36.0
a12aea41ad9864b83129274495d5d5b2,202.4,259.2,426.8,0.44296022044444444,32.0
a12aea41ad9864b83129274495d5d5b2,165.6,316.8,426.8,0.41621294000000003,30.0
a12aea41ad9864b83129274495d5d5b2,184.0,316.8,426.8,0.41475765000000003,27.0
a12aea41ad9864b83129274495d5d5b2,202.4,316.8,426.8,0.4043765813333334,24.0
a130566667d4be7bb38053adaefea0af,183.6,229.5,393.0,0.9278994375,90.0
a130566667d4be7bb38053adaefea0af,204.0,229.5,393.0,0.91354375,80.0
a130566667d4be7bb38053adaefea0af,183.6,280.5,393.0,0.90307665,72.0
a130566667d4be7bb38053adaefea0af,204.0,280.5,393.0,0.889105,64.0
a130566667d4be7bb38053adaefea0af,224.4,229.5,393.0,0.877002,70.0
a130566667d4be7bb38053adaefea0af,224.4,280.5,393.0,0.8535408000000001,56.0
a130566667d4be7bb38053adaefea0af,183.6,229.5,353.7,0.83650483125,90.0
a130566667d4be7bb38053adaefea0af,204.0,229.5,353.7,0.823563125,80.0
a130566667d4be7bb38053adaefea0af,183.6,255.0,393.0,0.8226981,72.0
a130566667d4be7bb38053adaefea0af,183.6,280.5,353.7,0.814126995,72.0
a130566667d4be7bb38053adaefea0af,204.0,255.0,393.0,0.80997,64.0
a130566667d4be7bb38053adaefea0af,204.0,280.5,353.7,0.8015315,64.0
a130566667d4be7bb38053adaefea0af,224.4,229.5,353.7,0.7906206000000001,70.0
a130566667d4be7bb38053adaefea0af,224.4,255.0,393.0,0.7775712000000001,56.0
a130566667d4be7bb38053adaefea0af,224.4,280.5,353.7,0.76947024,56.0
a130566667d4be7bb38053adaefea0af,183.6,255.0,353.7,0.74166543,72.0
a130566667d4be7bb38053adaefea0af,204.0,255.0,353.7,0.730191,64.0
a130566667d4be7bb38053adaefea0af,224.4,255.0,353.7,0.7009833599999999,56.0
a130566667d4be7bb38053adaefea0af,183.6,229.5,432.3,0.5096470218749999,45.0
a130566667d4be7bb38053adaefea0af,204.0,229.5,432.3,0.5017621875,40.0
a130566667d4be7bb38053adaefea0af,183.6,280.5,432.3,0.4960131525,36.0
a130566667d4be7bb38053adaefea0af,204.0,280.5,432.3,0.48833925,32.0
a130566667d4be7bb38053adaefea0af,224.4,229.5,432.3,0.48169170000000006,35.0
a130566667d4be7bb38053adaefea0af,224.4,280.5,432.3,0.46880568000000006,28.0
a130566667d4be7bb38053adaefea0af,183.6,255.0,432.3,0.451865385,36.0
a130566667d4be7bb38053adaefea0af,204.0,255.0,432.3,0.4448745,32.0
a130566667d4be7bb38053adaefea0af,224.4,255.0,432.3,0.42707952,28.0
a1c08078a73de9700accb1bfa9d293be,245.0,292.0,355.5,0.8762793472222222,56.0
a1c08078a73de9700accb1bfa9d293be,269.5,292.0,355.5,0.8244107916666666,48.0
a1c08078a73de9700accb1bfa9d293be,220.5,292.0,355.5,0.7907461041666667,56.0
a1c08078a73de9700accb1bfa9d293be,245.0,262.8,355.5,0.7904157333333334,56.0
a1c08078a73de9700accb1bfa9d293be,269.5,262.8,355.5,0.7436296000000001,48.0
a1c08078a73de9700accb1bfa9d293be,245.0,321.2,355.5,0.7216072208333334,42.0
a1c08078a73de9700accb1bfa9d293be,220.5,262.8,355.5,0.7132636,56.0
a1c08078a73de9700accb1bfa9d293be,269.5,321.2,355.5,0.6788939875,36.0
a1c08078a73de9700accb1bfa9d293be,220.5,321.2,355.5,0.65117145625,42.0
a1c08078a73de9700accb1bfa9d293be,245.0,292.0,434.5,0.5338880393518518,28.0
a1c08078a73de9700accb1bfa9d293be,269.5,292.0,434.5,0.5022862430555556,24.0
a1c08078a73de9700accb1bfa9d293be,245.0,292.0,395.0,0.4860138564814815,28.0
a1c08078a73de9700accb1bfa9d293be,220.5,292.0,434.5,0.4817754618055556,28.0
a1c08078a73de9700accb1bfa9d293be,245.0,262.8,434.5,0.4815741777777778,28.0
a1c08078a73de9700accb1bfa9d293be,269.5,292.0,395.0,0.4572458194444444,24.0
a1c08078a73de9700accb1bfa9d293be,269.5,262.8,434.5,0.45306893333333337,24.0
a1c08078a73de9700accb1bfa9d293be,245.0,321.2,434.5,0.43965142569444443,21.0
a1c08078a73de9700accb1bfa9d293be,220.5,292.0,395.0,0.43857425694444446,28.0
a1c08078a73de9700accb1bfa9d293be,245.0,262.8,395.0,0.4383910222222222,28.0
a1c08078a73de9700accb1bfa9d293be,220.5,262.8,434.5,0.4345679333333334,28.0
a1c08078a73de9700accb1bfa9d293be,269.5,321.2,434.5,0.41362766458333333,18.0
a1c08078a73de9700accb1bfa9d293be,269.5,262.8,395.0,0.41244186666666666,24.0
a1c08078a73de9700accb1bfa9d293be,245.0,321.2,395.0,0.4002275180555555,21.0
a1c08078a73de9700accb1bfa9d293be,220.5,321.2,434.5,0.3967372427083334,21.0
a1c08078a73de9700accb1bfa9d293be,220.5,262.8,395.0,0.39559986666666674,28.0
a1c08078a73de9700accb1bfa9d293be,269.5,321.2,395.0,0.37653732916666666,18.0
a1c08078a73de9700accb1bfa9d293be,220.5,321.2,395.0,0.3611614854166667,21.0
a231d37bbfd765b2d130853c472c6f8c,190.8,221.4,379.0,0.8973772500000001,90.0
a231d37bbfd765b2d130853c472c6f8c,212.0,221.4,379.0,0.8835963888888889,80.0
a231d37bbfd765b2d130853c472c6f8c,190.8,270.6,379.0,0.8732262000000001,72.0
a231d37bbfd765b2d130853c472c6f8c,212.0,270.6,379.0,0.8598162222222222,64.0
a231d37bbfd765b2d130853c472c6f8c,233.2,221.4,379.0,0.8483335972222222,70.0
a231d37bbfd765b2d130853c472c6f8c,233.2,270.6,379.0,0.8255024555555556,56.0
a231d37bbfd765b2d130853c472c6f8c,190.8,221.4,341.1,0.8090380350000002,90.0
a231d37bbfd765b2d130853c472c6f8c,212.0,221.4,341.1,0.7966137833333334,80.0
a231d37bbfd765b2d130853c472c6f8c,190.8,246.0,379.0,0.7955640000000002,72.0
a231d37bbfd765b2d130853c472c6f8c,190.8,270.6,341.1,0.787264452,72.0
a231d37bbfd765b2d130853c472c6f8c,212.0,246.0,379.0,0.7833466666666666,64.0
a231d37bbfd765b2d130853c472c6f8c,212.0,270.6,341.1,0.7751745733333335,64.0
a231d37bbfd765b2d130853c472c6f8c,233.2,221.4,341.1,0.7648223158333334,70.0
a231d37bbfd765b2d130853c472c6f8c,233.2,246.0,379.0,0.7520846666666665,56.0
a231d37bbfd765b2d130853c472c6f8c,233.2,270.6,341.1,0.7442387073333335,56.0
a231d37bbfd765b2d130853c472c6f8c,190.8,246.0,341.1,0.7172474400000001,72.0
a231d37bbfd765b2d130853c472c6f8c,212.0,246.0,341.1,0.7062328000000001,64.0
a231d37bbfd765b2d130853c472c6f8c,233.2,246.0,341.1,0.6780482800000001,56.0
a231d37bbfd765b2d130853c472c6f8c,190.8,221.4,416.9,0.49285823250000005,45.0
a231d37bbfd765b2d130853c472c6f8c,212.0,221.4,416.9,0.48528949722222225,40.0
a231d37bbfd765b2d130853c472c6f8c,190.8,270.6,416.9,0.47959397400000003,36.0
a231d37bbfd765b2d130853c472c6f8c,212.0,270.6,416.9,0.47222893555555556,32.0
a231d37bbfd765b2d130853c472c6f8c,233.2,221.4,416.9,0.46592243930555555,35.0
a231d37bbfd765b2d130853c472c6f8c,233.2,270.6,416.9,0.4533831018888889,28.0
a231d37bbfd765b2d130853c472c6f8c,190.8,246.0,416.9,0.43694028,36.0
a231d37bbfd765b2d130853c472c6f8c,212.0,246.0,416.9,0.43023026666666664,32.0
a231d37bbfd765b2d130853c472c6f8c,233.2,246.0,416.9,0.41306052666666665,28.0
a23eeef1c0cd8cfd40b780d65382034a,333.3,286.0,386.0,0.8990193333333333,40.0
a23eeef1c0cd8cfd40b780d65382034a,272.7,286.0,386.0,0.8861421333333332,48.0
a23eeef1c0cd8cfd40b780d65382034a,303.0,286.0,386.0,0.8187355555555555,40.0
a23eeef1c0cd8cfd40b780d65382034a,333.3,257.4,386.0,0.8109647,40.0
a23eeef1c0cd8cfd40b780d65382034a,333.3,286.0,347.4,0.81049345,40.0
a23eeef1c0cd8cfd40b780d65382034a,272.7,257.4,386.0,0.7993487599999999,48.0
a23eeef1c0cd8cfd40b780d65382034a,272.7,286.0,347.4,0.7988842599999998,48.0
a23eeef1c0cd8cfd40b780d65382034a,333.3,314.6,386.0,0.7403054750000001,30.0
a23eeef1c0cd8cfd40b780d65382034a,303.0,257.4,386.0,0.7385443333333332,40.0
a23eeef1c0cd8cfd40b780d65382034a,303.0,286.0,347.4,0.7381151666666667,40.0
a23eeef1c0cd8cfd40b780d65382034a,333.3,257.4,347.4,0.7311095025,40.0
a23eeef1c0cd8cfd40b780d65382034a,272.7,314.6,386.0,0.7297016300000001,36.0
a23eeef1c0cd8cfd40b780d65382034a,272.7,257.4,347.4,0.7206373769999997,48.0
a23eeef1c0cd8cfd40b780d65382034a,303.0,314.6,386.0,0.6741950833333334,30.0
a23eeef1c0cd8cfd40b780d65382034a,333.3,314.6,347.4,0.6674080481250001,30.0
a23eeef1c0cd8cfd40b780d65382034a,303.0,257.4,347.4,0.665820325,40.0
a23eeef1c0cd8cfd40b780d65382034a,272.7,314.6,347.4,0.6578483572499999,36.0
a23eeef1c0cd8cfd40b780d65382034a,303.0,314.6,347.4,0.60780750625,30.0
a23eeef1c0cd8cfd40b780d65382034a,333.3,286.0,424.6,0.4937726083333334,20.0
a23eeef1c0cd8cfd40b780d65382034a,272.7,286.0,424.6,0.48670000333333335,24.0
a23eeef1c0cd8cfd40b780d65382034a,303.0,286.0,424.6,0.4496779722222223,20.0
a23eeef1c0cd8cfd40b780d65382034a,333.3,257.4,424.6,0.44540994874999995,20.0
a23eeef1c0cd8cfd40b780d65382034a,272.7,257.4,424.6,0.4390300714999999,24.0
a23eeef1c0cd8cfd40b780d65382034a,333.3,314.6,424.6,0.4066014509375001,15.0
a23eeef1c0cd8cfd40b780d65382034a,303.0,257.4,424.6,0.40563417083333336,20.0
a23eeef1c0cd8cfd40b780d65382034a,272.7,314.6,424.6,0.40077745137500004,18.0
a23eeef1c0cd8cfd40b780d65382034a,303.0,314.6,424.6,0.37029133020833344,15.0
a2c4cc4e764be062aaefa64a99695dbe,331.1,266.4,355.5,0.7684054041666666,40.0
a2c4cc4e764be062aaefa64a99695dbe,270.9,266.4,355.5,0.7574184149999998,48.0
a2c4cc4e764be062aaefa64a99695dbe,331.1,325.6,355.5,0.7015507489583335,30.0
a2c4cc4e764be062aaefa64a99695dbe,301.0,266.4,355.5,0.6997937083333332,40.0
a2c4cc4e764be062aaefa64a99695dbe,270.9,325.6,355.5,0.69151967625,36.0
a2c4cc4e764be062aaefa64a99695dbe,331.1,296.0,355.5,0.6389274010416668,30.0
a2c4cc4e764be062aaefa64a99695dbe,301.0,325.6,355.5,0.6389085729166668,30.0
a2c4cc4e764be062aaefa64a99695dbe,270.9,296.0,355.5,0.6297917437499999,36.0
a2c4cc4e764be062aaefa64a99695dbe,301.0,296.0,355.5,0.5818769270833334,30.0
a2c4cc4e764be062aaefa64a99695dbe,331.1,266.4,434.5,0.46816401180555556,20.0
a2c4cc4e764be062aaefa64a99695dbe,270.9,266.4,434.5,0.46147000249999987,24.0
a2c4cc4e764be062aaefa64a99695dbe,331.1,325.6,434.5,0.42743168038194446,15.0
a2c4cc4e764be062aaefa64a99695dbe,301.0,266.4,434.5,0.4263611736111111,20.0
a2c4cc4e764be062aaefa64a99695dbe,331.1,266.4,395.0,0.4261833569444444,20.0
a2c4cc4e764be062aaefa64a99695dbe,270.9,325.6,434.5,0.421320079375,18.0
a2c4cc4e764be062aaefa64a99695dbe,270.9,266.4,395.0,0.4200896049999999,24.0
a2c4cc4e764be062aaefa64a99695dbe,331.1,296.0,434.5,0.3892773446180556,15.0
a2c4cc4e764be062aaefa64a99695dbe,301.0,325.6,434.5,0.3892658732638889,15.0
a2c4cc4e764be062aaefa64a99695dbe,331.1,325.6,395.0,0.3891035274305556,15.0
a2c4cc4e764be062aaefa64a99695dbe,301.0,266.4,395.0,0.3881290138888889,20.0
a2c4cc4e764be062aaefa64a99695dbe,270.9,296.0,434.5,0.383711290625,18.0
a2c4cc4e764be062aaefa64a99695dbe,270.9,325.6,395.0,0.38353995875,18.0
a2c4cc4e764be062aaefa64a99695dbe,301.0,296.0,434.5,0.3545183767361111,15.0
a2c4cc4e764be062aaefa64a99695dbe,331.1,296.0,395.0,0.35437052256944446,15.0
a2c4cc4e764be062aaefa64a99695dbe,301.0,325.6,395.0,0.3543600798611111,15.0
a2c4cc4e764be062aaefa64a99695dbe,270.9,296.0,395.0,0.34930358125,18.0
a2c4cc4e764be062aaefa64a99695dbe,301.0,296.0,395.0,0.3227284201388889,15.0
a49d6ed97efd5ce792072d9ef9acf630,211.5,220.5,378.0,0.8758,80.0
a49d6ed97efd5ce792072d9ef9acf630,211.5,269.5,378.0,0.8522133333333334,64.0
a49d6ed97efd5ce792072d9ef9acf630,235.0,220.5,378.0,0.8491233333333333,70.0
a49d6ed97efd5ce792072d9ef9acf630,235.0,269.5,378.0,0.8262551111111112,56.0
a49d6ed97efd5ce792072d9ef9acf630,258.5,220.5,378.0,0.79879,60.0
a49d6ed97efd5ce792072d9ef9acf630,211.5,220.5,340.2,0.7895884375,80.0
a49d6ed97efd5ce792072d9ef9acf630,258.5,269.5,378.0,0.7772773333333334,48.0
a49d6ed97efd5ce792072d9ef9acf630,211.5,245.0,378.0,0.7764266666666667,64.0
a49d6ed97efd5ce792072d9ef9acf630,211.5,269.5,340.2,0.7683235833333333,64.0
a49d6ed97efd5ce792072d9ef9acf630,235.0,220.5,340.2,0.7655377552083333,70.0
a49d6ed97efd5ce792072d9ef9acf630,235.0,245.0,378.0,0.7527768888888889,56.0
a49d6ed97efd5ce792072d9ef9acf630,235.0,269.5,340.2,0.7449206236111111,56.0
a49d6ed97efd5ce792072d9ef9acf630,258.5,220.5,340.2,0.7201591093749998,60.0
a49d6ed97efd5ce792072d9ef9acf630,258.5,245.0,378.0,0.7081546666666667,48.0
a49d6ed97efd5ce792072d9ef9acf630,258.5,269.5,340.2,0.7007640958333333,48.0
a49d6ed97efd5ce792072d9ef9acf630,211.5,245.0,340.2,0.6999971666666667,64.0
a49d6ed97efd5ce792072d9ef9acf630,235.0,245.0,340.2,0.678675413888889,56.0
a49d6ed97efd5ce792072d9ef9acf630,258.5,245.0,340.2,0.6384456916666665,48.0
a49d6ed97efd5ce792072d9ef9acf630,211.5,220.5,415.8,0.48100578125,40.0
a49d6ed97efd5ce792072d9ef9acf630,211.5,269.5,415.8,0.4680515416666667,32.0
a49d6ed97efd5ce792072d9ef9acf630,235.0,220.5,415.8,0.4663544557291667,35.0
a49d6ed97efd5ce792072d9ef9acf630,235.0,269.5,415.8,0.4537947993055556,28.0
a49d6ed97efd5ce792072d9ef9acf630,258.5,220.5,415.8,0.4387104453125001,30.0
a49d6ed97efd5ce792072d9ef9acf630,258.5,269.5,415.8,0.4268952854166667,24.0
a49d6ed97efd5ce792072d9ef9acf630,211.5,245.0,415.8,0.4264280833333333,32.0
a49d6ed97efd5ce792072d9ef9acf630,235.0,245.0,415.8,0.41343918194444446,28.0
a49d6ed97efd5ce792072d9ef9acf630,258.5,245.0,415.8,0.3889318208333334,24.0
a555028b9dc4a080d444d0af6464279d,180.9,286.0,386.0,0.8913884000000001,72.0
a555028b9dc4a080d444d0af6464279d,201.0,286.0,386.0,0.8775573333333333,64.0
a555028b9dc4a080d444d0af6464279d,221.1,286.0,386.0,0.8424232444444444,56.0
a555028b9dc4a080d444d0af6464279d,180.9,257.4,386.0,0.80408118,72.0
a555028b9dc4a080d444d0af6464279d,180.9,286.0,347.4,0.80361393,72.0
a555028b9dc4a080d444d0af6464279d,201.0,257.4,386.0,0.7916047999999999,64.0
a555028b9dc4a080d444d0af6464279d,201.0,286.0,347.4,0.7911447999999999,64.0
a555028b9dc4a080d444d0af6464279d,221.1,257.4,386.0,0.7599119266666665,56.0
a555028b9dc4a080d444d0af6464279d,221.1,286.0,347.4,0.7594703433333333,56.0
a555028b9dc4a080d444d0af6464279d,180.9,314.6,386.0,0.7340217150000001,54.0
a555028b9dc4a080d444d0af6464279d,180.9,257.4,347.4,0.7249037984999999,72.0
a555028b9dc4a080d444d0af6464279d,201.0,314.6,386.0,0.7226324000000002,48.0
a555028b9dc4a080d444d0af6464279d,201.0,257.4,347.4,0.71365596,64.0
a555028b9dc4a080d444d0af6464279d,221.1,314.6,386.0,0.6937009216666667,42.0
a555028b9dc4a080d444d0af6464279d,221.1,257.4,347.4,0.6850838644999998,56.0
a555028b9dc4a080d444d0af6464279d,180.9,314.6,347.4,0.661743046125,54.0
a555028b9dc4a080d444d0af6464279d,201.0,314.6,347.4,0.6514752300000001,48.0
a555028b9dc4a080d444d0af6464279d,221.1,314.6,347.4,0.6253926166250001,42.0
a555028b9dc4a080d444d0af6464279d,180.9,286.0,424.6,0.48958143500000006,36.0
a555028b9dc4a080d444d0af6464279d,201.0,286.0,424.6,0.48198493333333337,32.0
a555028b9dc4a080d444d0af6464279d,221.1,286.0,424.6,0.4626880727777778,28.0
a555028b9dc4a080d444d0af6464279d,180.9,257.4,424.6,0.44162928075,36.0
a555028b9dc4a080d444d0af6464279d,201.0,257.4,424.6,0.43477682,32.0
a555028b9dc4a080d444d0af6464279d,221.1,257.4,424.6,0.41736999441666667,28.0
a555028b9dc4a080d444d0af6464279d,180.9,314.6,424.6,0.40315019193750007,27.0
a555028b9dc4a080d444d0af6464279d,201.0,314.6,424.6,0.3968947850000001,24.0
a555028b9dc4a080d444d0af6464279d,221.1,314.6,424.6,0.3810046133541667,21.0
a699f7e10a026261e599215bbbee0cbc,181.8,282.0,380.0,0.8698896000000002,72.0
a699f7e10a026261e599215bbbee0cbc,202.0,282.0,380.0,0.8564053333333334,64.0
a699f7e10a026261e599215bbbee0cbc,222.2,282.0,380.0,0.8221285333333332,56.0
a699f7e10a026261e599215bbbee0cbc,181.8,253.8,380.0,0.78471291,72.0
a699f7e10a026261e599215bbbee0cbc,181.8,282.0,342.0,0.7842528,72.0
a699f7e10a026261e599215bbbee0cbc,202.0,253.8,380.0,0.7725489777777779,64.0
a699f7e10a026261e599215bbbee0cbc,202.0,282.0,342.0,0.772096,64.0
a699f7e10a026261e599215bbbee0cbc,222.2,253.8,380.0,0.7416284477777778,56.0
a699f7e10a026261e599215bbbee0cbc,222.2,282.0,342.0,0.7411935999999998,56.0
a699f7e10a026261e599215bbbee0cbc,181.8,310.2,380.0,0.7162997175000001,54.0
a699f7e10a026261e599215bbbee0cbc,181.8,253.8,342.0,0.70746138,72.0
a699f7e10a026261e599215bbbee0cbc,202.0,310.2,380.0,0.7051962666666667,48.0
a699f7e10a026261e599215bbbee0cbc,202.0,253.8,342.0,0.6964949333333333,64.0
a699f7e10a026261e599215bbbee0cbc,222.2,310.2,380.0,0.6769714641666666,42.0
a699f7e10a026261e599215bbbee0cbc,222.2,253.8,342.0,0.6686183933333334,56.0
a699f7e10a026261e599215bbbee0cbc,181.8,310.2,342.0,0.6457831650000001,54.0
a699f7e10a026261e599215bbbee0cbc,202.0,310.2,342.0,0.6357727999999999,48.0
a699f7e10a026261e599215bbbee0cbc,222.2,310.2,342.0,0.610326605,42.0
a699f7e10a026261e599215bbbee0cbc,181.8,282.0,418.0,0.4777632,36.0
a699f7e10a026261e599215bbbee0cbc,202.0,282.0,418.0,0.47035733333333335,32.0
a699f7e10a026261e599215bbbee0cbc,222.2,282.0,418.0,0.45153173333333324,28.0
a699f7e10a026261e599215bbbee0cbc,181.8,253.8,418.0,0.43098222,36.0
a699f7e10a026261e599215bbbee0cbc,202.0,253.8,418.0,0.42430151111111114,32.0
a699f7e10a026261e599215bbbee0cbc,222.2,253.8,418.0,0.40731925111111117,28.0
a699f7e10a026261e599215bbbee0cbc,181.8,310.2,418.0,0.393408135,27.0
a699f7e10a026261e599215bbbee0cbc,202.0,310.2,418.0,0.3873098666666666,24.0
a699f7e10a026261e599215bbbee0cbc,222.2,310.2,418.0,0.3718081616666667,21.0
a778b11e4e4ba54e29a39958cb07f4f2,168.0,266.4,355.5,0.7932515,80.0
a778b11e4e4ba54e29a39958cb07f4f2,151.2,266.4,355.5,0.7883278699999998,88.0
a778b11e4e4ba54e29a39958cb07f4f2,184.8,266.4,355.5,0.7828571699999999,72.0
a778b11e4e4ba54e29a39958cb07f4f2,168.0,325.6,355.5,0.724235125,60.0
a778b11e4e4ba54e29a39958cb07f4f2,151.2,325.6,355.5,0.7197398725,66.0
a778b11e4e4ba54e29a39958cb07f4f2,184.8,325.6,355.5,0.7147451475000001,54.0
a778b11e4e4ba54e29a39958cb07f4f2,168.0,296.0,355.5,0.659586875,60.0
a778b11e4e4ba54e29a39958cb07f4f2,151.2,296.0,355.5,0.6554928874999999,66.0
a778b11e4e4ba54e29a39958cb07f4f2,184.8,296.0,355.5,0.6509440125000001,54.0
a778b11e4e4ba54e29a39958cb07f4f2,168.0,266.4,434.5,0.48330191666666666,40.0
a778b11e4e4ba54e29a39958cb07f4f2,151.2,266.4,434.5,0.48030211166666653,44.0
a778b11e4e4ba54e29a39958cb07f4f2,184.8,266.4,434.5,0.47696899499999995,36.0
a778b11e4e4ba54e29a39958cb07f4f2,168.0,325.6,434.5,0.44125252083333333,30.0
a778b11e4e4ba54e29a39958cb07f4f2,168.0,266.4,395.0,0.4399638333333333,40.0
a778b11e4e4ba54e29a39958cb07f4f2,151.2,325.6,434.5,0.4385137120833333,33.0
a778b11e4e4ba54e29a39958cb07f4f2,151.2,266.4,395.0,0.4372330233333333,44.0
a778b11e4e4ba54e29a39958cb07f4f2,184.8,325.6,434.5,0.43547059125000004,27.0
a778b11e4e4ba54e29a39958cb07f4f2,184.8,266.4,395.0,0.43419878999999995,36.0
a778b11e4e4ba54e29a39958cb07f4f2,168.0,296.0,434.5,0.4018644791666667,30.0
a778b11e4e4ba54e29a39958cb07f4f2,168.0,325.6,395.0,0.40168504166666674,30.0
a778b11e4e4ba54e29a39958cb07f4f2,151.2,296.0,434.5,0.3993701479166667,33.0
a778b11e4e4ba54e29a39958cb07f4f2,151.2,325.6,395.0,0.39919182416666665,33.0
a778b11e4e4ba54e29a39958cb07f4f2,184.8,296.0,434.5,0.39659866875,27.0
a778b11e4e4ba54e29a39958cb07f4f2,184.8,325.6,395.0,0.39642158250000004,27.0
a778b11e4e4ba54e29a39958cb07f4f2,168.0,296.0,395.0,0.36582895833333334,30.0
a778b11e4e4ba54e29a39958cb07f4f2,151.2,296.0,395.0,0.36355829583333327,33.0
a778b11e4e4ba54e29a39958cb07f4f2,184.8,296.0,395.0,0.36103533750000005,27.0
a7d151b83674a2f9c36356597a93821c,211.5,226.8,380.0,0.9048483333333334,80.0
a7d151b83674a2f9c36356597a93821c,211.5,277.2,380.0,0.8805946666666666,64.0
a7d151b83674a2f9c36356597a93821c,235.0,226.8,380.0,0.8772868611111111,70.0
a7d151b83674a2f9c36356597a93821c,235.0,277.2,380.0,0.8537719555555556,56.0
a7d151b83674a2f9c36356597a93821c,258.5,226.8,380.0,0.8252840833333334,60.0
a7d151b83674a2f9c36356597a93821c,211.5,226.8,342.0,0.81577,80.0
a7d151b83674a2f9c36356597a93821c,258.5,277.2,380.0,0.8031630666666666,48.0
a7d151b83674a2f9c36356597a93821c,211.5,252.0,380.0,0.8022366666666667,64.0
a7d151b83674a2f9c36356597a93821c,211.5,277.2,342.0,0.793904,64.0
a7d151b83674a2f9c36356597a93821c,235.0,226.8,342.0,0.7909218333333334,70.0
a7d151b83674a2f9c36356597a93821c,235.0,252.0,380.0,0.7778007222222222,56.0
a7d151b83674a2f9c36356597a93821c,235.0,277.2,342.0,0.7697218666666666,56.0
a7d151b83674a2f9c36356597a93821c,258.5,226.8,342.0,0.7440385,60.0
a7d151b83674a2f9c36356597a93821c,258.5,252.0,380.0,0.7316951666666667,48.0
a7d151b83674a2f9c36356597a93821c,258.5,277.2,342.0,0.7240951999999999,48.0
a7d151b83674a2f9c36356597a93821c,211.5,252.0,342.0,0.72326,64.0
a7d151b83674a2f9c36356597a93821c,235.0,252.0,342.0,0.7012296666666666,56.0
a7d151b83674a2f9c36356597a93821c,258.5,252.0,342.0,0.659663,48.0
a7d151b83674a2f9c36356597a93821c,211.5,226.8,418.0,0.4969633333333333,40.0
a7d151b83674a2f9c36356597a93821c,211.5,277.2,418.0,0.48364266666666667,32.0
a7d151b83674a2f9c36356597a93821c,235.0,226.8,418.0,0.4818259444444445,35.0
a7d151b83674a2f9c36356597a93821c,235.0,277.2,418.0,0.46891102222222214,28.0
a7d151b83674a2f9c36356597a93821c,258.5,226.8,418.0,0.4532648333333334,30.0
a7d151b83674a2f9c36356597a93821c,258.5,277.2,418.0,0.4411154666666667,24.0
a7d151b83674a2f9c36356597a93821c,211.5,252.0,418.0,0.44060666666666665,32.0
a7d151b83674a2f9c36356597a93821c,235.0,252.0,418.0,0.42718588888888887,28.0
a7d151b83674a2f9c36356597a93821c,258.5,252.0,418.0,0.4018636666666667,24.0
a81b2225c037d3a9acb4e700a03958ae,208.8,286.0,386.0,0.9106247111111112,64.0
a81b2225c037d3a9acb4e700a03958ae,232.0,286.0,386.0,0.8828565925925926,56.0
a81b2225c037d3a9acb4e700a03958ae,255.2,286.0,386.0,0.830499911111111,48.0
a81b2225c037d3a9acb4e700a03958ae,208.8,257.4,386.0,0.8214333866666668,64.0
a81b2225c037d3a9acb4e700a03958ae,208.8,286.0,347.4,0.8209560533333334,64.0
a81b2225c037d3a9acb4e700a03958ae,232.0,257.4,386.0,0.7963850222222222,56.0
a81b2225c037d3a9acb4e700a03958ae,232.0,286.0,347.4,0.7959222444444444,56.0
a81b2225c037d3a9acb4e700a03958ae,208.8,314.6,386.0,0.7498620266666666,48.0
a81b2225c037d3a9acb4e700a03958ae,255.2,257.4,386.0,0.7491564266666665,48.0
a81b2225c037d3a9acb4e700a03958ae,255.2,286.0,347.4,0.7487210933333331,48.0
a81b2225c037d3a9acb4e700a03958ae,208.8,257.4,347.4,0.740547344,64.0
a81b2225c037d3a9acb4e700a03958ae,232.0,314.6,386.0,0.7269961222222222,42.0
a81b2225c037d3a9acb4e700a03958ae,232.0,257.4,347.4,0.7179654766666665,56.0
a81b2225c037d3a9acb4e700a03958ae,255.2,314.6,386.0,0.6838825466666667,36.0
a81b2225c037d3a9acb4e700a03958ae,208.8,314.6,347.4,0.676023572,48.0
a81b2225c037d3a9acb4e700a03958ae,255.2,257.4,347.4,0.6753874519999998,48.0
a81b2225c037d3a9acb4e700a03958ae,232.0,314.6,347.4,0.6554092591666666,42.0
a81b2225c037d3a9acb4e700a03958ae,255.2,314.6,347.4,0.616541051,36.0
a81b2225c037d3a9acb4e700a03958ae,208.8,286.0,424.6,0.5001466844444445,32.0
a81b2225c037d3a9acb4e700a03958ae,232.0,286.0,424.6,0.4848954703703704,28.0
a81b2225c037d3a9acb4e700a03958ae,255.2,286.0,424.6,0.4561393644444444,24.0
a81b2225c037d3a9acb4e700a03958ae,208.8,257.4,424.6,0.45115971466666666,32.0
a81b2225c037d3a9acb4e700a03958ae,232.0,257.4,424.6,0.43740228388888885,28.0
a81b2225c037d3a9acb4e700a03958ae,208.8,314.6,424.6,0.4118502406666667,24.0
a81b2225c037d3a9acb4e700a03958ae,255.2,257.4,424.6,0.41146270066666657,24.0
a81b2225c037d3a9acb4e700a03958ae,232.0,314.6,424.6,0.39929149263888897,21.0
a81b2225c037d3a9acb4e700a03958ae,255.2,314.6,424.6,0.3756120211666667,18.0
a864dfb999785d464e7867269d6489cb,157.5,282.0,380.0,0.925628,88.0
a864dfb999785d464e7867269d6489cb,192.5,282.0,380.0,0.919452,72.0
a864dfb999785d464e7867269d6489cb,175.0,282.0,380.0,0.838392,72.0
a864dfb999785d464e7867269d6489cb,157.5,253.8,380.0,0.8349935916666668,88.0
a864dfb999785d464e7867269d6489cb,157.5,282.0,342.0,0.834504,88.0
a864dfb999785d464e7867269d6489cb,192.5,253.8,380.0,0.8294223250000001,72.0
a864dfb999785d464e7867269d6489cb,192.5,282.0,342.0,0.828936,72.0
a864dfb999785d464e7867269d6489cb,157.5,310.2,380.0,0.7621968062500001,66.0
a864dfb999785d464e7867269d6489cb,192.5,310.2,380.0,0.75711125625,54.0
a864dfb999785d464e7867269d6489cb,175.0,253.8,380.0,0.7562994500000001,72.0
a864dfb999785d464e7867269d6489cb,175.0,282.0,342.0,0.755856,72.0
a864dfb999785d464e7867269d6489cb,157.5,253.8,342.0,0.75279215,88.0
a864dfb999785d464e7867269d6489cb,192.5,253.8,342.0,0.7477693500000001,72.0
a864dfb999785d464e7867269d6489cb,175.0,310.2,380.0,0.6903634125,54.0
a864dfb999785d464e7867269d6489cb,157.5,310.2,342.0,0.6871618875,66.0
a864dfb999785d464e7867269d6489cb,192.5,310.2,342.0,0.6825769875,54.0
a864dfb999785d464e7867269d6489cb,175.0,253.8,342.0,0.6818451,72.0
a864dfb999785d464e7867269d6489cb,175.0,310.2,342.0,0.6224001749999999,54.0
a864dfb999785d464e7867269d6489cb,157.5,282.0,418.0,0.508376,44.0
a864dfb999785d464e7867269d6489cb,192.5,282.0,418.0,0.504984,36.0
a864dfb999785d464e7867269d6489cb,175.0,282.0,418.0,0.460464,36.0
a864dfb999785d464e7867269d6489cb,157.5,253.8,418.0,0.45859751666666676,44.0
a864dfb999785d464e7867269d6489cb,192.5,253.8,418.0,0.45553765,36.0
a864dfb999785d464e7867269d6489cb,157.5,310.2,418.0,0.41861586249999994,33.0
a864dfb999785d464e7867269d6489cb,192.5,310.2,418.0,0.41582276249999994,27.0
a864dfb999785d464e7867269d6489cb,175.0,253.8,418.0,0.41537690000000005,36.0
a864dfb999785d464e7867269d6489cb,175.0,310.2,418.0,0.37916332499999994,27.0
aaf392f3c544855a81cee5b4895b3983,281.6,282.0,380.0,0.8881088,48.0
aaf392f3c544855a81cee5b4895b3983,230.4,282.0,380.0,0.8516704,56.0
aaf392f3c544855a81cee5b4895b3983,256.0,282.0,380.0,0.809056,48.0
aaf392f3c544855a81cee5b4895b3983,281.6,253.8,380.0,0.8011481466666668,48.0
aaf392f3c544855a81cee5b4895b3983,281.6,282.0,342.0,0.8006784,48.0
aaf392f3c544855a81cee5b4895b3983,230.4,253.8,380.0,0.7682776733333333,56.0
aaf392f3c544855a81cee5b4895b3983,230.4,282.0,342.0,0.7678271999999999,56.0
aaf392f3c544855a81cee5b4895b3983,281.6,310.2,380.0,0.73130209,36.0
aaf392f3c544855a81cee5b4895b3983,256.0,253.8,380.0,0.7298359333333334,48.0
aaf392f3c544855a81cee5b4895b3983,256.0,282.0,342.0,0.729408,48.0
aaf392f3c544855a81cee5b4895b3983,281.6,253.8,342.0,0.7222786400000001,48.0
aaf392f3c544855a81cee5b4895b3983,230.4,310.2,380.0,0.701297345,42.0
aaf392f3c544855a81cee5b4895b3983,230.4,253.8,342.0,0.69264412,56.0
aaf392f3c544855a81cee5b4895b3983,256.0,310.2,380.0,0.6662070499999999,36.0
aaf392f3c544855a81cee5b4895b3983,281.6,310.2,342.0,0.6593086200000001,36.0
aaf392f3c544855a81cee5b4895b3983,256.0,253.8,342.0,0.6579868000000001,48.0
aaf392f3c544855a81cee5b4895b3983,230.4,310.2,342.0,0.63225771,42.0
aaf392f3c544855a81cee5b4895b3983,256.0,310.2,342.0,0.6006218999999999,36.0
aaf392f3c544855a81cee5b4895b3983,281.6,282.0,418.0,0.4877696,24.0
aaf392f3c544855a81cee5b4895b3983,230.4,282.0,418.0,0.4677567999999999,28.0
aaf392f3c544855a81cee5b4895b3983,256.0,282.0,418.0,0.444352,24.0
aaf392f3c544855a81cee5b4895b3983,281.6,253.8,418.0,0.4400088266666667,24.0
aaf392f3c544855a81cee5b4895b3983,230.4,253.8,418.0,0.42195561333333337,28.0
aaf392f3c544855a81cee5b4895b3983,281.6,310.2,418.0,0.40164778,18.0
aaf392f3c544855a81cee5b4895b3983,256.0,253.8,418.0,0.40084253333333336,24.0
aaf392f3c544855a81cee5b4895b3983,230.4,310.2,418.0,0.38516849,21.0
aaf392f3c544855a81cee5b4895b3983,256.0,310.2,418.0,0.36589609999999995,18.0
ab2be01db2336d90876b25f646f81b48,283.0,286.0,386.0,0.9188915555555556,48.0
ab2be01db2336d90876b25f646f81b48,311.3,286.0,386.0,0.8407274814814815,40.0
ab2be01db2336d90876b25f646f81b48,254.7,286.0,386.0,0.8289101333333333,48.0
ab2be01db2336d90876b25f646f81b48,283.0,257.4,386.0,0.8288905333333333,48.0
ab2be01db2336d90876b25f646f81b48,283.0,286.0,347.4,0.8284088666666666,48.0
ab2be01db2336d90876b25f646f81b48,311.3,257.4,386.0,0.7583822555555555,40.0
ab2be01db2336d90876b25f646f81b48,311.3,286.0,347.4,0.7579415611111112,40.0
ab2be01db2336d90876b25f646f81b48,283.0,314.6,386.0,0.7566694333333335,36.0
ab2be01db2336d90876b25f646f81b48,254.7,257.4,386.0,0.7477223599999999,48.0
ab2be01db2336d90876b25f646f81b48,254.7,286.0,347.4,0.7472878599999999,48.0
ab2be01db2336d90876b25f646f81b48,283.0,257.4,347.4,0.7472701899999998,48.0
ab2be01db2336d90876b25f646f81b48,311.3,314.6,386.0,0.6923045305555555,30.0
ab2be01db2336d90876b25f646f81b48,311.3,257.4,347.4,0.6837048191666667,40.0
ab2be01db2336d90876b25f646f81b48,254.7,314.6,386.0,0.6825734299999999,36.0
ab2be01db2336d90876b25f646f81b48,283.0,314.6,347.4,0.6821606575000001,36.0
ab2be01db2336d90876b25f646f81b48,254.7,257.4,347.4,0.6740945969999999,48.0
ab2be01db2336d90876b25f646f81b48,311.3,314.6,347.4,0.6241337272916666,30.0
ab2be01db2336d90876b25f646f81b48,254.7,314.6,347.4,0.6153608422499999,36.0
ab2be01db2336d90876b25f646f81b48,283.0,286.0,424.6,0.5046871222222222,24.0
ab2be01db2336d90876b25f646f81b48,311.3,286.0,424.6,0.46175670092592597,20.0
ab2be01db2336d90876b25f646f81b48,254.7,286.0,424.6,0.45526620333333334,24.0
ab2be01db2336d90876b25f646f81b48,283.0,257.4,424.6,0.4552554383333333,24.0
ab2be01db2336d90876b25f646f81b48,311.3,257.4,424.6,0.41652984597222226,20.0
ab2be01db2336d90876b25f646f81b48,283.0,314.6,424.6,0.4155891045833334,18.0
ab2be01db2336d90876b25f646f81b48,254.7,257.4,424.6,0.4106750614999999,24.0
ab2be01db2336d90876b25f646f81b48,311.3,314.6,424.6,0.38023766690972227,15.0
ab2be01db2336d90876b25f646f81b48,254.7,314.6,424.6,0.374893008875,18.0
ab79baee2357a91142d0c868d05f3c31,283.8,223.2,383.0,0.897160425,60.0
ab79baee2357a91142d0c868d05f3c31,283.8,272.8,383.0,0.8730482600000001,48.0
ab79baee2357a91142d0c868d05f3c31,232.2,223.2,383.0,0.8603205041666666,70.0
ab79baee2357a91142d0c868d05f3c31,232.2,272.8,383.0,0.8371984522222222,56.0
ab79baee2357a91142d0c868d05f3c31,258.0,223.2,383.0,0.817289,60.0
ab79baee2357a91142d0c868d05f3c31,283.8,223.2,344.7,0.8088281775,60.0
ab79baee2357a91142d0c868d05f3c31,283.8,248.0,383.0,0.7953882999999999,48.0
ab79baee2357a91142d0c868d05f3c31,258.0,272.8,383.0,0.7953234666666665,48.0
ab79baee2357a91142d0c868d05f3c31,283.8,272.8,344.7,0.787090038,48.0
ab79baee2357a91142d0c868d05f3c31,232.2,223.2,344.7,0.77561542625,70.0
ab79baee2357a91142d0c868d05f3c31,232.2,248.0,383.0,0.7627274277777778,56.0
ab79baee2357a91142d0c868d05f3c31,232.2,272.8,344.7,0.7547699156666667,56.0
ab79baee2357a91142d0c868d05f3c31,258.0,223.2,344.7,0.7368207,60.0
ab79baee2357a91142d0c868d05f3c31,258.0,248.0,383.0,0.7245773333333333,48.0
ab79baee2357a91142d0c868d05f3c31,283.8,248.0,344.7,0.71707629,48.0
ab79baee2357a91142d0c868d05f3c31,258.0,272.8,344.7,0.71701784,48.0
ab79baee2357a91142d0c868d05f3c31,232.2,248.0,344.7,0.6876311283333332,56.0
ab79baee2357a91142d0c868d05f3c31,258.0,248.0,344.7,0.6532372,48.0
ab79baee2357a91142d0c868d05f3c31,283.8,223.2,421.3,0.49274633625,30.0
ab79baee2357a91142d0c868d05f3c31,283.8,272.8,421.3,0.47950324100000014,24.0
ab79baee2357a91142d0c868d05f3c31,232.2,223.2,421.3,0.47251279104166666,35.0
ab79baee2357a91142d0c868d05f3c31,232.2,272.8,421.3,0.4598134943888889,28.0
ab79baee2357a91142d0c868d05f3c31,258.0,223.2,421.3,0.44887864999999993,30.0
ab79baee2357a91142d0c868d05f3c31,283.8,248.0,421.3,0.436850155,24.0
ab79baee2357a91142d0c868d05f3c31,258.0,272.8,421.3,0.43681454666666664,24.0
ab79baee2357a91142d0c868d05f3c31,232.2,248.0,421.3,0.41891186361111105,28.0
ab79baee2357a91142d0c868d05f3c31,258.0,248.0,421.3,0.39795873333333337,24.0
ac8b5267c6be652bd0aff43408408e79,188.1,288.0,388.0,0.93682365,72.0
ac8b5267c6be652bd0aff43408408e79,209.0,288.0,388.0,0.9223977777777778,64.0
ac8b5267c6be652bd0aff43408408e79,229.9,288.0,388.0,0.8855554944444445,56.0
ac8b5267c6be652bd0aff43408408e79,188.1,259.2,388.0,0.8450531699999999,72.0
ac8b5267c6be652bd0aff43408408e79,188.1,288.0,349.2,0.8445679199999998,72.0
ac8b5267c6be652bd0aff43408408e79,209.0,259.2,388.0,0.8320404444444445,64.0
ac8b5267c6be652bd0aff43408408e79,209.0,288.0,349.2,0.8315626666666667,64.0
ac8b5267c6be652bd0aff43408408e79,229.9,259.2,388.0,0.7988072011111111,56.0
ac8b5267c6be652bd0aff43408408e79,229.9,288.0,349.2,0.7983485066666667,56.0
ac8b5267c6be652bd0aff43408408e79,188.1,316.8,388.0,0.7714455975,54.0
ac8b5267c6be652bd0aff43408408e79,188.1,259.2,349.2,0.7618347360000001,72.0
ac8b5267c6be652bd0aff43408408e79,209.0,316.8,388.0,0.7595663333333333,48.0
ac8b5267c6be652bd0aff43408408e79,209.0,259.2,349.2,0.7501034666666666,64.0
ac8b5267c6be652bd0aff43408408e79,229.9,316.8,388.0,0.7292278408333334,42.0
ac8b5267c6be652bd0aff43408408e79,229.9,259.2,349.2,0.7201429386666666,56.0
ac8b5267c6be652bd0aff43408408e79,188.1,316.8,349.2,0.695475828,54.0
ac8b5267c6be652bd0aff43408408e79,209.0,316.8,349.2,0.6847663999999999,48.0
ac8b5267c6be652bd0aff43408408e79,229.9,316.8,349.2,0.6574155560000001,42.0
ac8b5267c6be652bd0aff43408408e79,188.1,288.0,426.8,0.51453969,36.0
ac8b5267c6be652bd0aff43408408e79,209.0,288.0,426.8,0.5066164444444444,32.0
ac8b5267c6be652bd0aff43408408e79,229.9,288.0,426.8,0.4863812411111112,28.0
ac8b5267c6be652bd0aff43408408e79,188.1,259.2,426.8,0.464135802,36.0
ac8b5267c6be652bd0aff43408408e79,209.0,259.2,426.8,0.45698871111111117,32.0
ac8b5267c6be652bd0aff43408408e79,229.9,259.2,426.8,0.4387357317777778,28.0
ac8b5267c6be652bd0aff43408408e79,188.1,316.8,426.8,0.42370768350000004,27.0
ac8b5267c6be652bd0aff43408408e79,209.0,316.8,426.8,0.4171831333333334,24.0
ac8b5267c6be652bd0aff43408408e79,229.9,316.8,426.8,0.4005200628333334,21.0
ad02b3d41b4467a5a65a742951a80e72,171.0,286.0,386.0,0.9379688888888889,80.0
ad02b3d41b4467a5a65a742951a80e72,153.9,286.0,386.0,0.9320867111111112,88.0
ad02b3d41b4467a5a65a742951a80e72,188.1,286.0,386.0,0.9257276,72.0
ad02b3d41b4467a5a65a742951a80e72,171.0,257.4,386.0,0.8460993333333332,80.0
ad02b3d41b4467a5a65a742951a80e72,171.0,286.0,347.4,0.8456076666666665,80.0
ad02b3d41b4467a5a65a742951a80e72,153.9,257.4,386.0,0.8407932866666666,88.0
ad02b3d41b4467a5a65a742951a80e72,153.9,286.0,347.4,0.8403047033333334,88.0
ad02b3d41b4467a5a65a742951a80e72,188.1,257.4,386.0,0.8350570199999998,72.0
ad02b3d41b4467a5a65a742951a80e72,188.1,286.0,347.4,0.8345717699999998,72.0
ad02b3d41b4467a5a65a742951a80e72,171.0,314.6,386.0,0.7723788333333335,60.0
ad02b3d41b4467a5a65a742951a80e72,153.9,314.6,386.0,0.7675351016666667,66.0
ad02b3d41b4467a5a65a742951a80e72,171.0,257.4,347.4,0.76278445,80.0
ad02b3d41b4467a5a65a742951a80e72,188.1,314.6,386.0,0.762298635,54.0
ad02b3d41b4467a5a65a742951a80e72,153.9,257.4,347.4,0.7580008864999999,88.0
ad02b3d41b4467a5a65a742951a80e72,188.1,257.4,347.4,0.7528294665,72.0
ad02b3d41b4467a5a65a742951a80e72,171.0,314.6,347.4,0.6963231625000001,60.0
ad02b3d41b4467a5a65a742951a80e72,153.9,314.6,347.4,0.691956390125,66.0
ad02b3d41b4467a5a65a742951a80e72,188.1,314.6,347.4,0.687235555125,54.0
ad02b3d41b4467a5a65a742951a80e72,171.0,286.0,424.6,0.5151650555555556,40.0
ad02b3d41b4467a5a65a742951a80e72,153.9,286.0,424.6,0.5119343594444445,44.0
ad02b3d41b4467a5a65a742951a80e72,188.1,286.0,424.6,0.508441715,36.0
ad02b3d41b4467a5a65a742951a80e72,171.0,257.4,424.6,0.4647071083333333,40.0
ad02b3d41b4467a5a65a742951a80e72,153.9,257.4,424.6,0.4617928434166666,44.0
ad02b3d41b4467a5a65a742951a80e72,188.1,257.4,424.6,0.45864228674999996,36.0
ad02b3d41b4467a5a65a742951a80e72,171.0,314.6,424.6,0.42421725208333333,30.0
ad02b3d41b4467a5a65a742951a80e72,153.9,314.6,424.6,0.4215569066041667,33.0
ad02b3d41b4467a5a65a742951a80e72,188.1,314.6,424.6,0.41868085743750005,27.0
ad23381bab48bad4640990fdc6a27c9b,206.1,223.2,383.0,0.8754898833333334,80.0
ad23381bab48bad4640990fdc6a27c9b,206.1,272.8,383.0,0.8519601377777779,64.0
ad23381bab48bad4640990fdc6a27c9b,229.0,223.2,383.0,0.8487628819444445,70.0
ad23381bab48bad4640990fdc6a27c9b,229.0,272.8,383.0,0.8259514537037037,56.0
ad23381bab48bad4640990fdc6a27c9b,251.9,223.2,383.0,0.7984046708333332,60.0
ad23381bab48bad4640990fdc6a27c9b,206.1,223.2,344.7,0.789291265,80.0
ad23381bab48bad4640990fdc6a27c9b,251.9,272.8,383.0,0.7769466744444443,48.0
ad23381bab48bad4640990fdc6a27c9b,206.1,248.0,383.0,0.7761760222222223,64.0
ad23381bab48bad4640990fdc6a27c9b,206.1,272.8,344.7,0.7680782013333334,64.0
ad23381bab48bad4640990fdc6a27c9b,229.0,223.2,344.7,0.7651957395833333,70.0
ad23381bab48bad4640990fdc6a27c9b,229.0,248.0,383.0,0.7524808796296296,56.0
ad23381bab48bad4640990fdc6a27c9b,229.0,272.8,344.7,0.7446302694444444,56.0
ad23381bab48bad4640990fdc6a27c9b,251.9,223.2,344.7,0.7197956762499998,60.0
ad23381bab48bad4640990fdc6a27c9b,251.9,248.0,383.0,0.7078352055555555,48.0
ad23381bab48bad4640990fdc6a27c9b,251.9,272.8,344.7,0.7004503823333331,48.0
ad23381bab48bad4640990fdc6a27c9b,206.1,248.0,344.7,0.6997556066666666,64.0
ad23381bab48bad4640990fdc6a27c9b,229.0,248.0,344.7,0.6783934305555556,56.0
ad23381bab48bad4640990fdc6a27c9b,251.9,248.0,344.7,0.6381434616666666,48.0
ad23381bab48bad4640990fdc6a27c9b,206.1,223.2,421.3,0.4808442508333334,40.0
ad23381bab48bad4640990fdc6a27c9b,206.1,272.8,421.3,0.4679210371111111,32.0
ad23381bab48bad4640990fdc6a27c9b,229.0,223.2,421.3,0.4661650121527778,35.0
ad23381bab48bad4640990fdc6a27c9b,229.0,272.8,421.3,0.4536363189814815,28.0
ad23381bab48bad4640990fdc6a27c9b,251.9,223.2,421.3,0.4385068327083333,30.0
ad23381bab48bad4640990fdc6a27c9b,251.9,272.8,421.3,0.4267214832777777,24.0
ad23381bab48bad4640990fdc6a27c9b,206.1,248.0,421.3,0.4262982188888889,32.0
ad23381bab48bad4640990fdc6a27c9b,229.0,248.0,421.3,0.41328416435185183,28.0
ad23381bab48bad4640990fdc6a27c9b,251.9,248.0,421.3,0.38876347472222217,24.0
ad82db0ca04dc6e4f24560b7e49b6000,151.8,266.4,355.5,0.7913367550000001,88.0
ad82db0ca04dc6e4f24560b7e49b6000,138.0,266.4,355.5,0.7877808000000001,96.0
ad82db0ca04dc6e4f24560b7e49b6000,124.2,266.4,355.5,0.7716422349999998,104.0
ad82db0ca04dc6e4f24560b7e49b6000,151.8,325.6,355.5,0.72248697125,66.0
ad82db0ca04dc6e4f24560b7e49b6000,138.0,325.6,355.5,0.7192404,72.0
ad82db0ca04dc6e4f24560b7e49b6000,124.2,325.6,355.5,0.70450596125,78.0
ad82db0ca04dc6e4f24560b7e49b6000,151.8,296.0,355.5,0.6579947687500001,66.0
ad82db0ca04dc6e4f24560b7e49b6000,138.0,296.0,355.5,0.655038,72.0
ad82db0ca04dc6e4f24560b7e49b6000,124.2,296.0,355.5,0.6416188187499998,78.0
ad82db0ca04dc6e4f24560b7e49b6000,151.8,266.4,434.5,0.4821353258333333,44.0
ad82db0ca04dc6e4f24560b7e49b6000,138.0,266.4,434.5,0.47996880000000003,48.0
ad82db0ca04dc6e4f24560b7e49b6000,124.2,266.4,434.5,0.47013610583333326,52.0
ad82db0ca04dc6e4f24560b7e49b6000,151.8,325.6,434.5,0.4401874285416668,33.0
ad82db0ca04dc6e4f24560b7e49b6000,151.8,266.4,395.0,0.4389018516666666,44.0
ad82db0ca04dc6e4f24560b7e49b6000,138.0,325.6,434.5,0.43820939999999997,36.0
ad82db0ca04dc6e4f24560b7e49b6000,138.0,266.4,395.0,0.4369296,48.0
ad82db0ca04dc6e4f24560b7e49b6000,124.2,325.6,434.5,0.4292321935416667,39.0
ad82db0ca04dc6e4f24560b7e49b6000,124.2,266.4,395.0,0.4279786116666666,52.0
ad82db0ca04dc6e4f24560b7e49b6000,151.8,296.0,434.5,0.4008944614583333,33.0
ad82db0ca04dc6e4f24560b7e49b6000,151.8,325.6,395.0,0.40071545708333345,33.0
ad82db0ca04dc6e4f24560b7e49b6000,138.0,296.0,434.5,0.399093,36.0
ad82db0ca04dc6e4f24560b7e49b6000,138.0,325.6,395.0,0.39891480000000007,36.0
ad82db0ca04dc6e4f24560b7e49b6000,124.2,296.0,434.5,0.3909171364583333,39.0
ad82db0ca04dc6e4f24560b7e49b6000,124.2,325.6,395.0,0.39074258708333337,39.0
ad82db0ca04dc6e4f24560b7e49b6000,151.8,296.0,395.0,0.3649459229166667,33.0
ad82db0ca04dc6e4f24560b7e49b6000,138.0,296.0,395.0,0.363306,36.0
ad82db0ca04dc6e4f24560b7e49b6000,124.2,296.0,395.0,0.3558632729166666,39.0
ad99ed562d5d808977b10fa512bfde8b,192.6,286.0,386.0,0.9471896,72.0
ad99ed562d5d808977b10fa512bfde8b,214.0,286.0,386.0,0.9326696296296296,64.0
ad99ed562d5d808977b10fa512bfde8b,235.4,286.0,386.0,0.8954688296296297,56.0
ad99ed562d5d808977b10fa512bfde8b,192.6,257.4,386.0,0.8544169199999998,72.0
ad99ed562d5d808977b10fa512bfde8b,192.6,286.0,347.4,0.8539204199999999,72.0
ad99ed562d5d808977b10fa512bfde8b,214.0,257.4,386.0,0.841319111111111,64.0
ad99ed562d5d808977b10fa512bfde8b,214.0,286.0,347.4,0.8408302222222223,64.0
ad99ed562d5d808977b10fa512bfde8b,235.4,257.4,386.0,0.8077619511111112,56.0
ad99ed562d5d808977b10fa512bfde8b,235.4,286.0,347.4,0.8072925622222222,56.0
ad99ed562d5d808977b10fa512bfde8b,192.6,314.6,386.0,0.7799717100000001,54.0
ad99ed562d5d808977b10fa512bfde8b,192.6,257.4,347.4,0.7702830089999998,72.0
ad99ed562d5d808977b10fa512bfde8b,214.0,314.6,386.0,0.7680151111111111,48.0
ad99ed562d5d808977b10fa512bfde8b,214.0,257.4,347.4,0.7584749333333332,64.0
ad99ed562d5d808977b10fa512bfde8b,235.4,314.6,386.0,0.7373817811111112,42.0
ad99ed562d5d808977b10fa512bfde8b,235.4,257.4,347.4,0.7282221263333333,56.0
ad99ed562d5d808977b10fa512bfde8b,192.6,314.6,347.4,0.7031683732499999,54.0
ad99ed562d5d808977b10fa512bfde8b,214.0,314.6,347.4,0.6923891333333333,48.0
ad99ed562d5d808977b10fa512bfde8b,235.4,314.6,347.4,0.6647722485833334,42.0
ad99ed562d5d808977b10fa512bfde8b,192.6,286.0,424.6,0.52022939,36.0
ad99ed562d5d808977b10fa512bfde8b,214.0,286.0,424.6,0.5122545185185186,32.0
ad99ed562d5d808977b10fa512bfde8b,235.4,286.0,424.6,0.49182254851851853,28.0
ad99ed562d5d808977b10fa512bfde8b,192.6,257.4,424.6,0.46927541549999996,36.0
ad99ed562d5d808977b10fa512bfde8b,214.0,257.4,424.6,0.4620816444444444,32.0
ad99ed562d5d808977b10fa512bfde8b,235.4,257.4,424.6,0.44365088794444446,28.0
ad99ed562d5d808977b10fa512bfde8b,192.6,314.6,424.6,0.428387523375,27.0
ad99ed562d5d808977b10fa512bfde8b,214.0,314.6,424.6,0.4218205444444445,24.0
ad99ed562d5d808977b10fa512bfde8b,235.4,314.6,424.6,0.4049956568194445,21.0
ae072ed4f441d6f7ab5283589778daca,165.6,229.5,393.0,0.9331196874999999,100.0
ae072ed4f441d6f7ab5283589778daca,184.0,229.5,393.0,0.92985703125,90.0
ae072ed4f441d6f7ab5283589778daca,165.6,280.5,393.0,0.90815725,80.0
ae072ed4f441d6f7ab5283589778daca,202.4,229.5,393.0,0.9065834166666666,80.0
ae072ed4f441d6f7ab5283589778daca,184.0,280.5,393.0,0.904981875,72.0
ae072ed4f441d6f7ab5283589778daca,202.4,280.5,393.0,0.8823308666666666,64.0
ae072ed4f441d6f7ab5283589778daca,165.6,229.5,353.7,0.8412109062499998,100.0
ae072ed4f441d6f7ab5283589778daca,184.0,229.5,353.7,0.838269609375,90.0
ae072ed4f441d6f7ab5283589778daca,165.6,255.0,393.0,0.8273265,80.0
ae072ed4f441d6f7ab5283589778daca,184.0,255.0,393.0,0.82443375,72.0
ae072ed4f441d6f7ab5283589778daca,165.6,280.5,353.7,0.818707175,80.0
ae072ed4f441d6f7ab5283589778daca,202.4,229.5,353.7,0.8172883583333335,80.0
ae072ed4f441d6f7ab5283589778daca,184.0,280.5,353.7,0.8158445625,72.0
ae072ed4f441d6f7ab5283589778daca,202.4,255.0,393.0,0.8037988,64.0
ae072ed4f441d6f7ab5283589778daca,202.4,280.5,353.7,0.7954245933333333,64.0
ae072ed4f441d6f7ab5283589778daca,165.6,255.0,353.7,0.74583795,80.0
ae072ed4f441d6f7ab5283589778daca,184.0,255.0,353.7,0.743230125,72.0
ae072ed4f441d6f7ab5283589778daca,202.4,255.0,353.7,0.72462764,64.0
ae072ed4f441d6f7ab5283589778daca,165.6,229.5,432.3,0.5125142343749999,50.0
ae072ed4f441d6f7ab5283589778daca,184.0,229.5,432.3,0.5107222265625,45.0
ae072ed4f441d6f7ab5283589778daca,165.6,280.5,432.3,0.4988036625,40.0
ae072ed4f441d6f7ab5283589778daca,202.4,229.5,432.3,0.4979392375000001,40.0
ae072ed4f441d6f7ab5283589778daca,184.0,280.5,432.3,0.49705959375,36.0
ae072ed4f441d6f7ab5283589778daca,202.4,280.5,432.3,0.48461857,32.0
ae072ed4f441d6f7ab5283589778daca,165.6,255.0,432.3,0.454407525,40.0
ae072ed4f441d6f7ab5283589778daca,184.0,255.0,432.3,0.4528186875,36.0
ae072ed4f441d6f7ab5283589778daca,202.4,255.0,432.3,0.44148498,32.0
af25ed4a56d3b3317fc10fd23b427cc4,286.0,229.5,393.0,0.952695625,60.0
af25ed4a56d3b3317fc10fd23b427cc4,286.0,280.5,393.0,0.9272095,48.0
af25ed4a56d3b3317fc10fd23b427cc4,234.0,229.5,393.0,0.91354375,70.0
af25ed4a56d3b3317fc10fd23b427cc4,234.0,280.5,393.0,0.889105,56.0
af25ed4a56d3b3317fc10fd23b427cc4,260.0,229.5,393.0,0.8678665625,60.0
af25ed4a56d3b3317fc10fd23b427cc4,286.0,229.5,353.7,0.8588586875,60.0
af25ed4a56d3b3317fc10fd23b427cc4,286.0,255.0,393.0,0.844683,48.0
af25ed4a56d3b3317fc10fd23b427cc4,260.0,280.5,393.0,0.84464975,48.0
af25ed4a56d3b3317fc10fd23b427cc4,286.0,280.5,353.7,0.83588285,48.0
af25ed4a56d3b3317fc10fd23b427cc4,234.0,229.5,353.7,0.823563125,70.0
af25ed4a56d3b3317fc10fd23b427cc4,234.0,255.0,393.0,0.80997,56.0
af25ed4a56d3b3317fc10fd23b427cc4,234.0,280.5,353.7,0.8015315,56.0
af25ed4a56d3b3317fc10fd23b427cc4,260.0,229.5,353.7,0.7823849687499999,60.0
af25ed4a56d3b3317fc10fd23b427cc4,260.0,255.0,393.0,0.7694715,48.0
af25ed4a56d3b3317fc10fd23b427cc4,286.0,255.0,353.7,0.7614848999999999,48.0
af25ed4a56d3b3317fc10fd23b427cc4,260.0,280.5,353.7,0.761454925,48.0
af25ed4a56d3b3317fc10fd23b427cc4,234.0,255.0,353.7,0.730191,56.0
af25ed4a56d3b3317fc10fd23b427cc4,260.0,255.0,353.7,0.6936814499999999,48.0
af25ed4a56d3b3317fc10fd23b427cc4,286.0,229.5,432.3,0.52326628125,30.0
af25ed4a56d3b3317fc10fd23b427cc4,286.0,280.5,432.3,0.5092680749999999,24.0
af25ed4a56d3b3317fc10fd23b427cc4,234.0,229.5,432.3,0.5017621875,35.0
af25ed4a56d3b3317fc10fd23b427cc4,234.0,280.5,432.3,0.48833925,28.0
af25ed4a56d3b3317fc10fd23b427cc4,260.0,229.5,432.3,0.47667407812500007,30.0
af25ed4a56d3b3317fc10fd23b427cc4,286.0,255.0,432.3,0.46394055000000006,24.0
af25ed4a56d3b3317fc10fd23b427cc4,260.0,280.5,432.3,0.4639222875,24.0
af25ed4a56d3b3317fc10fd23b427cc4,234.0,255.0,432.3,0.4448745,28.0
af25ed4a56d3b3317fc10fd23b427cc4,260.0,255.0,432.3,0.422630775,24.0
b10375e57c7a7f209de7bf3aec5aa29f,241.2,286.0,386.0,0.9169838222222221,56.0
b10375e57c7a7f209de7bf3aec5aa29f,268.0,286.0,386.0,0.8711982222222222,48.0
b10375e57c7a7f209de7bf3aec5aa29f,241.2,257.4,386.0,0.8271696533333333,56.0
b10375e57c7a7f209de7bf3aec5aa29f,241.2,286.0,347.4,0.8266889866666666,56.0
b10375e57c7a7f209de7bf3aec5aa29f,294.8,286.0,386.0,0.7970085925925926,40.0
b10375e57c7a7f209de7bf3aec5aa29f,268.0,257.4,386.0,0.7858685333333333,48.0
b10375e57c7a7f209de7bf3aec5aa29f,268.0,286.0,347.4,0.7854118666666666,48.0
b10375e57c7a7f209de7bf3aec5aa29f,241.2,314.6,386.0,0.7550984933333333,42.0
b10375e57c7a7f209de7bf3aec5aa29f,241.2,257.4,347.4,0.7457187639999999,56.0
b10375e57c7a7f209de7bf3aec5aa29f,294.8,257.4,386.0,0.7189454222222224,40.0
b10375e57c7a7f209de7bf3aec5aa29f,294.8,286.0,347.4,0.7185276444444444,40.0
b10375e57c7a7f209de7bf3aec5aa29f,268.0,314.6,386.0,0.7173959333333334,36.0
b10375e57c7a7f209de7bf3aec5aa29f,268.0,257.4,347.4,0.7084845399999998,48.0
b10375e57c7a7f209de7bf3aec5aa29f,241.2,314.6,347.4,0.680744407,42.0
b10375e57c7a7f209de7bf3aec5aa29f,294.8,314.6,386.0,0.6563038222222223,30.0
b10375e57c7a7f209de7bf3aec5aa29f,294.8,257.4,347.4,0.6481513066666668,40.0
b10375e57c7a7f209de7bf3aec5aa29f,268.0,314.6,347.4,0.646754395,36.0
b10375e57c7a7f209de7bf3aec5aa29f,294.8,314.6,347.4,0.5916779866666666,30.0
b10375e57c7a7f209de7bf3aec5aa29f,241.2,286.0,424.6,0.5036393288888888,28.0
b10375e57c7a7f209de7bf3aec5aa29f,268.0,286.0,424.6,0.4784922888888889,24.0
b10375e57c7a7f209de7bf3aec5aa29f,241.2,257.4,424.6,0.45431027133333324,28.0
b10375e57c7a7f209de7bf3aec5aa29f,294.8,286.0,424.6,0.4377447703703704,20.0
b10375e57c7a7f209de7bf3aec5aa29f,268.0,257.4,424.6,0.4316262633333333,24.0
b10375e57c7a7f209de7bf3aec5aa29f,241.2,314.6,424.6,0.41472628983333343,21.0
b10375e57c7a7f209de7bf3aec5aa29f,294.8,257.4,424.6,0.394869768888889,20.0
b10375e57c7a7f209de7bf3aec5aa29f,268.0,314.6,424.6,0.3940187358333334,18.0
b10375e57c7a7f209de7bf3aec5aa29f,294.8,314.6,424.6,0.360464828888889,15.0
b104736a19fe0c796651c18805508482,188.1,223.2,383.0,0.9013397437499999,90.0
b104736a19fe0c796651c18805508482,209.0,223.2,383.0,0.8874602777777778,80.0
b104736a19fe0c796651c18805508482,188.1,272.8,383.0,0.8771152550000001,72.0
b104736a19fe0c796651c18805508482,209.0,272.8,383.0,0.8636088148148148,64.0
b104736a19fe0c796651c18805508482,229.9,223.2,383.0,0.8520134631944444,70.0
b104736a19fe0c796651c18805508482,229.9,272.8,383.0,0.829114672037037,56.0
b104736a19fe0c796651c18805508482,188.1,223.2,344.7,0.8125960106249998,90.0
b104736a19fe0c796651c18805508482,209.0,223.2,344.7,0.8000830833333332,80.0
b104736a19fe0c796651c18805508482,188.1,248.0,383.0,0.7990935250000001,72.0
b104736a19fe0c796651c18805508482,188.1,272.8,344.7,0.7907566065,72.0
b104736a19fe0c796651c18805508482,209.0,248.0,383.0,0.7867885185185185,64.0
b104736a19fe0c796651c18805508482,209.0,272.8,344.7,0.7785799777777778,64.0
b104736a19fe0c796651c18805508482,229.9,223.2,344.7,0.7681262764583333,70.0
b104736a19fe0c796651c18805508482,229.9,248.0,383.0,0.7553627212962962,56.0
b104736a19fe0c796651c18805508482,229.9,272.8,344.7,0.7474820449444445,56.0
b104736a19fe0c796651c18805508482,188.1,248.0,344.7,0.7204167075,72.0
b104736a19fe0c796651c18805508482,209.0,248.0,344.7,0.7093232222222222,64.0
b104736a19fe0c796651c18805508482,229.9,248.0,344.7,0.6809915330555555,56.0
b104736a19fe0c796651c18805508482,188.1,223.2,421.3,0.49504173843749993,45.0
b104736a19fe0c796651c18805508482,209.0,223.2,421.3,0.4874187361111112,40.0
b104736a19fe0c796651c18805508482,188.1,272.8,421.3,0.48173695175000003,36.0
b104736a19fe0c796651c18805508482,209.0,272.8,421.3,0.47431882592592595,32.0
b104736a19fe0c796651c18805508482,229.9,223.2,421.3,0.4679503249652778,35.0
b104736a19fe0c796651c18805508482,229.9,272.8,421.3,0.4553736495648148,28.0
b104736a19fe0c796651c18805508482,188.1,248.0,421.3,0.43888517125000004,36.0
b104736a19fe0c796651c18805508482,209.0,248.0,421.3,0.4321269074074074,32.0
b104736a19fe0c796651c18805508482,229.9,248.0,421.3,0.41486695476851854,28.0
b1561453f5edf808c1c92eb2d0f45d38,353.1,229.5,393.0,0.9763498828125001,50.0
b1561453f5edf808c1c92eb2d0f45d38,288.9,229.5,393.0,0.9621573281249999,60.0
b1561453f5edf808c1c92eb2d0f45d38,353.1,280.5,393.0,0.95023096875,40.0
b1561453f5edf808c1c92eb2d0f45d38,288.9,280.5,393.0,0.9364180874999999,48.0
b1561453f5edf808c1c92eb2d0f45d38,321.0,229.5,393.0,0.889073828125,50.0
b1561453f5edf808c1c92eb2d0f45d38,353.1,229.5,353.7,0.88018308984375,50.0
b1561453f5edf808c1c92eb2d0f45d38,288.9,229.5,353.7,0.8673884484375,60.0
b1561453f5edf808c1c92eb2d0f45d38,353.1,255.0,393.0,0.8656554375000002,40.0
b1561453f5edf808c1c92eb2d0f45d38,321.0,280.5,393.0,0.8652896875,40.0
b1561453f5edf808c1c92eb2d0f45d38,353.1,280.5,353.7,0.8566367906250002,40.0
b1561453f5edf808c1c92eb2d0f45d38,288.9,255.0,393.0,0.853071975,48.0
b1561453f5edf808c1c92eb2d0f45d38,288.9,280.5,353.7,0.8441844262499998,48.0
b1561453f5edf808c1c92eb2d0f45d38,321.0,229.5,353.7,0.8015033984375,50.0
b1561453f5edf808c1c92eb2d0f45d38,321.0,255.0,393.0,0.788274375,40.0
b1561453f5edf808c1c92eb2d0f45d38,353.1,255.0,353.7,0.78039163125,40.0
b1561453f5edf808c1c92eb2d0f45d38,321.0,280.5,353.7,0.78006190625,40.0
b1561453f5edf808c1c92eb2d0f45d38,288.9,255.0,353.7,0.7690475925,48.0
b1561453f5edf808c1c92eb2d0f45d38,321.0,255.0,353.7,0.7106323125,40.0
b1561453f5edf808c1c92eb2d0f45d38,353.1,229.5,432.3,0.536258337890625,25.0
b1561453f5edf808c1c92eb2d0f45d38,288.9,229.5,432.3,0.52846310390625,30.0
b1561453f5edf808c1c92eb2d0f45d38,353.1,280.5,432.3,0.5219125734375001,20.0
b1561453f5edf808c1c92eb2d0f45d38,288.9,280.5,432.3,0.514325874375,24.0
b1561453f5edf808c1c92eb2d0f45d38,321.0,229.5,432.3,0.48832212890625004,25.0
b1561453f5edf808c1c92eb2d0f45d38,353.1,255.0,432.3,0.47545962187500007,20.0
b1561453f5edf808c1c92eb2d0f45d38,321.0,280.5,432.3,0.475258734375,20.0
b1561453f5edf808c1c92eb2d0f45d38,288.9,255.0,432.3,0.46854817874999993,24.0
b1561453f5edf808c1c92eb2d0f45d38,321.0,255.0,432.3,0.43295821875,20.0
b1fa69af5a250262387efec5b10a19ae,280.0,266.4,355.5,0.7823101,48.0
b1fa69af5a250262387efec5b10a19ae,308.0,266.4,355.5,0.7157499166666667,40.0
b1fa69af5a250262387efec5b10a19ae,280.0,325.6,355.5,0.7142456749999999,36.0
b1fa69af5a250262387efec5b10a19ae,252.0,266.4,355.5,0.7057203000000001,48.0
b1fa69af5a250262387efec5b10a19ae,308.0,325.6,355.5,0.6534765208333333,30.0
b1fa69af5a250262387efec5b10a19ae,280.0,296.0,355.5,0.650489125,36.0
b1fa69af5a250262387efec5b10a19ae,252.0,325.6,355.5,0.644319525,36.0
b1fa69af5a250262387efec5b10a19ae,308.0,296.0,355.5,0.5951444791666667,30.0
b1fa69af5a250262387efec5b10a19ae,252.0,296.0,355.5,0.586804875,36.0
b1fa69af5a250262387efec5b10a19ae,280.0,266.4,434.5,0.4766356833333333,24.0
b1fa69af5a250262387efec5b10a19ae,308.0,266.4,434.5,0.4360827638888889,20.0
b1fa69af5a250262387efec5b10a19ae,280.0,325.6,434.5,0.4351662791666667,18.0
b1fa69af5a250262387efec5b10a19ae,280.0,266.4,395.0,0.4338953666666666,24.0
b1fa69af5a250262387efec5b10a19ae,252.0,266.4,434.5,0.42997205,24.0
b1fa69af5a250262387efec5b10a19ae,308.0,325.6,434.5,0.3981416423611111,15.0
b1fa69af5a250262387efec5b10a19ae,308.0,266.4,395.0,0.396978861111111,20.0
b1fa69af5a250262387efec5b10a19ae,280.0,296.0,434.5,0.39632152083333333,18.0
b1fa69af5a250262387efec5b10a19ae,280.0,325.6,395.0,0.3961445583333334,18.0
b1fa69af5a250262387efec5b10a19ae,252.0,325.6,434.5,0.39256258749999995,18.0
b1fa69af5a250262387efec5b10a19ae,252.0,266.4,395.0,0.3914161,24.0
b1fa69af5a250262387efec5b10a19ae,308.0,296.0,434.5,0.3626018576388889,15.0
b1fa69af5a250262387efec5b10a19ae,308.0,325.6,395.0,0.36243995138888896,15.0
b1fa69af5a250262387efec5b10a19ae,280.0,296.0,395.0,0.3607830416666667,18.0
b1fa69af5a250262387efec5b10a19ae,252.0,296.0,434.5,0.3575208125,18.0
b1fa69af5a250262387efec5b10a19ae,252.0,325.6,395.0,0.35736117500000003,18.0
b1fa69af5a250262387efec5b10a19ae,308.0,296.0,395.0,0.3300870486111111,15.0
b1fa69af5a250262387efec5b10a19ae,252.0,296.0,395.0,0.325461625,18.0
b4d42409ba0a801454f8f3bc60d94ec1,293.0,288.0,388.0,0.9620823333333334,48.0
b4d42409ba0a801454f8f3bc60d94ec1,322.3,288.0,388.0,0.8802999722222222,40.0
b4d42409ba0a801454f8f3bc60d94ec1,293.0,259.2,388.0,0.8678375333333335,48.0
b4d42409ba0a801454f8f3bc60d94ec1,263.7,288.0,388.0,0.8678047000000001,48.0
b4d42409ba0a801454f8f3bc60d94ec1,293.0,288.0,349.2,0.8673392,48.0
b4d42409ba0a801454f8f3bc60d94ec1,322.3,259.2,388.0,0.7940665055555555,40.0
b4d42409ba0a801454f8f3bc60d94ec1,322.3,288.0,349.2,0.7936105333333333,40.0
b4d42409ba0a801454f8f3bc60d94ec1,293.0,316.8,388.0,0.79224535,36.0
b4d42409ba0a801454f8f3bc60d94ec1,263.7,259.2,388.0,0.7827952599999999,48.0
b4d42409ba0a801454f8f3bc60d94ec1,293.0,259.2,349.2,0.78237536,48.0
b4d42409ba0a801454f8f3bc60d94ec1,263.7,288.0,349.2,0.78234576,48.0
b4d42409ba0a801454f8f3bc60d94ec1,322.3,316.8,388.0,0.7249000791666668,30.0
b4d42409ba0a801454f8f3bc60d94ec1,322.3,259.2,349.2,0.7158690933333333,40.0
b4d42409ba0a801454f8f3bc60d94ec1,263.7,316.8,388.0,0.7146106050000001,36.0
b4d42409ba0a801454f8f3bc60d94ec1,293.0,316.8,349.2,0.7142272799999999,36.0
b4d42409ba0a801454f8f3bc60d94ec1,263.7,259.2,349.2,0.7057078079999999,48.0
b4d42409ba0a801454f8f3bc60d94ec1,322.3,316.8,349.2,0.65351398,30.0
b4d42409ba0a801454f8f3bc60d94ec1,263.7,316.8,349.2,0.6442377839999999,36.0
b4d42409ba0a801454f8f3bc60d94ec1,293.0,288.0,426.8,0.5284127333333334,24.0
b4d42409ba0a801454f8f3bc60d94ec1,322.3,288.0,426.8,0.48349470555555557,20.0
b4d42409ba0a801454f8f3bc60d94ec1,293.0,259.2,426.8,0.47664985333333343,24.0
b4d42409ba0a801454f8f3bc60d94ec1,263.7,288.0,426.8,0.47663182000000004,24.0
b4d42409ba0a801454f8f3bc60d94ec1,322.3,259.2,426.8,0.4361319588888889,20.0
b4d42409ba0a801454f8f3bc60d94ec1,293.0,316.8,426.8,0.43513170999999995,18.0
b4d42409ba0a801454f8f3bc60d94ec1,263.7,259.2,426.8,0.42994135599999994,24.0
b4d42409ba0a801454f8f3bc60d94ec1,322.3,316.8,426.8,0.3981430891666667,15.0
b4d42409ba0a801454f8f3bc60d94ec1,263.7,316.8,426.8,0.392491713,18.0
b5ff628fcb5e9885b7d13c5dd1ddd441,286.0,282.0,380.0,0.901696,48.0
b5ff628fcb5e9885b7d13c5dd1ddd441,314.6,282.0,380.0,0.8250106666666668,40.0
b5ff628fcb5e9885b7d13c5dd1ddd441,286.0,253.8,380.0,0.8134049333333334,48.0
b5ff628fcb5e9885b7d13c5dd1ddd441,257.4,282.0,380.0,0.8133792,48.0
b5ff628fcb5e9885b7d13c5dd1ddd441,286.0,282.0,342.0,0.812928,48.0
b5ff628fcb5e9885b7d13c5dd1ddd441,314.6,253.8,380.0,0.7442283722222223,40.0
b5ff628fcb5e9885b7d13c5dd1ddd441,314.6,282.0,342.0,0.743792,40.0
b5ff628fcb5e9885b7d13c5dd1ddd441,286.0,310.2,380.0,0.7424902999999999,36.0
b5ff628fcb5e9885b7d13c5dd1ddd441,257.4,253.8,380.0,0.7337358199999999,48.0
b5ff628fcb5e9885b7d13c5dd1ddd441,286.0,253.8,342.0,0.7333288,48.0
b5ff628fcb5e9885b7d13c5dd1ddd441,257.4,282.0,342.0,0.7333056,48.0
b5ff628fcb5e9885b7d13c5dd1ddd441,314.6,310.2,380.0,0.6793447208333334,30.0
b5ff628fcb5e9885b7d13c5dd1ddd441,314.6,253.8,342.0,0.6709623666666668,40.0
b5ff628fcb5e9885b7d13c5dd1ddd441,257.4,310.2,380.0,0.669766935,36.0
b5ff628fcb5e9885b7d13c5dd1ddd441,286.0,310.2,342.0,0.6693954,36.0
b5ff628fcb5e9885b7d13c5dd1ddd441,257.4,253.8,342.0,0.6615027599999999,48.0
b5ff628fcb5e9885b7d13c5dd1ddd441,314.6,310.2,342.0,0.612466225,30.0
b5ff628fcb5e9885b7d13c5dd1ddd441,257.4,310.2,342.0,0.6038313299999999,36.0
b5ff628fcb5e9885b7d13c5dd1ddd441,286.0,282.0,418.0,0.495232,24.0
b5ff628fcb5e9885b7d13c5dd1ddd441,314.6,282.0,418.0,0.45311466666666667,20.0
b5ff628fcb5e9885b7d13c5dd1ddd441,286.0,253.8,418.0,0.44674053333333336,24.0
b5ff628fcb5e9885b7d13c5dd1ddd441,257.4,282.0,418.0,0.44672639999999997,24.0
b5ff628fcb5e9885b7d13c5dd1ddd441,314.6,253.8,418.0,0.40874718888888895,20.0
b5ff628fcb5e9885b7d13c5dd1ddd441,286.0,310.2,418.0,0.40779259999999995,18.0
b5ff628fcb5e9885b7d13c5dd1ddd441,257.4,253.8,418.0,0.40298443999999994,24.0
b5ff628fcb5e9885b7d13c5dd1ddd441,314.6,310.2,418.0,0.37311160833333334,15.0
b5ff628fcb5e9885b7d13c5dd1ddd441,257.4,310.2,418.0,0.36785126999999995,18.0
b8f10d20eb7db7428c07c066fa1e4da0,192.6,220.5,355.5,0.8469436640625,90.0
b8f10d20eb7db7428c07c066fa1e4da0,214.0,220.5,355.5,0.8339604166666666,80.0
b8f10d20eb7db7428c07c066fa1e4da0,192.6,269.5,355.5,0.8241341437499999,72.0
b8f10d20eb7db7428c07c066fa1e4da0,214.0,269.5,355.5,0.8115005555555556,64.0
b8f10d20eb7db7428c07c066fa1e4da0,235.4,220.5,355.5,0.8006967682291667,70.0
b8f10d20eb7db7428c07c066fa1e4da0,235.4,269.5,355.5,0.7791327493055555,56.0
b8f10d20eb7db7428c07c066fa1e4da0,192.6,245.0,355.5,0.7508445375,72.0
b8f10d20eb7db7428c07c066fa1e4da0,214.0,245.0,355.5,0.7393344444444444,64.0
b8f10d20eb7db7428c07c066fa1e4da0,235.4,245.0,355.5,0.7098450819444445,56.0
b8f10d20eb7db7428c07c066fa1e4da0,192.6,220.5,434.5,0.51601477734375,45.0
b8f10d20eb7db7428c07c066fa1e4da0,214.0,220.5,434.5,0.5081045138888889,40.0
b8f10d20eb7db7428c07c066fa1e4da0,192.6,269.5,434.5,0.502117690625,36.0
b8f10d20eb7db7428c07c066fa1e4da0,214.0,269.5,434.5,0.49442046296296294,32.0
b8f10d20eb7db7428c07c066fa1e4da0,235.4,220.5,434.5,0.4878380724826389,35.0
b8f10d20eb7db7428c07c066fa1e4da0,235.4,269.5,434.5,0.47469982858796295,28.0
b8f10d20eb7db7428c07c066fa1e4da0,192.6,220.5,395.0,0.4697433046875001,45.0
b8f10d20eb7db7428c07c066fa1e4da0,214.0,220.5,395.0,0.46254236111111113,40.0
b8f10d20eb7db7428c07c066fa1e4da0,192.6,245.0,434.5,0.45746475625000005,36.0
b8f10d20eb7db7428c07c066fa1e4da0,192.6,269.5,395.0,0.45709238124999996,36.0
b8f10d20eb7db7428c07c066fa1e4da0,214.0,245.0,434.5,0.450452037037037,32.0
b8f10d20eb7db7428c07c066fa1e4da0,214.0,269.5,395.0,0.4500853703703704,32.0
b8f10d20eb7db7428c07c066fa1e4da0,235.4,220.5,395.0,0.44409322829861103,35.0
b8f10d20eb7db7428c07c066fa1e4da0,235.4,245.0,434.5,0.4324851432870371,28.0
b8f10d20eb7db7428c07c066fa1e4da0,235.4,269.5,395.0,0.4321331016203704,28.0
b8f10d20eb7db7428c07c066fa1e4da0,192.6,245.0,395.0,0.41644351249999995,36.0
b8f10d20eb7db7428c07c066fa1e4da0,214.0,245.0,395.0,0.4100596296296296,32.0
b8f10d20eb7db7428c07c066fa1e4da0,235.4,245.0,395.0,0.39370384212962967,28.0
b9470f0403af99853ed89bcf86be3235,194.0,223.2,383.0,0.9287375,90.0
b9470f0403af99853ed89bcf86be3235,213.4,223.2,383.0,0.9056222555555555,80.0
b9470f0403af99853ed89bcf86be3235,194.0,272.8,383.0,0.9037766666666667,72.0
b9470f0403af99853ed89bcf86be3235,213.4,272.8,383.0,0.8812826696296298,64.0
b9470f0403af99853ed89bcf86be3235,174.6,223.2,383.0,0.8386499625,90.0
b9470f0403af99853ed89bcf86be3235,194.0,223.2,344.7,0.83729625,90.0
b9470f0403af99853ed89bcf86be3235,194.0,248.0,383.0,0.8233833333333334,72.0
b9470f0403af99853ed89bcf86be3235,213.4,223.2,344.7,0.8164568766666666,80.0
b9470f0403af99853ed89bcf86be3235,174.6,272.8,383.0,0.8161103299999999,72.0
b9470f0403af99853ed89bcf86be3235,194.0,272.8,344.7,0.814793,72.0
b9470f0403af99853ed89bcf86be3235,213.4,248.0,383.0,0.802890237037037,64.0
b9470f0403af99853ed89bcf86be3235,213.4,272.8,344.7,0.7945137075555555,64.0
b9470f0403af99853ed89bcf86be3235,174.6,223.2,344.7,0.7560785137499999,90.0
b9470f0403af99853ed89bcf86be3235,174.6,248.0,383.0,0.74351515,72.0
b9470f0403af99853ed89bcf86be3235,194.0,248.0,344.7,0.742315,72.0
b9470f0403af99853ed89bcf86be3235,174.6,272.8,344.7,0.7357580789999999,72.0
b9470f0403af99853ed89bcf86be3235,213.4,248.0,344.7,0.7238396044444445,64.0
b9470f0403af99853ed89bcf86be3235,174.6,248.0,344.7,0.670310445,72.0
b9470f0403af99853ed89bcf86be3235,194.0,223.2,421.3,0.510089375,45.0
b9470f0403af99853ed89bcf86be3235,213.4,223.2,421.3,0.4973938172222222,40.0
b9470f0403af99853ed89bcf86be3235,194.0,272.8,421.3,0.4963801666666667,36.0
b9470f0403af99853ed89bcf86be3235,213.4,272.8,421.3,0.4840258158518519,32.0
b9470f0403af99853ed89bcf86be3235,174.6,223.2,421.3,0.460610705625,45.0
b9470f0403af99853ed89bcf86be3235,194.0,248.0,421.3,0.4522258333333333,36.0
b9470f0403af99853ed89bcf86be3235,174.6,272.8,421.3,0.4482312905,36.0
b9470f0403af99853ed89bcf86be3235,213.4,248.0,421.3,0.44097043481481485,32.0
b9470f0403af99853ed89bcf86be3235,174.6,248.0,421.3,0.4083599275,36.0
bbc4a9c702728931b676523ffd513a75,161.1,284.0,384.0,0.8749541666666667,80.0
bbc4a9c702728931b676523ffd513a75,179.0,284.0,384.0,0.8718125,72.0
bbc4a9c702728931b676523ffd513a75,196.9,284.0,384.0,0.8499255555555556,64.0
bbc4a9c702728931b676523ffd513a75,161.1,255.6,384.0,0.789269,80.0
bbc4a9c702728931b676523ffd513a75,161.1,284.0,345.6,0.7888048333333335,80.0
bbc4a9c702728931b676523ffd513a75,179.0,255.6,384.0,0.7864350000000001,72.0
bbc4a9c702728931b676523ffd513a75,179.0,284.0,345.6,0.7859725,72.0
bbc4a9c702728931b676523ffd513a75,196.9,255.6,384.0,0.7666914666666668,64.0
bbc4a9c702728931b676523ffd513a75,196.9,284.0,345.6,0.7662405777777779,64.0
bbc4a9c702728931b676523ffd513a75,161.1,312.4,384.0,0.7204794999999998,60.0
bbc4a9c702728931b676523ffd513a75,179.0,312.4,384.0,0.7178924999999998,54.0
bbc4a9c702728931b676523ffd513a75,161.1,255.6,345.6,0.7115563600000001,80.0
bbc4a9c702728931b676523ffd513a75,179.0,255.6,345.6,0.7090014000000001,72.0
bbc4a9c702728931b676523ffd513a75,196.9,312.4,384.0,0.6998697333333332,48.0
bbc4a9c702728931b676523ffd513a75,196.9,255.6,345.6,0.6912018453333335,64.0
bbc4a9c702728931b676523ffd513a75,161.1,312.4,345.6,0.6495399799999999,60.0
bbc4a9c702728931b676523ffd513a75,179.0,312.4,345.6,0.6472076999999999,54.0
bbc4a9c702728931b676523ffd513a75,196.9,312.4,345.6,0.6309594826666667,48.0
bbc4a9c702728931b676523ffd513a75,161.1,284.0,422.4,0.48055174999999994,40.0
bbc4a9c702728931b676523ffd513a75,179.0,284.0,422.4,0.47882625,36.0
bbc4a9c702728931b676523ffd513a75,196.9,284.0,422.4,0.46680526666666666,32.0
bbc4a9c702728931b676523ffd513a75,161.1,255.6,422.4,0.43349081999999994,40.0
bbc4a9c702728931b676523ffd513a75,179.0,255.6,422.4,0.43193430000000005,36.0
bbc4a9c702728931b676523ffd513a75,196.9,255.6,422.4,0.421090544,32.0
bbc4a9c702728931b676523ffd513a75,161.1,312.4,422.4,0.39570950999999993,30.0
bbc4a9c702728931b676523ffd513a75,179.0,312.4,422.4,0.3942886499999999,27.0
bbc4a9c702728931b676523ffd513a75,196.9,312.4,422.4,0.384389992,24.0
bdefb2124af27fa9ca0fa5d293a18aa4,188.1,286.0,386.0,0.9257276,72.0
bdefb2124af27fa9ca0fa5d293a18aa4,209.0,286.0,386.0,0.9114725925925926,64.0
bdefb2124af27fa9ca0fa5d293a18aa4,229.9,286.0,386.0,0.8750666814814816,56.0
bdefb2124af27fa9ca0fa5d293a18aa4,188.1,257.4,386.0,0.8350570199999998,72.0
bdefb2124af27fa9ca0fa5d293a18aa4,188.1,286.0,347.4,0.8345717699999998,72.0
bdefb2124af27fa9ca0fa5d293a18aa4,209.0,257.4,386.0,0.822198222222222,64.0
bdefb2124af27fa9ca0fa5d293a18aa4,209.0,286.0,347.4,0.8217204444444445,64.0
bdefb2124af27fa9ca0fa5d293a18aa4,229.9,257.4,386.0,0.7893580955555555,56.0
bdefb2124af27fa9ca0fa5d293a18aa4,229.9,286.0,347.4,0.788899401111111,56.0
bdefb2124af27fa9ca0fa5d293a18aa4,188.1,314.6,386.0,0.762298635,54.0
bdefb2124af27fa9ca0fa5d293a18aa4,188.1,257.4,347.4,0.7528294665,72.0
bdefb2124af27fa9ca0fa5d293a18aa4,209.0,314.6,386.0,0.7505602222222222,48.0
bdefb2124af27fa9ca0fa5d293a18aa4,209.0,257.4,347.4,0.7412368666666664,64.0
bdefb2124af27fa9ca0fa5d293a18aa4,229.9,314.6,386.0,0.7205814505555557,42.0
bdefb2124af27fa9ca0fa5d293a18aa4,229.9,257.4,347.4,0.7116304871666665,56.0
bdefb2124af27fa9ca0fa5d293a18aa4,188.1,314.6,347.4,0.687235555125,54.0
bdefb2124af27fa9ca0fa5d293a18aa4,209.0,314.6,347.4,0.6766530166666667,48.0
bdefb2124af27fa9ca0fa5d293a18aa4,229.9,314.6,347.4,0.6496262362916667,42.0
bdefb2124af27fa9ca0fa5d293a18aa4,188.1,286.0,424.6,0.508441715,36.0
bdefb2124af27fa9ca0fa5d293a18aa4,209.0,286.0,424.6,0.5006123703703703,32.0
bdefb2124af27fa9ca0fa5d293a18aa4,229.9,286.0,424.6,0.480616980925926,28.0
bdefb2124af27fa9ca0fa5d293a18aa4,188.1,257.4,424.6,0.45864228674999996,36.0
bdefb2124af27fa9ca0fa5d293a18aa4,209.0,257.4,424.6,0.45157978888888883,32.0
bdefb2124af27fa9ca0fa5d293a18aa4,229.9,257.4,424.6,0.43354285197222225,28.0
bdefb2124af27fa9ca0fa5d293a18aa4,188.1,314.6,424.6,0.41868085743750005,27.0
bdefb2124af27fa9ca0fa5d293a18aa4,209.0,314.6,424.6,0.4122337138888889,24.0
bdefb2124af27fa9ca0fa5d293a18aa4,229.9,314.6,424.6,0.3957683324097223,21.0
bdfc62c15432bf98daa6314e01c97f4b,162.9,282.0,380.0,0.8692720000000002,80.0
bdfc62c15432bf98daa6314e01c97f4b,181.0,282.0,380.0,0.866184,72.0
bdfc62c15432bf98daa6314e01c97f4b,199.1,282.0,380.0,0.8444650666666665,64.0
bdfc62c15432bf98daa6314e01c97f4b,162.9,253.8,380.0,0.7841557833333335,80.0
bdfc62c15432bf98daa6314e01c97f4b,162.9,282.0,342.0,0.783696,80.0
bdfc62c15432bf98daa6314e01c97f4b,181.0,253.8,380.0,0.7813701499999999,72.0
bdfc62c15432bf98daa6314e01c97f4b,181.0,282.0,342.0,0.780912,72.0
bdfc62c15432bf98daa6314e01c97f4b,199.1,253.8,380.0,0.7617778622222222,64.0
bdfc62c15432bf98daa6314e01c97f4b,199.1,282.0,342.0,0.7613312,64.0
bdfc62c15432bf98daa6314e01c97f4b,162.9,310.2,380.0,0.7157911625,60.0
bdfc62c15432bf98daa6314e01c97f4b,181.0,310.2,380.0,0.7132483875000001,54.0
bdfc62c15432bf98daa6314e01c97f4b,162.9,253.8,342.0,0.7069591,80.0
bdfc62c15432bf98daa6314e01c97f4b,181.0,253.8,342.0,0.7044477000000001,72.0
bdfc62c15432bf98daa6314e01c97f4b,199.1,310.2,380.0,0.6953642033333333,48.0
bdfc62c15432bf98daa6314e01c97f4b,199.1,253.8,342.0,0.6867841866666667,64.0
bdfc62c15432bf98daa6314e01c97f4b,162.9,310.2,342.0,0.645324675,60.0
bdfc62c15432bf98daa6314e01c97f4b,181.0,310.2,342.0,0.643032225,54.0
bdfc62c15432bf98daa6314e01c97f4b,199.1,310.2,342.0,0.62690866,48.0
bdfc62c15432bf98daa6314e01c97f4b,162.9,282.0,418.0,0.477424,40.0
bdfc62c15432bf98daa6314e01c97f4b,181.0,282.0,418.0,0.475728,36.0
bdfc62c15432bf98daa6314e01c97f4b,199.1,282.0,418.0,0.46379946666666666,32.0
bdfc62c15432bf98daa6314e01c97f4b,162.9,253.8,418.0,0.4306762333333334,40.0
bdfc62c15432bf98daa6314e01c97f4b,181.0,253.8,418.0,0.4291463,36.0
bdfc62c15432bf98daa6314e01c97f4b,199.1,253.8,418.0,0.4183857688888889,32.0
bdfc62c15432bf98daa6314e01c97f4b,162.9,310.2,418.0,0.393128825,30.0
bdfc62c15432bf98daa6314e01c97f4b,181.0,310.2,418.0,0.391732275,27.0
bdfc62c15432bf98daa6314e01c97f4b,199.1,310.2,418.0,0.3819098733333333,24.0
be032c6684b548fff0bd0e094da34f35,189.9,285.0,383.0,0.9239868375,72.0
be032c6684b548fff0bd0e094da34f35,211.0,285.0,383.0,0.9097845555555556,64.0
be032c6684b548fff0bd0e094da34f35,232.1,285.0,383.0,0.8734665430555554,56.0
be032c6684b548fff0bd0e094da34f35,189.9,256.5,383.0,0.83349328125,72.0
be032c6684b548fff0bd0e094da34f35,189.9,285.0,344.7,0.8330133262499999,72.0
be032c6684b548fff0bd0e094da34f35,211.0,256.5,383.0,0.8206819444444444,64.0
be032c6684b548fff0bd0e094da34f35,211.0,285.0,344.7,0.8202093666666667,64.0
be032c6684b548fff0bd0e094da34f35,232.1,256.5,383.0,0.7879208506944444,56.0
be032c6684b548fff0bd0e094da34f35,232.1,285.0,344.7,0.7874671379166664,56.0
be032c6684b548fff0bd0e094da34f35,189.9,313.5,383.0,0.7608602953125001,54.0
be032c6684b548fff0bd0e094da34f35,189.9,256.5,344.7,0.751429546875,72.0
be032c6684b548fff0bd0e094da34f35,211.0,313.5,383.0,0.749165375,48.0
be032c6684b548fff0bd0e094da34f35,211.0,256.5,344.7,0.7398795833333334,64.0
be032c6684b548fff0bd0e094da34f35,232.1,313.5,383.0,0.7192591765624999,42.0
be032c6684b548fff0bd0e094da34f35,232.1,256.5,344.7,0.7103440677083334,56.0
be032c6684b548fff0bd0e094da34f35,189.9,313.5,344.7,0.6859478292187501,54.0
be032c6684b548fff0bd0e094da34f35,211.0,313.5,344.7,0.6754043625,48.0
be032c6684b548fff0bd0e094da34f35,232.1,313.5,344.7,0.64844265609375,42.0
be032c6684b548fff0bd0e094da34f35,189.9,285.0,421.3,0.507480174375,36.0
be032c6684b548fff0bd0e094da34f35,211.0,285.0,421.3,0.49967987222222227,32.0
be032c6684b548fff0bd0e094da34f35,232.1,285.0,421.3,0.4797329740972222,28.0
be032c6684b548fff0bd0e094da34f35,189.9,256.5,421.3,0.4577785078125,36.0
be032c6684b548fff0bd0e094da34f35,211.0,256.5,421.3,0.4507421527777778,32.0
be032c6684b548fff0bd0e094da34f35,232.1,256.5,421.3,0.4327488168402778,28.0
be032c6684b548fff0bd0e094da34f35,189.9,313.5,421.3,0.417886380703125,27.0
be032c6684b548fff0bd0e094da34f35,211.0,313.5,421.3,0.41146319374999996,24.0
be032c6684b548fff0bd0e094da34f35,232.1,313.5,421.3,0.395037848515625,21.0
beea47cc5f637c6fde9604c5cdd6c572,192.6,287.0,387.0,0.952857975,72.0
beea47cc5f637c6fde9604c5cdd6c572,214.0,287.0,387.0,0.9382511111111111,64.0
beea47cc5f637c6fde9604c5cdd6c572,235.4,287.0,387.0,0.9008276861111111,56.0
beea47cc5f637c6fde9604c5cdd6c572,192.6,258.3,387.0,0.8595234224999999,72.0
beea47cc5f637c6fde9604c5cdd6c572,192.6,287.0,348.3,0.8590269224999999,72.0
beea47cc5f637c6fde9604c5cdd6c572,214.0,258.3,387.0,0.8463473333333333,64.0
beea47cc5f637c6fde9604c5cdd6c572,214.0,287.0,348.3,0.8458584444444445,64.0
beea47cc5f637c6fde9604c5cdd6c572,235.4,258.3,387.0,0.8125896158333333,56.0
beea47cc5f637c6fde9604c5cdd6c572,235.4,287.0,348.3,0.8121202269444443,56.0
beea47cc5f637c6fde9604c5cdd6c572,192.6,315.7,387.0,0.7846443956249999,54.0
beea47cc5f637c6fde9604c5cdd6c572,192.6,258.3,348.3,0.7748833297500001,72.0
beea47cc5f637c6fde9604c5cdd6c572,214.0,315.7,387.0,0.7726161666666667,48.0
beea47cc5f637c6fde9604c5cdd6c572,214.0,258.3,348.3,0.7630047333333334,64.0
beea47cc5f637c6fde9604c5cdd6c572,235.4,315.7,387.0,0.7417993172916668,42.0
beea47cc5f637c6fde9604c5cdd6c572,235.4,258.3,348.3,0.7325712490833334,56.0
beea47cc5f637c6fde9604c5cdd6c572,192.6,315.7,348.3,0.7073778864375,54.0
beea47cc5f637c6fde9604c5cdd6c572,214.0,315.7,348.3,0.6965341166666666,48.0
beea47cc5f637c6fde9604c5cdd6c572,235.4,315.7,348.3,0.6687519036041667,42.0
beea47cc5f637c6fde9604c5cdd6c572,192.6,287.0,425.7,0.5233445137499999,36.0
beea47cc5f637c6fde9604c5cdd6c572,214.0,287.0,425.7,0.5153218888888889,32.0
beea47cc5f637c6fde9604c5cdd6c572,235.4,287.0,425.7,0.4947675726388888,28.0
beea47cc5f637c6fde9604c5cdd6c572,192.6,258.3,425.7,0.472081757625,36.0
beea47cc5f637c6fde9604c5cdd6c572,214.0,258.3,425.7,0.46484496666666664,32.0
beea47cc5f637c6fde9604c5cdd6c572,235.4,258.3,425.7,0.4463039912916667,28.0
beea47cc5f637c6fde9604c5cdd6c572,192.6,315.7,425.7,0.43095545240624994,27.0
beea47cc5f637c6fde9604c5cdd6c572,214.0,315.7,425.7,0.42434910833333334,24.0
beea47cc5f637c6fde9604c5cdd6c572,235.4,315.7,425.7,0.4074233654895833,21.0
bf05ab5b9fe071ca604f12617c73c3ec,283.8,286.0,386.0,0.9214352000000001,48.0
bf05ab5b9fe071ca604f12617c73c3ec,232.2,286.0,386.0,0.8835984888888887,56.0
bf05ab5b9fe071ca604f12617c73c3ec,258.0,286.0,386.0,0.8394026666666666,48.0
bf05ab5b9fe071ca604f12617c73c3ec,283.8,257.4,386.0,0.8311850399999999,48.0
bf05ab5b9fe071ca604f12617c73c3ec,283.8,286.0,347.4,0.83070204,48.0
bf05ab5b9fe071ca604f12617c73c3ec,232.2,257.4,386.0,0.7970542533333332,56.0
bf05ab5b9fe071ca604f12617c73c3ec,232.2,286.0,347.4,0.7965910866666666,56.0
bf05ab5b9fe071ca604f12617c73c3ec,283.8,314.6,386.0,0.75876402,36.0
bf05ab5b9fe071ca604f12617c73c3ec,258.0,257.4,386.0,0.7571872,48.0
bf05ab5b9fe071ca604f12617c73c3ec,258.0,286.0,347.4,0.7567472,48.0
bf05ab5b9fe071ca604f12617c73c3ec,283.8,257.4,347.4,0.7493387579999999,48.0
bf05ab5b9fe071ca604f12617c73c3ec,232.2,314.6,386.0,0.7276070433333334,42.0
bf05ab5b9fe071ca604f12617c73c3ec,232.2,257.4,347.4,0.7185688089999998,56.0
bf05ab5b9fe071ca604f12617c73c3ec,258.0,314.6,386.0,0.6912136000000001,36.0
bf05ab5b9fe071ca604f12617c73c3ec,283.8,314.6,347.4,0.6840489915,36.0
bf05ab5b9fe071ca604f12617c73c3ec,258.0,257.4,347.4,0.6826274399999999,48.0
bf05ab5b9fe071ca604f12617c73c3ec,232.2,314.6,347.4,0.6559600232499999,42.0
bf05ab5b9fe071ca604f12617c73c3ec,258.0,314.6,347.4,0.6231502200000001,36.0
bf05ab5b9fe071ca604f12617c73c3ec,283.8,286.0,424.6,0.50608418,24.0
bf05ab5b9fe071ca604f12617c73c3ec,232.2,286.0,424.6,0.4853029455555556,28.0
bf05ab5b9fe071ca604f12617c73c3ec,258.0,286.0,424.6,0.4610290666666667,24.0
bf05ab5b9fe071ca604f12617c73c3ec,283.8,257.4,424.6,0.45651566099999996,24.0
bf05ab5b9fe071ca604f12617c73c3ec,232.2,257.4,424.6,0.4377698488333333,28.0
bf05ab5b9fe071ca604f12617c73c3ec,283.8,314.6,424.6,0.41673952425000005,18.0
bf05ab5b9fe071ca604f12617c73c3ec,258.0,257.4,424.6,0.41587347999999996,24.0
bf05ab5b9fe071ca604f12617c73c3ec,232.2,314.6,424.6,0.39962703170833336,21.0
bf05ab5b9fe071ca604f12617c73c3ec,258.0,314.6,424.6,0.3796384900000001,18.0
bfcb33e665554321d0a93ce891eadb54,143.1,286.0,386.0,0.9481434666666666,96.0
bfcb33e665554321d0a93ce891eadb54,159.0,286.0,386.0,0.8743777777777778,80.0
bfcb33e665554321d0a93ce891eadb54,174.9,286.0,386.0,0.8627724,72.0
bfcb33e665554321d0a93ce891eadb54,143.1,257.4,386.0,0.85527736,96.0
bfcb33e665554321d0a93ce891eadb54,143.1,286.0,347.4,0.8547803599999999,96.0
bfcb33e665554321d0a93ce891eadb54,159.0,257.4,386.0,0.7887366666666665,80.0
bfcb33e665554321d0a93ce891eadb54,159.0,286.0,347.4,0.7882783333333333,80.0
bfcb33e665554321d0a93ce891eadb54,143.1,314.6,386.0,0.7807571799999999,72.0
bfcb33e665554321d0a93ce891eadb54,174.9,257.4,386.0,0.7782679800000001,72.0
bfcb33e665554321d0a93ce891eadb54,174.9,286.0,347.4,0.77781573,72.0
bfcb33e665554321d0a93ce891eadb54,143.1,257.4,347.4,0.7710587219999998,96.0
bfcb33e665554321d0a93ce891eadb54,159.0,314.6,386.0,0.7200141666666668,60.0
bfcb33e665554321d0a93ce891eadb54,159.0,257.4,347.4,0.7110702499999999,80.0
bfcb33e665554321d0a93ce891eadb54,174.9,314.6,386.0,0.7104576150000002,54.0
bfcb33e665554321d0a93ce891eadb54,143.1,314.6,347.4,0.7038764984999999,72.0
bfcb33e665554321d0a93ce891eadb54,174.9,257.4,347.4,0.7016324084999999,72.0
bfcb33e665554321d0a93ce891eadb54,159.0,314.6,347.4,0.6491148125,60.0
bfcb33e665554321d0a93ce891eadb54,174.9,314.6,347.4,0.6404992886249999,54.0
bfcb33e665554321d0a93ce891eadb54,143.1,286.0,424.6,0.5207532866666666,48.0
bfcb33e665554321d0a93ce891eadb54,159.0,286.0,424.6,0.4802386111111111,40.0
bfcb33e665554321d0a93ce891eadb54,174.9,286.0,424.6,0.4738645350000001,36.0
bfcb33e665554321d0a93ce891eadb54,143.1,257.4,424.6,0.4697479989999999,48.0
bfcb33e665554321d0a93ce891eadb54,159.0,257.4,424.6,0.4332015416666666,40.0
bfcb33e665554321d0a93ce891eadb54,143.1,314.6,424.6,0.42881893075,36.0
bfcb33e665554321d0a93ce891eadb54,174.9,257.4,424.6,0.42745177575000004,36.0
bfcb33e665554321d0a93ce891eadb54,159.0,314.6,424.6,0.39545676041666683,30.0
bfcb33e665554321d0a93ce891eadb54,174.9,314.6,424.6,0.39020797068750007,27.0
c36eddeb93ed1ad7e063fda32344745b,247.5,266.4,355.5,0.8089797624999999,56.0
c36eddeb93ed1ad7e063fda32344745b,275.0,266.4,355.5,0.76863335,48.0
c36eddeb93ed1ad7e063fda32344745b,247.5,325.6,355.5,0.7385949593750001,42.0
c36eddeb93ed1ad7e063fda32344745b,302.5,266.4,355.5,0.7032128958333334,40.0
c36eddeb93ed1ad7e063fda32344745b,275.0,325.6,355.5,0.7017588625,36.0
c36eddeb93ed1ad7e063fda32344745b,247.5,296.0,355.5,0.672664890625,42.0
c36eddeb93ed1ad7e063fda32344745b,302.5,325.6,355.5,0.6420302760416666,30.0
c36eddeb93ed1ad7e063fda32344745b,275.0,296.0,355.5,0.6391169375,36.0
c36eddeb93ed1ad7e063fda32344745b,302.5,296.0,355.5,0.5847199739583333,30.0
c36eddeb93ed1ad7e063fda32344745b,247.5,266.4,434.5,0.49288462708333336,28.0
c36eddeb93ed1ad7e063fda32344745b,275.0,266.4,434.5,0.46830289166666667,24.0
c36eddeb93ed1ad7e063fda32344745b,247.5,325.6,434.5,0.4500014932291667,21.0
c36eddeb93ed1ad7e063fda32344745b,247.5,266.4,395.0,0.4486872541666666,28.0
c36eddeb93ed1ad7e063fda32344745b,302.5,266.4,434.5,0.4284443715277777,20.0
c36eddeb93ed1ad7e063fda32344745b,275.0,325.6,434.5,0.4275584770833334,18.0
c36eddeb93ed1ad7e063fda32344745b,275.0,266.4,395.0,0.4263097833333333,24.0
c36eddeb93ed1ad7e063fda32344745b,247.5,296.0,434.5,0.4098324817708333,21.0
c36eddeb93ed1ad7e063fda32344745b,247.5,325.6,395.0,0.4096494864583333,21.0
c36eddeb93ed1ad7e063fda32344745b,302.5,325.6,434.5,0.3911678237847223,15.0
c36eddeb93ed1ad7e063fda32344745b,302.5,266.4,395.0,0.3900254097222222,20.0
c36eddeb93ed1ad7e063fda32344745b,275.0,296.0,434.5,0.38939282291666666,18.0
c36eddeb93ed1ad7e063fda32344745b,275.0,325.6,395.0,0.3892189541666667,18.0
c36eddeb93ed1ad7e063fda32344745b,247.5,296.0,395.0,0.3730824635416667,21.0
c36eddeb93ed1ad7e063fda32344745b,302.5,296.0,434.5,0.35625055121527777,15.0
c36eddeb93ed1ad7e063fda32344745b,302.5,325.6,395.0,0.35609148090277776,15.0
c36eddeb93ed1ad7e063fda32344745b,275.0,296.0,395.0,0.35447564583333335,18.0
c36eddeb93ed1ad7e063fda32344745b,302.5,296.0,395.0,0.32430526909722224,15.0
c4661c6946240f8ff854e9255c97cbc9,353.0,288.0,388.0,0.9626186111111111,40.0
c4661c6946240f8ff854e9255c97cbc9,353.0,259.2,388.0,0.8683212777777778,40.0
c4661c6946240f8ff854e9255c97cbc9,317.7,288.0,388.0,0.8679655833333333,40.0
c4661c6946240f8ff854e9255c97cbc9,353.0,288.0,349.2,0.8678226666666665,40.0
c4661c6946240f8ff854e9255c97cbc9,388.3,288.0,388.0,0.845817311111111,32.0
c4661c6946240f8ff854e9255c97cbc9,353.0,316.8,388.0,0.7926869583333334,30.0
c4661c6946240f8ff854e9255c97cbc9,317.7,259.2,388.0,0.7829403833333333,40.0
c4661c6946240f8ff854e9255c97cbc9,353.0,259.2,349.2,0.7828114666666667,40.0
c4661c6946240f8ff854e9255c97cbc9,317.7,288.0,349.2,0.7824908,40.0
c4661c6946240f8ff854e9255c97cbc9,388.3,259.2,388.0,0.7629617377777779,32.0
c4661c6946240f8ff854e9255c97cbc9,388.3,288.0,349.2,0.7625236266666666,32.0
c4661c6946240f8ff854e9255c97cbc9,317.7,316.8,388.0,0.7147430875,30.0
c4661c6946240f8ff854e9255c97cbc9,353.0,316.8,349.2,0.7146254000000001,30.0
c4661c6946240f8ff854e9255c97cbc9,317.7,259.2,349.2,0.70583864,40.0
c4661c6946240f8ff854e9255c97cbc9,388.3,316.8,388.0,0.6965046633333335,24.0
c4661c6946240f8ff854e9255c97cbc9,388.3,259.2,349.2,0.6878274346666666,32.0
c4661c6946240f8ff854e9255c97cbc9,317.7,316.8,349.2,0.6443572200000001,30.0
c4661c6946240f8ff854e9255c97cbc9,388.3,316.8,349.2,0.6279148640000001,24.0
c4661c6946240f8ff854e9255c97cbc9,353.0,288.0,426.8,0.5287072777777778,20.0
c4661c6946240f8ff854e9255c97cbc9,353.0,259.2,426.8,0.4769155444444444,20.0
c4661c6946240f8ff854e9255c97cbc9,317.7,288.0,426.8,0.4767201833333334,20.0
c4661c6946240f8ff854e9255c97cbc9,388.3,288.0,426.8,0.46455549777777777,16.0
c4661c6946240f8ff854e9255c97cbc9,353.0,316.8,426.8,0.4353742583333334,15.0
c4661c6946240f8ff854e9255c97cbc9,317.7,259.2,426.8,0.43002106333333323,20.0
c4661c6946240f8ff854e9255c97cbc9,388.3,259.2,426.8,0.4190480204444445,16.0
c4661c6946240f8ff854e9255c97cbc9,317.7,316.8,426.8,0.3925644775,15.0
c4661c6946240f8ff854e9255c97cbc9,388.3,316.8,426.8,0.3825472313333334,12.0
c61dafed9b7d2c7f917d4debf65896c1,289.3,286.0,386.0,0.9389227555555556,48.0
c61dafed9b7d2c7f917d4debf65896c1,236.7,286.0,386.0,0.9002911555555554,56.0
c61dafed9b7d2c7f917d4debf65896c1,263.0,286.0,386.0,0.8553004444444444,48.0
c61dafed9b7d2c7f917d4debf65896c1,289.3,257.4,386.0,0.8469597733333332,48.0
c61dafed9b7d2c7f917d4debf65896c1,289.3,286.0,347.4,0.8464676066666666,48.0
c61dafed9b7d2c7f917d4debf65896c1,236.7,257.4,386.0,0.8121119533333333,56.0
c61dafed9b7d2c7f917d4debf65896c1,236.7,286.0,347.4,0.8116400366666665,56.0
c61dafed9b7d2c7f917d4debf65896c1,289.3,314.6,386.0,0.7731643033333334,36.0
c61dafed9b7d2c7f917d4debf65896c1,263.0,257.4,386.0,0.7715278666666666,48.0
c61dafed9b7d2c7f917d4debf65896c1,263.0,286.0,347.4,0.7710795333333332,48.0
c61dafed9b7d2c7f917d4debf65896c1,289.3,257.4,347.4,0.7635601629999997,48.0
c61dafed9b7d2c7f917d4debf65896c1,236.7,314.6,386.0,0.7413527683333334,42.0
c61dafed9b7d2c7f917d4debf65896c1,236.7,257.4,347.4,0.7321437864999999,56.0
c61dafed9b7d2c7f917d4debf65896c1,263.0,314.6,386.0,0.7043047666666667,36.0
c61dafed9b7d2c7f917d4debf65896c1,289.3,314.6,347.4,0.6970312877499999,36.0
c61dafed9b7d2c7f917d4debf65896c1,263.0,257.4,347.4,0.6955559899999999,48.0
c61dafed9b7d2c7f917d4debf65896c1,236.7,314.6,347.4,0.6683522151249999,42.0
c61dafed9b7d2c7f917d4debf65896c1,263.0,314.6,347.4,0.6349523075000001,36.0
c61dafed9b7d2c7f917d4debf65896c1,289.3,286.0,424.6,0.5156889522222222,24.0
c61dafed9b7d2c7f917d4debf65896c1,236.7,286.0,424.6,0.49447113722222225,28.0
c61dafed9b7d2c7f917d4debf65896c1,263.0,286.0,424.6,0.4697606777777778,24.0
c61dafed9b7d2c7f917d4debf65896c1,289.3,257.4,424.6,0.4651796918333333,24.0
c61dafed9b7d2c7f917d4debf65896c1,236.7,257.4,424.6,0.44604006008333325,28.0
c61dafed9b7d2c7f917d4debf65896c1,289.3,314.6,424.6,0.4246486594583334,18.0
c61dafed9b7d2c7f917d4debf65896c1,263.0,257.4,424.6,0.42374987166666667,24.0
c61dafed9b7d2c7f917d4debf65896c1,236.7,314.6,424.6,0.40717666077083337,21.0
c61dafed9b7d2c7f917d4debf65896c1,263.0,314.6,424.6,0.38682861291666676,18.0
c68517097037ec6420e21676ab2f1609,291.5,229.5,393.0,0.970640234375,60.0
c68517097037ec6420e21676ab2f1609,291.5,280.5,393.0,0.9446740625,48.0
c68517097037ec6420e21676ab2f1609,238.5,229.5,393.0,0.9306726953125,70.0
c68517097037ec6420e21676ab2f1609,238.5,280.5,393.0,0.90577571875,56.0
c68517097037ec6420e21676ab2f1609,265.0,229.5,393.0,0.88417984375,60.0
c68517097037ec6420e21676ab2f1609,291.5,229.5,353.7,0.8750358203125,60.0
c68517097037ec6420e21676ab2f1609,291.5,255.0,393.0,0.860593125,48.0
c68517097037ec6420e21676ab2f1609,265.0,280.5,393.0,0.860526625,48.0
c68517097037ec6420e21676ab2f1609,291.5,280.5,353.7,0.85162721875,48.0
c68517097037ec6420e21676ab2f1609,238.5,229.5,353.7,0.83900493359375,70.0
c68517097037ec6420e21676ab2f1609,238.5,255.0,393.0,0.8251569375,56.0
c68517097037ec6420e21676ab2f1609,238.5,280.5,353.7,0.8165602156249999,56.0
c68517097037ec6420e21676ab2f1609,265.0,229.5,353.7,0.7970914531249998,60.0
c68517097037ec6420e21676ab2f1609,265.0,255.0,393.0,0.78393525,48.0
c68517097037ec6420e21676ab2f1609,291.5,255.0,353.7,0.7758279375,48.0
c68517097037ec6420e21676ab2f1609,265.0,280.5,353.7,0.7757679875000001,48.0
c68517097037ec6420e21676ab2f1609,238.5,255.0,353.7,0.7438820812499999,56.0
c68517097037ec6420e21676ab2f1609,265.0,255.0,353.7,0.706720575,48.0
c68517097037ec6420e21676ab2f1609,291.5,229.5,432.3,0.53312232421875,30.0
c68517097037ec6420e21676ab2f1609,291.5,280.5,432.3,0.518860453125,24.0
c68517097037ec6420e21676ab2f1609,238.5,229.5,432.3,0.511170228515625,35.0
c68517097037ec6420e21676ab2f1609,238.5,280.5,432.3,0.49749561093750005,28.0
c68517097037ec6420e21676ab2f1609,265.0,229.5,432.3,0.48563411718750005,30.0
c68517097037ec6420e21676ab2f1609,291.5,255.0,432.3,0.47267915625,24.0
c68517097037ec6420e21676ab2f1609,265.0,280.5,432.3,0.47264263125000006,24.0
c68517097037ec6420e21676ab2f1609,238.5,255.0,432.3,0.453215896875,28.0
c68517097037ec6420e21676ab2f1609,265.0,255.0,432.3,0.43057496250000005,24.0
c96df5913565ba35f3e02e744c9a6dde,246.4,266.4,355.5,0.8054693966666666,56.0
c96df5913565ba35f3e02e744c9a6dde,201.6,266.4,355.5,0.7571448799999999,64.0
c96df5913565ba35f3e02e744c9a6dde,246.4,325.6,355.5,0.7353900108333334,42.0
c96df5913565ba35f3e02e744c9a6dde,224.0,266.4,355.5,0.7339855833333332,56.0
c96df5913565ba35f3e02e744c9a6dde,201.6,325.6,355.5,0.69126994,48.0
c96df5913565ba35f3e02e744c9a6dde,224.0,325.6,355.5,0.6701256041666667,42.0
c96df5913565ba35f3e02e744c9a6dde,246.4,296.0,355.5,0.6697460291666666,42.0
c96df5913565ba35f3e02e744c9a6dde,201.6,296.0,355.5,0.6295643000000001,48.0
c96df5913565ba35f3e02e744c9a6dde,224.0,296.0,355.5,0.6103073958333334,42.0
c96df5913565ba35f3e02e744c9a6dde,246.4,266.4,434.5,0.4907458772222222,28.0
c96df5913565ba35f3e02e744c9a6dde,201.6,266.4,434.5,0.46130334666666656,32.0
c96df5913565ba35f3e02e744c9a6dde,246.4,325.6,434.5,0.44804882402777785,21.0
c96df5913565ba35f3e02e744c9a6dde,224.0,266.4,434.5,0.4471931527777777,28.0
c96df5913565ba35f3e02e744c9a6dde,246.4,266.4,395.0,0.44674028777777774,28.0
c96df5913565ba35f3e02e744c9a6dde,201.6,325.6,434.5,0.4211679233333333,24.0
c96df5913565ba35f3e02e744c9a6dde,201.6,266.4,395.0,0.41993789333333326,32.0
c96df5913565ba35f3e02e744c9a6dde,224.0,325.6,434.5,0.40828537847222224,21.0
c96df5913565ba35f3e02e744c9a6dde,246.4,296.0,434.5,0.4080541159722222,21.0
c96df5913565ba35f3e02e744c9a6dde,246.4,325.6,395.0,0.4078719147222223,21.0
c96df5913565ba35f3e02e744c9a6dde,224.0,266.4,395.0,0.4070929722222221,28.0
c96df5913565ba35f3e02e744c9a6dde,201.6,296.0,434.5,0.38357271666666665,24.0
c96df5913565ba35f3e02e744c9a6dde,201.6,325.6,395.0,0.3834014466666667,24.0
c96df5913565ba35f3e02e744c9a6dde,224.0,296.0,434.5,0.3718401215277778,21.0
c96df5913565ba35f3e02e744c9a6dde,224.0,325.6,395.0,0.37167409027777776,21.0
c96df5913565ba35f3e02e744c9a6dde,246.4,296.0,395.0,0.3714635652777778,21.0
c96df5913565ba35f3e02e744c9a6dde,201.6,296.0,395.0,0.3491774333333333,24.0
c96df5913565ba35f3e02e744c9a6dde,224.0,296.0,395.0,0.33849690972222224,21.0
c98f51071fa8c135d7071023f6b23ac0,348.0,288.0,388.0,0.9492116666666667,40.0
c98f51071fa8c135d7071023f6b23ac0,348.0,259.2,388.0,0.8562276666666667,40.0
c98f51071fa8c135d7071023f6b23ac0,313.2,288.0,388.0,0.8558993333333333,40.0
c98f51071fa8c135d7071023f6b23ac0,348.0,288.0,349.2,0.8557359999999998,40.0
c98f51071fa8c135d7071023f6b23ac0,382.8,288.0,388.0,0.8340192,32.0
c98f51071fa8c135d7071023f6b23ac0,348.0,316.8,388.0,0.78164675,30.0
c98f51071fa8c135d7071023f6b23ac0,313.2,259.2,388.0,0.7720561333333332,40.0
c98f51071fa8c135d7071023f6b23ac0,348.0,259.2,349.2,0.7719088000000001,40.0
c98f51071fa8c135d7071023f6b23ac0,313.2,288.0,349.2,0.7716128000000001,40.0
c98f51071fa8c135d7071023f6b23ac0,382.8,259.2,388.0,0.75231936,32.0
c98f51071fa8c135d7071023f6b23ac0,382.8,288.0,349.2,0.75188736,32.0
c98f51071fa8c135d7071023f6b23ac0,313.2,316.8,388.0,0.7048068999999999,30.0
c98f51071fa8c135d7071023f6b23ac0,348.0,316.8,349.2,0.7046723999999999,30.0
c98f51071fa8c135d7071023f6b23ac0,313.2,259.2,349.2,0.6960262399999999,40.0
c98f51071fa8c135d7071023f6b23ac0,382.8,316.8,388.0,0.6867892800000001,24.0
c98f51071fa8c135d7071023f6b23ac0,382.8,259.2,349.2,0.6782330879999999,32.0
c98f51071fa8c135d7071023f6b23ac0,313.2,316.8,349.2,0.63539952,30.0
c98f51071fa8c135d7071023f6b23ac0,382.8,316.8,349.2,0.619156224,24.0
c98f51071fa8c135d7071023f6b23ac0,348.0,288.0,426.8,0.5213436666666668,20.0
c98f51071fa8c135d7071023f6b23ac0,348.0,259.2,426.8,0.4702732666666667,20.0
c98f51071fa8c135d7071023f6b23ac0,313.2,288.0,426.8,0.47009293333333335,20.0
c98f51071fa8c135d7071023f6b23ac0,382.8,288.0,426.8,0.45807551999999996,16.0
c98f51071fa8c135d7071023f6b23ac0,348.0,316.8,426.8,0.42931055,15.0
c98f51071fa8c135d7071023f6b23ac0,313.2,259.2,426.8,0.42404301333333333,20.0
c98f51071fa8c135d7071023f6b23ac0,382.8,259.2,426.8,0.413202816,16.0
c98f51071fa8c135d7071023f6b23ac0,313.2,316.8,426.8,0.38710713999999996,15.0
c98f51071fa8c135d7071023f6b23ac0,382.8,316.8,426.8,0.3772111680000001,12.0
c9eb200a8d16b9dc82e130d6874c099c,243.0,266.4,355.5,0.7946191749999999,56.0
c9eb200a8d16b9dc82e130d6874c099c,270.0,266.4,355.5,0.7549566,48.0
c9eb200a8d16b9dc82e130d6874c099c,243.0,325.6,355.5,0.72548380625,42.0
c9eb200a8d16b9dc82e130d6874c099c,297.0,266.4,355.5,0.690675875,40.0
c9eb200a8d16b9dc82e130d6874c099c,270.0,325.6,355.5,0.68927205,36.0
c9eb200a8d16b9dc82e130d6874c099c,243.0,296.0,355.5,0.66072409375,42.0
c9eb200a8d16b9dc82e130d6874c099c,297.0,325.6,355.5,0.63058403125,30.0
c9eb200a8d16b9dc82e130d6874c099c,270.0,296.0,355.5,0.62774475,36.0
c9eb200a8d16b9dc82e130d6874c099c,297.0,296.0,355.5,0.57429546875,30.0
c9eb200a8d16b9dc82e130d6874c099c,243.0,266.4,434.5,0.48413519583333325,28.0
c9eb200a8d16b9dc82e130d6874c099c,270.0,266.4,434.5,0.4599701,24.0
c9eb200a8d16b9dc82e130d6874c099c,243.0,325.6,434.5,0.4420133010416667,21.0
c9eb200a8d16b9dc82e130d6874c099c,243.0,266.4,395.0,0.44072239166666666,28.0
c9eb200a8d16b9dc82e130d6874c099c,297.0,266.4,434.5,0.4208059791666667,20.0
c9eb200a8d16b9dc82e130d6874c099c,270.0,325.6,434.5,0.41995067500000005,18.0
c9eb200a8d16b9dc82e130d6874c099c,270.0,266.4,395.0,0.41872419999999994,24.0
c9eb200a8d16b9dc82e130d6874c099c,243.0,296.0,434.5,0.40255734895833334,21.0
c9eb200a8d16b9dc82e130d6874c099c,243.0,325.6,395.0,0.4023776020833334,21.0
c9eb200a8d16b9dc82e130d6874c099c,297.0,325.6,434.5,0.38419400520833336,15.0
c9eb200a8d16b9dc82e130d6874c099c,297.0,266.4,395.0,0.38307195833333335,20.0
c9eb200a8d16b9dc82e130d6874c099c,270.0,296.0,434.5,0.382464125,18.0
c9eb200a8d16b9dc82e130d6874c099c,270.0,325.6,395.0,0.38229335000000003,18.0
c9eb200a8d16b9dc82e130d6874c099c,243.0,296.0,395.0,0.36645969791666666,21.0
c9eb200a8d16b9dc82e130d6874c099c,297.0,296.0,434.5,0.3498992447916667,15.0
c9eb200a8d16b9dc82e130d6874c099c,297.0,325.6,395.0,0.3497430104166667,15.0
c9eb200a8d16b9dc82e130d6874c099c,270.0,296.0,395.0,0.34816825,18.0
c9eb200a8d16b9dc82e130d6874c099c,297.0,296.0,395.0,0.3185234895833333,15.0
cb9988b0557e22e3abc2bbe0a56967d0,169.0,286.0,386.0,0.9273703703703704,80.0
cb9988b0557e22e3abc2bbe0a56967d0,152.1,286.0,386.0,0.9215941777777776,88.0
cb9988b0557e22e3abc2bbe0a56967d0,185.9,286.0,386.0,0.9152350666666667,72.0
cb9988b0557e22e3abc2bbe0a56967d0,169.0,257.4,386.0,0.8365388888888887,80.0
cb9988b0557e22e3abc2bbe0a56967d0,169.0,286.0,347.4,0.8360527777777778,80.0
cb9988b0557e22e3abc2bbe0a56967d0,152.1,257.4,386.0,0.8313284466666666,88.0
cb9988b0557e22e3abc2bbe0a56967d0,152.1,286.0,347.4,0.8308453633333333,88.0
cb9988b0557e22e3abc2bbe0a56967d0,185.9,257.4,386.0,0.82559218,72.0
cb9988b0557e22e3abc2bbe0a56967d0,185.9,286.0,347.4,0.82511243,72.0
cb9988b0557e22e3abc2bbe0a56967d0,169.0,314.6,386.0,0.7636513888888891,60.0
cb9988b0557e22e3abc2bbe0a56967d0,152.1,314.6,386.0,0.7588949316666667,66.0
cb9988b0557e22e3abc2bbe0a56967d0,169.0,257.4,347.4,0.7541654166666665,80.0
cb9988b0557e22e3abc2bbe0a56967d0,185.9,314.6,386.0,0.7536584650000001,54.0
cb9988b0557e22e3abc2bbe0a56967d0,152.1,257.4,347.4,0.7494680434999998,88.0
cb9988b0557e22e3abc2bbe0a56967d0,185.9,257.4,347.4,0.7442966234999998,72.0
cb9988b0557e22e3abc2bbe0a56967d0,169.0,314.6,347.4,0.6884551041666667,60.0
cb9988b0557e22e3abc2bbe0a56967d0,152.1,314.6,347.4,0.6841670123749999,66.0
cb9988b0557e22e3abc2bbe0a56967d0,185.9,314.6,347.4,0.6794461773750001,54.0
cb9988b0557e22e3abc2bbe0a56967d0,169.0,286.0,424.6,0.5093439814814815,40.0
cb9988b0557e22e3abc2bbe0a56967d0,152.1,286.0,424.6,0.5061714961111111,44.0
cb9988b0557e22e3abc2bbe0a56967d0,185.9,286.0,424.6,0.5026788516666667,36.0
cb9988b0557e22e3abc2bbe0a56967d0,169.0,257.4,424.6,0.4594561805555555,40.0
cb9988b0557e22e3abc2bbe0a56967d0,152.1,257.4,424.6,0.45659442491666663,44.0
cb9988b0557e22e3abc2bbe0a56967d0,185.9,257.4,424.6,0.45344386825,36.0
cb9988b0557e22e3abc2bbe0a56967d0,169.0,314.6,424.6,0.4194238368055556,30.0
cb9988b0557e22e3abc2bbe0a56967d0,152.1,314.6,424.6,0.4168114254791667,33.0
cb9988b0557e22e3abc2bbe0a56967d0,185.9,314.6,424.6,0.41393537631250005,27.0
cc0d190e9c91b2ee40868981c9f6d0f6,292.6,282.0,380.0,0.9220768,48.0
cc0d190e9c91b2ee40868981c9f6d0f6,239.4,282.0,380.0,0.8840944000000001,56.0
cc0d190e9c91b2ee40868981c9f6d0f6,266.0,282.0,380.0,0.839936,48.0
cc0d190e9c91b2ee40868981c9f6d0f6,292.6,253.8,380.0,0.8317901133333334,48.0
cc0d190e9c91b2ee40868981c9f6d0f6,292.6,282.0,342.0,0.8313024,48.0
cc0d190e9c91b2ee40868981c9f6d0f6,239.4,253.8,380.0,0.7975268233333334,56.0
cc0d190e9c91b2ee40868981c9f6d0f6,239.4,282.0,342.0,0.7970592,56.0
cc0d190e9c91b2ee40868981c9f6d0f6,292.6,310.2,380.0,0.759272615,36.0
cc0d190e9c91b2ee40868981c9f6d0f6,266.0,253.8,380.0,0.7576922666666668,48.0
cc0d190e9c91b2ee40868981c9f6d0f6,266.0,282.0,342.0,0.757248,48.0
cc0d190e9c91b2ee40868981c9f6d0f6,292.6,253.8,342.0,0.7499040400000002,48.0
cc0d190e9c91b2ee40868981c9f6d0f6,239.4,310.2,380.0,0.7279964825,42.0
cc0d190e9c91b2ee40868981c9f6d0f6,239.4,253.8,342.0,0.71901382,56.0
cc0d190e9c91b2ee40868981c9f6d0f6,266.0,310.2,380.0,0.6916347999999999,36.0
cc0d190e9c91b2ee40868981c9f6d0f6,292.6,310.2,342.0,0.68452557,36.0
cc0d190e9c91b2ee40868981c9f6d0f6,266.0,253.8,342.0,0.6831008000000001,48.0
cc0d190e9c91b2ee40868981c9f6d0f6,239.4,310.2,342.0,0.656328435,42.0
cc0d190e9c91b2ee40868981c9f6d0f6,266.0,310.2,342.0,0.6235464000000001,36.0
cc0d190e9c91b2ee40868981c9f6d0f6,292.6,282.0,418.0,0.5064256,24.0
cc0d190e9c91b2ee40868981c9f6d0f6,239.4,282.0,418.0,0.4855647999999999,28.0
cc0d190e9c91b2ee40868981c9f6d0f6,266.0,282.0,418.0,0.461312,24.0
cc0d190e9c91b2ee40868981c9f6d0f6,292.6,253.8,418.0,0.4568380933333335,24.0
cc0d190e9c91b2ee40868981c9f6d0f6,239.4,253.8,418.0,0.43801991333333334,28.0
cc0d190e9c91b2ee40868981c9f6d0f6,292.6,310.2,418.0,0.41700983,18.0
cc0d190e9c91b2ee40868981c9f6d0f6,266.0,253.8,418.0,0.4161418666666667,24.0
cc0d190e9c91b2ee40868981c9f6d0f6,239.4,310.2,418.0,0.39983226499999996,21.0
cc0d190e9c91b2ee40868981c9f6d0f6,266.0,310.2,418.0,0.37986159999999997,18.0
cd9c1ebb698c60a0d79bc82cf70c2404,342.1,229.5,393.0,0.9464422005208335,50.0
cd9c1ebb698c60a0d79bc82cf70c2404,279.9,229.5,393.0,0.9327934218749999,60.0
cd9c1ebb698c60a0d79bc82cf70c2404,342.1,280.5,393.0,0.9211233645833333,40.0
cd9c1ebb698c60a0d79bc82cf70c2404,279.9,280.5,393.0,0.9078397124999998,48.0
cd9c1ebb698c60a0d79bc82cf70c2404,311.0,229.5,393.0,0.8618850260416666,50.0
cd9c1ebb698c60a0d79bc82cf70c2404,342.1,229.5,353.7,0.8532212018229167,50.0
cd9c1ebb698c60a0d79bc82cf70c2404,279.9,229.5,353.7,0.8409167765625,60.0
cd9c1ebb698c60a0d79bc82cf70c2404,342.1,255.0,393.0,0.8391385625000002,40.0
cd9c1ebb698c60a0d79bc82cf70c2404,311.0,280.5,393.0,0.8388282291666667,40.0
cd9c1ebb698c60a0d79bc82cf70c2404,342.1,280.5,353.7,0.8303961760416667,40.0
cd9c1ebb698c60a0d79bc82cf70c2404,279.9,255.0,393.0,0.827037225,48.0
cd9c1ebb698c60a0d79bc82cf70c2404,279.9,280.5,353.7,0.8184209137499999,48.0
cd9c1ebb698c60a0d79bc82cf70c2404,311.0,229.5,353.7,0.7769925911458333,50.0
cd9c1ebb698c60a0d79bc82cf70c2404,311.0,255.0,393.0,0.764168125,40.0
cd9c1ebb698c60a0d79bc82cf70c2404,342.1,255.0,353.7,0.75648656875,40.0
cd9c1ebb698c60a0d79bc82cf70c2404,311.0,280.5,353.7,0.7562068020833334,40.0
cd9c1ebb698c60a0d79bc82cf70c2404,279.9,255.0,353.7,0.7455771674999999,48.0
cd9c1ebb698c60a0d79bc82cf70c2404,311.0,255.0,353.7,0.6889004375,40.0
cd9c1ebb698c60a0d79bc82cf70c2404,342.1,229.5,432.3,0.519831599609375,25.0
cd9c1ebb698c60a0d79bc82cf70c2404,279.9,229.5,432.3,0.51233503359375,30.0
cd9c1ebb698c60a0d79bc82cf70c2404,342.1,280.5,432.3,0.5059252765625001,20.0
cd9c1ebb698c60a0d79bc82cf70c2404,279.9,280.5,432.3,0.4986292556249999,24.0
cd9c1ebb698c60a0d79bc82cf70c2404,311.0,229.5,432.3,0.47338873046875,25.0
cd9c1ebb698c60a0d79bc82cf70c2404,342.1,255.0,432.3,0.46089527812500003,20.0
cd9c1ebb698c60a0d79bc82cf70c2404,311.0,280.5,432.3,0.460724828125,20.0
cd9c1ebb698c60a0d79bc82cf70c2404,279.9,255.0,432.3,0.45424864125,24.0
cd9c1ebb698c60a0d79bc82cf70c2404,311.0,255.0,432.3,0.41971790625,20.0
ce1ff894a22d25ca524b3e3a26227ec6,173.8,266.4,355.5,0.8196932166666667,80.0
ce1ff894a22d25ca524b3e3a26227ec6,142.2,266.4,355.5,0.8107577399999999,96.0
ce1ff894a22d25ca524b3e3a26227ec6,173.8,325.6,355.5,0.7483762958333335,60.0
ce1ff894a22d25ca524b3e3a26227ec6,158.0,266.4,355.5,0.7476623333333333,80.0
ce1ff894a22d25ca524b3e3a26227ec6,142.2,325.6,355.5,0.7402182450000001,72.0
ce1ff894a22d25ca524b3e3a26227ec6,158.0,325.6,355.5,0.6826124166666667,60.0
ce1ff894a22d25ca524b3e3a26227ec6,173.8,296.0,355.5,0.6815731041666668,60.0
ce1ff894a22d25ca524b3e3a26227ec6,142.2,296.0,355.5,0.6741432749999999,72.0
ce1ff894a22d25ca524b3e3a26227ec6,158.0,296.0,355.5,0.6216795833333333,60.0
ce1ff894a22d25ca524b3e3a26227ec6,173.8,266.4,434.5,0.4994119805555555,40.0
ce1ff894a22d25ca524b3e3a26227ec6,142.2,266.4,434.5,0.4939678899999999,48.0
ce1ff894a22d25ca524b3e3a26227ec6,173.8,325.6,434.5,0.4559609381944445,30.0
ce1ff894a22d25ca524b3e3a26227ec6,158.0,266.4,434.5,0.45552594444444444,40.0
ce1ff894a22d25ca524b3e3a26227ec6,173.8,266.4,395.0,0.45462929444444444,40.0
ce1ff894a22d25ca524b3e3a26227ec6,142.2,325.6,434.5,0.4509905075,36.0
ce1ff894a22d25ca524b3e3a26227ec6,142.2,266.4,395.0,0.4496733799999999,48.0
ce1ff894a22d25ca524b3e3a26227ec6,158.0,325.6,434.5,0.4158931805555556,30.0
ce1ff894a22d25ca524b3e3a26227ec6,173.8,296.0,434.5,0.4152599618055556,30.0
ce1ff894a22d25ca524b3e3a26227ec6,173.8,325.6,395.0,0.41507454305555563,30.0
ce1ff894a22d25ca524b3e3a26227ec6,158.0,266.4,395.0,0.4146785555555555,40.0
ce1ff894a22d25ca524b3e3a26227ec6,142.2,296.0,434.5,0.41073321249999994,36.0
ce1ff894a22d25ca524b3e3a26227ec6,142.2,325.6,395.0,0.41054981500000004,36.0
ce1ff894a22d25ca524b3e3a26227ec6,158.0,296.0,434.5,0.37876881944444446,30.0
ce1ff894a22d25ca524b3e3a26227ec6,158.0,325.6,395.0,0.3785996944444445,30.0
ce1ff894a22d25ca524b3e3a26227ec6,173.8,296.0,395.0,0.37802325694444444,30.0
ce1ff894a22d25ca524b3e3a26227ec6,142.2,296.0,395.0,0.373902425,36.0
ce1ff894a22d25ca524b3e3a26227ec6,158.0,296.0,395.0,0.3448043055555556,30.0
ce9d9f5685ddf0df230b3137826b5cde,281.6,286.0,386.0,0.914440177777778,48.0
ce9d9f5685ddf0df230b3137826b5cde,230.4,286.0,386.0,0.8769214222222224,56.0
ce9d9f5685ddf0df230b3137826b5cde,256.0,286.0,386.0,0.8330435555555555,48.0
ce9d9f5685ddf0df230b3137826b5cde,281.6,257.4,386.0,0.8248751466666666,48.0
ce9d9f5685ddf0df230b3137826b5cde,281.6,286.0,347.4,0.8243958133333333,48.0
ce9d9f5685ddf0df230b3137826b5cde,230.4,257.4,386.0,0.7910311733333333,56.0
ce9d9f5685ddf0df230b3137826b5cde,230.4,286.0,347.4,0.7905715066666666,56.0
ce9d9f5685ddf0df230b3137826b5cde,281.6,314.6,386.0,0.7530039066666667,36.0
ce9d9f5685ddf0df230b3137826b5cde,256.0,257.4,386.0,0.7514509333333331,48.0
ce9d9f5685ddf0df230b3137826b5cde,256.0,286.0,347.4,0.7510142666666666,48.0
ce9d9f5685ddf0df230b3137826b5cde,281.6,257.4,347.4,0.7436501959999999,48.0
ce9d9f5685ddf0df230b3137826b5cde,230.4,314.6,386.0,0.7221087533333335,42.0
ce9d9f5685ddf0df230b3137826b5cde,230.4,257.4,347.4,0.7131388179999998,56.0
ce9d9f5685ddf0df230b3137826b5cde,256.0,314.6,386.0,0.6859771333333334,36.0
ce9d9f5685ddf0df230b3137826b5cde,281.6,314.6,347.4,0.6788560730000001,36.0
ce9d9f5685ddf0df230b3137826b5cde,256.0,257.4,347.4,0.6774560199999998,48.0
ce9d9f5685ddf0df230b3137826b5cde,230.4,314.6,347.4,0.6510031465000001,42.0
ce9d9f5685ddf0df230b3137826b5cde,256.0,314.6,347.4,0.618429385,36.0
ce9d9f5685ddf0df230b3137826b5cde,281.6,286.0,424.6,0.5022422711111111,24.0
ce9d9f5685ddf0df230b3137826b5cde,230.4,286.0,424.6,0.4816356688888889,28.0
ce9d9f5685ddf0df230b3137826b5cde,256.0,286.0,424.6,0.45753642222222224,24.0
ce9d9f5685ddf0df230b3137826b5cde,281.6,257.4,424.6,0.45305004866666665,24.0
ce9d9f5685ddf0df230b3137826b5cde,230.4,257.4,424.6,0.43446176433333333,28.0
ce9d9f5685ddf0df230b3137826b5cde,281.6,314.6,424.6,0.41357587016666675,18.0
ce9d9f5685ddf0df230b3137826b5cde,256.0,257.4,424.6,0.4127229233333333,24.0
ce9d9f5685ddf0df230b3137826b5cde,230.4,314.6,424.6,0.3966071800833334,21.0
ce9d9f5685ddf0df230b3137826b5cde,256.0,314.6,424.6,0.3767624408333334,18.0
ceda63d824383fb94ca5e9bd08701d70,163.0,286.0,384.0,0.8910055555555556,80.0
ceda63d824383fb94ca5e9bd08701d70,146.7,286.0,384.0,0.8855751666666666,88.0
ceda63d824383fb94ca5e9bd08701d70,179.3,286.0,384.0,0.8792485000000001,72.0
ceda63d824383fb94ca5e9bd08701d70,163.0,257.4,384.0,0.8037358333333333,80.0
ceda63d824383fb94ca5e9bd08701d70,163.0,286.0,345.6,0.8032757777777778,80.0
ceda63d824383fb94ca5e9bd08701d70,146.7,257.4,384.0,0.7988373249999998,88.0
ceda63d824383fb94ca5e9bd08701d70,146.7,286.0,345.6,0.7983800733333334,88.0
ceda63d824383fb94ca5e9bd08701d70,179.3,257.4,384.0,0.7931303249999999,72.0
ceda63d824383fb94ca5e9bd08701d70,179.3,286.0,345.6,0.7926763400000001,72.0
ceda63d824383fb94ca5e9bd08701d70,163.0,314.6,384.0,0.7337064583333334,60.0
ceda63d824383fb94ca5e9bd08701d70,146.7,314.6,384.0,0.72923475625,66.0
ceda63d824383fb94ca5e9bd08701d70,163.0,257.4,345.6,0.7245987666666668,80.0
ceda63d824383fb94ca5e9bd08701d70,179.3,314.6,384.0,0.7240250062500001,54.0
ceda63d824383fb94ca5e9bd08701d70,146.7,257.4,345.6,0.7201825729999999,88.0
ceda63d824383fb94ca5e9bd08701d70,179.3,257.4,345.6,0.7150374929999999,72.0
ceda63d824383fb94ca5e9bd08701d70,163.0,314.6,345.6,0.6614645916666667,60.0
ceda63d824383fb94ca5e9bd08701d70,146.7,314.6,345.6,0.6574331802500001,66.0
ceda63d824383fb94ca5e9bd08701d70,179.3,314.6,345.6,0.6527363902500002,54.0
ceda63d824383fb94ca5e9bd08701d70,163.0,286.0,422.4,0.48936766666666665,40.0
ceda63d824383fb94ca5e9bd08701d70,146.7,286.0,422.4,0.48638512999999983,44.0
ceda63d824383fb94ca5e9bd08701d70,179.3,286.0,422.4,0.48291033,36.0
ceda63d824383fb94ca5e9bd08701d70,163.0,257.4,422.4,0.4414364499999999,40.0
ceda63d824383fb94ca5e9bd08701d70,146.7,257.4,422.4,0.4387460384999999,44.0
ceda63d824383fb94ca5e9bd08701d70,179.3,257.4,422.4,0.4356115785,36.0
ceda63d824383fb94ca5e9bd08701d70,163.0,314.6,422.4,0.40297416249999995,30.0
ceda63d824383fb94ca5e9bd08701d70,146.7,314.6,422.4,0.400518166125,33.0
ceda63d824383fb94ca5e9bd08701d70,179.3,314.6,422.4,0.39765681112500006,27.0
cf4c068dfec055bf302e658d71c9c942,172.8,282.0,380.0,0.9202240000000002,80.0
cf4c068dfec055bf302e658d71c9c942,192.0,282.0,380.0,0.917136,72.0
cf4c068dfec055bf302e658d71c9c942,211.2,282.0,380.0,0.8942847999999999,64.0
cf4c068dfec055bf302e658d71c9c942,172.8,253.8,380.0,0.8301187333333334,80.0
cf4c068dfec055bf302e658d71c9c942,172.8,282.0,342.0,0.829632,80.0
cf4c068dfec055bf302e658d71c9c942,192.0,253.8,380.0,0.8273331000000002,72.0
cf4c068dfec055bf302e658d71c9c942,192.0,282.0,342.0,0.826848,72.0
cf4c068dfec055bf302e658d71c9c942,211.2,253.8,380.0,0.8067194133333333,64.0
cf4c068dfec055bf302e658d71c9c942,211.2,282.0,342.0,0.8062464,64.0
cf4c068dfec055bf302e658d71c9c942,172.8,310.2,380.0,0.7577469499999999,60.0
cf4c068dfec055bf302e658d71c9c942,192.0,310.2,380.0,0.7552041749999999,54.0
cf4c068dfec055bf302e658d71c9c942,172.8,253.8,342.0,0.7483972000000001,80.0
cf4c068dfec055bf302e658d71c9c942,192.0,253.8,342.0,0.7458857999999999,72.0
cf4c068dfec055bf302e658d71c9c942,211.2,310.2,380.0,0.73638764,48.0
cf4c068dfec055bf302e658d71c9c942,211.2,253.8,342.0,0.72730144,64.0
cf4c068dfec055bf302e658d71c9c942,172.8,310.2,342.0,0.6831501000000001,60.0
cf4c068dfec055bf302e658d71c9c942,192.0,310.2,342.0,0.68085765,54.0
cf4c068dfec055bf302e658d71c9c942,211.2,310.2,342.0,0.66389352,48.0
cf4c068dfec055bf302e658d71c9c942,172.8,282.0,418.0,0.505408,40.0
cf4c068dfec055bf302e658d71c9c942,192.0,282.0,418.0,0.503712,36.0
cf4c068dfec055bf302e658d71c9c942,211.2,282.0,418.0,0.4911616,32.0
cf4c068dfec055bf302e658d71c9c942,172.8,253.8,418.0,0.45592013333333337,40.0
cf4c068dfec055bf302e658d71c9c942,192.0,253.8,418.0,0.4543902,36.0
cf4c068dfec055bf302e658d71c9c942,211.2,253.8,418.0,0.44306869333333326,32.0
cf4c068dfec055bf302e658d71c9c942,172.8,310.2,418.0,0.41617190000000004,30.0
cf4c068dfec055bf302e658d71c9c942,192.0,310.2,418.0,0.41477535,27.0
cf4c068dfec055bf302e658d71c9c942,211.2,310.2,418.0,0.40444088,24.0
d0098765b25906b02fe80a96f1e6e287,280.5,266.4,355.5,0.7836777749999999,48.0
d0098765b25906b02fe80a96f1e6e287,229.5,266.4,355.5,0.7515374125,56.0
d0098765b25906b02fe80a96f1e6e287,280.5,325.6,355.5,0.7154943562500001,36.0
d0098765b25906b02fe80a96f1e6e287,255.0,266.4,355.5,0.7139263499999999,48.0
d0098765b25906b02fe80a96f1e6e287,229.5,325.6,355.5,0.6861503468749999,42.0
d0098765b25906b02fe80a96f1e6e287,255.0,325.6,355.5,0.6518116125000001,36.0
d0098765b25906b02fe80a96f1e6e287,280.5,296.0,355.5,0.65162634375,36.0
d0098765b25906b02fe80a96f1e6e287,229.5,296.0,355.5,0.624901703125,42.0
d0098765b25906b02fe80a96f1e6e287,255.0,296.0,355.5,0.5936281875,36.0
d0098765b25906b02fe80a96f1e6e287,280.5,266.4,434.5,0.4774689625,24.0
d0098765b25906b02fe80a96f1e6e287,229.5,266.4,434.5,0.4578869020833333,28.0
d0098765b25906b02fe80a96f1e6e287,280.5,325.6,434.5,0.43592705937500004,18.0
d0098765b25906b02fe80a96f1e6e287,255.0,266.4,434.5,0.434971725,24.0
d0098765b25906b02fe80a96f1e6e287,280.5,266.4,395.0,0.434653925,24.0
d0098765b25906b02fe80a96f1e6e287,229.5,325.6,434.5,0.41804872447916663,21.0
d0098765b25906b02fe80a96f1e6e287,229.5,266.4,395.0,0.4168278041666667,28.0
d0098765b25906b02fe80a96f1e6e287,255.0,325.6,434.5,0.39712726875000004,18.0
d0098765b25906b02fe80a96f1e6e287,280.5,296.0,434.5,0.397014390625,18.0
d0098765b25906b02fe80a96f1e6e287,280.5,325.6,395.0,0.39683711875000005,18.0
d0098765b25906b02fe80a96f1e6e287,255.0,266.4,395.0,0.39596744999999994,24.0
d0098765b25906b02fe80a96f1e6e287,229.5,296.0,434.5,0.3807319505208333,21.0
d0098765b25906b02fe80a96f1e6e287,229.5,325.6,395.0,0.3805619489583334,21.0
d0098765b25906b02fe80a96f1e6e287,255.0,296.0,434.5,0.36167803125,18.0
d0098765b25906b02fe80a96f1e6e287,255.0,325.6,395.0,0.36151653750000007,18.0
d0098765b25906b02fe80a96f1e6e287,280.5,296.0,395.0,0.36141378125,18.0
d0098765b25906b02fe80a96f1e6e287,229.5,296.0,395.0,0.3465914010416667,21.0
d0098765b25906b02fe80a96f1e6e287,255.0,296.0,395.0,0.3292460625,18.0
d26d5d6c9610627f969c12fa3f73a697,186.3,221.4,379.0,0.8768579531250001,90.0
d26d5d6c9610627f969c12fa3f73a697,207.0,221.4,379.0,0.8633304166666667,80.0
d26d5d6c9610627f969c12fa3f73a697,186.3,270.6,379.0,0.8532591375000003,72.0
d26d5d6c9610627f969c12fa3f73a697,207.0,270.6,379.0,0.8400956666666667,64.0
d26d5d6c9610627f969c12fa3f73a697,227.7,221.4,379.0,0.8288275989583334,70.0
d26d5d6c9610627f969c12fa3f73a697,227.7,270.6,379.0,0.8065214208333334,56.0
d26d5d6c9610627f969c12fa3f73a697,186.3,221.4,341.1,0.7905386896875001,90.0
d26d5d6c9610627f969c12fa3f73a697,207.0,221.4,341.1,0.7783428250000002,80.0
d26d5d6c9610627f969c12fa3f73a697,186.3,246.0,379.0,0.7773727500000002,72.0
d26d5d6c9610627f969c12fa3f73a697,186.3,270.6,341.1,0.7692629782500002,72.0
d26d5d6c9610627f969c12fa3f73a697,207.0,246.0,379.0,0.76538,64.0
d26d5d6c9610627f969c12fa3f73a697,207.0,270.6,341.1,0.7573953400000001,64.0
d26d5d6c9610627f969c12fa3f73a697,227.7,221.4,341.1,0.7472365184374999,70.0
d26d5d6c9610627f969c12fa3f73a697,227.7,246.0,379.0,0.7347917499999999,56.0
d26d5d6c9610627f969c12fa3f73a697,227.7,270.6,341.1,0.7271261952500001,56.0
d26d5d6c9610627f969c12fa3f73a697,186.3,246.0,341.1,0.7008469650000001,72.0
d26d5d6c9610627f969c12fa3f73a697,207.0,246.0,341.1,0.6900348000000001,64.0
d26d5d6c9610627f969c12fa3f73a697,227.7,246.0,341.1,0.662457705,56.0
d26d5d6c9610627f969c12fa3f73a697,186.3,221.4,416.9,0.48158860828125005,45.0
d26d5d6c9610627f969c12fa3f73a697,207.0,221.4,416.9,0.4741590041666667,40.0
d26d5d6c9610627f969c12fa3f73a697,186.3,270.6,416.9,0.46862764837500004,36.0
d26d5d6c9610627f969c12fa3f73a697,207.0,270.6,416.9,0.4613979966666667,32.0
d26d5d6c9610627f969c12fa3f73a697,227.7,221.4,416.9,0.4552093397395833,35.0
d26d5d6c9610627f969c12fa3f73a697,227.7,270.6,416.9,0.4429583232083333,28.0
d26d5d6c9610627f969c12fa3f73a697,186.3,246.0,416.9,0.4269492675,36.0
d26d5d6c9610627f969c12fa3f73a697,207.0,246.0,416.9,0.4203626,32.0
d26d5d6c9610627f969c12fa3f73a697,227.7,246.0,416.9,0.4035628974999999,28.0
d31c61f54dfba12e6064bda2c75bc9f2,194.0,292.0,355.5,0.897725,72.0
d31c61f54dfba12e6064bda2c75bc9f2,213.4,292.0,355.5,0.8753816222222223,64.0
d31c61f54dfba12e6064bda2c75bc9f2,174.6,292.0,355.5,0.810645675,72.0
d31c61f54dfba12e6064bda2c75bc9f2,194.0,262.8,355.5,0.80976,72.0
d31c61f54dfba12e6064bda2c75bc9f2,213.4,262.8,355.5,0.7896059733333334,64.0
d31c61f54dfba12e6064bda2c75bc9f2,194.0,321.2,355.5,0.7392675,54.0
d31c61f54dfba12e6064bda2c75bc9f2,174.6,262.8,355.5,0.73121328,72.0
d31c61f54dfba12e6064bda2c75bc9f2,213.4,321.2,355.5,0.7208679533333333,48.0
d31c61f54dfba12e6064bda2c75bc9f2,174.6,321.2,355.5,0.6675585525000001,54.0
d31c61f54dfba12e6064bda2c75bc9f2,194.0,292.0,434.5,0.5469541666666666,36.0
d31c61f54dfba12e6064bda2c75bc9f2,213.4,292.0,434.5,0.5333410851851852,32.0
d31c61f54dfba12e6064bda2c75bc9f2,194.0,292.0,395.0,0.49790833333333334,36.0
d31c61f54dfba12e6064bda2c75bc9f2,174.6,292.0,434.5,0.4938996125,36.0
d31c61f54dfba12e6064bda2c75bc9f2,194.0,262.8,434.5,0.49336,36.0
d31c61f54dfba12e6064bda2c75bc9f2,213.4,292.0,395.0,0.4855159481481482,32.0
d31c61f54dfba12e6064bda2c75bc9f2,213.4,262.8,434.5,0.4810808177777778,32.0
d31c61f54dfba12e6064bda2c75bc9f2,194.0,321.2,434.5,0.45041125,27.0
d31c61f54dfba12e6064bda2c75bc9f2,174.6,292.0,395.0,0.44961122499999995,36.0
d31c61f54dfba12e6064bda2c75bc9f2,194.0,262.8,395.0,0.44912,36.0
d31c61f54dfba12e6064bda2c75bc9f2,174.6,262.8,434.5,0.44550408,36.0
d31c61f54dfba12e6064bda2c75bc9f2,213.4,321.2,434.5,0.43920101444444437,24.0
d31c61f54dfba12e6064bda2c75bc9f2,213.4,262.8,395.0,0.4379419022222222,32.0
d31c61f54dfba12e6064bda2c75bc9f2,194.0,321.2,395.0,0.4100225,27.0
d31c61f54dfba12e6064bda2c75bc9f2,174.6,321.2,434.5,0.40672135875000004,27.0
d31c61f54dfba12e6064bda2c75bc9f2,174.6,262.8,395.0,0.40555536000000003,36.0
d31c61f54dfba12e6064bda2c75bc9f2,213.4,321.2,395.0,0.3998174955555555,24.0
d31c61f54dfba12e6064bda2c75bc9f2,174.6,321.2,395.0,0.3702503175,27.0
d3d0a6587d8f983d383e032e2b9acacc,163.8,221.4,379.0,0.8602905208333333,100.0
d3d0a6587d8f983d383e032e2b9acacc,182.0,221.4,379.0,0.8572506250000002,90.0
d3d0a6587d8f983d383e032e2b9acacc,163.8,270.6,379.0,0.8371375833333337,80.0
d3d0a6587d8f983d383e032e2b9acacc,200.2,221.4,379.0,0.8357686944444445,80.0
d3d0a6587d8f983d383e032e2b9acacc,182.0,270.6,379.0,0.8341795,72.0
d3d0a6587d8f983d383e032e2b9acacc,200.2,270.6,379.0,0.8132757111111111,64.0
d3d0a6587d8f983d383e032e2b9acacc,163.8,221.4,341.1,0.7756021812500001,100.0
d3d0a6587d8f983d383e032e2b9acacc,182.0,221.4,341.1,0.7728615375000001,90.0
d3d0a6587d8f983d383e032e2b9acacc,163.8,246.0,379.0,0.7626850000000002,80.0
d3d0a6587d8f983d383e032e2b9acacc,182.0,246.0,379.0,0.75999,72.0
d3d0a6587d8f983d383e032e2b9acacc,163.8,270.6,341.1,0.7547284550000002,80.0
d3d0a6587d8f983d383e032e2b9acacc,200.2,221.4,341.1,0.7534943216666666,80.0
d3d0a6587d8f983d383e032e2b9acacc,182.0,270.6,341.1,0.7520615700000002,72.0
d3d0a6587d8f983d383e032e2b9acacc,200.2,246.0,379.0,0.7409453333333332,64.0
d3d0a6587d8f983d383e032e2b9acacc,200.2,270.6,341.1,0.7332155826666666,64.0
d3d0a6587d8f983d383e032e2b9acacc,163.8,246.0,341.1,0.6876051000000001,80.0
d3d0a6587d8f983d383e032e2b9acacc,182.0,246.0,341.1,0.6851754,72.0
d3d0a6587d8f983d383e032e2b9acacc,200.2,246.0,341.1,0.66800552,64.0
d3d0a6587d8f983d383e032e2b9acacc,163.8,221.4,416.9,0.47248943020833334,50.0
d3d0a6587d8f983d383e032e2b9acacc,182.0,221.4,416.9,0.47081985625,45.0
d3d0a6587d8f983d383e032e2b9acacc,163.8,270.6,416.9,0.4597733558333334,40.0
d3d0a6587d8f983d383e032e2b9acacc,200.2,221.4,416.9,0.4590215336111111,40.0
d3d0a6587d8f983d383e032e2b9acacc,182.0,270.6,416.9,0.458148715,36.0
d3d0a6587d8f983d383e032e2b9acacc,200.2,270.6,416.9,0.44666791977777776,32.0
d3d0a6587d8f983d383e032e2b9acacc,163.8,246.0,416.9,0.41888245,40.0
d3d0a6587d8f983d383e032e2b9acacc,182.0,246.0,416.9,0.4174023,36.0
d3d0a6587d8f983d383e032e2b9acacc,200.2,246.0,416.9,0.4069425733333333,32.0
d57ede415e9b30ea0e94a15552298aa3,192.6,229.5,393.0,0.971945296875,90.0
d57ede415e9b30ea0e94a15552298aa3,214.0,229.5,393.0,0.9570458333333334,80.0
d57ede415e9b30ea0e94a15552298aa3,192.6,280.5,393.0,0.9459442125,72.0
d57ede415e9b30ea0e94a15552298aa3,214.0,280.5,393.0,0.9314433333333333,64.0
d57ede415e9b30ea0e94a15552298aa3,235.4,229.5,393.0,0.9188727552083333,70.0
d57ede415e9b30ea0e94a15552298aa3,235.4,280.5,393.0,0.8942914458333334,56.0
d57ede415e9b30ea0e94a15552298aa3,192.6,229.5,353.7,0.8762123390624997,90.0
d57ede415e9b30ea0e94a15552298aa3,214.0,229.5,353.7,0.8627804166666667,80.0
d57ede415e9b30ea0e94a15552298aa3,192.6,255.0,393.0,0.861750225,72.0
d57ede415e9b30ea0e94a15552298aa3,192.6,280.5,353.7,0.8527722637499998,72.0
d57ede415e9b30ea0e94a15552298aa3,214.0,255.0,393.0,0.84854,64.0
d57ede415e9b30ea0e94a15552298aa3,214.0,280.5,353.7,0.8396996666666666,64.0
d57ede415e9b30ea0e94a15552298aa3,235.4,229.5,353.7,0.8283672432291667,70.0
d57ede415e9b30ea0e94a15552298aa3,235.4,255.0,393.0,0.8146948250000001,56.0
d57ede415e9b30ea0e94a15552298aa3,235.4,280.5,353.7,0.8062071004166667,56.0
d57ede415e9b30ea0e94a15552298aa3,192.6,255.0,353.7,0.7768710674999999,72.0
d57ede415e9b30ea0e94a15552298aa3,214.0,255.0,353.7,0.764962,64.0
d57ede415e9b30ea0e94a15552298aa3,235.4,255.0,353.7,0.7344504475,56.0
d57ede415e9b30ea0e94a15552298aa3,192.6,229.5,432.3,0.5338391273437499,45.0
d57ede415e9b30ea0e94a15552298aa3,214.0,229.5,432.3,0.525655625,40.0
d57ede415e9b30ea0e94a15552298aa3,192.6,280.5,432.3,0.5195580806250001,36.0
d57ede415e9b30ea0e94a15552298aa3,214.0,280.5,432.3,0.5115935,32.0
d57ede415e9b30ea0e94a15552298aa3,235.4,229.5,432.3,0.50468913359375,35.0
d57ede415e9b30ea0e94a15552298aa3,235.4,280.5,432.3,0.49118789562500004,28.0
d57ede415e9b30ea0e94a15552298aa3,192.6,255.0,432.3,0.47331469125000003,36.0
d57ede415e9b30ea0e94a15552298aa3,214.0,255.0,432.3,0.466059,32.0
d57ede415e9b30ea0e94a15552298aa3,235.4,255.0,432.3,0.44746960125,28.0
d6e2cbc227acca3455d02367e9bd0b2b,192.6,294.0,355.5,0.89742375,72.0
d6e2cbc227acca3455d02367e9bd0b2b,214.0,294.0,355.5,0.8836666666666667,64.0
d6e2cbc227acca3455d02367e9bd0b2b,235.4,294.0,355.5,0.8484204166666667,56.0
d6e2cbc227acca3455d02367e9bd0b2b,192.6,264.6,355.5,0.8094762225000001,72.0
d6e2cbc227acca3455d02367e9bd0b2b,214.0,264.6,355.5,0.7970673333333335,64.0
d6e2cbc227acca3455d02367e9bd0b2b,235.4,264.6,355.5,0.7652752158333334,56.0
d6e2cbc227acca3455d02367e9bd0b2b,192.6,323.4,355.5,0.7390284581250001,54.0
d6e2cbc227acca3455d02367e9bd0b2b,214.0,323.4,355.5,0.7276995,48.0
d6e2cbc227acca3455d02367e9bd0b2b,235.4,323.4,355.5,0.698674213125,42.0
d6e2cbc227acca3455d02367e9bd0b2b,192.6,294.0,434.5,0.546770625,36.0
d6e2cbc227acca3455d02367e9bd0b2b,214.0,294.0,434.5,0.5383888888888889,32.0
d6e2cbc227acca3455d02367e9bd0b2b,235.4,294.0,434.5,0.5169145138888889,28.0
d6e2cbc227acca3455d02367e9bd0b2b,192.6,294.0,395.0,0.49774125,36.0
d6e2cbc227acca3455d02367e9bd0b2b,192.6,264.6,434.5,0.49318710374999997,36.0
d6e2cbc227acca3455d02367e9bd0b2b,214.0,294.0,395.0,0.4901111111111111,32.0
d6e2cbc227acca3455d02367e9bd0b2b,214.0,264.6,434.5,0.48562677777777785,32.0
d6e2cbc227acca3455d02367e9bd0b2b,235.4,294.0,395.0,0.4705623611111111,28.0
d6e2cbc227acca3455d02367e9bd0b2b,235.4,264.6,434.5,0.46625689152777783,28.0
d6e2cbc227acca3455d02367e9bd0b2b,192.6,323.4,434.5,0.45026560968749996,27.0
d6e2cbc227acca3455d02367e9bd0b2b,192.6,264.6,395.0,0.4489626075,36.0
d6e2cbc227acca3455d02367e9bd0b2b,214.0,323.4,434.5,0.44336325,24.0
d6e2cbc227acca3455d02367e9bd0b2b,214.0,264.6,395.0,0.4420802222222223,32.0
d6e2cbc227acca3455d02367e9bd0b2b,235.4,323.4,434.5,0.42567910218750005,21.0
d6e2cbc227acca3455d02367e9bd0b2b,235.4,264.6,395.0,0.4244472497222222,28.0
d6e2cbc227acca3455d02367e9bd0b2b,192.6,323.4,395.0,0.40988991937499997,27.0
d6e2cbc227acca3455d02367e9bd0b2b,214.0,323.4,395.0,0.4036065,24.0
d6e2cbc227acca3455d02367e9bd0b2b,235.4,323.4,395.0,0.387508104375,21.0
d85b31778b741c8bdb462d9f332e56d2,244.0,223.2,383.0,0.9029392361111112,70.0
d85b31778b741c8bdb462d9f332e56d2,244.0,272.8,383.0,0.8786717592592592,56.0
d85b31778b741c8bdb462d9f332e56d2,268.4,223.2,383.0,0.8494852333333333,60.0
d85b31778b741c8bdb462d9f332e56d2,268.4,272.8,383.0,0.8266543911111112,48.0
d85b31778b741c8bdb462d9f332e56d2,219.6,223.2,383.0,0.8148123666666666,70.0
d85b31778b741c8bdb462d9f332e56d2,244.0,223.2,344.7,0.8140380208333333,70.0
d85b31778b741c8bdb462d9f332e56d2,244.0,248.0,383.0,0.800511574074074,56.0
d85b31778b741c8bdb462d9f332e56d2,219.6,272.8,383.0,0.7929133955555555,56.0
d85b31778b741c8bdb462d9f332e56d2,244.0,272.8,344.7,0.7921598611111111,56.0
d85b31778b741c8bdb462d9f332e56d2,268.4,223.2,344.7,0.7658469699999998,60.0
d85b31778b741c8bdb462d9f332e56d2,268.4,248.0,383.0,0.7531212888888887,48.0
d85b31778b741c8bdb462d9f332e56d2,268.4,272.8,344.7,0.7452639973333333,48.0
d85b31778b741c8bdb462d9f332e56d2,219.6,223.2,344.7,0.73458791,70.0
d85b31778b741c8bdb462d9f332e56d2,219.6,248.0,383.0,0.7223816444444445,56.0
d85b31778b741c8bdb462d9f332e56d2,244.0,248.0,344.7,0.7216951388888889,56.0
d85b31778b741c8bdb462d9f332e56d2,219.6,272.8,344.7,0.7148450586666666,56.0
d85b31778b741c8bdb462d9f332e56d2,268.4,248.0,344.7,0.6789707866666667,48.0
d85b31778b741c8bdb462d9f332e56d2,219.6,248.0,344.7,0.6512576933333333,56.0
d85b31778b741c8bdb462d9f332e56d2,244.0,223.2,421.3,0.49592022569444444,35.0
d85b31778b741c8bdb462d9f332e56d2,244.0,272.8,421.3,0.4825918287037037,28.0
d85b31778b741c8bdb462d9f332e56d2,268.4,223.2,421.3,0.46656174833333325,30.0
d85b31778b741c8bdb462d9f332e56d2,268.4,272.8,421.3,0.4540223924444445,24.0
d85b31778b741c8bdb462d9f332e56d2,219.6,223.2,421.3,0.44751841166666667,35.0
d85b31778b741c8bdb462d9f332e56d2,244.0,248.0,421.3,0.4396640046296296,28.0
d85b31778b741c8bdb462d9f332e56d2,219.6,272.8,421.3,0.4354908662222222,28.0
d85b31778b741c8bdb462d9f332e56d2,268.4,248.0,421.3,0.4136358955555555,24.0
d85b31778b741c8bdb462d9f332e56d2,219.6,248.0,421.3,0.3967527977777777,28.0
d8d0e4bd0a27b5d4b00b32f474a5923a,251.0,221.4,379.0,0.9114621006944444,70.0
d8d0e4bd0a27b5d4b00b32f474a5923a,251.0,270.6,379.0,0.8869319861111112,56.0
d8d0e4bd0a27b5d4b00b32f474a5923a,276.1,221.4,379.0,0.8575546145833335,60.0
d8d0e4bd0a27b5d4b00b32f474a5923a,276.1,270.6,379.0,0.8344753083333335,48.0
d8d0e4bd0a27b5d4b00b32f474a5923a,225.9,221.4,379.0,0.8224438177083333,70.0
d8d0e4bd0a27b5d4b00b32f474a5923a,251.0,221.4,341.1,0.8217363510416668,70.0
d8d0e4bd0a27b5d4b00b32f474a5923a,251.0,246.0,379.0,0.8080508333333334,56.0
d8d0e4bd0a27b5d4b00b32f474a5923a,225.9,270.6,379.0,0.8003094458333334,56.0
d8d0e4bd0a27b5d4b00b32f474a5923a,251.0,270.6,341.1,0.7996210191666668,56.0
d8d0e4bd0a27b5d4b00b32f474a5923a,276.1,221.4,341.1,0.7731356018750001,60.0
d8d0e4bd0a27b5d4b00b32f474a5923a,276.1,246.0,379.0,0.7602595000000001,48.0
d8d0e4bd0a27b5d4b00b32f474a5923a,276.1,270.6,341.1,0.7523282585000001,48.0
d8d0e4bd0a27b5d4b00b32f474a5923a,225.9,221.4,341.1,0.7414811665625001,70.0
d8d0e4bd0a27b5d4b00b32f474a5923a,225.9,246.0,379.0,0.72913225,56.0
d8d0e4bd0a27b5d4b00b32f474a5923a,251.0,246.0,341.1,0.7285050500000001,56.0
d8d0e4bd0a27b5d4b00b32f474a5923a,225.9,270.6,341.1,0.7215257367500002,56.0
d8d0e4bd0a27b5d4b00b32f474a5923a,276.1,246.0,341.1,0.68541837,48.0
d8d0e4bd0a27b5d4b00b32f474a5923a,225.9,246.0,341.1,0.6573553350000001,56.0
d8d0e4bd0a27b5d4b00b32f474a5923a,251.0,221.4,416.9,0.5005939251736111,35.0
d8d0e4bd0a27b5d4b00b32f474a5923a,251.0,270.6,416.9,0.4871214765277778,28.0
d8d0e4bd0a27b5d4b00b32f474a5923a,276.1,221.4,416.9,0.47098681364583334,30.0
d8d0e4bd0a27b5d4b00b32f474a5923a,276.1,270.6,416.9,0.4583111790833334,24.0
d8d0e4bd0a27b5d4b00b32f474a5923a,225.9,221.4,416.9,0.4517032344270834,35.0
d8d0e4bd0a27b5d4b00b32f474a5923a,251.0,246.0,416.9,0.4437983083333333,28.0
d8d0e4bd0a27b5d4b00b32f474a5923a,225.9,270.6,416.9,0.43954657745833337,28.0
d8d0e4bd0a27b5d4b00b32f474a5923a,276.1,246.0,416.9,0.417550315,24.0
d8d0e4bd0a27b5d4b00b32f474a5923a,225.9,246.0,416.9,0.4004545825,28.0
dc0b41c3254944ee2f8977c80dc8f455,172.0,292.0,391.0,0.974929074074074,80.0
dc0b41c3254944ee2f8977c80dc8f455,154.8,292.0,391.0,0.968794688888889,88.0
dc0b41c3254944ee2f8977c80dc8f455,189.2,292.0,391.0,0.9622221333333333,72.0
dc0b41c3254944ee2f8977c80dc8f455,172.0,262.8,391.0,0.8793991111111111,80.0
dc0b41c3254944ee2f8977c80dc8f455,172.0,292.0,351.9,0.878909611111111,80.0
dc0b41c3254944ee2f8977c80dc8f455,154.8,262.8,391.0,0.8738658133333335,88.0
dc0b41c3254944ee2f8977c80dc8f455,154.8,292.0,351.9,0.8733793933333333,88.0
dc0b41c3254944ee2f8977c80dc8f455,189.2,262.8,391.0,0.86793728,72.0
dc0b41c3254944ee2f8977c80dc8f455,189.2,292.0,351.9,0.86745416,72.0
dc0b41c3254944ee2f8977c80dc8f455,172.0,321.2,391.0,0.8028442777777778,60.0
dc0b41c3254944ee2f8977c80dc8f455,154.8,321.2,391.0,0.7977926733333335,66.0
dc0b41c3254944ee2f8977c80dc8f455,172.0,262.8,351.9,0.7927882666666667,80.0
dc0b41c3254944ee2f8977c80dc8f455,189.2,321.2,391.0,0.7923802400000001,54.0
dc0b41c3254944ee2f8977c80dc8f455,154.8,262.8,351.9,0.7877999360000001,88.0
dc0b41c3254944ee2f8977c80dc8f455,189.2,262.8,351.9,0.782455296,72.0
dc0b41c3254944ee2f8977c80dc8f455,172.0,321.2,351.9,0.7237732166666666,60.0
dc0b41c3254944ee2f8977c80dc8f455,154.8,321.2,351.9,0.719219138,66.0
dc0b41c3254944ee2f8977c80dc8f455,189.2,321.2,351.9,0.7143397679999999,54.0
dc0b41c3254944ee2f8977c80dc8f455,172.0,292.0,430.1,0.5354742685185185,40.0
dc0b41c3254944ee2f8977c80dc8f455,154.8,292.0,430.1,0.5321049922222223,44.0
dc0b41c3254944ee2f8977c80dc8f455,189.2,292.0,430.1,0.5284950533333334,36.0
dc0b41c3254944ee2f8977c80dc8f455,172.0,262.8,430.1,0.48300497777777784,40.0
dc0b41c3254944ee2f8977c80dc8f455,154.8,262.8,430.1,0.47996584533333336,44.0
dc0b41c3254944ee2f8977c80dc8f455,189.2,262.8,430.1,0.47670963200000005,36.0
dc0b41c3254944ee2f8977c80dc8f455,172.0,321.2,430.1,0.4409576694444445,30.0
dc0b41c3254944ee2f8977c80dc8f455,154.8,321.2,430.1,0.4381831043333334,33.0
dc0b41c3254944ee2f8977c80dc8f455,189.2,321.2,430.1,0.43521035599999996,27.0
dcc42a5da445d56728ad8178bf5931e9,216.0,266.4,355.5,0.8096635999999999,64.0
dcc42a5da445d56728ad8178bf5931e9,240.0,266.4,355.5,0.7850454499999999,56.0
dcc42a5da445d56728ad8178bf5931e9,216.0,325.6,355.5,0.7392193,48.0
dcc42a5da445d56728ad8178bf5931e9,264.0,266.4,355.5,0.7385445,48.0
dcc42a5da445d56728ad8178bf5931e9,240.0,325.6,355.5,0.7167430375000001,42.0
dcc42a5da445d56728ad8178bf5931e9,264.0,325.6,355.5,0.674287875,36.0
dcc42a5da445d56728ad8178bf5931e9,216.0,296.0,355.5,0.6732335,48.0
dcc42a5da445d56728ad8178bf5931e9,240.0,296.0,355.5,0.6527635625,42.0
dcc42a5da445d56728ad8178bf5931e9,264.0,296.0,355.5,0.614098125,36.0
dcc42a5da445d56728ad8178bf5931e9,216.0,266.4,434.5,0.4933012666666666,32.0
dcc42a5da445d56728ad8178bf5931e9,240.0,266.4,434.5,0.4783022416666667,28.0
dcc42a5da445d56728ad8178bf5931e9,216.0,325.6,434.5,0.4503818833333334,24.0
dcc42a5da445d56728ad8178bf5931e9,264.0,266.4,434.5,0.44997075,24.0
dcc42a5da445d56728ad8178bf5931e9,216.0,266.4,395.0,0.4490665333333333,32.0
dcc42a5da445d56728ad8178bf5931e9,240.0,325.6,434.5,0.43668783958333335,21.0
dcc42a5da445d56728ad8178bf5931e9,240.0,266.4,395.0,0.43541248333333327,28.0
dcc42a5da445d56728ad8178bf5931e9,264.0,325.6,434.5,0.4108213125,18.0
dcc42a5da445d56728ad8178bf5931e9,216.0,296.0,434.5,0.41017891666666667,24.0
dcc42a5da445d56728ad8178bf5931e9,216.0,325.6,395.0,0.4099957666666667,24.0
dcc42a5da445d56728ad8178bf5931e9,264.0,266.4,395.0,0.4096215,24.0
dcc42a5da445d56728ad8178bf5931e9,240.0,296.0,434.5,0.39770726041666665,21.0
dcc42a5da445d56728ad8178bf5931e9,240.0,325.6,395.0,0.3975296791666667,21.0
dcc42a5da445d56728ad8178bf5931e9,264.0,296.0,434.5,0.3741496875,18.0
dcc42a5da445d56728ad8178bf5931e9,264.0,325.6,395.0,0.373982625,18.0
dcc42a5da445d56728ad8178bf5931e9,216.0,296.0,395.0,0.3733978333333333,24.0
dcc42a5da445d56728ad8178bf5931e9,240.0,296.0,395.0,0.3620445208333333,21.0
dcc42a5da445d56728ad8178bf5931e9,264.0,296.0,395.0,0.340599375,18.0
ddc544b82bb095f53666029f60d7e482,173.0,266.4,391.0,0.8961833888888889,80.0
ddc544b82bb095f53666029f60d7e482,155.7,266.4,391.0,0.8905259183333333,88.0
ddc544b82bb095f53666029f60d7e482,190.3,266.4,391.0,0.8845179849999998,72.0
ddc544b82bb095f53666029f60d7e482,173.0,325.6,391.0,0.8182114861111112,60.0
ddc544b82bb095f53666029f60d7e482,155.7,325.6,391.0,0.8130462404166667,66.0
ddc544b82bb095f53666029f60d7e482,173.0,266.4,351.9,0.8079194833333334,80.0
ddc544b82bb095f53666029f60d7e482,190.3,325.6,391.0,0.8075610237500002,54.0
ddc544b82bb095f53666029f60d7e482,155.7,266.4,351.9,0.8028192094999999,88.0
ddc544b82bb095f53666029f60d7e482,190.3,266.4,351.9,0.7974029894999999,72.0
ddc544b82bb095f53666029f60d7e482,173.0,296.0,391.0,0.7451745138888889,60.0
ddc544b82bb095f53666029f60d7e482,155.7,296.0,391.0,0.7404703395833332,66.0
ddc544b82bb095f53666029f60d7e482,173.0,325.6,351.9,0.7376269291666666,60.0
ddc544b82bb095f53666029f60d7e482,190.3,296.0,391.0,0.7354747562500001,54.0
ddc544b82bb095f53666029f60d7e482,155.7,325.6,351.9,0.7329704016249999,66.0
ddc544b82bb095f53666029f60d7e482,190.3,325.6,351.9,0.7280254166250001,54.0
ddc544b82bb095f53666029f60d7e482,173.0,296.0,351.9,0.6717832708333333,60.0
ddc544b82bb095f53666029f60d7e482,155.7,296.0,351.9,0.6675424043749999,66.0
ddc544b82bb095f53666029f60d7e482,190.3,296.0,351.9,0.6630388293749999,54.0
ddc544b82bb095f53666029f60d7e482,173.0,266.4,430.1,0.4922236472222222,40.0
ddc544b82bb095f53666029f60d7e482,155.7,266.4,430.1,0.4891163135833333,44.0
ddc544b82bb095f53666029f60d7e482,190.3,266.4,430.1,0.48581649024999995,36.0
ddc544b82bb095f53666029f60d7e482,173.0,325.6,430.1,0.4493980215277778,30.0
ddc544b82bb095f53666029f60d7e482,155.7,325.6,430.1,0.44656103960416665,33.0
ddc544b82bb095f53666029f60d7e482,190.3,325.6,430.1,0.44354831543750006,27.0
ddc544b82bb095f53666029f60d7e482,173.0,296.0,430.1,0.4092828784722222,30.0
ddc544b82bb095f53666029f60d7e482,155.7,296.0,430.1,0.4066991373958333,33.0
ddc544b82bb095f53666029f60d7e482,190.3,296.0,430.1,0.4039553415625,27.0
ddc8f0c662924d5b7914ba35ddb1ebe4,250.0,294.0,355.5,0.8997333333333334,56.0
ddc8f0c662924d5b7914ba35ddb1ebe4,275.0,294.0,355.5,0.8465125,48.0
ddc8f0c662924d5b7914ba35ddb1ebe4,225.0,294.0,355.5,0.81186875,56.0
ddc8f0c662924d5b7914ba35ddb1ebe4,250.0,264.6,355.5,0.8115594666666667,56.0
ddc8f0c662924d5b7914ba35ddb1ebe4,275.0,264.6,355.5,0.7635542750000001,48.0
ddc8f0c662924d5b7914ba35ddb1ebe4,250.0,323.4,355.5,0.7409303999999999,42.0
ddc8f0c662924d5b7914ba35ddb1ebe4,225.0,264.6,355.5,0.7323056125,56.0
ddc8f0c662924d5b7914ba35ddb1ebe4,275.0,323.4,355.5,0.69710304375,36.0
ddc8f0c662924d5b7914ba35ddb1ebe4,225.0,323.4,355.5,0.6685739156249999,42.0
ddc8f0c662924d5b7914ba35ddb1ebe4,250.0,294.0,434.5,0.5481777777777778,28.0
ddc8f0c662924d5b7914ba35ddb1ebe4,275.0,294.0,434.5,0.5157520833333333,24.0
ddc8f0c662924d5b7914ba35ddb1ebe4,250.0,294.0,395.0,0.4990222222222222,28.0
ddc8f0c662924d5b7914ba35ddb1ebe4,225.0,294.0,434.5,0.4946447916666667,28.0
ddc8f0c662924d5b7914ba35ddb1ebe4,250.0,264.6,434.5,0.49445635555555556,28.0
ddc8f0c662924d5b7914ba35ddb1ebe4,275.0,294.0,395.0,0.46950416666666667,24.0
ddc8f0c662924d5b7914ba35ddb1ebe4,275.0,264.6,434.5,0.4652083791666667,24.0
ddc8f0c662924d5b7914ba35ddb1ebe4,250.0,323.4,434.5,0.45142439999999995,21.0
ddc8f0c662924d5b7914ba35ddb1ebe4,225.0,294.0,395.0,0.45028958333333335,28.0
ddc8f0c662924d5b7914ba35ddb1ebe4,250.0,264.6,395.0,0.4501180444444445,28.0
ddc8f0c662924d5b7914ba35ddb1ebe4,225.0,264.6,434.5,0.44616960208333334,28.0
ddc8f0c662924d5b7914ba35ddb1ebe4,275.0,323.4,434.5,0.42472184062499996,18.0
ddc8f0c662924d5b7914ba35ddb1ebe4,275.0,264.6,395.0,0.4234927583333334,24.0
ddc8f0c662924d5b7914ba35ddb1ebe4,250.0,323.4,395.0,0.4109448,21.0
ddc8f0c662924d5b7914ba35ddb1ebe4,225.0,323.4,434.5,0.4073399859375,21.0
ddc8f0c662924d5b7914ba35ddb1ebe4,225.0,264.6,395.0,0.40616120416666673,28.0
ddc8f0c662924d5b7914ba35ddb1ebe4,275.0,323.4,395.0,0.38663668124999995,18.0
ddc8f0c662924d5b7914ba35ddb1ebe4,225.0,323.4,395.0,0.37081347187499997,21.0
e205014ff79e36431f829f1fab46061c,245.7,288.0,388.0,0.9448678166666669,56.0
e205014ff79e36431f829f1fab46061c,273.0,288.0,388.0,0.897729,48.0
e205014ff79e36431f829f1fab46061c,245.7,259.2,388.0,0.8523093366666665,56.0
e205014ff79e36431f829f1fab46061c,245.7,288.0,349.2,0.85181992,56.0
e205014ff79e36431f829f1fab46061c,300.3,288.0,388.0,0.8213094166666667,40.0
e205014ff79e36431f829f1fab46061c,273.0,259.2,388.0,0.8097882000000001,48.0
e205014ff79e36431f829f1fab46061c,273.0,288.0,349.2,0.8093231999999999,48.0
e205014ff79e36431f829f1fab46061c,245.7,316.8,388.0,0.7780697225000001,42.0
e205014ff79e36431f829f1fab46061c,245.7,259.2,349.2,0.7683763359999999,56.0
e205014ff79e36431f829f1fab46061c,300.3,259.2,388.0,0.7408546166666666,40.0
e205014ff79e36431f829f1fab46061c,300.3,288.0,349.2,0.7404291999999999,40.0
e205014ff79e36431f829f1fab46061c,273.0,316.8,388.0,0.73925235,36.0
e205014ff79e36431f829f1fab46061c,273.0,259.2,349.2,0.73004256,48.0
e205014ff79e36431f829f1fab46061c,245.7,316.8,349.2,0.7014476279999998,42.0
e205014ff79e36431f829f1fab46061c,300.3,316.8,388.0,0.6763231625000001,30.0
e205014ff79e36431f829f1fab46061c,300.3,259.2,349.2,0.66789736,40.0
e205014ff79e36431f829f1fab46061c,273.0,316.8,349.2,0.6664528799999999,36.0
e205014ff79e36431f829f1fab46061c,300.3,316.8,349.2,0.6097207800000001,30.0
e205014ff79e36431f829f1fab46061c,245.7,288.0,426.8,0.5189578566666667,28.0
e205014ff79e36431f829f1fab46061c,273.0,288.0,426.8,0.49306740000000004,24.0
e205014ff79e36431f829f1fab46061c,245.7,259.2,426.8,0.4681211686666667,28.0
e205014ff79e36431f829f1fab46061c,300.3,288.0,426.8,0.4510948166666666,20.0
e205014ff79e36431f829f1fab46061c,273.0,259.2,426.8,0.44476692,24.0
e205014ff79e36431f829f1fab46061c,245.7,316.8,426.8,0.4273459085,21.0
e205014ff79e36431f829f1fab46061c,300.3,259.2,426.8,0.40690593666666663,20.0
e205014ff79e36431f829f1fab46061c,273.0,316.8,426.8,0.40602591,18.0
e205014ff79e36431f829f1fab46061c,300.3,316.8,426.8,0.3714627725000001,15.0
e67976152cc42ec69a300f4522f58632,280.5,229.5,393.0,0.934751015625,60.0
e67976152cc42ec69a300f4522f58632,280.5,280.5,393.0,0.9097449375,48.0
e67976152cc42ec69a300f4522f58632,229.5,229.5,393.0,0.8964148046875,70.0
e67976152cc42ec69a300f4522f58632,229.5,280.5,393.0,0.87243428125,56.0
e67976152cc42ec69a300f4522f58632,255.0,229.5,393.0,0.85155328125,60.0
e67976152cc42ec69a300f4522f58632,280.5,229.5,353.7,0.8426815546875,60.0
e67976152cc42ec69a300f4522f58632,255.0,280.5,393.0,0.828772875,48.0
e67976152cc42ec69a300f4522f58632,280.5,255.0,393.0,0.828772875,48.0
e67976152cc42ec69a300f4522f58632,280.5,280.5,353.7,0.82013848125,48.0
e67976152cc42ec69a300f4522f58632,229.5,229.5,353.7,0.80812131640625,70.0
e67976152cc42ec69a300f4522f58632,229.5,255.0,393.0,0.7947830625,56.0
e67976152cc42ec69a300f4522f58632,229.5,280.5,353.7,0.7865027843749999,56.0
e67976152cc42ec69a300f4522f58632,255.0,229.5,353.7,0.7676784843749999,60.0
e67976152cc42ec69a300f4522f58632,255.0,255.0,393.0,0.75500775,48.0
e67976152cc42ec69a300f4522f58632,255.0,280.5,353.7,0.7471418625,48.0
e67976152cc42ec69a300f4522f58632,280.5,255.0,353.7,0.7471418625,48.0
e67976152cc42ec69a300f4522f58632,229.5,255.0,353.7,0.71649991875,56.0
e67976152cc42ec69a300f4522f58632,255.0,255.0,353.7,0.680642325,48.0
e67976152cc42ec69a300f4522f58632,280.5,229.5,432.3,0.51341023828125,30.0
e67976152cc42ec69a300f4522f58632,280.5,280.5,432.3,0.499675696875,24.0
e67976152cc42ec69a300f4522f58632,229.5,229.5,432.3,0.492354146484375,35.0
e67976152cc42ec69a300f4522f58632,229.5,280.5,432.3,0.47918288906250006,28.0
e67976152cc42ec69a300f4522f58632,255.0,229.5,432.3,0.4677140390625001,30.0
e67976152cc42ec69a300f4522f58632,255.0,280.5,432.3,0.45520194374999995,24.0
e67976152cc42ec69a300f4522f58632,280.5,255.0,432.3,0.45520194374999995,24.0
e67976152cc42ec69a300f4522f58632,229.5,255.0,432.3,0.43653310312500004,28.0
e67976152cc42ec69a300f4522f58632,255.0,255.0,432.3,0.41468658750000004,24.0
e70cd62d04659cbda3f1df24c7140e35,216.7,221.4,379.0,0.9026464027777776,80.0
e70cd62d04659cbda3f1df24c7140e35,216.7,270.6,379.0,0.8783535444444445,64.0
e70cd62d04659cbda3f1df24c7140e35,177.3,221.4,379.0,0.8358193593750002,90.0
e70cd62d04659cbda3f1df24c7140e35,197.0,221.4,379.0,0.8227984722222222,80.0
e70cd62d04659cbda3f1df24c7140e35,216.7,221.4,341.1,0.8137884841666667,80.0
e70cd62d04659cbda3f1df24c7140e35,177.3,270.6,379.0,0.8133250125000001,72.0
e70cd62d04659cbda3f1df24c7140e35,197.0,270.6,379.0,0.8006545555555555,64.0
e70cd62d04659cbda3f1df24c7140e35,216.7,246.0,379.0,0.8002353333333332,64.0
e70cd62d04659cbda3f1df24c7140e35,216.7,270.6,341.1,0.7918870526666667,64.0
e70cd62d04659cbda3f1df24c7140e35,177.3,221.4,341.1,0.7535399990625002,90.0
e70cd62d04659cbda3f1df24c7140e35,197.0,221.4,341.1,0.7418009083333335,80.0
e70cd62d04659cbda3f1df24c7140e35,177.3,246.0,379.0,0.7409902500000002,72.0
e70cd62d04659cbda3f1df24c7140e35,177.3,270.6,341.1,0.7332600307500001,72.0
e70cd62d04659cbda3f1df24c7140e35,197.0,246.0,379.0,0.7294466666666667,64.0
e70cd62d04659cbda3f1df24c7140e35,197.0,270.6,341.1,0.7218368733333334,64.0
e70cd62d04659cbda3f1df24c7140e35,216.7,246.0,341.1,0.72145892,64.0
e70cd62d04659cbda3f1df24c7140e35,177.3,246.0,341.1,0.6680460150000002,72.0
e70cd62d04659cbda3f1df24c7140e35,197.0,246.0,341.1,0.6576388000000001,64.0
e70cd62d04659cbda3f1df24c7140e35,216.7,221.4,416.9,0.49575216069444433,40.0
e70cd62d04659cbda3f1df24c7140e35,216.7,270.6,416.9,0.4824100181111111,32.0
e70cd62d04659cbda3f1df24c7140e35,177.3,221.4,416.9,0.45904935984375006,45.0
e70cd62d04659cbda3f1df24c7140e35,197.0,221.4,416.9,0.4518980180555555,40.0
e70cd62d04659cbda3f1df24c7140e35,177.3,270.6,416.9,0.446694997125,36.0
e70cd62d04659cbda3f1df24c7140e35,197.0,270.6,416.9,0.4397361188888889,32.0
e70cd62d04659cbda3f1df24c7140e35,216.7,246.0,416.9,0.43950587333333324,32.0
e70cd62d04659cbda3f1df24c7140e35,177.3,246.0,416.9,0.4069672425,36.0
e70cd62d04659cbda3f1df24c7140e35,197.0,246.0,416.9,0.40062726666666665,32.0
e740f34d87ef8ba88af8bc4375aaebab,167.0,286.0,384.0,0.9120944444444444,80.0
e740f34d87ef8ba88af8bc4375aaebab,150.3,286.0,384.0,0.9064531666666668,88.0
e740f34d87ef8ba88af8bc4375aaebab,183.7,286.0,384.0,0.9001264999999998,72.0
e740f34d87ef8ba88af8bc4375aaebab,167.0,257.4,384.0,0.8227591666666667,80.0
e740f34d87ef8ba88af8bc4375aaebab,167.0,286.0,345.6,0.8222882222222222,80.0
e740f34d87ef8ba88af8bc4375aaebab,150.3,257.4,384.0,0.8176704249999999,88.0
e740f34d87ef8ba88af8bc4375aaebab,150.3,286.0,345.6,0.8172023933333336,88.0
e740f34d87ef8ba88af8bc4375aaebab,183.7,257.4,384.0,0.811963425,72.0
e740f34d87ef8ba88af8bc4375aaebab,183.7,286.0,345.6,0.81149866,72.0
e740f34d87ef8ba88af8bc4375aaebab,167.0,314.6,384.0,0.7510722916666667,60.0
e740f34d87ef8ba88af8bc4375aaebab,150.3,314.6,384.0,0.7464269312500001,66.0
e740f34d87ef8ba88af8bc4375aaebab,167.0,257.4,345.6,0.7417490333333333,80.0
e740f34d87ef8ba88af8bc4375aaebab,183.7,314.6,384.0,0.74121718125,54.0
e740f34d87ef8ba88af8bc4375aaebab,150.3,257.4,345.6,0.737161337,88.0
e740f34d87ef8ba88af8bc4375aaebab,183.7,257.4,345.6,0.7320162570000001,72.0
e740f34d87ef8ba88af8bc4375aaebab,167.0,314.6,345.6,0.6771205583333334,60.0
e740f34d87ef8ba88af8bc4375aaebab,150.3,314.6,345.6,0.67293258725,66.0
e740f34d87ef8ba88af8bc4375aaebab,183.7,314.6,345.6,0.66823579725,54.0
e740f34d87ef8ba88af8bc4375aaebab,167.0,286.0,422.4,0.5009503333333334,40.0
e740f34d87ef8ba88af8bc4375aaebab,150.3,286.0,422.4,0.49785197000000003,44.0
e740f34d87ef8ba88af8bc4375aaebab,183.7,286.0,422.4,0.4943771699999999,36.0
e740f34d87ef8ba88af8bc4375aaebab,167.0,257.4,422.4,0.45188464999999994,40.0
e740f34d87ef8ba88af8bc4375aaebab,150.3,257.4,422.4,0.44908975649999994,44.0
e740f34d87ef8ba88af8bc4375aaebab,183.7,257.4,422.4,0.44595529649999993,36.0
e740f34d87ef8ba88af8bc4375aaebab,167.0,314.6,422.4,0.4125120125,30.0
e740f34d87ef8ba88af8bc4375aaebab,150.3,314.6,422.4,0.409960637625,33.0
e740f34d87ef8ba88af8bc4375aaebab,183.7,314.6,422.4,0.40709928262499995,27.0
e743e947473252606cfa14519dbf593b,291.0,229.5,393.0,0.96900890625,60.0
e743e947473252606cfa14519dbf593b,291.0,280.5,393.0,0.943086375,48.0
e743e947473252606cfa14519dbf593b,320.1,229.5,393.0,0.8866268359375001,50.0
e743e947473252606cfa14519dbf593b,261.9,229.5,393.0,0.8740656093749999,60.0
e743e947473252606cfa14519dbf593b,291.0,229.5,353.7,0.873565171875,60.0
e743e947473252606cfa14519dbf593b,320.1,280.5,393.0,0.86290815625,40.0
e743e947473252606cfa14519dbf593b,291.0,255.0,393.0,0.85914675,48.0
e743e947473252606cfa14519dbf593b,261.9,280.5,393.0,0.8506829624999999,48.0
e743e947473252606cfa14519dbf593b,291.0,280.5,353.7,0.8501959124999999,48.0
e743e947473252606cfa14519dbf593b,320.1,229.5,353.7,0.79929742578125,50.0
e743e947473252606cfa14519dbf593b,261.9,229.5,353.7,0.7879734328124999,60.0
e743e947473252606cfa14519dbf593b,320.1,255.0,393.0,0.7861048125000001,40.0
e743e947473252606cfa14519dbf593b,320.1,280.5,353.7,0.7779149468750002,40.0
e743e947473252606cfa14519dbf593b,261.9,255.0,393.0,0.774967725,48.0
e743e947473252606cfa14519dbf593b,291.0,255.0,353.7,0.7745240249999998,48.0
e743e947473252606cfa14519dbf593b,261.9,280.5,353.7,0.7668938887499999,48.0
e743e947473252606cfa14519dbf593b,320.1,255.0,353.7,0.7086764437499999,40.0
e743e947473252606cfa14519dbf593b,261.9,255.0,353.7,0.6986363174999999,48.0
e743e947473252606cfa14519dbf593b,291.0,229.5,432.3,0.5322263203125,30.0
e743e947473252606cfa14519dbf593b,291.0,280.5,432.3,0.5179884187499999,24.0
e743e947473252606cfa14519dbf593b,320.1,229.5,432.3,0.486978123046875,25.0
e743e947473252606cfa14519dbf593b,261.9,229.5,432.3,0.48007889296874995,30.0
e743e947473252606cfa14519dbf593b,320.1,280.5,432.3,0.4739506828125001,20.0
e743e947473252606cfa14519dbf593b,291.0,255.0,432.3,0.47188473750000004,24.0
e743e947473252606cfa14519dbf593b,261.9,280.5,432.3,0.467236018125,24.0
e743e947473252606cfa14519dbf593b,320.1,255.0,432.3,0.43176659062500006,20.0
e743e947473252606cfa14519dbf593b,261.9,255.0,432.3,0.42564956625,24.0
e86f3262de6efa8372f7a6e317b74e6b,144.0,286.0,386.0,0.9538666666666666,96.0
e86f3262de6efa8372f7a6e317b74e6b,129.6,286.0,386.0,0.9341534222222222,104.0
e86f3262de6efa8372f7a6e317b74e6b,158.4,286.0,386.0,0.8711982222222222,80.0
e86f3262de6efa8372f7a6e317b74e6b,144.0,257.4,386.0,0.86044,96.0
e86f3262de6efa8372f7a6e317b74e6b,144.0,286.0,347.4,0.8599399999999998,96.0
e86f3262de6efa8372f7a6e317b74e6b,129.6,257.4,386.0,0.8426575733333332,104.0
e86f3262de6efa8372f7a6e317b74e6b,129.6,286.0,347.4,0.8421679066666665,104.0
e86f3262de6efa8372f7a6e317b74e6b,158.4,257.4,386.0,0.7858685333333333,80.0
e86f3262de6efa8372f7a6e317b74e6b,144.0,314.6,386.0,0.78547,72.0
e86f3262de6efa8372f7a6e317b74e6b,158.4,286.0,347.4,0.7854118666666666,80.0
e86f3262de6efa8372f7a6e317b74e6b,144.0,257.4,347.4,0.775713,96.0
e86f3262de6efa8372f7a6e317b74e6b,129.6,314.6,386.0,0.7692369533333334,78.0
e86f3262de6efa8372f7a6e317b74e6b,129.6,257.4,347.4,0.7596815979999998,104.0
e86f3262de6efa8372f7a6e317b74e6b,158.4,314.6,386.0,0.7173959333333334,60.0
e86f3262de6efa8372f7a6e317b74e6b,158.4,257.4,347.4,0.7084845399999999,80.0
e86f3262de6efa8372f7a6e317b74e6b,144.0,314.6,347.4,0.70812525,72.0
e86f3262de6efa8372f7a6e317b74e6b,129.6,314.6,347.4,0.6934906614999998,78.0
e86f3262de6efa8372f7a6e317b74e6b,158.4,314.6,347.4,0.6467543950000001,60.0
e86f3262de6efa8372f7a6e317b74e6b,144.0,286.0,424.6,0.5238966666666667,48.0
e86f3262de6efa8372f7a6e317b74e6b,129.6,286.0,424.6,0.5130694688888889,52.0
e86f3262de6efa8372f7a6e317b74e6b,158.4,286.0,424.6,0.4784922888888889,40.0
e86f3262de6efa8372f7a6e317b74e6b,144.0,257.4,424.6,0.4725835,48.0
e86f3262de6efa8372f7a6e317b74e6b,129.6,257.4,424.6,0.46281677433333335,52.0
e86f3262de6efa8372f7a6e317b74e6b,158.4,257.4,424.6,0.43162626333333337,40.0
e86f3262de6efa8372f7a6e317b74e6b,144.0,314.6,424.6,0.431407375,36.0
e86f3262de6efa8372f7a6e317b74e6b,129.6,314.6,424.6,0.42249162258333334,39.0
e86f3262de6efa8372f7a6e317b74e6b,158.4,314.6,424.6,0.3940187358333334,30.0
ea4f4880b999f6854b641f68b394c657,180.9,282.0,380.0,0.8657208000000001,72.0
ea4f4880b999f6854b641f68b394c657,201.0,282.0,380.0,0.852288,64.0
ea4f4880b999f6854b641f68b394c657,221.1,282.0,380.0,0.8181655999999998,56.0
ea4f4880b999f6854b641f68b394c657,180.9,253.8,380.0,0.780952305,72.0
ea4f4880b999f6854b641f68b394c657,180.9,282.0,342.0,0.7804944,72.0
ea4f4880b999f6854b641f68b394c657,201.0,253.8,380.0,0.7688348,64.0
ea4f4880b999f6854b641f68b394c657,201.0,282.0,342.0,0.768384,64.0
ea4f4880b999f6854b641f68b394c657,221.1,253.8,380.0,0.7380535516666666,56.0
ea4f4880b999f6854b641f68b394c657,221.1,282.0,342.0,0.7376208,56.0
ea4f4880b999f6854b641f68b394c657,180.9,310.2,380.0,0.71286697125,54.0
ea4f4880b999f6854b641f68b394c657,180.9,253.8,342.0,0.7040709900000001,72.0
ea4f4880b999f6854b641f68b394c657,201.0,310.2,380.0,0.7018058999999999,48.0
ea4f4880b999f6854b641f68b394c657,201.0,253.8,342.0,0.6931464,64.0
ea4f4880b999f6854b641f68b394c657,221.1,310.2,380.0,0.6737082362499999,42.0
ea4f4880b999f6854b641f68b394c657,221.1,253.8,342.0,0.66539543,56.0
ea4f4880b999f6854b641f68b394c657,180.9,310.2,342.0,0.6426883575,54.0
ea4f4880b999f6854b641f68b394c657,201.0,310.2,342.0,0.6327162,48.0
ea4f4880b999f6854b641f68b394c657,221.1,310.2,342.0,0.6073846275,42.0
ea4f4880b999f6854b641f68b394c657,180.9,282.0,418.0,0.47547360000000005,36.0
ea4f4880b999f6854b641f68b394c657,201.0,282.0,418.0,0.468096,32.0
ea4f4880b999f6854b641f68b394c657,221.1,282.0,418.0,0.4493552,28.0
ea4f4880b999f6854b641f68b394c657,180.9,253.8,418.0,0.42891681000000004,36.0
ea4f4880b999f6854b641f68b394c657,201.0,253.8,418.0,0.4222616,32.0
ea4f4880b999f6854b641f68b394c657,221.1,253.8,418.0,0.40535583666666664,28.0
ea4f4880b999f6854b641f68b394c657,180.9,310.2,418.0,0.39152279249999994,27.0
ea4f4880b999f6854b641f68b394c657,201.0,310.2,418.0,0.3854478,24.0
ea4f4880b999f6854b641f68b394c657,221.1,310.2,418.0,0.3700159225,21.0
ea6403e25e3a52198dad19251c207a47,245.0,226.8,380.0,0.9136888055555555,70.0
ea6403e25e3a52198dad19251c207a47,245.0,277.2,380.0,0.8891981777777778,56.0
ea6403e25e3a52198dad19251c207a47,269.5,226.8,380.0,0.8596059166666669,60.0
ea6403e25e3a52198dad19251c207a47,269.5,277.2,380.0,0.8365649333333333,48.0
ea6403e25e3a52198dad19251c207a47,220.5,226.8,380.0,0.8245040416666668,70.0
ea6403e25e3a52198dad19251c207a47,245.0,226.8,342.0,0.8237401666666668,70.0
ea6403e25e3a52198dad19251c207a47,245.0,252.0,380.0,0.8100746111111111,56.0
ea6403e25e3a52198dad19251c207a47,220.5,277.2,380.0,0.8024039333333332,56.0
ea6403e25e3a52198dad19251c207a47,245.0,277.2,342.0,0.8016605333333333,56.0
ea6403e25e3a52198dad19251c207a47,269.5,226.8,342.0,0.7749815,60.0
ea6403e25e3a52198dad19251c207a47,269.5,252.0,380.0,0.7621248333333334,48.0
ea6403e25e3a52198dad19251c207a47,269.5,277.2,342.0,0.7542087999999999,48.0
ea6403e25e3a52198dad19251c207a47,220.5,226.8,342.0,0.74333525,70.0
ea6403e25e3a52198dad19251c207a47,220.5,252.0,380.0,0.7310035833333334,56.0
ea6403e25e3a52198dad19251c207a47,245.0,252.0,342.0,0.7303263333333333,56.0
ea6403e25e3a52198dad19251c207a47,220.5,277.2,342.0,0.7234107999999999,56.0
ea6403e25e3a52198dad19251c207a47,269.5,252.0,342.0,0.687097,48.0
ea6403e25e3a52198dad19251c207a47,220.5,252.0,342.0,0.6590395,56.0
ea6403e25e3a52198dad19251c207a47,245.0,226.8,418.0,0.5018187222222223,35.0
ea6403e25e3a52198dad19251c207a47,245.0,277.2,418.0,0.48836791111111105,28.0
ea6403e25e3a52198dad19251c207a47,269.5,226.8,418.0,0.47211516666666664,30.0
ea6403e25e3a52198dad19251c207a47,269.5,277.2,418.0,0.45946053333333325,24.0
ea6403e25e3a52198dad19251c207a47,220.5,226.8,418.0,0.4528364166666667,35.0
ea6403e25e3a52198dad19251c207a47,245.0,252.0,418.0,0.44491144444444447,28.0
ea6403e25e3a52198dad19251c207a47,220.5,277.2,418.0,0.44069853333333336,28.0
ea6403e25e3a52198dad19251c207a47,269.5,252.0,418.0,0.41857633333333333,24.0
ea6403e25e3a52198dad19251c207a47,220.5,252.0,418.0,0.4014838333333333,28.0
eb4895380ccaa410da0fefb6f12b197b,278.3,286.0,386.0,0.9039476444444445,48.0
eb4895380ccaa410da0fefb6f12b197b,227.7,286.0,386.0,0.866905822222222,56.0
eb4895380ccaa410da0fefb6f12b197b,253.0,286.0,386.0,0.8235048888888888,48.0
eb4895380ccaa410da0fefb6f12b197b,278.3,257.4,386.0,0.8154103066666667,48.0
eb4895380ccaa410da0fefb6f12b197b,278.3,286.0,347.4,0.8149364733333334,48.0
eb4895380ccaa410da0fefb6f12b197b,227.7,257.4,386.0,0.7819965533333333,56.0
eb4895380ccaa410da0fefb6f12b197b,227.7,286.0,347.4,0.7815421366666666,56.0
eb4895380ccaa410da0fefb6f12b197b,278.3,314.6,386.0,0.7443637366666668,36.0
eb4895380ccaa410da0fefb6f12b197b,253.0,257.4,386.0,0.7428465333333333,48.0
eb4895380ccaa410da0fefb6f12b197b,253.0,286.0,347.4,0.7424148666666666,48.0
eb4895380ccaa410da0fefb6f12b197b,278.3,257.4,347.4,0.7351173529999998,48.0
eb4895380ccaa410da0fefb6f12b197b,227.7,314.6,386.0,0.7138613183333334,42.0
eb4895380ccaa410da0fefb6f12b197b,227.7,257.4,347.4,0.7049938314999998,56.0
eb4895380ccaa410da0fefb6f12b197b,253.0,314.6,386.0,0.6781224333333334,36.0
eb4895380ccaa410da0fefb6f12b197b,278.3,314.6,347.4,0.6710666952500001,36.0
eb4895380ccaa410da0fefb6f12b197b,253.0,257.4,347.4,0.6696988899999999,48.0
eb4895380ccaa410da0fefb6f12b197b,227.7,314.6,347.4,0.643567831375,42.0
eb4895380ccaa410da0fefb6f12b197b,253.0,314.6,347.4,0.6113481325,36.0
eb4895380ccaa410da0fefb6f12b197b,278.3,286.0,424.6,0.4964794077777778,24.0
eb4895380ccaa410da0fefb6f12b197b,227.7,286.0,424.6,0.4761347538888888,28.0
eb4895380ccaa410da0fefb6f12b197b,253.0,286.0,424.6,0.45229745555555556,24.0
eb4895380ccaa410da0fefb6f12b197b,278.3,257.4,424.6,0.4478516301666666,24.0
eb4895380ccaa410da0fefb6f12b197b,227.7,257.4,424.6,0.4294996375833333,28.0
eb4895380ccaa410da0fefb6f12b197b,278.3,314.6,424.6,0.40883038904166674,18.0
eb4895380ccaa410da0fefb6f12b197b,253.0,257.4,424.6,0.4079970883333333,24.0
eb4895380ccaa410da0fefb6f12b197b,227.7,314.6,424.6,0.39207740264583335,21.0
eb4895380ccaa410da0fefb6f12b197b,253.0,314.6,424.6,0.37244836708333334,18.0
eb8c91d6266d086a541d9c7411a9d92f,149.0,288.0,388.0,0.9143536111111111,88.0
eb8c91d6266d086a541d9c7411a9d92f,163.9,288.0,388.0,0.9111359444444445,80.0
eb8c91d6266d086a541d9c7411a9d92f,134.1,288.0,388.0,0.9015902000000001,96.0
eb8c91d6266d086a541d9c7411a9d92f,149.0,259.2,388.0,0.8247842777777777,88.0
eb8c91d6266d086a541d9c7411a9d92f,149.0,288.0,349.2,0.8243106666666666,88.0
eb8c91d6266d086a541d9c7411a9d92f,163.9,259.2,388.0,0.8218818111111112,80.0
eb8c91d6266d086a541d9c7411a9d92f,163.9,288.0,349.2,0.8214098666666666,80.0
eb8c91d6266d086a541d9c7411a9d92f,134.1,259.2,388.0,0.81327116,96.0
eb8c91d6266d086a541d9c7411a9d92f,134.1,288.0,349.2,0.81280416,96.0
eb8c91d6266d086a541d9c7411a9d92f,149.0,316.8,388.0,0.7529422083333334,66.0
eb8c91d6266d086a541d9c7411a9d92f,163.9,316.8,388.0,0.7502925583333333,60.0
eb8c91d6266d086a541d9c7411a9d92f,149.0,259.2,349.2,0.7435618666666666,88.0
eb8c91d6266d086a541d9c7411a9d92f,134.1,316.8,388.0,0.74243193,72.0
eb8c91d6266d086a541d9c7411a9d92f,163.9,259.2,349.2,0.7409452266666667,80.0
eb8c91d6266d086a541d9c7411a9d92f,134.1,259.2,349.2,0.733182528,96.0
eb8c91d6266d086a541d9c7411a9d92f,149.0,316.8,349.2,0.6787946,66.0
eb8c91d6266d086a541d9c7411a9d92f,163.9,316.8,349.2,0.67640588,60.0
eb8c91d6266d086a541d9c7411a9d92f,134.1,316.8,349.2,0.6693193439999999,72.0
eb8c91d6266d086a541d9c7411a9d92f,149.0,288.0,426.8,0.5021982777777778,44.0
eb8c91d6266d086a541d9c7411a9d92f,163.9,288.0,426.8,0.5004310111111111,40.0
eb8c91d6266d086a541d9c7411a9d92f,134.1,288.0,426.8,0.49518812,48.0
eb8c91d6266d086a541d9c7411a9d92f,149.0,259.2,426.8,0.45300334444444446,44.0
eb8c91d6266d086a541d9c7411a9d92f,163.9,259.2,426.8,0.45140919777777777,40.0
eb8c91d6266d086a541d9c7411a9d92f,134.1,259.2,426.8,0.44667989599999997,48.0
eb8c91d6266d086a541d9c7411a9d92f,149.0,316.8,426.8,0.41354490833333335,33.0
eb8c91d6266d086a541d9c7411a9d92f,163.9,316.8,426.8,0.41208961833333335,30.0
eb8c91d6266d086a541d9c7411a9d92f,134.1,316.8,426.8,0.407772258,36.0
ec50ec2078db5c1fbf57db09049b95f3,173.8,282.0,380.0,0.9253706666666668,80.0
ec50ec2078db5c1fbf57db09049b95f3,142.2,282.0,380.0,0.9152832,96.0
ec50ec2078db5c1fbf57db09049b95f3,158.0,282.0,380.0,0.8440533333333333,80.0
ec50ec2078db5c1fbf57db09049b95f3,173.8,253.8,380.0,0.8347614555555556,80.0
ec50ec2078db5c1fbf57db09049b95f3,173.8,282.0,342.0,0.834272,80.0
ec50ec2078db5c1fbf57db09049b95f3,142.2,253.8,380.0,0.82566172,96.0
ec50ec2078db5c1fbf57db09049b95f3,142.2,282.0,342.0,0.8251776,96.0
ec50ec2078db5c1fbf57db09049b95f3,173.8,310.2,380.0,0.7619849083333333,60.0
ec50ec2078db5c1fbf57db09049b95f3,158.0,253.8,380.0,0.7614064444444445,80.0
ec50ec2078db5c1fbf57db09049b95f3,158.0,282.0,342.0,0.76096,80.0
ec50ec2078db5c1fbf57db09049b95f3,142.2,310.2,380.0,0.75367851,72.0
ec50ec2078db5c1fbf57db09049b95f3,173.8,253.8,342.0,0.7525828666666668,80.0
ec50ec2078db5c1fbf57db09049b95f3,142.2,253.8,342.0,0.7443789599999999,96.0
ec50ec2078db5c1fbf57db09049b95f3,158.0,310.2,380.0,0.6950251666666666,60.0
ec50ec2078db5c1fbf57db09049b95f3,173.8,310.2,342.0,0.68697085,60.0
ec50ec2078db5c1fbf57db09049b95f3,158.0,253.8,342.0,0.6864493333333334,80.0
ec50ec2078db5c1fbf57db09049b95f3,142.2,310.2,342.0,0.6794821799999999,72.0
ec50ec2078db5c1fbf57db09049b95f3,158.0,310.2,342.0,0.626603,60.0
ec50ec2078db5c1fbf57db09049b95f3,173.8,282.0,418.0,0.5082346666666666,40.0
ec50ec2078db5c1fbf57db09049b95f3,142.2,282.0,418.0,0.5026944,48.0
ec50ec2078db5c1fbf57db09049b95f3,158.0,282.0,418.0,0.46357333333333334,40.0
ec50ec2078db5c1fbf57db09049b95f3,173.8,253.8,418.0,0.45847002222222233,40.0
ec50ec2078db5c1fbf57db09049b95f3,142.2,253.8,418.0,0.45347224,48.0
ec50ec2078db5c1fbf57db09049b95f3,173.8,310.2,418.0,0.41849948333333337,30.0
ec50ec2078db5c1fbf57db09049b95f3,158.0,253.8,418.0,0.41818177777777776,40.0
ec50ec2078db5c1fbf57db09049b95f3,142.2,310.2,418.0,0.41393742,36.0
ec50ec2078db5c1fbf57db09049b95f3,158.0,310.2,418.0,0.3817236666666667,30.0
edebe6dd9669ec03369694b6dbbd4c54,250.0,229.5,393.0,0.9744466666666667,70.0
edebe6dd9669ec03369694b6dbbd4c54,250.0,280.5,393.0,0.9483786666666667,56.0
edebe6dd9669ec03369694b6dbbd4c54,275.0,229.5,393.0,0.91680640625,60.0
edebe6dd9669ec03369694b6dbbd4c54,275.0,280.5,393.0,0.892280375,48.0
edebe6dd9669ec03369694b6dbbd4c54,225.0,229.5,393.0,0.879285859375,70.0
edebe6dd9669ec03369694b6dbbd4c54,250.0,229.5,353.7,0.8784673333333332,70.0
edebe6dd9669ec03369694b6dbbd4c54,250.0,255.0,393.0,0.863968,56.0
edebe6dd9669ec03369694b6dbbd4c54,225.0,280.5,393.0,0.8557635625,56.0
edebe6dd9669ec03369694b6dbbd4c54,250.0,280.5,353.7,0.8549669333333333,56.0
edebe6dd9669ec03369694b6dbbd4c54,275.0,229.5,353.7,0.8265044218749998,60.0
edebe6dd9669ec03369694b6dbbd4c54,275.0,255.0,393.0,0.81286275,48.0
edebe6dd9669ec03369694b6dbbd4c54,275.0,280.5,353.7,0.8043941125,48.0
edebe6dd9669ec03369694b6dbbd4c54,225.0,229.5,353.7,0.7926795078124999,70.0
edebe6dd9669ec03369694b6dbbd4c54,225.0,255.0,393.0,0.779596125,56.0
edebe6dd9669ec03369694b6dbbd4c54,250.0,255.0,353.7,0.7788704000000001,56.0
edebe6dd9669ec03369694b6dbbd4c54,225.0,280.5,353.7,0.77147406875,56.0
edebe6dd9669ec03369694b6dbbd4c54,275.0,255.0,353.7,0.7327988249999999,48.0
edebe6dd9669ec03369694b6dbbd4c54,225.0,255.0,353.7,0.7028088375,56.0
edebe6dd9669ec03369694b6dbbd4c54,250.0,229.5,432.3,0.535213,35.0
edebe6dd9669ec03369694b6dbbd4c54,250.0,280.5,432.3,0.5208952,28.0
edebe6dd9669ec03369694b6dbbd4c54,275.0,229.5,432.3,0.5035541953125001,30.0
edebe6dd9669ec03369694b6dbbd4c54,275.0,280.5,432.3,0.49008331875000005,24.0
edebe6dd9669ec03369694b6dbbd4c54,225.0,229.5,432.3,0.48294610546875005,35.0
edebe6dd9669ec03369694b6dbbd4c54,250.0,255.0,432.3,0.4745328,28.0
edebe6dd9669ec03369694b6dbbd4c54,225.0,280.5,432.3,0.470026528125,28.0
edebe6dd9669ec03369694b6dbbd4c54,275.0,255.0,432.3,0.4464633375,24.0
edebe6dd9669ec03369694b6dbbd4c54,225.0,255.0,432.3,0.42819170624999997,28.0
ef2c4cbdd2be88c4d7a73fe0a429c842,245.0,220.5,378.0,0.8843566666666667,70.0
ef2c4cbdd2be88c4d7a73fe0a429c842,245.0,269.5,378.0,0.8605395555555555,56.0
ef2c4cbdd2be88c4d7a73fe0a429c842,269.5,220.5,378.0,0.83201,60.0
ef2c4cbdd2be88c4d7a73fe0a429c842,269.5,269.5,378.0,0.8096026666666667,48.0
ef2c4cbdd2be88c4d7a73fe0a429c842,220.5,220.5,378.0,0.798035,70.0
ef2c4cbdd2be88c4d7a73fe0a429c842,245.0,220.5,340.2,0.7973028072916667,70.0
ef2c4cbdd2be88c4d7a73fe0a429c842,245.0,245.0,378.0,0.7840124444444444,56.0
ef2c4cbdd2be88c4d7a73fe0a429c842,220.5,269.5,378.0,0.7765426666666667,56.0
ef2c4cbdd2be88c4d7a73fe0a429c842,245.0,269.5,340.2,0.7758301930555555,56.0
ef2c4cbdd2be88c4d7a73fe0a429c842,269.5,220.5,340.2,0.750109015625,60.0
ef2c4cbdd2be88c4d7a73fe0a429c842,269.5,245.0,378.0,0.7376053333333333,48.0
ef2c4cbdd2be88c4d7a73fe0a429c842,269.5,269.5,340.2,0.7299074041666668,48.0
ef2c4cbdd2be88c4d7a73fe0a429c842,220.5,220.5,340.2,0.7194784296875,70.0
ef2c4cbdd2be88c4d7a73fe0a429c842,220.5,245.0,378.0,0.7074853333333333,56.0
ef2c4cbdd2be88c4d7a73fe0a429c842,245.0,245.0,340.2,0.7068362194444445,56.0
ef2c4cbdd2be88c4d7a73fe0a429c842,220.5,269.5,340.2,0.7001017479166666,56.0
ef2c4cbdd2be88c4d7a73fe0a429c842,269.5,245.0,340.2,0.6649973083333333,48.0
ef2c4cbdd2be88c4d7a73fe0a429c842,220.5,245.0,340.2,0.6378422458333333,56.0
ef2c4cbdd2be88c4d7a73fe0a429c842,245.0,220.5,415.8,0.48570526302083333,35.0
ef2c4cbdd2be88c4d7a73fe0a429c842,245.0,269.5,415.8,0.47262445902777783,28.0
ef2c4cbdd2be88c4d7a73fe0a429c842,269.5,220.5,415.8,0.4569554921875,30.0
ef2c4cbdd2be88c4d7a73fe0a429c842,269.5,269.5,415.8,0.4446489645833333,24.0
ef2c4cbdd2be88c4d7a73fe0a429c842,220.5,220.5,415.8,0.43829578515625,35.0
ef2c4cbdd2be88c4d7a73fe0a429c842,245.0,245.0,415.8,0.4305943347222222,28.0
ef2c4cbdd2be88c4d7a73fe0a429c842,220.5,269.5,415.8,0.4264917927083334,28.0
ef2c4cbdd2be88c4d7a73fe0a429c842,269.5,245.0,415.8,0.4051066791666667,24.0
ef2c4cbdd2be88c4d7a73fe0a429c842,220.5,245.0,415.8,0.38856421041666667,28.0
f152ca1c81c447e9f47aac4e934dc6fc,163.0,282.0,380.0,0.8697866666666667,80.0
f152ca1c81c447e9f47aac4e934dc6fc,146.7,282.0,380.0,0.8644855999999999,88.0
f152ca1c81c447e9f47aac4e934dc6fc,179.3,282.0,380.0,0.8583096000000001,72.0
f152ca1c81c447e9f47aac4e934dc6fc,163.0,253.8,380.0,0.7846200555555557,80.0
f152ca1c81c447e9f47aac4e934dc6fc,163.0,282.0,342.0,0.78416,80.0
f152ca1c81c447e9f47aac4e934dc6fc,146.7,253.8,380.0,0.7798380516666666,88.0
f152ca1c81c447e9f47aac4e934dc6fc,146.7,282.0,342.0,0.7793807999999999,88.0
f152ca1c81c447e9f47aac4e934dc6fc,179.3,253.8,380.0,0.774266785,72.0
f152ca1c81c447e9f47aac4e934dc6fc,179.3,282.0,342.0,0.7738128,72.0
f152ca1c81c447e9f47aac4e934dc6fc,163.0,310.2,380.0,0.7162149583333332,60.0
f152ca1c81c447e9f47aac4e934dc6fc,146.7,310.2,380.0,0.71184986125,66.0
f152ca1c81c447e9f47aac4e934dc6fc,163.0,253.8,342.0,0.7073776666666667,80.0
f152ca1c81c447e9f47aac4e934dc6fc,179.3,310.2,380.0,0.70676431125,54.0
f152ca1c81c447e9f47aac4e934dc6fc,146.7,253.8,342.0,0.70306643,88.0
f152ca1c81c447e9f47aac4e934dc6fc,179.3,253.8,342.0,0.69804363,72.0
f152ca1c81c447e9f47aac4e934dc6fc,163.0,310.2,342.0,0.64570675,60.0
f152ca1c81c447e9f47aac4e934dc6fc,146.7,310.2,342.0,0.6417713774999999,66.0
f152ca1c81c447e9f47aac4e934dc6fc,179.3,310.2,342.0,0.6371864775000001,54.0
f152ca1c81c447e9f47aac4e934dc6fc,163.0,282.0,418.0,0.47770666666666667,40.0
f152ca1c81c447e9f47aac4e934dc6fc,146.7,282.0,418.0,0.4747951999999999,44.0
f152ca1c81c447e9f47aac4e934dc6fc,179.3,282.0,418.0,0.4714032,36.0
f152ca1c81c447e9f47aac4e934dc6fc,163.0,253.8,418.0,0.43093122222222224,40.0
f152ca1c81c447e9f47aac4e934dc6fc,146.7,253.8,418.0,0.4283048366666667,44.0
f152ca1c81c447e9f47aac4e934dc6fc,179.3,253.8,418.0,0.42524497000000006,36.0
f152ca1c81c447e9f47aac4e934dc6fc,163.0,310.2,418.0,0.3933615833333333,30.0
f152ca1c81c447e9f47aac4e934dc6fc,146.7,310.2,418.0,0.39096417249999993,33.0
f152ca1c81c447e9f47aac4e934dc6fc,179.3,310.2,418.0,0.3881710725,27.0
f1efec47e48187c72213058375afab2c,286.0,266.4,355.5,0.7987221999999999,48.0
f1efec47e48187c72213058375afab2c,314.6,266.4,355.5,0.7307943416666667,40.0
f1efec47e48187c72213058375afab2c,286.0,325.6,355.5,0.7292298500000001,36.0
f1efec47e48187c72213058375afab2c,257.4,266.4,355.5,0.7204911899999998,48.0
f1efec47e48187c72213058375afab2c,314.6,325.6,355.5,0.6672120145833335,30.0
f1efec47e48187c72213058375afab2c,286.0,296.0,355.5,0.66413575,36.0
f1efec47e48187c72213058375afab2c,257.4,325.6,355.5,0.6578052825,36.0
f1efec47e48187c72213058375afab2c,314.6,296.0,355.5,0.6076538854166668,30.0
f1efec47e48187c72213058375afab2c,257.4,296.0,355.5,0.5990868374999999,36.0
f1efec47e48187c72213058375afab2c,286.0,266.4,434.5,0.4866350333333333,24.0
f1efec47e48187c72213058375afab2c,314.6,266.4,434.5,0.4452488347222222,20.0
f1efec47e48187c72213058375afab2c,286.0,325.6,434.5,0.4442956416666667,18.0
f1efec47e48187c72213058375afab2c,286.0,266.4,395.0,0.44299806666666663,24.0
f1efec47e48187c72213058375afab2c,257.4,266.4,434.5,0.438971465,24.0
f1efec47e48187c72213058375afab2c,314.6,325.6,434.5,0.40651022465277786,15.0
f1efec47e48187c72213058375afab2c,314.6,266.4,395.0,0.4053230027777778,20.0
f1efec47e48187c72213058375afab2c,286.0,296.0,434.5,0.4046359583333333,18.0
f1efec47e48187c72213058375afab2c,286.0,325.6,395.0,0.40445528333333336,18.0
f1efec47e48187c72213058375afab2c,257.4,325.6,434.5,0.40077901374999997,18.0
f1efec47e48187c72213058375afab2c,257.4,266.4,395.0,0.39960852999999996,24.0
f1efec47e48187c72213058375afab2c,314.6,296.0,434.5,0.37022342534722225,15.0
f1efec47e48187c72213058375afab2c,314.6,325.6,395.0,0.37005811597222227,15.0
f1efec47e48187c72213058375afab2c,286.0,296.0,395.0,0.36835191666666667,18.0
f1efec47e48187c72213058375afab2c,257.4,296.0,434.5,0.36500380624999995,18.0
f1efec47e48187c72213058375afab2c,257.4,325.6,395.0,0.36484082749999996,18.0
f1efec47e48187c72213058375afab2c,314.6,296.0,395.0,0.33702518402777776,15.0
f1efec47e48187c72213058375afab2c,257.4,296.0,395.0,0.3322736125,18.0
f201c0669374a768669461ddff1643e4,152.0,163.8,375.0,0.9109545958333334,154.0
f201c0669374a768669461ddff1643e4,167.2,163.8,375.0,0.9078097583333334,140.0
f201c0669374a768669461ddff1643e4,136.8,163.8,375.0,0.89816559,168.0
f201c0669374a768669461ddff1643e4,152.0,182.0,375.0,0.8645101666666667,132.0
f201c0669374a768669461ddff1643e4,167.2,182.0,375.0,0.8615256666666666,120.0
f201c0669374a768669461ddff1643e4,136.8,182.0,375.0,0.8523732,144.0
f201c0669374a768669461ddff1643e4,152.0,163.8,337.5,0.8212937104166668,154.0
f201c0669374a768669461ddff1643e4,167.2,163.8,337.5,0.8184584041666667,140.0
f201c0669374a768669461ddff1643e4,136.8,163.8,337.5,0.809763465,168.0
f201c0669374a768669461ddff1643e4,152.0,200.2,375.0,0.7901684236111111,110.0
f201c0669374a768669461ddff1643e4,167.2,200.2,375.0,0.7874405694444444,100.0
f201c0669374a768669461ddff1643e4,152.0,182.0,337.5,0.7794205833333333,132.0
f201c0669374a768669461ddff1643e4,136.8,200.2,375.0,0.77907515,120.0
f201c0669374a768669461ddff1643e4,167.2,182.0,337.5,0.7767298333333333,120.0
f201c0669374a768669461ddff1643e4,136.8,182.0,337.5,0.7684782000000001,144.0
f201c0669374a768669461ddff1643e4,152.0,200.2,337.5,0.7123959409722223,110.0
f201c0669374a768669461ddff1643e4,167.2,200.2,337.5,0.7099365763888889,100.0
f201c0669374a768669461ddff1643e4,136.8,200.2,337.5,0.702394525,120.0
f201c0669374a768669461ddff1643e4,152.0,163.8,412.5,0.500307740625,77.0
f201c0669374a768669461ddff1643e4,167.2,163.8,412.5,0.49858055625000003,70.0
f201c0669374a768669461ddff1643e4,136.8,163.8,412.5,0.4932838575,84.0
f201c0669374a768669461ddff1643e4,152.0,182.0,412.5,0.474799875,66.0
f201c0669374a768669461ddff1643e4,167.2,182.0,412.5,0.47316075,60.0
f201c0669374a768669461ddff1643e4,136.8,182.0,412.5,0.46813410000000005,72.0
f201c0669374a768669461ddff1643e4,152.0,200.2,412.5,0.433970453125,55.0
f201c0669374a768669461ddff1643e4,167.2,200.2,412.5,0.43247228125,50.0
f201c0669374a768669461ddff1643e4,136.8,200.2,412.5,0.4278778875,60.0
f324c5af11a778e41d0ca8572b5187bb,165.6,286.0,384.0,0.9047133333333334,80.0
f324c5af11a778e41d0ca8572b5187bb,184.0,286.0,384.0,0.90155,72.0
f324c5af11a778e41d0ca8572b5187bb,202.4,286.0,384.0,0.8789848888888889,64.0
f324c5af11a778e41d0ca8572b5187bb,165.6,257.4,384.0,0.8161009999999999,80.0
f324c5af11a778e41d0ca8572b5187bb,165.6,286.0,345.6,0.8156338666666666,80.0
f324c5af11a778e41d0ca8572b5187bb,184.0,257.4,384.0,0.8132474999999999,72.0
f324c5af11a778e41d0ca8572b5187bb,184.0,286.0,345.6,0.812782,72.0
f324c5af11a778e41d0ca8572b5187bb,202.4,257.4,384.0,0.7928925333333333,64.0
f324c5af11a778e41d0ca8572b5187bb,202.4,286.0,345.6,0.7924386844444447,64.0
f324c5af11a778e41d0ca8572b5187bb,165.6,314.6,384.0,0.74499425,60.0
f324c5af11a778e41d0ca8572b5187bb,184.0,314.6,384.0,0.7423893750000001,54.0
f324c5af11a778e41d0ca8572b5187bb,165.6,257.4,345.6,0.73574644,80.0
f324c5af11a778e41d0ca8572b5187bb,184.0,257.4,345.6,0.7331738999999999,72.0
f324c5af11a778e41d0ca8572b5187bb,202.4,314.6,384.0,0.7238079333333335,48.0
f324c5af11a778e41d0ca8572b5187bb,202.4,257.4,345.6,0.7148231146666667,64.0
f324c5af11a778e41d0ca8572b5187bb,165.6,314.6,345.6,0.67164097,60.0
f324c5af11a778e41d0ca8572b5187bb,184.0,314.6,345.6,0.6692925750000001,54.0
f324c5af11a778e41d0ca8572b5187bb,202.4,314.6,345.6,0.6525406906666668,48.0
f324c5af11a778e41d0ca8572b5187bb,165.6,286.0,422.4,0.4968963999999999,40.0
f324c5af11a778e41d0ca8572b5187bb,184.0,286.0,422.4,0.495159,36.0
f324c5af11a778e41d0ca8572b5187bb,202.4,286.0,422.4,0.48276554666666666,32.0
f324c5af11a778e41d0ca8572b5187bb,165.6,257.4,422.4,0.44822777999999996,40.0
f324c5af11a778e41d0ca8572b5187bb,184.0,257.4,422.4,0.44666054999999993,36.0
f324c5af11a778e41d0ca8572b5187bb,202.4,257.4,422.4,0.4354809759999999,32.0
f324c5af11a778e41d0ca8572b5187bb,165.6,314.6,422.4,0.40917376499999997,30.0
f324c5af11a778e41d0ca8572b5187bb,184.0,314.6,422.4,0.40774308750000005,27.0
f324c5af11a778e41d0ca8572b5187bb,202.4,314.6,422.4,0.39753758800000005,24.0
f95687311339e4b9b0ef5622b26fd941,188.1,229.5,393.0,0.9499223671875,90.0
f95687311339e4b9b0ef5622b26fd941,209.0,229.5,393.0,0.9352947916666666,80.0
f95687311339e4b9b0ef5622b26fd941,188.1,280.5,393.0,0.92451043125,72.0
f95687311339e4b9b0ef5622b26fd941,209.0,280.5,393.0,0.9102741666666667,64.0
f95687311339e4b9b0ef5622b26fd941,229.9,229.5,393.0,0.8979373776041667,70.0
f95687311339e4b9b0ef5622b26fd941,229.9,280.5,393.0,0.8739161229166668,56.0
f95687311339e4b9b0ef5622b26fd941,188.1,229.5,353.7,0.85635858515625,90.0
f95687311339e4b9b0ef5622b26fd941,209.0,229.5,353.7,0.8431717708333333,80.0
f95687311339e4b9b0ef5622b26fd941,188.1,255.0,393.0,0.8422241625,72.0
f95687311339e4b9b0ef5622b26fd941,188.1,280.5,353.7,0.833449629375,72.0
f95687311339e4b9b0ef5622b26fd941,209.0,255.0,393.0,0.829255,64.0
f95687311339e4b9b0ef5622b26fd941,209.0,280.5,353.7,0.8206155833333333,64.0
f95687311339e4b9b0ef5622b26fd941,229.9,229.5,353.7,0.8094939216145833,70.0
f95687311339e4b9b0ef5622b26fd941,229.9,255.0,393.0,0.7961330125000001,56.0
f95687311339e4b9b0ef5622b26fd941,229.9,280.5,353.7,0.7878386702083333,56.0
f95687311339e4b9b0ef5622b26fd941,188.1,255.0,353.7,0.75926824875,72.0
f95687311339e4b9b0ef5622b26fd941,209.0,255.0,353.7,0.7475765,64.0
f95687311339e4b9b0ef5622b26fd941,229.9,255.0,353.7,0.7177169037500001,56.0
f95687311339e4b9b0ef5622b26fd941,188.1,229.5,432.3,0.521743074609375,45.0
f95687311339e4b9b0ef5622b26fd941,209.0,229.5,432.3,0.51370890625,40.0
f95687311339e4b9b0ef5622b26fd941,188.1,280.5,432.3,0.5077856165625001,36.0
f95687311339e4b9b0ef5622b26fd941,209.0,280.5,432.3,0.499966375,32.0
f95687311339e4b9b0ef5622b26fd941,229.9,229.5,432.3,0.4931904167968751,35.0
f95687311339e4b9b0ef5622b26fd941,229.9,280.5,432.3,0.4799967878125001,28.0
f95687311339e4b9b0ef5622b26fd941,188.1,255.0,432.3,0.46259003812499994,36.0
f95687311339e4b9b0ef5622b26fd941,209.0,255.0,432.3,0.45546675,32.0
f95687311339e4b9b0ef5622b26fd941,229.9,255.0,432.3,0.437274560625,28.0
fa8da38322149b23e14a120e71d38975,211.5,229.5,393.0,0.9461703125,80.0
fa8da38322149b23e14a120e71d38975,211.5,280.5,393.0,0.92085875,64.0
fa8da38322149b23e14a120e71d38975,235.0,229.5,393.0,0.9173501822916666,70.0
fa8da38322149b23e14a120e71d38975,235.0,280.5,393.0,0.8928096041666667,56.0
fa8da38322149b23e14a120e71d38975,258.5,229.5,393.0,0.862972578125,60.0
fa8da38322149b23e14a120e71d38975,211.5,229.5,353.7,0.85297609375,80.0
fa8da38322149b23e14a120e71d38975,258.5,280.5,393.0,0.8398866875,48.0
fa8da38322149b23e14a120e71d38975,211.5,255.0,393.0,0.8388975,64.0
fa8da38322149b23e14a120e71d38975,211.5,280.5,353.7,0.830157625,64.0
fa8da38322149b23e14a120e71d38975,235.0,229.5,353.7,0.8269946380208332,70.0
fa8da38322149b23e14a120e71d38975,235.0,255.0,393.0,0.813344875,56.0
fa8da38322149b23e14a120e71d38975,235.0,280.5,353.7,0.8048712145833333,56.0
fa8da38322149b23e14a120e71d38975,258.5,229.5,353.7,0.7779730234375,60.0
fa8da38322149b23e14a120e71d38975,258.5,255.0,393.0,0.765132375,48.0
fa8da38322149b23e14a120e71d38975,258.5,280.5,353.7,0.7571610062499999,48.0
fa8da38322149b23e14a120e71d38975,211.5,255.0,353.7,0.75626925,64.0
fa8da38322149b23e14a120e71d38975,235.0,255.0,353.7,0.7332334625,56.0
fa8da38322149b23e14a120e71d38975,258.5,255.0,353.7,0.6897697124999999,48.0
fa8da38322149b23e14a120e71d38975,211.5,229.5,432.3,0.519682265625,40.0
fa8da38322149b23e14a120e71d38975,211.5,280.5,432.3,0.5057799375,32.0
fa8da38322149b23e14a120e71d38975,235.0,229.5,432.3,0.5038528632812501,35.0
fa8da38322149b23e14a120e71d38975,235.0,280.5,432.3,0.490373996875,28.0
fa8da38322149b23e14a120e71d38975,258.5,229.5,432.3,0.47398606640625,30.0
fa8da38322149b23e14a120e71d38975,258.5,280.5,432.3,0.46130618437500004,24.0
fa8da38322149b23e14a120e71d38975,211.5,255.0,432.3,0.460762875,32.0
fa8da38322149b23e14a120e71d38975,235.0,255.0,432.3,0.44672814375,28.0
fa8da38322149b23e14a120e71d38975,258.5,255.0,432.3,0.42024751875000005,24.0
fc6931875b8384c7bacd18bb4699795f,219.0,229.5,393.0,0.978796875,80.0
fc6931875b8384c7bacd18bb4699795f,219.0,280.5,393.0,0.9526125,64.0
fc6931875b8384c7bacd18bb4699795f,240.9,229.5,393.0,0.9398081328125,70.0
fc6931875b8384c7bacd18bb4699795f,240.9,280.5,393.0,0.9146667687500001,56.0
fc6931875b8384c7bacd18bb4699795f,197.1,229.5,393.0,0.8835273125,80.0
fc6931875b8384c7bacd18bb4699795f,219.0,229.5,353.7,0.8823890625,80.0
fc6931875b8384c7bacd18bb4699795f,219.0,255.0,393.0,0.867825,64.0
fc6931875b8384c7bacd18bb4699795f,197.1,280.5,393.0,0.8598915500000001,64.0
fc6931875b8384c7bacd18bb4699795f,219.0,280.5,353.7,0.85878375,64.0
fc6931875b8384c7bacd18bb4699795f,240.9,229.5,353.7,0.84724056484375,70.0
fc6931875b8384c7bacd18bb4699795f,240.9,255.0,393.0,0.8332566375000001,56.0
fc6931875b8384c7bacd18bb4699795f,240.9,280.5,353.7,0.824575530625,56.0
fc6931875b8384c7bacd18bb4699795f,197.1,229.5,353.7,0.79650319375,80.0
fc6931875b8384c7bacd18bb4699795f,197.1,255.0,393.0,0.7833566999999999,64.0
fc6931875b8384c7bacd18bb4699795f,219.0,255.0,353.7,0.7823475,64.0
fc6931875b8384c7bacd18bb4699795f,197.1,280.5,353.7,0.775195465,64.0
fc6931875b8384c7bacd18bb4699795f,240.9,255.0,353.7,0.75118399125,56.0
fc6931875b8384c7bacd18bb4699795f,197.1,255.0,353.7,0.70619901,64.0
fc6931875b8384c7bacd18bb4699795f,219.0,229.5,432.3,0.53760234375,40.0
fc6931875b8384c7bacd18bb4699795f,219.0,280.5,432.3,0.523220625,32.0
fc6931875b8384c7bacd18bb4699795f,240.9,229.5,432.3,0.516187850390625,35.0
fc6931875b8384c7bacd18bb4699795f,240.9,280.5,432.3,0.5023790034375001,28.0
fc6931875b8384c7bacd18bb4699795f,197.1,229.5,432.3,0.48527571562499994,40.0
fc6931875b8384c7bacd18bb4699795f,219.0,255.0,432.3,0.47665125,32.0
fc6931875b8384c7bacd18bb4699795f,197.1,280.5,432.3,0.4722938175,32.0
fc6931875b8384c7bacd18bb4699795f,240.9,255.0,432.3,0.45766464187500006,28.0
fc6931875b8384c7bacd18bb4699795f,197.1,255.0,432.3,0.43025719500000004,32.0
fe503fe59c48da80878a0b8f7ad58dcb,183.6,223.2,383.0,0.8804431500000001,90.0
fe503fe59c48da80878a0b8f7ad58dcb,204.0,223.2,383.0,0.8668216666666667,80.0
fe503fe59c48da80878a0b8f7ad58dcb,183.6,272.8,383.0,0.8567802800000001,72.0
fe503fe59c48da80878a0b8f7ad58dcb,204.0,272.8,383.0,0.8435248888888889,64.0
fe503fe59c48da80878a0b8f7ad58dcb,224.4,223.2,383.0,0.8321487999999999,70.0
fe503fe59c48da80878a0b8f7ad58dcb,224.4,272.8,383.0,0.8097838933333333,56.0
fe503fe59c48da80878a0b8f7ad58dcb,183.6,223.2,344.7,0.7937568449999999,90.0
fe503fe59c48da80878a0b8f7ad58dcb,204.0,223.2,344.7,0.7814765,80.0
fe503fe59c48da80878a0b8f7ad58dcb,183.6,248.0,383.0,0.7805674,72.0
fe503fe59c48da80878a0b8f7ad58dcb,183.6,272.8,344.7,0.7724237639999999,72.0
fe503fe59c48da80878a0b8f7ad58dcb,204.0,248.0,383.0,0.7684911111111111,64.0
fe503fe59c48da80878a0b8f7ad58dcb,204.0,272.8,344.7,0.7604734666666666,64.0
fe503fe59c48da80878a0b8f7ad58dcb,224.4,223.2,344.7,0.75021744,70.0
fe503fe59c48da80878a0b8f7ad58dcb,224.4,248.0,383.0,0.7377514666666666,56.0
fe503fe59c48da80878a0b8f7ad58dcb,224.4,272.8,344.7,0.730054528,56.0
fe503fe59c48da80878a0b8f7ad58dcb,183.6,248.0,344.7,0.70371462,72.0
fe503fe59c48da80878a0b8f7ad58dcb,204.0,248.0,344.7,0.6928273333333334,64.0
fe503fe59c48da80878a0b8f7ad58dcb,224.4,248.0,344.7,0.6651142399999999,56.0
fe503fe59c48da80878a0b8f7ad58dcb,183.6,223.2,421.3,0.48356472750000007,45.0
fe503fe59c48da80878a0b8f7ad58dcb,204.0,223.2,421.3,0.47608341666666665,40.0
fe503fe59c48da80878a0b8f7ad58dcb,183.6,272.8,421.3,0.47056839800000005,36.0
fe503fe59c48da80878a0b8f7ad58dcb,204.0,272.8,421.3,0.4632881555555556,32.0
fe503fe59c48da80878a0b8f7ad58dcb,224.4,223.2,421.3,0.45704008,35.0
fe503fe59c48da80878a0b8f7ad58dcb,224.4,272.8,421.3,0.4447566293333334,28.0
fe503fe59c48da80878a0b8f7ad58dcb,183.6,248.0,421.3,0.42871009,36.0
fe503fe59c48da80878a0b8f7ad58dcb,204.0,248.0,421.3,0.42207744444444445,32.0
fe503fe59c48da80878a0b8f7ad58dcb,224.4,248.0,421.3,0.40519434666666665,28.0
fe7802fb3f92b710413a4de88233a3f7,174.0,288.0,388.0,0.9653,80.0
fe7802fb3f92b710413a4de88233a3f7,156.6,288.0,388.0,0.9591864333333334,88.0
fe7802fb3f92b710413a4de88233a3f7,191.4,288.0,388.0,0.9527511,72.0
fe7802fb3f92b710413a4de88233a3f7,174.0,259.2,388.0,0.87074,80.0
fe7802fb3f92b710413a4de88233a3f7,174.0,288.0,349.2,0.87024,80.0
fe7802fb3f92b710413a4de88233a3f7,156.6,259.2,388.0,0.8652253133333332,88.0
fe7802fb3f92b710413a4de88233a3f7,156.6,288.0,349.2,0.8647284799999999,88.0
fe7802fb3f92b710413a4de88233a3f7,191.4,259.2,388.0,0.8594203799999999,72.0
fe7802fb3f92b710413a4de88233a3f7,191.4,288.0,349.2,0.85892688,72.0
fe7802fb3f92b710413a4de88233a3f7,174.0,316.8,388.0,0.794895,60.0
fe7802fb3f92b710413a4de88233a3f7,156.6,316.8,388.0,0.7898606650000001,66.0
fe7802fb3f92b710413a4de88233a3f7,174.0,259.2,349.2,0.784992,80.0
fe7802fb3f92b710413a4de88233a3f7,191.4,316.8,388.0,0.7845613650000001,54.0
fe7802fb3f92b710413a4de88233a3f7,156.6,259.2,349.2,0.7800203840000001,88.0
fe7802fb3f92b710413a4de88233a3f7,191.4,259.2,349.2,0.774787104,72.0
fe7802fb3f92b710413a4de88233a3f7,174.0,316.8,349.2,0.716616,60.0
fe7802fb3f92b710413a4de88233a3f7,156.6,316.8,349.2,0.7120774319999998,66.0
fe7802fb3f92b710413a4de88233a3f7,191.4,316.8,349.2,0.7072999919999999,54.0
fe7802fb3f92b710413a4de88233a3f7,174.0,288.0,426.8,0.53018,40.0
fe7802fb3f92b710413a4de88233a3f7,156.6,288.0,426.8,0.5268221933333334,44.0
fe7802fb3f92b710413a4de88233a3f7,191.4,288.0,426.8,0.52328766,36.0
fe7802fb3f92b710413a4de88233a3f7,174.0,259.2,426.8,0.478244,40.0
fe7802fb3f92b710413a4de88233a3f7,156.6,259.2,426.8,0.47521512133333327,44.0
fe7802fb3f92b710413a4de88233a3f7,191.4,259.2,426.8,0.47202682799999995,36.0
fe7802fb3f92b710413a4de88233a3f7,174.0,316.8,426.8,0.436587,30.0
fe7802fb3f92b710413a4de88233a3f7,156.6,316.8,426.8,0.43382194900000004,33.0
fe7802fb3f92b710413a4de88233a3f7,191.4,316.8,426.8,0.430911369,27.0
fea00d6f87d3f80808e9e8d1b501120a,165.6,266.4,355.5,0.7823101,80.0
fea00d6f87d3f80808e9e8d1b501120a,184.0,266.4,355.5,0.7795747499999999,72.0
fea00d6f87d3f80808e9e8d1b501120a,202.4,266.4,355.5,0.7600625866666667,64.0
fea00d6f87d3f80808e9e8d1b501120a,165.6,325.6,355.5,0.714245675,60.0
fea00d6f87d3f80808e9e8d1b501120a,184.0,325.6,355.5,0.7117483125000001,54.0
fea00d6f87d3f80808e9e8d1b501120a,202.4,325.6,355.5,0.6939337933333334,48.0
fea00d6f87d3f80808e9e8d1b501120a,165.6,296.0,355.5,0.650489125,60.0
fea00d6f87d3f80808e9e8d1b501120a,184.0,296.0,355.5,0.6482146875,54.0
fea00d6f87d3f80808e9e8d1b501120a,202.4,296.0,355.5,0.6319903666666666,48.0
fea00d6f87d3f80808e9e8d1b501120a,165.6,266.4,434.5,0.4766356833333333,40.0
fea00d6f87d3f80808e9e8d1b501120a,184.0,266.4,434.5,0.47496912499999994,36.0
fea00d6f87d3f80808e9e8d1b501120a,202.4,266.4,434.5,0.4630810088888888,32.0
fea00d6f87d3f80808e9e8d1b501120a,165.6,325.6,434.5,0.4351662791666667,30.0
fea00d6f87d3f80808e9e8d1b501120a,165.6,266.4,395.0,0.43389536666666667,40.0
fea00d6f87d3f80808e9e8d1b501120a,184.0,325.6,434.5,0.43364471875000005,27.0
fea00d6f87d3f80808e9e8d1b501120a,184.0,266.4,395.0,0.4323782499999999,36.0
fea00d6f87d3f80808e9e8d1b501120a,202.4,325.6,434.5,0.42279092111111116,24.0
fea00d6f87d3f80808e9e8d1b501120a,202.4,266.4,395.0,0.4215561511111111,32.0
fea00d6f87d3f80808e9e8d1b501120a,165.6,296.0,434.5,0.3963215208333333,30.0
fea00d6f87d3f80808e9e8d1b501120a,165.6,325.6,395.0,0.3961445583333334,30.0
fea00d6f87d3f80808e9e8d1b501120a,184.0,296.0,434.5,0.39493578125,27.0
fea00d6f87d3f80808e9e8d1b501120a,184.0,325.6,395.0,0.3947594375000001,27.0
fea00d6f87d3f80808e9e8d1b501120a,202.4,296.0,434.5,0.3850508388888889,24.0
fea00d6f87d3f80808e9e8d1b501120a,202.4,325.6,395.0,0.3848789088888889,24.0
fea00d6f87d3f80808e9e8d1b501120a,165.6,296.0,395.0,0.3607830416666667,30.0
fea00d6f87d3f80808e9e8d1b501120a,184.0,296.0,395.0,0.3595215625,27.0
fea00d6f87d3f80808e9e8d1b501120a,202.4,296.0,395.0,0.3505230111111111,24.0
