caja_id,alto,ancho,largo,utilizacion,cantidad_cajas_pallet
02cf77de65b70dd77905e2e33d78478f,291.0,266.4,355.5,0.8365275,48.0
02cf77de65b70dd77905e2e33d78478f,320.1,266.4,355.5,0.76472555625,40.0
02cf77de65b70dd77905e2e33d78478f,291.0,325.6,355.5,0.762260625,36.0
02cf77de65b70dd77905e2e33d78478f,261.9,266.4,355.5,0.7553843324999998,48.0
02cf77de65b70dd77905e2e33d78478f,320.1,325.6,355.5,0.6968332546875001,30.0
02cf77de65b70dd77905e2e33d78478f,291.0,296.0,355.5,0.694828125,36.0
02cf77de65b70dd77905e2e33d78478f,261.9,325.6,355.5,0.6883213443749999,36.0
02cf77de65b70dd77905e2e33d78478f,320.1,296.0,355.5,0.6351887109375,30.0
02cf77de65b70dd77905e2e33d78478f,261.9,296.0,355.5,0.627429796875,36.0
02cf77de65b70dd77905e2e33d78478f,291.0,266.4,434.5,0.50891625,24.0
02cf77de65b70dd77905e2e33d78478f,320.1,266.4,434.5,0.465234271875,20.0
02cf77de65b70dd77905e2e33d78478f,291.0,325.6,434.5,0.4637346875,18.0
02cf77de65b70dd77905e2e33d78478f,291.0,266.4,395.0,0.46359,24.0
02cf77de65b70dd77905e2e33d78478f,261.9,266.4,434.5,0.4595513737499999,24.0
02cf77de65b70dd77905e2e33d78478f,320.1,325.6,434.5,0.4239307934895834,15.0
02cf77de65b70dd77905e2e33d78478f,320.1,266.4,395.0,0.42379852500000004,20.0
02cf77de65b70dd77905e2e33d78478f,291.0,296.0,434.5,0.4227109375,18.0
02cf77de65b70dd77905e2e33d78478f,291.0,325.6,395.0,0.4224325,18.0
02cf77de65b70dd77905e2e33d78478f,261.9,325.6,434.5,0.4187524228124999,18.0
02cf77de65b70dd77905e2e33d78478f,261.9,266.4,395.0,0.4186217699999999,24.0
02cf77de65b70dd77905e2e33d78478f,320.1,296.0,434.5,0.38642824869791664,15.0
02cf77de65b70dd77905e2e33d78478f,320.1,325.6,395.0,0.3861737104166667,15.0
02cf77de65b70dd77905e2e33d78478f,291.0,296.0,395.0,0.3850625,18.0
02cf77de65b70dd77905e2e33d78478f,261.9,296.0,434.5,0.3817079765625,18.0
02cf77de65b70dd77905e2e33d78478f,261.9,325.6,395.0,0.3814565475,18.0
02cf77de65b70dd77905e2e33d78478f,320.1,296.0,395.0,0.3520113020833333,15.0
02cf77de65b70dd77905e2e33d78478f,261.9,296.0,395.0,0.3477114375,18.0
082c1cdb42b1abd201403ca33ca11ef0,170.1,223.2,383.0,0.9434092499999999,100.0
082c1cdb42b1abd201403ca33ca11ef0,189.0,223.2,383.0,0.9386685,90.0
082c1cdb42b1abd201403ca33ca11ef0,170.1,272.8,383.0,0.9159439333333331,80.0
082c1cdb42b1abd201403ca33ca11ef0,207.9,223.2,383.0,0.9140166,80.0
082c1cdb42b1abd201403ca33ca11ef0,189.0,272.8,383.0,0.9113412000000001,72.0
082c1cdb42b1abd201403ca33ca11ef0,207.9,272.8,383.0,0.8874069866666667,64.0
082c1cdb42b1abd201403ca33ca11ef0,170.1,223.2,344.7,0.851234315625,100.0
082c1cdb42b1abd201403ca33ca11ef0,189.0,223.2,344.7,0.84695675625,90.0
082c1cdb42b1abd201403ca33ca11ef0,170.1,248.0,383.0,0.8353356666666667,80.0
082c1cdb42b1abd201403ca33ca11ef0,189.0,248.0,383.0,0.831138,72.0
082c1cdb42b1abd201403ca33ca11ef0,170.1,272.8,344.7,0.8264524725,80.0
082c1cdb42b1abd201403ca33ca11ef0,207.9,223.2,344.7,0.8247134474999999,80.0
082c1cdb42b1abd201403ca33ca11ef0,189.0,272.8,344.7,0.8222994450000001,72.0
082c1cdb42b1abd201403ca33ca11ef0,207.9,248.0,383.0,0.8093101333333333,64.0
082c1cdb42b1abd201403ca33ca11ef0,207.9,272.8,344.7,0.800703702,64.0
082c1cdb42b1abd201403ca33ca11ef0,170.1,248.0,344.7,0.7537199624999998,80.0
082c1cdb42b1abd201403ca33ca11ef0,189.0,248.0,344.7,0.7499324249999999,72.0
082c1cdb42b1abd201403ca33ca11ef0,207.9,248.0,344.7,0.7302372300000001,64.0
082c1cdb42b1abd201403ca33ca11ef0,170.1,223.2,421.3,0.5177920921875,50.0
082c1cdb42b1abd201403ca33ca11ef0,189.0,223.2,421.3,0.515190121875,45.0
082c1cdb42b1abd201403ca33ca11ef0,170.1,272.8,421.3,0.5027176970833332,40.0
082c1cdb42b1abd201403ca33ca11ef0,207.9,223.2,421.3,0.50165987625,40.0
082c1cdb42b1abd201403ca33ca11ef0,189.0,272.8,421.3,0.5001914775,36.0
082c1cdb42b1abd201403ca33ca11ef0,207.9,272.8,421.3,0.4870551356666667,32.0
082c1cdb42b1abd201403ca33ca11ef0,170.1,248.0,421.3,0.45847568541666667,40.0
082c1cdb42b1abd201403ca33ca11ef0,189.0,248.0,421.3,0.45617178750000004,36.0
082c1cdb42b1abd201403ca33ca11ef0,207.9,248.0,421.3,0.44419151833333337,32.0
0835ff365412a67b720a19713ec250f3,278.0,286.0,386.0,0.9289631944444444,48.0
0835ff365412a67b720a19713ec250f3,305.8,286.0,386.0,0.8491219907407408,40.0
0835ff365412a67b720a19713ec250f3,250.2,286.0,386.0,0.83898,48.0
0835ff365412a67b720a19713ec250f3,278.0,257.4,386.0,0.8389009999999999,48.0
0835ff365412a67b720a19713ec250f3,278.0,286.0,347.4,0.8381834999999999,48.0
0835ff365412a67b720a19713ec250f3,305.8,257.4,386.0,0.7668003333333333,40.0
0835ff365412a67b720a19713ec250f3,305.8,286.0,347.4,0.7661445,40.0
0835ff365412a67b720a19713ec250f3,278.0,314.6,386.0,0.7642690416666668,36.0
0835ff365412a67b720a19713ec250f3,250.2,257.4,386.0,0.7576416,48.0
0835ff365412a67b720a19713ec250f3,250.2,286.0,347.4,0.7569935999999999,48.0
0835ff365412a67b720a19713ec250f3,278.0,257.4,347.4,0.7569223199999999,48.0
0835ff365412a67b720a19713ec250f3,305.8,314.6,386.0,0.6985827361111112,30.0
0835ff365412a67b720a19713ec250f3,305.8,257.4,347.4,0.69186744,40.0
0835ff365412a67b720a19713ec250f3,250.2,314.6,386.0,0.6902387999999999,36.0
0835ff365412a67b720a19713ec250f3,278.0,314.6,347.4,0.68958351,36.0
0835ff365412a67b720a19713ec250f3,250.2,257.4,347.4,0.6836037119999998,48.0
0835ff365412a67b720a19713ec250f3,305.8,314.6,347.4,0.6303161700000002,30.0
0835ff365412a67b720a19713ec250f3,250.2,314.6,347.4,0.622787616,36.0
0835ff365412a67b720a19713ec250f3,278.0,286.0,424.6,0.5098714444444444,24.0
0835ff365412a67b720a19713ec250f3,305.8,286.0,424.6,0.46604974074074074,20.0
0835ff365412a67b720a19713ec250f3,250.2,286.0,424.6,0.46048320000000004,24.0
0835ff365412a67b720a19713ec250f3,278.0,257.4,424.6,0.46043984,24.0
0835ff365412a67b720a19713ec250f3,305.8,257.4,424.6,0.4208666133333334,20.0
0835ff365412a67b720a19713ec250f3,278.0,314.6,424.6,0.4194772866666667,18.0
0835ff365412a67b720a19713ec250f3,250.2,257.4,424.6,0.41583974399999996,24.0
0835ff365412a67b720a19713ec250f3,305.8,314.6,424.6,0.3834246511111112,15.0
0835ff365412a67b720a19713ec250f3,250.2,314.6,424.6,0.378844992,18.0
0b72571a5bb7429ce7de424547e8d27d,156.6,286.0,386.0,0.8933583333333334,80.0
0b72571a5bb7429ce7de424547e8d27d,174.0,286.0,386.0,0.888503125,72.0
0b72571a5bb7429ce7de424547e8d27d,191.4,286.0,386.0,0.8648744444444444,64.0
0b72571a5bb7429ce7de424547e8d27d,156.6,257.4,386.0,0.8067479999999999,80.0
0b72571a5bb7429ce7de424547e8d27d,156.6,286.0,347.4,0.806058,80.0
0b72571a5bb7429ce7de424547e8d27d,174.0,257.4,386.0,0.8023635,72.0
0b72571a5bb7429ce7de424547e8d27d,174.0,286.0,347.4,0.80167725,72.0
0b72571a5bb7429ce7de424547e8d27d,191.4,257.4,386.0,0.7810256,64.0
0b72571a5bb7429ce7de424547e8d27d,191.4,286.0,347.4,0.7803576,64.0
0b72571a5bb7429ce7de424547e8d27d,156.6,314.6,386.0,0.7349765000000001,60.0
0b72571a5bb7429ce7de424547e8d27d,174.0,314.6,386.0,0.7309820625,54.0
0b72571a5bb7429ce7de424547e8d27d,156.6,257.4,347.4,0.72791136,80.0
0b72571a5bb7429ce7de424547e8d27d,174.0,257.4,347.4,0.7239553200000001,72.0
0b72571a5bb7429ce7de424547e8d27d,191.4,314.6,386.0,0.7115424666666668,48.0
0b72571a5bb7429ce7de424547e8d27d,191.4,257.4,347.4,0.7047025919999999,64.0
0b72571a5bb7429ce7de424547e8d27d,156.6,314.6,347.4,0.6631534800000001,60.0
0b72571a5bb7429ce7de424547e8d27d,174.0,314.6,347.4,0.6595493849999999,54.0
0b72571a5bb7429ce7de424547e8d27d,191.4,314.6,347.4,0.6420094559999999,48.0
0b72571a5bb7429ce7de424547e8d27d,156.6,286.0,424.6,0.49032933333333334,40.0
0b72571a5bb7429ce7de424547e8d27d,174.0,286.0,424.6,0.4876645,36.0
0b72571a5bb7429ce7de424547e8d27d,191.4,286.0,424.6,0.47469564444444445,32.0
0b72571a5bb7429ce7de424547e8d27d,156.6,257.4,424.6,0.44279232,40.0
0b72571a5bb7429ce7de424547e8d27d,174.0,257.4,424.6,0.44038584,36.0
0b72571a5bb7429ce7de424547e8d27d,191.4,257.4,424.6,0.428674304,32.0
0b72571a5bb7429ce7de424547e8d27d,156.6,314.6,424.6,0.40339976000000005,30.0
0b72571a5bb7429ce7de424547e8d27d,174.0,314.6,424.6,0.40120737000000006,27.0
0b72571a5bb7429ce7de424547e8d27d,191.4,314.6,424.6,0.39053773866666674,24.0
10c5f9edbe2c87186bcdeb991fe8d902,205.2,226.8,380.0,0.9096181499999999,80.0
10c5f9edbe2c87186bcdeb991fe8d902,205.2,277.2,380.0,0.88323228,64.0
10c5f9edbe2c87186bcdeb991fe8d902,228.0,226.8,380.0,0.8806352187500002,70.0
10c5f9edbe2c87186bcdeb991fe8d902,228.0,277.2,380.0,0.8550900749999999,56.0
10c5f9edbe2c87186bcdeb991fe8d902,250.8,226.8,380.0,0.8274467625,60.0
10c5f9edbe2c87186bcdeb991fe8d902,205.2,226.8,342.0,0.82076085,80.0
10c5f9edbe2c87186bcdeb991fe8d902,205.2,252.0,380.0,0.8054633999999999,64.0
10c5f9edbe2c87186bcdeb991fe8d902,250.8,277.2,380.0,0.8034444899999998,48.0
10c5f9edbe2c87186bcdeb991fe8d902,205.2,277.2,342.0,0.7969525199999999,64.0
10c5f9edbe2c87186bcdeb991fe8d902,228.0,226.8,342.0,0.79460915625,70.0
10c5f9edbe2c87186bcdeb991fe8d902,228.0,252.0,380.0,0.779799125,56.0
10c5f9edbe2c87186bcdeb991fe8d902,228.0,277.2,342.0,0.771559425,56.0
10c5f9edbe2c87186bcdeb991fe8d902,250.8,226.8,342.0,0.7466164875000001,60.0
10c5f9edbe2c87186bcdeb991fe8d902,250.8,252.0,380.0,0.7327009500000001,48.0
10c5f9edbe2c87186bcdeb991fe8d902,205.2,252.0,342.0,0.7267806,64.0
10c5f9edbe2c87186bcdeb991fe8d902,250.8,277.2,342.0,0.72495891,48.0
10c5f9edbe2c87186bcdeb991fe8d902,228.0,252.0,342.0,0.703623375,56.0
10c5f9edbe2c87186bcdeb991fe8d902,250.8,252.0,342.0,0.66112605,48.0
10c5f9edbe2c87186bcdeb991fe8d902,205.2,226.8,418.0,0.49923772499999997,40.0
10c5f9edbe2c87186bcdeb991fe8d902,205.2,277.2,418.0,0.48475601999999995,32.0
10c5f9edbe2c87186bcdeb991fe8d902,228.0,226.8,418.0,0.4833306406250001,35.0
10c5f9edbe2c87186bcdeb991fe8d902,228.0,277.2,418.0,0.4693103624999999,28.0
10c5f9edbe2c87186bcdeb991fe8d902,250.8,226.8,418.0,0.45413851875000005,30.0
10c5f9edbe2c87186bcdeb991fe8d902,205.2,252.0,418.0,0.4420731,32.0
10c5f9edbe2c87186bcdeb991fe8d902,250.8,277.2,418.0,0.440965035,24.0
10c5f9edbe2c87186bcdeb991fe8d902,228.0,252.0,418.0,0.4279874375,28.0
10c5f9edbe2c87186bcdeb991fe8d902,250.8,252.0,418.0,0.40213792500000006,24.0
116dda17a7b7fb82c62f462ef4a94218,164.0,286.0,386.0,0.9332789351851852,80.0
116dda17a7b7fb82c62f462ef4a94218,147.6,286.0,386.0,0.929286875,88.0
116dda17a7b7fb82c62f462ef4a94218,180.4,286.0,386.0,0.9195764583333333,72.0
116dda17a7b7fb82c62f462ef4a94218,164.0,257.4,386.0,0.8427983333333333,80.0
116dda17a7b7fb82c62f462ef4a94218,164.0,286.0,347.4,0.8420775,80.0
116dda17a7b7fb82c62f462ef4a94218,147.6,257.4,386.0,0.8391932999999999,88.0
116dda17a7b7fb82c62f462ef4a94218,147.6,286.0,347.4,0.83847555,88.0
116dda17a7b7fb82c62f462ef4a94218,180.4,257.4,386.0,0.8304242999999999,72.0
116dda17a7b7fb82c62f462ef4a94218,180.4,286.0,347.4,0.8297140499999999,72.0
116dda17a7b7fb82c62f462ef4a94218,164.0,314.6,386.0,0.7678196527777778,60.0
116dda17a7b7fb82c62f462ef4a94218,147.6,314.6,386.0,0.7645353375,66.0
116dda17a7b7fb82c62f462ef4a94218,164.0,257.4,347.4,0.7604388,80.0
116dda17a7b7fb82c62f462ef4a94218,147.6,257.4,347.4,0.7571860559999999,88.0
116dda17a7b7fb82c62f462ef4a94218,180.4,314.6,386.0,0.7565464625,54.0
116dda17a7b7fb82c62f462ef4a94218,180.4,257.4,347.4,0.7492739759999999,72.0
116dda17a7b7fb82c62f462ef4a94218,164.0,314.6,347.4,0.6927871499999999,60.0
116dda17a7b7fb82c62f462ef4a94218,147.6,314.6,347.4,0.6898237829999999,66.0
116dda17a7b7fb82c62f462ef4a94218,180.4,314.6,347.4,0.682615593,54.0
116dda17a7b7fb82c62f462ef4a94218,164.0,286.0,424.6,0.5122401851851852,40.0
116dda17a7b7fb82c62f462ef4a94218,147.6,286.0,424.6,0.5100490999999999,44.0
116dda17a7b7fb82c62f462ef4a94218,180.4,286.0,424.6,0.5047194333333334,36.0
116dda17a7b7fb82c62f462ef4a94218,164.0,257.4,424.6,0.46257893333333333,40.0
116dda17a7b7fb82c62f462ef4a94218,147.6,257.4,424.6,0.46060027200000003,44.0
116dda17a7b7fb82c62f462ef4a94218,180.4,257.4,424.6,0.455787312,36.0
116dda17a7b7fb82c62f462ef4a94218,164.0,314.6,424.6,0.42142607777777785,30.0
116dda17a7b7fb82c62f462ef4a94218,147.6,314.6,424.6,0.41962344600000007,33.0
116dda17a7b7fb82c62f462ef4a94218,180.4,314.6,424.6,0.41523866600000003,27.0
11b35a29e8327acfb5f714e16d96040c,326.7,268.0,379.0,0.8351780833333332,40.0
11b35a29e8327acfb5f714e16d96040c,399.3,268.0,379.0,0.8126379777777779,32.0
11b35a29e8327acfb5f714e16d96040c,326.7,241.2,379.0,0.75437385,40.0
11b35a29e8327acfb5f714e16d96040c,326.7,268.0,341.1,0.75359754375,40.0
11b35a29e8327acfb5f714e16d96040c,363.0,268.0,379.0,0.7403902222222222,32.0
11b35a29e8327acfb5f714e16d96040c,399.3,241.2,379.0,0.73401452,32.0
11b35a29e8327acfb5f714e16d96040c,399.3,268.0,341.1,0.7332591650000001,32.0
11b35a29e8327acfb5f714e16d96040c,326.7,294.8,379.0,0.6869867374999999,30.0
11b35a29e8327acfb5f714e16d96040c,326.7,241.2,341.1,0.68068630125,40.0
11b35a29e8327acfb5f714e16d96040c,363.0,241.2,379.0,0.6687567999999999,32.0
11b35a29e8327acfb5f714e16d96040c,399.3,294.8,379.0,0.6684460766666667,24.0
11b35a29e8327acfb5f714e16d96040c,363.0,268.0,341.1,0.6680686000000001,32.0
11b35a29e8327acfb5f714e16d96040c,399.3,241.2,341.1,0.662315679,32.0
11b35a29e8327acfb5f714e16d96040c,326.7,294.8,341.1,0.6198815896875002,30.0
11b35a29e8327acfb5f714e16d96040c,363.0,294.8,379.0,0.6090177333333333,24.0
11b35a29e8327acfb5f714e16d96040c,363.0,241.2,341.1,0.60343236,32.0
11b35a29e8327acfb5f714e16d96040c,399.3,294.8,341.1,0.60315198825,24.0
11b35a29e8327acfb5f714e16d96040c,363.0,294.8,341.1,0.5495286300000001,24.0
11b35a29e8327acfb5f714e16d96040c,326.7,268.0,416.9,0.45837931145833327,20.0
11b35a29e8327acfb5f714e16d96040c,399.3,268.0,416.9,0.44600839527777775,16.0
11b35a29e8327acfb5f714e16d96040c,326.7,241.2,416.9,0.414030699375,20.0
11b35a29e8327acfb5f714e16d96040c,363.0,268.0,416.9,0.40635592222222217,16.0
11b35a29e8327acfb5f714e16d96040c,399.3,241.2,416.9,0.4028566805,16.0
11b35a29e8327acfb5f714e16d96040c,326.7,294.8,416.9,0.37704594265624997,15.0
11b35a29e8327acfb5f714e16d96040c,363.0,241.2,416.9,0.36704061999999993,16.0
11b35a29e8327acfb5f714e16d96040c,399.3,294.8,416.9,0.36687008254166664,12.0
11b35a29e8327acfb5f714e16d96040c,363.0,294.8,416.9,0.33425341833333333,12.0
125888817c4da192ce9335454b8d4432,243.9,281.0,379.0,0.9221951666666667,56.0
125888817c4da192ce9335454b8d4432,271.0,281.0,379.0,0.8751555555555556,48.0
125888817c4da192ce9335454b8d4432,243.9,252.9,379.0,0.832837635,56.0
125888817c4da192ce9335454b8d4432,243.9,281.0,341.1,0.8321147625,56.0
125888817c4da192ce9335454b8d4432,298.1,281.0,379.0,0.7998817592592593,40.0
125888817c4da192ce9335454b8d4432,271.0,252.9,379.0,0.790356,48.0
125888817c4da192ce9335454b8d4432,271.0,281.0,341.1,0.78967,48.0
125888817c4da192ce9335454b8d4432,243.9,309.1,379.0,0.7586645237499999,42.0
125888817c4da192ce9335454b8d4432,243.9,252.9,341.1,0.751485711375,56.0
125888817c4da192ce9335454b8d4432,298.1,252.9,379.0,0.722375975,40.0
125888817c4da192ce9335454b8d4432,298.1,281.0,341.1,0.7217489791666667,40.0
125888817c4da192ce9335454b8d4432,271.0,309.1,379.0,0.7199663333333334,36.0
125888817c4da192ce9335454b8d4432,271.0,252.9,341.1,0.7131537000000001,48.0
125888817c4da192ce9335454b8d4432,243.9,309.1,341.1,0.6845578602187501,42.0
125888817c4da192ce9335454b8d4432,298.1,309.1,379.0,0.658040657638889,30.0
125888817c4da192ce9335454b8d4432,298.1,252.9,341.1,0.6518139918750001,40.0
125888817c4da192ce9335454b8d4432,271.0,309.1,341.1,0.649639725,36.0
125888817c4da192ce9335454b8d4432,298.1,309.1,341.1,0.5937629748437501,30.0
125888817c4da192ce9335454b8d4432,243.9,281.0,416.9,0.5061377854166667,28.0
125888817c4da192ce9335454b8d4432,271.0,281.0,416.9,0.48032055555555553,24.0
125888817c4da192ce9335454b8d4432,243.9,252.9,416.9,0.4570947793125,28.0
125888817c4da192ce9335454b8d4432,298.1,281.0,416.9,0.4390072696759259,20.0
125888817c4da192ce9335454b8d4432,271.0,252.9,416.9,0.43377914999999995,24.0
125888817c4da192ce9335454b8d4432,243.9,309.1,416.9,0.41638559364062505,21.0
125888817c4da192ce9335454b8d4432,298.1,252.9,416.9,0.3964689790625,20.0
125888817c4da192ce9335454b8d4432,271.0,309.1,416.9,0.39514647083333326,18.0
125888817c4da192ce9335454b8d4432,298.1,309.1,416.9,0.3611591702170139,15.0
1333ec917a8a6111a3fac88649307892,240.9,287.0,380.0,0.932506477777778,56.0
1333ec917a8a6111a3fac88649307892,197.1,287.0,380.0,0.8789325333333333,64.0
1333ec917a8a6111a3fac88649307892,219.0,287.0,380.0,0.8507862222222222,56.0
1333ec917a8a6111a3fac88649307892,240.9,258.3,380.0,0.84209115375,56.0
1333ec917a8a6111a3fac88649307892,240.9,287.0,342.0,0.8414133,56.0
1333ec917a8a6111a3fac88649307892,197.1,258.3,380.0,0.79371171,64.0
1333ec917a8a6111a3fac88649307892,197.1,287.0,342.0,0.7930727999999999,64.0
1333ec917a8a6111a3fac88649307892,219.0,258.3,380.0,0.7682944500000001,56.0
1333ec917a8a6111a3fac88649307892,219.0,287.0,342.0,0.767676,56.0
1333ec917a8a6111a3fac88649307892,240.9,315.7,380.0,0.7671913513541666,42.0
1333ec917a8a6111a3fac88649307892,240.9,258.3,342.0,0.75983032125,56.0
1333ec917a8a6111a3fac88649307892,197.1,315.7,380.0,0.7231150175,48.0
1333ec917a8a6111a3fac88649307892,197.1,258.3,342.0,0.7161768900000001,64.0
1333ec917a8a6111a3fac88649307892,219.0,315.7,380.0,0.6999584958333331,42.0
1333ec917a8a6111a3fac88649307892,219.0,258.3,342.0,0.69324255,56.0
1333ec917a8a6111a3fac88649307892,240.9,315.7,342.0,0.6922472090625,42.0
1333ec917a8a6111a3fac88649307892,197.1,315.7,342.0,0.6524765324999999,48.0
1333ec917a8a6111a3fac88649307892,219.0,315.7,342.0,0.6315820874999999,42.0
1333ec917a8a6111a3fac88649307892,240.9,287.0,418.0,0.5117998277777779,28.0
1333ec917a8a6111a3fac88649307892,197.1,287.0,418.0,0.4823961333333333,32.0
1333ec917a8a6111a3fac88649307892,219.0,287.0,418.0,0.4669482222222222,28.0
1333ec917a8a6111a3fac88649307892,240.9,258.3,418.0,0.4621759931250001,28.0
1333ec917a8a6111a3fac88649307892,197.1,258.3,418.0,0.435623265,32.0
1333ec917a8a6111a3fac88649307892,219.0,258.3,418.0,0.421673175,28.0
1333ec917a8a6111a3fac88649307892,240.9,315.7,418.0,0.42106774682291664,21.0
1333ec917a8a6111a3fac88649307892,197.1,315.7,418.0,0.39687675125,24.0
1333ec917a8a6111a3fac88649307892,219.0,315.7,418.0,0.3841674520833333,21.0
1416893384452893b004453859dc1ae4,215.1,223.2,383.0,0.9443574,80.0
1416893384452893b004453859dc1ae4,215.1,272.8,383.0,0.9168644799999999,64.0
1416893384452893b004453859dc1ae4,239.0,223.2,383.0,0.914438,70.0
1416893384452893b004453859dc1ae4,239.0,272.8,383.0,0.8878161185185186,56.0
1416893384452893b004453859dc1ae4,262.9,223.2,383.0,0.85933995,60.0
1416893384452893b004453859dc1ae4,215.1,223.2,344.7,0.8520898274999997,80.0
1416893384452893b004453859dc1ae4,215.1,248.0,383.0,0.8361751999999999,64.0
1416893384452893b004453859dc1ae4,262.9,272.8,383.0,0.8343221288888889,48.0
1416893384452893b004453859dc1ae4,215.1,272.8,344.7,0.827283078,64.0
1416893384452893b004453859dc1ae4,239.0,223.2,344.7,0.825093675,70.0
1416893384452893b004453859dc1ae4,239.0,248.0,383.0,0.8096832592592592,56.0
1416893384452893b004453859dc1ae4,239.0,272.8,344.7,0.8010728600000001,56.0
1416893384452893b004453859dc1ae4,262.9,223.2,344.7,0.7753789293749999,60.0
1416893384452893b004453859dc1ae4,262.9,248.0,383.0,0.7608970444444443,48.0
1416893384452893b004453859dc1ae4,215.1,248.0,344.7,0.7544774699999999,64.0
1416893384452893b004453859dc1ae4,262.9,272.8,344.7,0.7528054515,48.0
1416893384452893b004453859dc1ae4,239.0,248.0,344.7,0.7305739,56.0
1416893384452893b004453859dc1ae4,262.9,248.0,344.7,0.6865542974999999,48.0
1416893384452893b004453859dc1ae4,215.1,223.2,421.3,0.51831248625,40.0
1416893384452893b004453859dc1ae4,215.1,272.8,421.3,0.503222941,32.0
1416893384452893b004453859dc1ae4,239.0,223.2,421.3,0.5018911625,35.0
1416893384452893b004453859dc1ae4,239.0,272.8,421.3,0.4872796885185186,28.0
1416893384452893b004453859dc1ae4,262.9,223.2,421.3,0.4716504853124999,30.0
1416893384452893b004453859dc1ae4,215.1,248.0,421.3,0.458936465,32.0
1416893384452893b004453859dc1ae4,262.9,272.8,421.3,0.45791940313888896,24.0
1416893384452893b004453859dc1ae4,239.0,248.0,421.3,0.44439630925925927,28.0
1416893384452893b004453859dc1ae4,262.9,248.0,421.3,0.41761989569444435,24.0
161332db17a4c8bcba8a5651098cbe91,170.1,288.0,388.0,0.977662125,80.0
161332db17a4c8bcba8a5651098cbe91,189.0,288.0,388.0,0.97274925,72.0
161332db17a4c8bcba8a5651098cbe91,207.9,288.0,388.0,0.9472023,64.0
161332db17a4c8bcba8a5651098cbe91,170.1,259.2,388.0,0.8828585249999998,80.0
161332db17a4c8bcba8a5651098cbe91,170.1,288.0,349.2,0.8821122749999999,80.0
161332db17a4c8bcba8a5651098cbe91,189.0,259.2,388.0,0.87842205,72.0
161332db17a4c8bcba8a5651098cbe91,189.0,288.0,349.2,0.8776795499999999,72.0
161332db17a4c8bcba8a5651098cbe91,207.9,259.2,388.0,0.85535238,64.0
161332db17a4c8bcba8a5651098cbe91,207.9,288.0,349.2,0.8546293800000001,64.0
161332db17a4c8bcba8a5651098cbe91,170.1,316.8,388.0,0.80434929375,60.0
161332db17a4c8bcba8a5651098cbe91,189.0,316.8,388.0,0.8003073375,54.0
161332db17a4c8bcba8a5651098cbe91,170.1,259.2,349.2,0.796574115,80.0
161332db17a4c8bcba8a5651098cbe91,189.0,259.2,349.2,0.7925712300000001,72.0
161332db17a4c8bcba8a5651098cbe91,207.9,316.8,388.0,0.7792891650000001,48.0
161332db17a4c8bcba8a5651098cbe91,207.9,259.2,349.2,0.771756228,64.0
161332db17a4c8bcba8a5651098cbe91,170.1,316.8,349.2,0.7257378262499998,60.0
161332db17a4c8bcba8a5651098cbe91,189.0,316.8,349.2,0.7220909025,54.0
161332db17a4c8bcba8a5651098cbe91,207.9,316.8,349.2,0.703126899,48.0
161332db17a4c8bcba8a5651098cbe91,170.1,288.0,426.8,0.5366059875,40.0
161332db17a4c8bcba8a5651098cbe91,189.0,288.0,426.8,0.5339094750000001,36.0
161332db17a4c8bcba8a5651098cbe91,207.9,288.0,426.8,0.5198876100000001,32.0
161332db17a4c8bcba8a5651098cbe91,170.1,259.2,426.8,0.48457146749999996,40.0
161332db17a4c8bcba8a5651098cbe91,189.0,259.2,426.8,0.482136435,36.0
161332db17a4c8bcba8a5651098cbe91,207.9,259.2,426.8,0.469474266,32.0
161332db17a4c8bcba8a5651098cbe91,170.1,316.8,426.8,0.44148038062499995,30.0
161332db17a4c8bcba8a5651098cbe91,189.0,316.8,426.8,0.43926188625,27.0
161332db17a4c8bcba8a5651098cbe91,207.9,316.8,426.8,0.42772571550000005,24.0
162c41fa859810e889efa37f867819bb,214.0,266.4,355.5,0.8290917,64.0
162c41fa859810e889efa37f867819bb,235.4,266.4,355.5,0.7950729149999999,56.0
162c41fa859810e889efa37f867819bb,214.0,325.6,355.5,0.7554849750000001,48.0
162c41fa859810e889efa37f867819bb,192.6,266.4,355.5,0.7495286399999999,64.0
162c41fa859810e889efa37f867819bb,235.4,325.6,355.5,0.72448637625,42.0
162c41fa859810e889efa37f867819bb,214.0,296.0,355.5,0.688651875,48.0
162c41fa859810e889efa37f867819bb,192.6,325.6,355.5,0.68298552,48.0
162c41fa859810e889efa37f867819bb,235.4,296.0,355.5,0.66039553125,42.0
162c41fa859810e889efa37f867819bb,192.6,296.0,355.5,0.622566,48.0
162c41fa859810e889efa37f867819bb,214.0,266.4,434.5,0.5043925499999999,32.0
162c41fa859810e889efa37f867819bb,235.4,266.4,434.5,0.48369662249999995,28.0
162c41fa859810e889efa37f867819bb,214.0,325.6,434.5,0.45961260138888893,24.0
162c41fa859810e889efa37f867819bb,214.0,266.4,395.0,0.45946919999999997,32.0
162c41fa859810e889efa37f867819bb,192.6,266.4,434.5,0.45598895999999994,32.0
162c41fa859810e889efa37f867819bb,235.4,325.6,434.5,0.4407540574305556,21.0
162c41fa859810e889efa37f867819bb,235.4,266.4,395.0,0.44061654,28.0
162c41fa859810e889efa37f867819bb,214.0,296.0,434.5,0.41895350694444444,24.0
162c41fa859810e889efa37f867819bb,214.0,325.6,395.0,0.4186775444444445,24.0
162c41fa859810e889efa37f867819bb,192.6,325.6,434.5,0.41550628,24.0
162c41fa859810e889efa37f867819bb,192.6,266.4,395.0,0.41537663999999996,32.0
162c41fa859810e889efa37f867819bb,235.4,296.0,434.5,0.4017632621527778,21.0
162c41fa859810e889efa37f867819bb,235.4,325.6,395.0,0.40149862277777776,21.0
162c41fa859810e889efa37f867819bb,214.0,296.0,395.0,0.3816397222222222,24.0
162c41fa859810e889efa37f867819bb,192.6,296.0,434.5,0.378749,24.0
162c41fa859810e889efa37f867819bb,192.6,325.6,395.0,0.37849952000000003,24.0
162c41fa859810e889efa37f867819bb,235.4,296.0,395.0,0.3659805138888889,21.0
162c41fa859810e889efa37f867819bb,192.6,296.0,395.0,0.345016,24.0
170f5916eaeb0e271ae012eedb1ad645,327.8,286.0,386.0,0.9084634259259259,40.0
170f5916eaeb0e271ae012eedb1ad645,268.2,286.0,386.0,0.8972425,48.0
170f5916eaeb0e271ae012eedb1ad645,298.0,286.0,386.0,0.8280827546296297,40.0
170f5916eaeb0e271ae012eedb1ad645,327.8,257.4,386.0,0.8203886666666667,40.0
170f5916eaeb0e271ae012eedb1ad645,327.8,286.0,347.4,0.819687,40.0
170f5916eaeb0e271ae012eedb1ad645,268.2,257.4,386.0,0.8102555999999999,48.0
170f5916eaeb0e271ae012eedb1ad645,268.2,286.0,347.4,0.8095626,48.0
170f5916eaeb0e271ae012eedb1ad645,298.0,257.4,386.0,0.7478008333333332,40.0
170f5916eaeb0e271ae012eedb1ad645,327.8,314.6,386.0,0.7474036388888889,30.0
170f5916eaeb0e271ae012eedb1ad645,298.0,286.0,347.4,0.7471612499999999,40.0
170f5916eaeb0e271ae012eedb1ad645,327.8,257.4,347.4,0.7402190399999998,40.0
170f5916eaeb0e271ae012eedb1ad645,268.2,314.6,386.0,0.73817205,36.0
170f5916eaeb0e271ae012eedb1ad645,268.2,257.4,347.4,0.7310761919999997,48.0
170f5916eaeb0e271ae012eedb1ad645,298.0,314.6,386.0,0.6812735069444446,30.0
170f5916eaeb0e271ae012eedb1ad645,298.0,257.4,347.4,0.6747245999999998,40.0
170f5916eaeb0e271ae012eedb1ad645,327.8,314.6,347.4,0.67436622,30.0
170f5916eaeb0e271ae012eedb1ad645,268.2,314.6,347.4,0.666036756,36.0
170f5916eaeb0e271ae012eedb1ad645,298.0,314.6,347.4,0.614698425,30.0
170f5916eaeb0e271ae012eedb1ad645,327.8,286.0,424.6,0.4986199259259259,20.0
170f5916eaeb0e271ae012eedb1ad645,268.2,286.0,424.6,0.49246119999999993,24.0
170f5916eaeb0e271ae012eedb1ad645,298.0,286.0,424.6,0.4545021296296296,20.0
170f5916eaeb0e271ae012eedb1ad645,327.8,257.4,424.6,0.4502791466666667,20.0
170f5916eaeb0e271ae012eedb1ad645,268.2,257.4,424.6,0.444717504,24.0
170f5916eaeb0e271ae012eedb1ad645,298.0,257.4,424.6,0.4104385333333333,20.0
170f5916eaeb0e271ae012eedb1ad645,327.8,314.6,424.6,0.410220528888889,15.0
170f5916eaeb0e271ae012eedb1ad645,268.2,314.6,424.6,0.405153672,18.0
170f5916eaeb0e271ae012eedb1ad645,298.0,314.6,424.6,0.37392429444444447,15.0
1a3ffa8018de4637afcdd1e390e2602a,179.1,223.2,383.0,0.891735075,90.0
1a3ffa8018de4637afcdd1e390e2602a,199.0,223.2,383.0,0.876512,80.0
1a3ffa8018de4637afcdd1e390e2602a,179.1,272.8,383.0,0.8657741400000001,72.0
1a3ffa8018de4637afcdd1e390e2602a,199.0,272.8,383.0,0.8509942518518518,64.0
1a3ffa8018de4637afcdd1e390e2602a,218.9,223.2,383.0,0.8403242749999998,70.0
1a3ffa8018de4637afcdd1e390e2602a,218.9,272.8,383.0,0.8158600540740741,56.0
1a3ffa8018de4637afcdd1e390e2602a,179.1,223.2,344.7,0.8046089184374999,90.0
1a3ffa8018de4637afcdd1e390e2602a,199.0,223.2,344.7,0.7908731999999999,80.0
1a3ffa8018de4637afcdd1e390e2602a,179.1,248.0,383.0,0.7895810999999999,72.0
1a3ffa8018de4637afcdd1e390e2602a,179.1,272.8,344.7,0.7811844727500001,72.0
1a3ffa8018de4637afcdd1e390e2602a,199.0,248.0,383.0,0.776101925925926,64.0
1a3ffa8018de4637afcdd1e390e2602a,199.0,272.8,344.7,0.7678486400000001,64.0
1a3ffa8018de4637afcdd1e390e2602a,218.9,223.2,344.7,0.7582211634374999,70.0
1a3ffa8018de4637afcdd1e390e2602a,218.9,248.0,383.0,0.7440597370370371,56.0
1a3ffa8018de4637afcdd1e390e2602a,218.9,272.8,344.7,0.73614719675,56.0
1a3ffa8018de4637afcdd1e390e2602a,179.1,248.0,344.7,0.7124358037499999,72.0
1a3ffa8018de4637afcdd1e390e2602a,199.0,248.0,344.7,0.7002735999999999,64.0
1a3ffa8018de4637afcdd1e390e2602a,218.9,248.0,344.7,0.67136206375,56.0
1a3ffa8018de4637afcdd1e390e2602a,179.1,223.2,421.3,0.48943061578125,45.0
1a3ffa8018de4637afcdd1e390e2602a,199.0,223.2,421.3,0.48107540000000004,40.0
1a3ffa8018de4637afcdd1e390e2602a,179.1,272.8,421.3,0.47518190362500007,36.0
1a3ffa8018de4637afcdd1e390e2602a,199.0,272.8,421.3,0.46706993185185186,32.0
1a3ffa8018de4637afcdd1e390e2602a,218.9,223.2,421.3,0.46121369328125,35.0
1a3ffa8018de4637afcdd1e390e2602a,218.9,272.8,421.3,0.4477864556990741,28.0
1a3ffa8018de4637afcdd1e390e2602a,179.1,248.0,421.3,0.43336319812499996,36.0
1a3ffa8018de4637afcdd1e390e2602a,199.0,248.0,421.3,0.42596512592592595,32.0
1a3ffa8018de4637afcdd1e390e2602a,218.9,248.0,421.3,0.4083787051620371,28.0
1aef9680c5b131e489d3ac61e5ace43f,148.0,286.0,384.0,0.9269432638888889,88.0
1aef9680c5b131e489d3ac61e5ace43f,162.8,286.0,384.0,0.9221126388888888,80.0
1aef9680c5b131e489d3ac61e5ace43f,133.2,286.0,384.0,0.9158865,96.0
1aef9680c5b131e489d3ac61e5ace43f,148.0,257.4,384.0,0.8370768999999999,88.0
1aef9680c5b131e489d3ac61e5ace43f,148.0,286.0,345.6,0.8363717083333335,88.0
1aef9680c5b131e489d3ac61e5ace43f,162.8,257.4,384.0,0.8327146,80.0
1aef9680c5b131e489d3ac61e5ace43f,162.8,286.0,345.6,0.8320130833333333,80.0
1aef9680c5b131e489d3ac61e5ace43f,133.2,257.4,384.0,0.8270920799999999,96.0
1aef9680c5b131e489d3ac61e5ace43f,133.2,286.0,345.6,0.8263953,96.0
1aef9680c5b131e489d3ac61e5ace43f,148.0,314.6,384.0,0.7626072208333334,66.0
1aef9680c5b131e489d3ac61e5ace43f,162.8,314.6,384.0,0.7586330083333336,60.0
1aef9680c5b131e489d3ac61e5ace43f,148.0,257.4,345.6,0.75528618,88.0
1aef9680c5b131e489d3ac61e5ace43f,133.2,314.6,384.0,0.7535106899999999,72.0
1aef9680c5b131e489d3ac61e5ace43f,162.8,257.4,345.6,0.7513501200000001,80.0
1aef9680c5b131e489d3ac61e5ace43f,133.2,257.4,345.6,0.746276976,96.0
1aef9680c5b131e489d3ac61e5ace43f,148.0,314.6,345.6,0.6880929275000001,66.0
1aef9680c5b131e489d3ac61e5ace43f,162.8,314.6,345.6,0.6845070350000003,60.0
1aef9680c5b131e489d3ac61e5ace43f,133.2,314.6,345.6,0.679885218,72.0
1aef9680c5b131e489d3ac61e5ace43f,148.0,286.0,422.4,0.5087574097222223,44.0
1aef9680c5b131e489d3ac61e5ace43f,162.8,286.0,422.4,0.5061060972222222,40.0
1aef9680c5b131e489d3ac61e5ace43f,133.2,286.0,422.4,0.50268885,48.0
1aef9680c5b131e489d3ac61e5ace43f,148.0,257.4,422.4,0.45943380999999994,44.0
1aef9680c5b131e489d3ac61e5ace43f,162.8,257.4,422.4,0.4570395399999999,40.0
1aef9680c5b131e489d3ac61e5ace43f,133.2,257.4,422.4,0.4539535919999999,48.0
1aef9680c5b131e489d3ac61e5ace43f,148.0,314.6,422.4,0.41856075708333335,33.0
1aef9680c5b131e489d3ac61e5ace43f,162.8,314.6,422.4,0.41637949083333337,30.0
1aef9680c5b131e489d3ac61e5ace43f,133.2,314.6,422.4,0.413568081,36.0
1c01c33ced1f5bfdb36a399ac98e0c68,214.0,223.2,383.0,0.939722,80.0
1c01c33ced1f5bfdb36a399ac98e0c68,214.0,272.8,383.0,0.9123640296296297,64.0
1c01c33ced1f5bfdb36a399ac98e0c68,235.4,223.2,383.0,0.9011638999999999,70.0
1c01c33ced1f5bfdb36a399ac98e0c68,235.4,272.8,383.0,0.8749284651851853,56.0
1c01c33ced1f5bfdb36a399ac98e0c68,192.6,223.2,383.0,0.8495424,80.0
1c01c33ced1f5bfdb36a399ac98e0c68,214.0,223.2,344.7,0.847907325,80.0
1c01c33ced1f5bfdb36a399ac98e0c68,214.0,248.0,383.0,0.8320708148148148,64.0
1c01c33ced1f5bfdb36a399ac98e0c68,192.6,272.8,383.0,0.8248098133333333,64.0
1c01c33ced1f5bfdb36a399ac98e0c68,214.0,272.8,344.7,0.8232223399999999,64.0
1c01c33ced1f5bfdb36a399ac98e0c68,235.4,223.2,344.7,0.81311650875,70.0
1c01c33ced1f5bfdb36a399ac98e0c68,235.4,248.0,383.0,0.7979297925925927,56.0
1c01c33ced1f5bfdb36a399ac98e0c68,235.4,272.8,344.7,0.789444383,56.0
1c01c33ced1f5bfdb36a399ac98e0c68,192.6,223.2,344.7,0.7665386399999999,80.0
1c01c33ced1f5bfdb36a399ac98e0c68,192.6,248.0,383.0,0.7522218666666666,64.0
1c01c33ced1f5bfdb36a399ac98e0c68,214.0,248.0,344.7,0.7507741,64.0
1c01c33ced1f5bfdb36a399ac98e0c68,192.6,272.8,344.7,0.7442225279999999,64.0
1c01c33ced1f5bfdb36a399ac98e0c68,235.4,248.0,344.7,0.719968795,56.0
1c01c33ced1f5bfdb36a399ac98e0c68,192.6,248.0,344.7,0.6787267199999999,64.0
1c01c33ced1f5bfdb36a399ac98e0c68,214.0,223.2,421.3,0.5157683375000001,40.0
1c01c33ced1f5bfdb36a399ac98e0c68,214.0,272.8,421.3,0.5007528596296297,32.0
1c01c33ced1f5bfdb36a399ac98e0c68,235.4,223.2,421.3,0.49460564562500003,35.0
1c01c33ced1f5bfdb36a399ac98e0c68,235.4,272.8,421.3,0.48020627368518515,28.0
1c01c33ced1f5bfdb36a399ac98e0c68,192.6,223.2,421.3,0.46627307999999995,40.0
1c01c33ced1f5bfdb36a399ac98e0c68,214.0,248.0,421.3,0.4566837648148148,32.0
1c01c33ced1f5bfdb36a399ac98e0c68,192.6,272.8,421.3,0.45269854933333337,32.0
1c01c33ced1f5bfdb36a399ac98e0c68,235.4,248.0,421.3,0.4379453950925926,28.0
1c01c33ced1f5bfdb36a399ac98e0c68,192.6,248.0,421.3,0.4128585066666667,32.0
1cbc364190e4feb6cfbe064584c400ab,246.4,223.2,383.0,0.9417236499999999,70.0
1cbc364190e4feb6cfbe064584c400ab,246.4,272.8,383.0,0.914307405925926,56.0
1cbc364190e4feb6cfbe064584c400ab,201.6,223.2,383.0,0.8874684,80.0
1cbc364190e4feb6cfbe064584c400ab,201.6,272.8,383.0,0.86163168,64.0
1cbc364190e4feb6cfbe064584c400ab,224.0,223.2,383.0,0.85912925,70.0
1cbc364190e4feb6cfbe064584c400ab,246.4,223.2,344.7,0.8497134056249999,70.0
1cbc364190e4feb6cfbe064584c400ab,224.0,272.8,383.0,0.834117562962963,56.0
1cbc364190e4feb6cfbe064584c400ab,246.4,248.0,383.0,0.833843162962963,56.0
1cbc364190e4feb6cfbe064584c400ab,246.4,272.8,344.7,0.8249758405000001,56.0
1cbc364190e4feb6cfbe064584c400ab,201.6,223.2,344.7,0.800759115,80.0
1cbc364190e4feb6cfbe064584c400ab,201.6,248.0,383.0,0.7858031999999999,64.0
1cbc364190e4feb6cfbe064584c400ab,201.6,272.8,344.7,0.7774467479999999,64.0
1cbc364190e4feb6cfbe064584c400ab,224.0,223.2,344.7,0.775188815625,70.0
1cbc364190e4feb6cfbe064584c400ab,224.0,248.0,383.0,0.7607104814814815,56.0
1cbc364190e4feb6cfbe064584c400ab,224.0,272.8,344.7,0.7526208725000001,56.0
1cbc364190e4feb6cfbe064584c400ab,246.4,248.0,344.7,0.7523732824999999,56.0
1cbc364190e4feb6cfbe064584c400ab,201.6,248.0,344.7,0.70902702,64.0
1cbc364190e4feb6cfbe064584c400ab,224.0,248.0,344.7,0.6863859625000001,56.0
1cbc364190e4feb6cfbe064584c400ab,246.4,223.2,421.3,0.5168669471875,35.0
1cbc364190e4feb6cfbe064584c400ab,246.4,272.8,421.3,0.5018194856759259,28.0
1cbc364190e4feb6cfbe064584c400ab,201.6,223.2,421.3,0.48708884249999995,40.0
1cbc364190e4feb6cfbe064584c400ab,201.6,272.8,421.3,0.472908306,32.0
1cbc364190e4feb6cfbe064584c400ab,224.0,223.2,421.3,0.4715348421875,35.0
1cbc364190e4feb6cfbe064584c400ab,224.0,272.8,421.3,0.45780712671296303,28.0
1cbc364190e4feb6cfbe064584c400ab,246.4,248.0,421.3,0.457656521712963,28.0
1cbc364190e4feb6cfbe064584c400ab,201.6,248.0,421.3,0.43128968999999995,32.0
1cbc364190e4feb6cfbe064584c400ab,224.0,248.0,421.3,0.4175175002314815,28.0
1d004a15dfa567347fd4f43b42afd3a4,163.0,266.4,355.5,0.7993484999999999,80.0
1d004a15dfa567347fd4f43b42afd3a4,146.7,266.4,355.5,0.7959559162499998,88.0
1d004a15dfa567347fd4f43b42afd3a4,179.3,266.4,355.5,0.78759064125,72.0
1d004a15dfa567347fd4f43b42afd3a4,163.0,325.6,355.5,0.7283823750000001,60.0
1d004a15dfa567347fd4f43b42afd3a4,146.7,325.6,355.5,0.7252909846875001,66.0
1d004a15dfa567347fd4f43b42afd3a4,179.3,325.6,355.5,0.7176683784375001,54.0
1d004a15dfa567347fd4f43b42afd3a4,163.0,296.0,355.5,0.663946875,60.0
1d004a15dfa567347fd4f43b42afd3a4,146.7,296.0,355.5,0.6611289609375,66.0
1d004a15dfa567347fd4f43b42afd3a4,179.3,296.0,355.5,0.6541806796875,54.0
1d004a15dfa567347fd4f43b42afd3a4,163.0,266.4,434.5,0.4862977499999999,40.0
1d004a15dfa567347fd4f43b42afd3a4,146.7,266.4,434.5,0.4842338118749999,44.0
1d004a15dfa567347fd4f43b42afd3a4,179.3,266.4,434.5,0.47914464937499995,36.0
1d004a15dfa567347fd4f43b42afd3a4,163.0,325.6,434.5,0.4431242569444445,30.0
1d004a15dfa567347fd4f43b42afd3a4,163.0,266.4,395.0,0.442986,40.0
1d004a15dfa567347fd4f43b42afd3a4,146.7,325.6,434.5,0.44124355515625,33.0
1d004a15dfa567347fd4f43b42afd3a4,146.7,266.4,395.0,0.4411058849999999,44.0
1d004a15dfa567347fd4f43b42afd3a4,179.3,325.6,434.5,0.4366062082812501,27.0
1d004a15dfa567347fd4f43b42afd3a4,179.3,266.4,395.0,0.436469985,36.0
1d004a15dfa567347fd4f43b42afd3a4,163.0,296.0,434.5,0.40392378472222223,30.0
1d004a15dfa567347fd4f43b42afd3a4,163.0,325.6,395.0,0.40365772222222224,30.0
1d004a15dfa567347fd4f43b42afd3a4,146.7,296.0,434.5,0.40220945703125,33.0
1d004a15dfa567347fd4f43b42afd3a4,146.7,325.6,395.0,0.40194452375,33.0
1d004a15dfa567347fd4f43b42afd3a4,179.3,296.0,434.5,0.39798234765625,27.0
1d004a15dfa567347fd4f43b42afd3a4,179.3,325.6,395.0,0.39772019875000003,27.0
1d004a15dfa567347fd4f43b42afd3a4,163.0,296.0,395.0,0.3679486111111111,30.0
1d004a15dfa567347fd4f43b42afd3a4,146.7,296.0,395.0,0.36638696875,33.0
1d004a15dfa567347fd4f43b42afd3a4,179.3,296.0,395.0,0.36253634375,27.0
1e4959b0a5703ba491bdc303578ad11c,168.0,229.5,353.7,0.886064765625,100.0
1e4959b0a5703ba491bdc303578ad11c,151.2,229.5,353.7,0.8821600734374999,110.0
1e4959b0a5703ba491bdc303578ad11c,184.8,229.5,353.7,0.8731492453125,90.0
1e4959b0a5703ba491bdc303578ad11c,168.0,280.5,353.7,0.8604301875,80.0
1e4959b0a5703ba491bdc303578ad11c,151.2,280.5,353.7,0.85663846125,88.0
1e4959b0a5703ba491bdc303578ad11c,184.8,280.5,353.7,0.8478883237500001,72.0
1e4959b0a5703ba491bdc303578ad11c,168.0,255.0,353.7,0.7846409999999998,80.0
1e4959b0a5703ba491bdc303578ad11c,151.2,255.0,353.7,0.7811832599999999,88.0
1e4959b0a5703ba491bdc303578ad11c,184.8,255.0,353.7,0.77320386,72.0
1e4959b0a5703ba491bdc303578ad11c,168.0,229.5,432.3,0.5390410546875001,50.0
1e4959b0a5703ba491bdc303578ad11c,151.2,229.5,432.3,0.5366656195312499,55.0
1e4959b0a5703ba491bdc303578ad11c,184.8,229.5,432.3,0.53118384609375,45.0
1e4959b0a5703ba491bdc303578ad11c,168.0,280.5,432.3,0.52344615625,40.0
1e4959b0a5703ba491bdc303578ad11c,151.2,280.5,432.3,0.521139444375,44.0
1e4959b0a5703ba491bdc303578ad11c,184.8,280.5,432.3,0.5158162631250001,36.0
1e4959b0a5703ba491bdc303578ad11c,168.0,229.5,393.0,0.49103671875,50.0
1e4959b0a5703ba491bdc303578ad11c,151.2,229.5,393.0,0.48887282812499994,55.0
1e4959b0a5703ba491bdc303578ad11c,184.8,229.5,393.0,0.4838792343750001,45.0
1e4959b0a5703ba491bdc303578ad11c,168.0,255.0,432.3,0.4773395000000001,40.0
1e4959b0a5703ba491bdc303578ad11c,168.0,280.5,393.0,0.476830625,40.0
1e4959b0a5703ba491bdc303578ad11c,151.2,255.0,432.3,0.4752359699999999,44.0
1e4959b0a5703ba491bdc303578ad11c,151.2,280.5,393.0,0.4747293374999999,44.0
1e4959b0a5703ba491bdc303578ad11c,184.8,255.0,432.3,0.4703816700000001,36.0
1e4959b0a5703ba491bdc303578ad11c,184.8,280.5,393.0,0.4698802125,36.0
1e4959b0a5703ba491bdc303578ad11c,168.0,255.0,393.0,0.43483,40.0
1e4959b0a5703ba491bdc303578ad11c,151.2,255.0,393.0,0.4329137999999999,44.0
1e4959b0a5703ba491bdc303578ad11c,184.8,255.0,393.0,0.42849180000000003,36.0
1e68edd4dd3edf793634e204ec225c3b,215.0,282.0,380.0,0.9391324444444444,64.0
1e68edd4dd3edf793634e204ec225c3b,236.5,282.0,380.0,0.9006133402777777,56.0
1e68edd4dd3edf793634e204ec225c3b,193.5,282.0,380.0,0.8489925,64.0
1e68edd4dd3edf793634e204ec225c3b,215.0,253.8,380.0,0.8481237333333334,64.0
1e68edd4dd3edf793634e204ec225c3b,215.0,282.0,342.0,0.847392,64.0
1e68edd4dd3edf793634e204ec225c3b,236.5,253.8,380.0,0.8133374083333335,56.0
1e68edd4dd3edf793634e204ec225c3b,236.5,282.0,342.0,0.8126356875,56.0
1e68edd4dd3edf793634e204ec225c3b,215.0,310.2,380.0,0.7726058666666668,48.0
1e68edd4dd3edf793634e204ec225c3b,193.5,253.8,380.0,0.766719,64.0
1e68edd4dd3edf793634e204ec225c3b,193.5,282.0,342.0,0.7660575,64.0
1e68edd4dd3edf793634e204ec225c3b,215.0,253.8,342.0,0.7652736000000001,64.0
1e68edd4dd3edf793634e204ec225c3b,236.5,310.2,380.0,0.7409169541666665,42.0
1e68edd4dd3edf793634e204ec225c3b,236.5,253.8,342.0,0.7338854250000001,56.0
1e68edd4dd3edf793634e204ec225c3b,193.5,310.2,380.0,0.6984495,48.0
1e68edd4dd3edf793634e204ec225c3b,215.0,310.2,342.0,0.6971328000000001,48.0
1e68edd4dd3edf793634e204ec225c3b,193.5,253.8,342.0,0.691821,64.0
1e68edd4dd3edf793634e204ec225c3b,236.5,310.2,342.0,0.6685394624999998,42.0
1e68edd4dd3edf793634e204ec225c3b,193.5,310.2,342.0,0.6302205,48.0
1e68edd4dd3edf793634e204ec225c3b,215.0,282.0,418.0,0.5154364444444445,32.0
1e68edd4dd3edf793634e204ec225c3b,236.5,282.0,418.0,0.49429549652777777,28.0
1e68edd4dd3edf793634e204ec225c3b,193.5,282.0,418.0,0.46596375,32.0
1e68edd4dd3edf793634e204ec225c3b,215.0,253.8,418.0,0.46548693333333335,32.0
1e68edd4dd3edf793634e204ec225c3b,236.5,253.8,418.0,0.4463946958333333,28.0
1e68edd4dd3edf793634e204ec225c3b,215.0,310.2,418.0,0.4240394666666667,24.0
1e68edd4dd3edf793634e204ec225c3b,193.5,253.8,418.0,0.4208085,32.0
1e68edd4dd3edf793634e204ec225c3b,236.5,310.2,418.0,0.4066472229166666,21.0
1e68edd4dd3edf793634e204ec225c3b,193.5,310.2,418.0,0.38333925,24.0
1f3654aef5539d7393e1c6a4a8be552f,185.4,285.0,383.0,0.9335087999999999,72.0
1f3654aef5539d7393e1c6a4a8be552f,206.0,285.0,383.0,0.9177155555555555,64.0
1f3654aef5539d7393e1c6a4a8be552f,226.6,285.0,383.0,0.879939822222222,56.0
1f3654aef5539d7393e1c6a4a8be552f,185.4,256.5,383.0,0.8430156000000001,72.0
1f3654aef5539d7393e1c6a4a8be552f,185.4,285.0,344.7,0.84230118,72.0
1f3654aef5539d7393e1c6a4a8be552f,206.0,256.5,383.0,0.8287533333333333,64.0
1f3654aef5539d7393e1c6a4a8be552f,206.0,285.0,344.7,0.828051,64.0
1f3654aef5539d7393e1c6a4a8be552f,226.6,256.5,383.0,0.7946395333333333,56.0
1f3654aef5539d7393e1c6a4a8be552f,226.6,285.0,344.7,0.7939661099999998,56.0
1f3654aef5539d7393e1c6a4a8be552f,185.4,313.5,383.0,0.7680015,54.0
1f3654aef5539d7393e1c6a4a8be552f,185.4,256.5,344.7,0.760649535,72.0
1f3654aef5539d7393e1c6a4a8be552f,206.0,313.5,383.0,0.7550083333333333,48.0
1f3654aef5539d7393e1c6a4a8be552f,206.0,256.5,344.7,0.74778075,64.0
1f3654aef5539d7393e1c6a4a8be552f,226.6,313.5,383.0,0.7239300833333333,42.0
1f3654aef5539d7393e1c6a4a8be552f,226.6,256.5,344.7,0.7170000074999999,56.0
1f3654aef5539d7393e1c6a4a8be552f,185.4,313.5,344.7,0.69296461875,54.0
1f3654aef5539d7393e1c6a4a8be552f,206.0,313.5,344.7,0.6812409375,48.0
1f3654aef5539d7393e1c6a4a8be552f,226.6,313.5,344.7,0.653199159375,42.0
1f3654aef5539d7393e1c6a4a8be552f,185.4,285.0,421.3,0.5123582099999999,36.0
1f3654aef5539d7393e1c6a4a8be552f,206.0,285.0,421.3,0.5036900555555556,32.0
1f3654aef5539d7393e1c6a4a8be552f,226.6,285.0,421.3,0.4829567672222222,28.0
1f3654aef5539d7393e1c6a4a8be552f,185.4,256.5,421.3,0.46269083250000004,36.0
1f3654aef5539d7393e1c6a4a8be552f,206.0,256.5,421.3,0.45486295833333334,32.0
1f3654aef5539d7393e1c6a4a8be552f,226.6,256.5,421.3,0.43613952958333335,28.0
1f3654aef5539d7393e1c6a4a8be552f,185.4,313.5,421.3,0.421519190625,27.0
1f3654aef5539d7393e1c6a4a8be552f,206.0,313.5,421.3,0.4143878645833333,24.0
1f3654aef5539d7393e1c6a4a8be552f,226.6,313.5,421.3,0.3973305036458334,21.0
1fe6b9010b30d1d429fc0c7a240159aa,280.5,266.4,355.5,0.8072490374999999,48.0
1fe6b9010b30d1d429fc0c7a240159aa,229.5,266.4,355.5,0.7758792562499999,56.0
1fe6b9010b30d1d429fc0c7a240159aa,255.0,266.4,355.5,0.7361441999999999,48.0
1fe6b9010b30d1d429fc0c7a240159aa,280.5,325.6,355.5,0.735581503125,36.0
1fe6b9010b30d1d429fc0c7a240159aa,229.5,325.6,355.5,0.7069967296875,42.0
1fe6b9010b30d1d429fc0c7a240159aa,255.0,325.6,355.5,0.6707893500000001,36.0
1fe6b9010b30d1d429fc0c7a240159aa,280.5,296.0,355.5,0.670509140625,36.0
1fe6b9010b30d1d429fc0c7a240159aa,229.5,296.0,355.5,0.6444530859375,42.0
1fe6b9010b30d1d429fc0c7a240159aa,255.0,296.0,355.5,0.61144875,36.0
1fe6b9010b30d1d429fc0c7a240159aa,280.5,266.4,434.5,0.49110418124999994,24.0
1fe6b9010b30d1d429fc0c7a240159aa,229.5,266.4,434.5,0.47201982187499997,28.0
1fe6b9010b30d1d429fc0c7a240159aa,255.0,266.4,434.5,0.4478463,24.0
1fe6b9010b30d1d429fc0c7a240159aa,280.5,325.6,434.5,0.44750397343750004,18.0
1fe6b9010b30d1d429fc0c7a240159aa,280.5,266.4,395.0,0.44736434999999997,24.0
1fe6b9010b30d1d429fc0c7a240159aa,229.5,325.6,434.5,0.43011392265625004,21.0
1fe6b9010b30d1d429fc0c7a240159aa,229.5,266.4,395.0,0.429979725,28.0
1fe6b9010b30d1d429fc0c7a240159aa,255.0,325.6,434.5,0.40808652500000003,18.0
1fe6b9010b30d1d429fc0c7a240159aa,255.0,266.4,395.0,0.40795919999999997,24.0
1fe6b9010b30d1d429fc0c7a240159aa,280.5,296.0,434.5,0.4079160546875,18.0
1fe6b9010b30d1d429fc0c7a240159aa,280.5,325.6,395.0,0.40764736250000005,18.0
1fe6b9010b30d1d429fc0c7a240159aa,229.5,296.0,434.5,0.39206439453125,21.0
1fe6b9010b30d1d429fc0c7a240159aa,229.5,325.6,395.0,0.39180614375000006,21.0
1fe6b9010b30d1d429fc0c7a240159aa,255.0,296.0,434.5,0.371985625,18.0
1fe6b9010b30d1d429fc0c7a240159aa,255.0,325.6,395.0,0.37174060000000003,18.0
1fe6b9010b30d1d429fc0c7a240159aa,280.5,296.0,395.0,0.3715853125,18.0
1fe6b9010b30d1d429fc0c7a240159aa,229.5,296.0,395.0,0.35714546875,21.0
1fe6b9010b30d1d429fc0c7a240159aa,255.0,296.0,395.0,0.338855,18.0
2060590a59a5c59ff1bb32dbffe1028b,288.0,286.0,386.0,0.96133125,48.0
2060590a59a5c59ff1bb32dbffe1028b,316.8,286.0,386.0,0.8787927083333333,40.0
2060590a59a5c59ff1bb32dbffe1028b,288.0,257.4,386.0,0.8681309999999999,48.0
2060590a59a5c59ff1bb32dbffe1028b,259.2,286.0,386.0,0.86811125,48.0
2060590a59a5c59ff1bb32dbffe1028b,288.0,286.0,347.4,0.8673884999999999,48.0
2060590a59a5c59ff1bb32dbffe1028b,316.8,257.4,386.0,0.7935945,40.0
2060590a59a5c59ff1bb32dbffe1028b,316.8,286.0,347.4,0.79291575,40.0
2060590a59a5c59ff1bb32dbffe1028b,288.0,314.6,386.0,0.7908986250000002,36.0
2060590a59a5c59ff1bb32dbffe1028b,259.2,257.4,386.0,0.7839486,48.0
2060590a59a5c59ff1bb32dbffe1028b,288.0,257.4,347.4,0.7832959199999998,48.0
2060590a59a5c59ff1bb32dbffe1028b,259.2,286.0,347.4,0.7832781,48.0
2060590a59a5c59ff1bb32dbffe1028b,316.8,314.6,386.0,0.7229931875,30.0
2060590a59a5c59ff1bb32dbffe1028b,316.8,257.4,347.4,0.7160432399999999,40.0
2060590a59a5c59ff1bb32dbffe1028b,259.2,314.6,386.0,0.714205425,36.0
2060590a59a5c59ff1bb32dbffe1028b,288.0,314.6,347.4,0.71361081,36.0
2060590a59a5c59ff1bb32dbffe1028b,259.2,257.4,347.4,0.7073399519999999,48.0
2060590a59a5c59ff1bb32dbffe1028b,316.8,314.6,347.4,0.652341195,30.0
2060590a59a5c59ff1bb32dbffe1028b,259.2,314.6,347.4,0.6444121859999999,36.0
2060590a59a5c59ff1bb32dbffe1028b,288.0,286.0,424.6,0.527637,24.0
2060590a59a5c59ff1bb32dbffe1028b,316.8,286.0,424.6,0.4823348333333333,20.0
2060590a59a5c59ff1bb32dbffe1028b,288.0,257.4,424.6,0.4764830399999999,24.0
2060590a59a5c59ff1bb32dbffe1028b,259.2,286.0,424.6,0.47647219999999996,24.0
2060590a59a5c59ff1bb32dbffe1028b,316.8,257.4,424.6,0.43557288000000005,20.0
2060590a59a5c59ff1bb32dbffe1028b,288.0,314.6,424.6,0.43409322000000006,18.0
2060590a59a5c59ff1bb32dbffe1028b,259.2,257.4,424.6,0.430278624,24.0
2060590a59a5c59ff1bb32dbffe1028b,316.8,314.6,424.6,0.39682259,15.0
2060590a59a5c59ff1bb32dbffe1028b,259.2,314.6,424.6,0.391999332,18.0
225c1760c0e9639bbb73f58d280b7a0e,246.4,264.6,353.7,0.821351076,56.0
225c1760c0e9639bbb73f58d280b7a0e,201.6,264.6,353.7,0.774030816,64.0
225c1760c0e9639bbb73f58d280b7a0e,224.0,264.6,353.7,0.7493140200000001,56.0
225c1760c0e9639bbb73f58d280b7a0e,246.4,323.4,353.7,0.7484021317499999,42.0
225c1760c0e9639bbb73f58d280b7a0e,201.6,323.4,353.7,0.7052846579999998,48.0
225c1760c0e9639bbb73f58d280b7a0e,224.0,323.4,353.7,0.6827631037499999,42.0
225c1760c0e9639bbb73f58d280b7a0e,246.4,294.0,353.7,0.6822077193749999,42.0
225c1760c0e9639bbb73f58d280b7a0e,201.6,294.0,353.7,0.642903885,48.0
225c1760c0e9639bbb73f58d280b7a0e,224.0,294.0,353.7,0.622374309375,42.0
225c1760c0e9639bbb73f58d280b7a0e,246.4,264.6,432.3,0.49967222200000005,28.0
225c1760c0e9639bbb73f58d280b7a0e,201.6,264.6,432.3,0.4708847520000001,32.0
225c1760c0e9639bbb73f58d280b7a0e,224.0,264.6,432.3,0.45584819000000004,28.0
225c1760c0e9639bbb73f58d280b7a0e,246.4,323.4,432.3,0.455293439125,21.0
225c1760c0e9639bbb73f58d280b7a0e,246.4,264.6,393.0,0.4551738800000001,28.0
225c1760c0e9639bbb73f58d280b7a0e,201.6,323.4,432.3,0.42906275099999996,24.0
225c1760c0e9639bbb73f58d280b7a0e,201.6,264.6,393.0,0.42895008,32.0
225c1760c0e9639bbb73f58d280b7a0e,224.0,323.4,432.3,0.415361673125,21.0
225c1760c0e9639bbb73f58d280b7a0e,224.0,264.6,393.0,0.4152526,28.0
225c1760c0e9639bbb73f58d280b7a0e,246.4,294.0,432.3,0.4150238028125,21.0
225c1760c0e9639bbb73f58d280b7a0e,246.4,323.4,393.0,0.41474725249999994,21.0
225c1760c0e9639bbb73f58d280b7a0e,201.6,294.0,432.3,0.3911131575,24.0
225c1760c0e9639bbb73f58d280b7a0e,201.6,323.4,393.0,0.3908525399999999,24.0
225c1760c0e9639bbb73f58d280b7a0e,224.0,294.0,432.3,0.37862390781249994,21.0
225c1760c0e9639bbb73f58d280b7a0e,224.0,323.4,393.0,0.3783716125,21.0
225c1760c0e9639bbb73f58d280b7a0e,246.4,294.0,393.0,0.37806383125,21.0
225c1760c0e9639bbb73f58d280b7a0e,201.6,294.0,393.0,0.35628255,24.0
225c1760c0e9639bbb73f58d280b7a0e,224.0,294.0,393.0,0.34490553125,21.0
228ba4e5ea3c7574cbd9ce77434d4525,166.5,282.0,380.0,0.919741875,80.0
228ba4e5ea3c7574cbd9ce77434d4525,185.0,282.0,380.0,0.91502525,72.0
228ba4e5ea3c7574cbd9ce77434d4525,203.5,282.0,380.0,0.8909180555555556,64.0
228ba4e5ea3c7574cbd9ce77434d4525,166.5,253.8,380.0,0.83061225,80.0
228ba4e5ea3c7574cbd9ce77434d4525,166.5,282.0,342.0,0.829895625,80.0
228ba4e5ea3c7574cbd9ce77434d4525,185.0,253.8,380.0,0.8263527,72.0
228ba4e5ea3c7574cbd9ce77434d4525,185.0,282.0,342.0,0.82563975,72.0
228ba4e5ea3c7574cbd9ce77434d4525,203.5,253.8,380.0,0.8045816666666666,64.0
228ba4e5ea3c7574cbd9ce77434d4525,203.5,282.0,342.0,0.8038875,64.0
228ba4e5ea3c7574cbd9ce77434d4525,166.5,310.2,380.0,0.756653625,60.0
228ba4e5ea3c7574cbd9ce77434d4525,185.0,310.2,380.0,0.75277335,54.0
228ba4e5ea3c7574cbd9ce77434d4525,166.5,253.8,342.0,0.74947275,80.0
228ba4e5ea3c7574cbd9ce77434d4525,185.0,253.8,342.0,0.7456293,72.0
228ba4e5ea3c7574cbd9ce77434d4525,203.5,310.2,380.0,0.7329408333333334,48.0
228ba4e5ea3c7574cbd9ce77434d4525,203.5,253.8,342.0,0.725985,64.0
228ba4e5ea3c7574cbd9ce77434d4525,166.5,310.2,342.0,0.6827388749999999,60.0
228ba4e5ea3c7574cbd9ce77434d4525,185.0,310.2,342.0,0.6792376499999999,54.0
228ba4e5ea3c7574cbd9ce77434d4525,203.5,310.2,342.0,0.6613425,48.0
228ba4e5ea3c7574cbd9ce77434d4525,166.5,282.0,418.0,0.5047940625,40.0
228ba4e5ea3c7574cbd9ce77434d4525,185.0,282.0,418.0,0.502205375,36.0
228ba4e5ea3c7574cbd9ce77434d4525,203.5,282.0,418.0,0.48897430555555554,32.0
228ba4e5ea3c7574cbd9ce77434d4525,166.5,253.8,418.0,0.455875875,40.0
228ba4e5ea3c7574cbd9ce77434d4525,185.0,253.8,418.0,0.4535380500000001,36.0
228ba4e5ea3c7574cbd9ce77434d4525,203.5,253.8,418.0,0.44158916666666664,32.0
228ba4e5ea3c7574cbd9ce77434d4525,166.5,310.2,418.0,0.4152841875,30.0
228ba4e5ea3c7574cbd9ce77434d4525,185.0,310.2,418.0,0.41315452499999994,27.0
228ba4e5ea3c7574cbd9ce77434d4525,203.5,310.2,418.0,0.40226958333333335,24.0
2358aed8ccfb64eb89ff5dcd9e30de7d,316.8,266.4,355.5,0.7570573875,40.0
2358aed8ccfb64eb89ff5dcd9e30de7d,387.2,266.4,355.5,0.7365159899999999,32.0
2358aed8ccfb64eb89ff5dcd9e30de7d,316.8,325.6,355.5,0.6898458656249999,30.0
2358aed8ccfb64eb89ff5dcd9e30de7d,387.2,325.6,355.5,0.6711281325,24.0
2358aed8ccfb64eb89ff5dcd9e30de7d,352.0,266.4,355.5,0.6710809499999999,32.0
2358aed8ccfb64eb89ff5dcd9e30de7d,316.8,296.0,355.5,0.628819453125,30.0
2358aed8ccfb64eb89ff5dcd9e30de7d,387.2,296.0,355.5,0.6117575625,24.0
2358aed8ccfb64eb89ff5dcd9e30de7d,352.0,325.6,355.5,0.6115024125,24.0
2358aed8ccfb64eb89ff5dcd9e30de7d,352.0,296.0,355.5,0.5574065625,24.0
2358aed8ccfb64eb89ff5dcd9e30de7d,316.8,266.4,434.5,0.4605692062499999,20.0
2358aed8ccfb64eb89ff5dcd9e30de7d,387.2,266.4,434.5,0.44807248499999996,16.0
2358aed8ccfb64eb89ff5dcd9e30de7d,316.8,325.6,434.5,0.4196798921875,15.0
2358aed8ccfb64eb89ff5dcd9e30de7d,316.8,266.4,395.0,0.4195489499999999,20.0
2358aed8ccfb64eb89ff5dcd9e30de7d,387.2,325.6,434.5,0.4082926293055556,12.0
2358aed8ccfb64eb89ff5dcd9e30de7d,352.0,266.4,434.5,0.40826392499999997,16.0
2358aed8ccfb64eb89ff5dcd9e30de7d,387.2,266.4,395.0,0.40816523999999993,16.0
2358aed8ccfb64eb89ff5dcd9e30de7d,316.8,296.0,434.5,0.3825533984375,15.0
2358aed8ccfb64eb89ff5dcd9e30de7d,316.8,325.6,395.0,0.38230141250000005,15.0
2358aed8ccfb64eb89ff5dcd9e30de7d,387.2,296.0,434.5,0.37217349652777776,12.0
2358aed8ccfb64eb89ff5dcd9e30de7d,352.0,325.6,434.5,0.37201827152777783,12.0
2358aed8ccfb64eb89ff5dcd9e30de7d,387.2,325.6,395.0,0.3719283477777778,12.0
2358aed8ccfb64eb89ff5dcd9e30de7d,352.0,266.4,395.0,0.37190219999999996,16.0
2358aed8ccfb64eb89ff5dcd9e30de7d,316.8,296.0,395.0,0.3484815625,15.0
2358aed8ccfb64eb89ff5dcd9e30de7d,352.0,296.0,434.5,0.3391081076388889,12.0
2358aed8ccfb64eb89ff5dcd9e30de7d,387.2,296.0,395.0,0.3390261388888889,12.0
2358aed8ccfb64eb89ff5dcd9e30de7d,352.0,325.6,395.0,0.3388847388888889,12.0
2358aed8ccfb64eb89ff5dcd9e30de7d,352.0,296.0,395.0,0.30890569444444443,12.0
2361696c0cf9b4a8490d7098c11e6a51,275.0,229.5,353.7,0.8530250625,60.0
2361696c0cf9b4a8490d7098c11e6a51,275.0,280.5,353.7,0.82834635,48.0
2361696c0cf9b4a8490d7098c11e6a51,225.0,229.5,353.7,0.819985359375,70.0
2361696c0cf9b4a8490d7098c11e6a51,225.0,280.5,353.7,0.7962625124999999,56.0
2361696c0cf9b4a8490d7098c11e6a51,250.0,229.5,353.7,0.777934828125,60.0
2361696c0cf9b4a8490d7098c11e6a51,250.0,280.5,353.7,0.7554285374999999,48.0
2361696c0cf9b4a8490d7098c11e6a51,275.0,255.0,353.7,0.7553831999999999,48.0
2361696c0cf9b4a8490d7098c11e6a51,225.0,255.0,353.7,0.7261254,56.0
2361696c0cf9b4a8490d7098c11e6a51,250.0,255.0,353.7,0.6888882,48.0
2361696c0cf9b4a8490d7098c11e6a51,275.0,229.5,432.3,0.51894121875,30.0
2361696c0cf9b4a8490d7098c11e6a51,275.0,280.5,432.3,0.503927825,24.0
2361696c0cf9b4a8490d7098c11e6a51,225.0,229.5,432.3,0.4988413828125,35.0
2361696c0cf9b4a8490d7098c11e6a51,225.0,280.5,432.3,0.48440949375000003,28.0
2361696c0cf9b4a8490d7098c11e6a51,250.0,229.5,432.3,0.4732597734375,30.0
2361696c0cf9b4a8490d7098c11e6a51,275.0,229.5,393.0,0.472726875,30.0
2361696c0cf9b4a8490d7098c11e6a51,250.0,280.5,432.3,0.45956798125000003,24.0
2361696c0cf9b4a8490d7098c11e6a51,275.0,255.0,432.3,0.4595404,24.0
2361696c0cf9b4a8490d7098c11e6a51,275.0,280.5,393.0,0.4590505,24.0
2361696c0cf9b4a8490d7098c11e6a51,225.0,229.5,393.0,0.45441703125,35.0
2361696c0cf9b4a8490d7098c11e6a51,225.0,255.0,432.3,0.4417413,28.0
2361696c0cf9b4a8490d7098c11e6a51,225.0,280.5,393.0,0.441270375,28.0
2361696c0cf9b4a8490d7098c11e6a51,250.0,229.5,393.0,0.43111359375,30.0
2361696c0cf9b4a8490d7098c11e6a51,250.0,255.0,432.3,0.4190879,24.0
2361696c0cf9b4a8490d7098c11e6a51,250.0,280.5,393.0,0.418641125,24.0
2361696c0cf9b4a8490d7098c11e6a51,275.0,255.0,393.0,0.418616,24.0
2361696c0cf9b4a8490d7098c11e6a51,225.0,255.0,393.0,0.402402,28.0
2361696c0cf9b4a8490d7098c11e6a51,250.0,255.0,393.0,0.381766,24.0
25a862538c3d2488d1284dc2bd9244f3,183.6,266.4,355.5,0.8055759824999998,72.0
25a862538c3d2488d1284dc2bd9244f3,204.0,266.4,355.5,0.7919126999999999,64.0
25a862538c3d2488d1284dc2bd9244f3,224.4,266.4,355.5,0.7592881275,56.0
25a862538c3d2488d1284dc2bd9244f3,183.6,325.6,355.5,0.7340569818749999,54.0
25a862538c3d2488d1284dc2bd9244f3,204.0,325.6,355.5,0.7216067250000001,48.0
25a862538c3d2488d1284dc2bd9244f3,224.4,325.6,355.5,0.6918785606250001,42.0
25a862538c3d2488d1284dc2bd9244f3,183.6,296.0,355.5,0.669119484375,54.0
25a862538c3d2488d1284dc2bd9244f3,204.0,296.0,355.5,0.657770625,48.0
25a862538c3d2488d1284dc2bd9244f3,224.4,296.0,355.5,0.630672328125,42.0
25a862538c3d2488d1284dc2bd9244f3,183.6,266.4,434.5,0.49008634875,36.0
25a862538c3d2488d1284dc2bd9244f3,204.0,266.4,434.5,0.48177405,32.0
25a862538c3d2488d1284dc2bd9244f3,224.4,266.4,434.5,0.46192631624999997,28.0
25a862538c3d2488d1284dc2bd9244f3,183.6,325.6,434.5,0.4465765040625,27.0
25a862538c3d2488d1284dc2bd9244f3,183.6,266.4,395.0,0.44643716999999994,36.0
25a862538c3d2488d1284dc2bd9244f3,204.0,325.6,434.5,0.43900217083333337,24.0
25a862538c3d2488d1284dc2bd9244f3,204.0,266.4,395.0,0.43886519999999996,32.0
25a862538c3d2488d1284dc2bd9244f3,224.4,325.6,434.5,0.4209165180208334,21.0
25a862538c3d2488d1284dc2bd9244f3,224.4,266.4,395.0,0.42078519,28.0
25a862538c3d2488d1284dc2bd9244f3,183.6,296.0,434.5,0.4070706328125,27.0
25a862538c3d2488d1284dc2bd9244f3,183.6,325.6,395.0,0.40680249749999997,27.0
25a862538c3d2488d1284dc2bd9244f3,204.0,296.0,434.5,0.4001663541666667,24.0
25a862538c3d2488d1284dc2bd9244f3,204.0,325.6,395.0,0.3999027666666667,24.0
25a862538c3d2488d1284dc2bd9244f3,224.4,296.0,434.5,0.38368062760416666,21.0
25a862538c3d2488d1284dc2bd9244f3,224.4,325.6,395.0,0.38342789916666675,21.0
25a862538c3d2488d1284dc2bd9244f3,183.6,296.0,395.0,0.3708151875,27.0
25a862538c3d2488d1284dc2bd9244f3,204.0,296.0,395.0,0.3645258333333333,24.0
25a862538c3d2488d1284dc2bd9244f3,224.4,296.0,395.0,0.3495083958333333,21.0
25b51ca97d24c6dd7fdc2fd6f9551dac,144.0,226.8,380.0,0.8933749687500001,110.0
25b51ca97d24c6dd7fdc2fd6f9551dac,158.4,226.8,380.0,0.8885975625000001,100.0
25b51ca97d24c6dd7fdc2fd6f9551dac,129.6,226.8,380.0,0.8828646750000001,120.0
25b51ca97d24c6dd7fdc2fd6f9551dac,144.0,277.2,380.0,0.8674602749999999,88.0
25b51ca97d24c6dd7fdc2fd6f9551dac,158.4,277.2,380.0,0.86282145,80.0
25b51ca97d24c6dd7fdc2fd6f9551dac,129.6,277.2,380.0,0.85725486,96.0
25b51ca97d24c6dd7fdc2fd6f9551dac,144.0,226.8,342.0,0.80610440625,110.0
25b51ca97d24c6dd7fdc2fd6f9551dac,158.4,226.8,342.0,0.8017936875000001,100.0
25b51ca97d24c6dd7fdc2fd6f9551dac,129.6,226.8,342.0,0.7966208250000001,120.0
25b51ca97d24c6dd7fdc2fd6f9551dac,144.0,252.0,380.0,0.791080125,88.0
25b51ca97d24c6dd7fdc2fd6f9551dac,158.4,252.0,380.0,0.78684975,80.0
25b51ca97d24c6dd7fdc2fd6f9551dac,144.0,277.2,342.0,0.782721225,88.0
25b51ca97d24c6dd7fdc2fd6f9551dac,129.6,252.0,380.0,0.7817732999999999,96.0
25b51ca97d24c6dd7fdc2fd6f9551dac,158.4,277.2,342.0,0.77853555,80.0
25b51ca97d24c6dd7fdc2fd6f9551dac,129.6,277.2,342.0,0.77351274,96.0
25b51ca97d24c6dd7fdc2fd6f9551dac,144.0,252.0,342.0,0.713802375,88.0
25b51ca97d24c6dd7fdc2fd6f9551dac,158.4,252.0,342.0,0.70998525,80.0
25b51ca97d24c6dd7fdc2fd6f9551dac,129.6,252.0,342.0,0.7054047,96.0
25b51ca97d24c6dd7fdc2fd6f9551dac,144.0,226.8,418.0,0.490322765625,55.0
25b51ca97d24c6dd7fdc2fd6f9551dac,158.4,226.8,418.0,0.48770071875000015,50.0
25b51ca97d24c6dd7fdc2fd6f9551dac,129.6,226.8,418.0,0.4845542625,60.0
25b51ca97d24c6dd7fdc2fd6f9551dac,144.0,277.2,418.0,0.47609966249999996,44.0
25b51ca97d24c6dd7fdc2fd6f9551dac,158.4,277.2,418.0,0.4735536749999999,40.0
25b51ca97d24c6dd7fdc2fd6f9551dac,129.6,277.2,418.0,0.47049849,48.0
25b51ca97d24c6dd7fdc2fd6f9551dac,144.0,252.0,418.0,0.4341789375,44.0
25b51ca97d24c6dd7fdc2fd6f9551dac,158.4,252.0,418.0,0.431857125,40.0
25b51ca97d24c6dd7fdc2fd6f9551dac,129.6,252.0,418.0,0.42907094999999995,48.0
27cfee279bf2517d910cfab7c0b51213,183.6,286.0,386.0,0.935113125,72.0
27cfee279bf2517d910cfab7c0b51213,204.0,286.0,386.0,0.9192527777777778,64.0
27cfee279bf2517d910cfab7c0b51213,224.4,286.0,386.0,0.8813821527777778,56.0
27cfee279bf2517d910cfab7c0b51213,183.6,257.4,386.0,0.8444546999999999,72.0
27cfee279bf2517d910cfab7c0b51213,183.6,286.0,347.4,0.84373245,72.0
27cfee279bf2517d910cfab7c0b51213,204.0,257.4,386.0,0.830132,64.0
27cfee279bf2517d910cfab7c0b51213,204.0,286.0,347.4,0.829422,64.0
27cfee279bf2517d910cfab7c0b51213,224.4,257.4,386.0,0.7959329,56.0
27cfee279bf2517d910cfab7c0b51213,224.4,286.0,347.4,0.79525215,56.0
27cfee279bf2517d910cfab7c0b51213,183.6,314.6,386.0,0.7693286625,54.0
27cfee279bf2517d910cfab7c0b51213,183.6,257.4,347.4,0.7619333039999999,72.0
27cfee279bf2517d910cfab7c0b51213,204.0,314.6,386.0,0.7562801666666666,48.0
27cfee279bf2517d910cfab7c0b51213,204.0,257.4,347.4,0.7490102399999998,64.0
27cfee279bf2517d910cfab7c0b51213,224.4,314.6,386.0,0.7251235541666667,42.0
27cfee279bf2517d910cfab7c0b51213,224.4,257.4,347.4,0.7181531279999999,56.0
27cfee279bf2517d910cfab7c0b51213,183.6,314.6,347.4,0.6941486969999999,54.0
27cfee279bf2517d910cfab7c0b51213,204.0,314.6,347.4,0.68237532,48.0
27cfee279bf2517d910cfab7c0b51213,224.4,314.6,347.4,0.6542633790000001,42.0
27cfee279bf2517d910cfab7c0b51213,183.6,286.0,424.6,0.5132469000000001,36.0
27cfee279bf2517d910cfab7c0b51213,204.0,286.0,424.6,0.5045417777777778,32.0
27cfee279bf2517d910cfab7c0b51213,224.4,286.0,424.6,0.48375607777777774,28.0
27cfee279bf2517d910cfab7c0b51213,183.6,257.4,424.6,0.46348804799999993,36.0
27cfee279bf2517d910cfab7c0b51213,204.0,257.4,424.6,0.45562688,32.0
27cfee279bf2517d910cfab7c0b51213,224.4,257.4,424.6,0.43685633599999996,28.0
27cfee279bf2517d910cfab7c0b51213,183.6,314.6,424.6,0.422254314,27.0
27cfee279bf2517d910cfab7c0b51213,204.0,314.6,424.6,0.41509250666666675,24.0
27cfee279bf2517d910cfab7c0b51213,224.4,314.6,424.6,0.3979918646666667,21.0
27f597341f2223c1757e942d65f52be3,162.0,286.0,386.0,0.9224895833333333,80.0
27f597341f2223c1757e942d65f52be3,145.8,286.0,386.0,0.9186054166666666,88.0
27f597341f2223c1757e942d65f52be3,178.2,286.0,386.0,0.908895,72.0
27f597341f2223c1757e942d65f52be3,162.0,257.4,386.0,0.8330549999999999,80.0
27f597341f2223c1757e942d65f52be3,162.0,286.0,347.4,0.8323425,80.0
27f597341f2223c1757e942d65f52be3,145.8,257.4,386.0,0.8295474,88.0
27f597341f2223c1757e942d65f52be3,145.8,286.0,347.4,0.8288378999999999,88.0
27f597341f2223c1757e942d65f52be3,178.2,257.4,386.0,0.8207783999999999,72.0
27f597341f2223c1757e942d65f52be3,178.2,286.0,347.4,0.8200763999999999,72.0
27f597341f2223c1757e942d65f52be3,162.0,314.6,386.0,0.7589431250000002,60.0
27f597341f2223c1757e942d65f52be3,145.8,314.6,386.0,0.7557475750000001,66.0
27f597341f2223c1757e942d65f52be3,162.0,257.4,347.4,0.7516475999999999,80.0
27f597341f2223c1757e942d65f52be3,145.8,257.4,347.4,0.748482768,88.0
27f597341f2223c1757e942d65f52be3,178.2,314.6,386.0,0.7477587,54.0
27f597341f2223c1757e942d65f52be3,178.2,257.4,347.4,0.7405706879999999,72.0
27f597341f2223c1757e942d65f52be3,162.0,314.6,347.4,0.68477805,60.0
27f597341f2223c1757e942d65f52be3,145.8,314.6,347.4,0.6818947740000001,66.0
27f597341f2223c1757e942d65f52be3,178.2,314.6,347.4,0.6746865839999999,54.0
27f597341f2223c1757e942d65f52be3,162.0,286.0,424.6,0.5063183333333333,40.0
27f597341f2223c1757e942d65f52be3,145.8,286.0,424.6,0.5041864666666668,44.0
27f597341f2223c1757e942d65f52be3,178.2,286.0,424.6,0.49885680000000004,36.0
27f597341f2223c1757e942d65f52be3,162.0,257.4,424.6,0.4572312,40.0
27f597341f2223c1757e942d65f52be3,145.8,257.4,424.6,0.4553060160000001,44.0
27f597341f2223c1757e942d65f52be3,178.2,257.4,424.6,0.45049305599999995,36.0
27f597341f2223c1757e942d65f52be3,162.0,314.6,424.6,0.41655410000000004,30.0
27f597341f2223c1757e942d65f52be3,145.8,314.6,424.6,0.41480018800000007,33.0
27f597341f2223c1757e942d65f52be3,178.2,314.6,424.6,0.41041540800000004,27.0
3068e6f2a2ce79314e458b7a6ab57b4d,144.0,288.0,388.0,0.918707625,88.0
3068e6f2a2ce79314e458b7a6ab57b4d,158.4,288.0,388.0,0.91379475,80.0
3068e6f2a2ce79314e458b7a6ab57b4d,129.6,288.0,388.0,0.9078993,96.0
3068e6f2a2ce79314e458b7a6ab57b4d,144.0,259.2,388.0,0.8296208249999999,88.0
3068e6f2a2ce79314e458b7a6ab57b4d,144.0,288.0,349.2,0.8289195749999999,88.0
3068e6f2a2ce79314e458b7a6ab57b4d,158.4,259.2,388.0,0.8251843500000001,80.0
3068e6f2a2ce79314e458b7a6ab57b4d,158.4,288.0,349.2,0.8244868500000001,80.0
3068e6f2a2ce79314e458b7a6ab57b4d,129.6,259.2,388.0,0.8198605800000001,96.0
3068e6f2a2ce79314e458b7a6ab57b4d,129.6,288.0,349.2,0.8191675799999999,96.0
3068e6f2a2ce79314e458b7a6ab57b4d,144.0,316.8,388.0,0.75584581875,66.0
3068e6f2a2ce79314e458b7a6ab57b4d,158.4,316.8,388.0,0.7518038625000001,60.0
3068e6f2a2ce79314e458b7a6ab57b4d,144.0,259.2,349.2,0.7485394949999999,88.0
3068e6f2a2ce79314e458b7a6ab57b4d,129.6,316.8,388.0,0.7469535150000001,72.0
3068e6f2a2ce79314e458b7a6ab57b4d,158.4,259.2,349.2,0.7445366099999999,80.0
3068e6f2a2ce79314e458b7a6ab57b4d,129.6,259.2,349.2,0.739733148,96.0
3068e6f2a2ce79314e458b7a6ab57b4d,144.0,316.8,349.2,0.6819747412499999,66.0
3068e6f2a2ce79314e458b7a6ab57b4d,158.4,316.8,349.2,0.6783278175,60.0
3068e6f2a2ce79314e458b7a6ab57b4d,129.6,316.8,349.2,0.6739515089999999,72.0
3068e6f2a2ce79314e458b7a6ab57b4d,144.0,288.0,426.8,0.5042478375,44.0
3068e6f2a2ce79314e458b7a6ab57b4d,158.4,288.0,426.8,0.5015513250000001,40.0
3068e6f2a2ce79314e458b7a6ab57b4d,129.6,288.0,426.8,0.49831550999999996,48.0
3068e6f2a2ce79314e458b7a6ab57b4d,144.0,259.2,426.8,0.4553510775,44.0
3068e6f2a2ce79314e458b7a6ab57b4d,158.4,259.2,426.8,0.452916045,40.0
3068e6f2a2ce79314e458b7a6ab57b4d,129.6,259.2,426.8,0.44999400599999995,48.0
3068e6f2a2ce79314e458b7a6ab57b4d,144.0,316.8,426.8,0.414858448125,33.0
3068e6f2a2ce79314e458b7a6ab57b4d,158.4,316.8,426.8,0.41263995375,30.0
3068e6f2a2ce79314e458b7a6ab57b4d,129.6,316.8,426.8,0.4099777605,36.0
3249c6671a2e400c91ae940376aa4946,241.2,288.0,388.0,0.9560454749999998,56.0
3249c6671a2e400c91ae940376aa4946,268.0,288.0,388.0,0.90724425,48.0
3249c6671a2e400c91ae940376aa4946,241.2,259.2,388.0,0.8633380350000001,56.0
3249c6671a2e400c91ae940376aa4946,241.2,288.0,349.2,0.862608285,56.0
3249c6671a2e400c91ae940376aa4946,294.8,288.0,388.0,0.829184125,40.0
3249c6671a2e400c91ae940376aa4946,268.0,259.2,388.0,0.8192690499999999,48.0
3249c6671a2e400c91ae940376aa4946,268.0,288.0,349.2,0.8185765500000001,48.0
3249c6671a2e400c91ae940376aa4946,241.2,316.8,388.0,0.78656468625,42.0
3249c6671a2e400c91ae940376aa4946,241.2,259.2,349.2,0.778961421,56.0
3249c6671a2e400c91ae940376aa4946,294.8,259.2,388.0,0.7487783916666666,40.0
3249c6671a2e400c91ae940376aa4946,294.8,288.0,349.2,0.748145475,40.0
3249c6671a2e400c91ae940376aa4946,268.0,316.8,388.0,0.7464145875,36.0
3249c6671a2e400c91ae940376aa4946,268.0,259.2,349.2,0.73919943,48.0
3249c6671a2e400c91ae940376aa4946,241.2,316.8,349.2,0.7096913617499999,42.0
3249c6671a2e400c91ae940376aa4946,294.8,316.8,388.0,0.6821923937500001,30.0
3249c6671a2e400c91ae940376aa4946,294.8,259.2,349.2,0.675598035,40.0
3249c6671a2e400c91ae940376aa4946,268.0,316.8,349.2,0.6734652525,36.0
3249c6671a2e400c91ae940376aa4946,294.8,316.8,349.2,0.6155196862500001,30.0
3249c6671a2e400c91ae940376aa4946,241.2,288.0,426.8,0.5247413325,28.0
3249c6671a2e400c91ae940376aa4946,268.0,288.0,426.8,0.49795597500000005,24.0
3249c6671a2e400c91ae940376aa4946,241.2,259.2,426.8,0.47385732449999995,28.0
3249c6671a2e400c91ae940376aa4946,294.8,288.0,426.8,0.4551113875,20.0
3249c6671a2e400c91ae940376aa4946,268.0,259.2,426.8,0.44966933499999995,24.0
3249c6671a2e400c91ae940376aa4946,241.2,316.8,426.8,0.431719005375,21.0
3249c6671a2e400c91ae940376aa4946,294.8,259.2,426.8,0.4109793741666667,20.0
3249c6671a2e400c91ae940376aa4946,268.0,316.8,426.8,0.40968196125,18.0
3249c6671a2e400c91ae940376aa4946,294.8,316.8,426.8,0.374432550625,15.0
3256a5fed07b421a92abee44a3d93243,286.0,266.4,355.5,0.822585375,48.0
3256a5fed07b421a92abee44a3d93243,234.0,266.4,355.5,0.7905184874999999,56.0
3256a5fed07b421a92abee44a3d93243,260.0,266.4,355.5,0.7500863249999999,48.0
3256a5fed07b421a92abee44a3d93243,286.0,325.6,355.5,0.74955628125,36.0
3256a5fed07b421a92abee44a3d93243,234.0,325.6,355.5,0.720336290625,42.0
3256a5fed07b421a92abee44a3d93243,260.0,325.6,355.5,0.6834936937500001,36.0
3256a5fed07b421a92abee44a3d93243,286.0,296.0,355.5,0.68324765625,36.0
3256a5fed07b421a92abee44a3d93243,234.0,296.0,355.5,0.656612578125,42.0
3256a5fed07b421a92abee44a3d93243,260.0,296.0,355.5,0.62302921875,36.0
3256a5fed07b421a92abee44a3d93243,286.0,266.4,434.5,0.5004343125,24.0
3256a5fed07b421a92abee44a3d93243,234.0,266.4,434.5,0.48092585625,28.0
3256a5fed07b421a92abee44a3d93243,260.0,266.4,434.5,0.4563282375,24.0
3256a5fed07b421a92abee44a3d93243,286.0,325.6,434.5,0.45600577604166664,18.0
3256a5fed07b421a92abee44a3d93243,286.0,266.4,395.0,0.4558635,24.0
3256a5fed07b421a92abee44a3d93243,234.0,325.6,434.5,0.43822927968750003,21.0
3256a5fed07b421a92abee44a3d93243,234.0,266.4,395.0,0.4380925499999999,28.0
3256a5fed07b421a92abee44a3d93243,260.0,325.6,434.5,0.41581543645833335,18.0
3256a5fed07b421a92abee44a3d93243,260.0,266.4,395.0,0.41568569999999994,24.0
3256a5fed07b421a92abee44a3d93243,286.0,296.0,434.5,0.4156657552083333,18.0
3256a5fed07b421a92abee44a3d93243,286.0,325.6,395.0,0.4153919583333333,18.0
3256a5fed07b421a92abee44a3d93243,234.0,296.0,434.5,0.3994618359375,21.0
3256a5fed07b421a92abee44a3d93243,234.0,325.6,395.0,0.39919871250000005,21.0
3256a5fed07b421a92abee44a3d93243,260.0,296.0,434.5,0.37903080729166666,18.0
3256a5fed07b421a92abee44a3d93243,260.0,325.6,395.0,0.3787811416666667,18.0
3256a5fed07b421a92abee44a3d93243,286.0,296.0,395.0,0.37864479166666665,18.0
3256a5fed07b421a92abee44a3d93243,234.0,296.0,395.0,0.3638840625,21.0
3256a5fed07b421a92abee44a3d93243,260.0,296.0,395.0,0.34527270833333334,18.0
32afd4b4cbf80746743543d141a1b52c,211.5,266.4,355.5,0.81979695,64.0
32afd4b4cbf80746743543d141a1b52c,235.0,266.4,355.5,0.7937716499999999,56.0
32afd4b4cbf80746743543d141a1b52c,211.5,325.6,355.5,0.7470154125000001,48.0
32afd4b4cbf80746743543d141a1b52c,258.5,266.4,355.5,0.7459036875,48.0
32afd4b4cbf80746743543d141a1b52c,235.0,325.6,355.5,0.7233006375000001,42.0
32afd4b4cbf80746743543d141a1b52c,211.5,296.0,355.5,0.6809315625,48.0
32afd4b4cbf80746743543d141a1b52c,258.5,325.6,355.5,0.679682390625,36.0
32afd4b4cbf80746743543d141a1b52c,235.0,296.0,355.5,0.6593146875,42.0
32afd4b4cbf80746743543d141a1b52c,258.5,296.0,355.5,0.619555078125,36.0
32afd4b4cbf80746743543d141a1b52c,211.5,266.4,434.5,0.49873792499999997,32.0
32afd4b4cbf80746743543d141a1b52c,235.0,266.4,434.5,0.48290497499999996,28.0
32afd4b4cbf80746743543d141a1b52c,211.5,325.6,434.5,0.45445999375,24.0
32afd4b4cbf80746743543d141a1b52c,211.5,266.4,395.0,0.45431819999999995,32.0
32afd4b4cbf80746743543d141a1b52c,258.5,266.4,434.5,0.45378365625,24.0
32afd4b4cbf80746743543d141a1b52c,235.0,325.6,434.5,0.44003269236111114,21.0
32afd4b4cbf80746743543d141a1b52c,235.0,266.4,395.0,0.4398953999999999,28.0
32afd4b4cbf80746743543d141a1b52c,211.5,296.0,434.5,0.41425671875,24.0
32afd4b4cbf80746743543d141a1b52c,211.5,325.6,395.0,0.41398385000000004,24.0
32afd4b4cbf80746743543d141a1b52c,258.5,325.6,434.5,0.4134967630208333,18.0
32afd4b4cbf80746743543d141a1b52c,258.5,266.4,395.0,0.41336775,24.0
32afd4b4cbf80746743543d141a1b52c,235.0,296.0,434.5,0.40110571180555554,21.0
32afd4b4cbf80746743543d141a1b52c,235.0,325.6,395.0,0.40084150555555564,21.0
32afd4b4cbf80746743543d141a1b52c,211.5,296.0,395.0,0.37736125,24.0
32afd4b4cbf80746743543d141a1b52c,258.5,296.0,434.5,0.37691725260416664,18.0
32afd4b4cbf80746743543d141a1b52c,258.5,325.6,395.0,0.37666897916666664,18.0
32afd4b4cbf80746743543d141a1b52c,235.0,296.0,395.0,0.36538152777777777,21.0
32afd4b4cbf80746743543d141a1b52c,258.5,296.0,395.0,0.34334739583333335,18.0
3479d784dc4ed4c42784cabde22ac149,248.0,223.2,383.0,0.9476232499999999,70.0
3479d784dc4ed4c42784cabde22ac149,248.0,272.8,383.0,0.920035251851852,56.0
3479d784dc4ed4c42784cabde22ac149,272.8,223.2,383.0,0.8906289000000001,60.0
3479d784dc4ed4c42784cabde22ac149,272.8,272.8,383.0,0.864700168888889,48.0
3479d784dc4ed4c42784cabde22ac149,223.2,223.2,383.0,0.85617945,70.0
3479d784dc4ed4c42784cabde22ac149,248.0,223.2,344.7,0.8550365906249998,70.0
3479d784dc4ed4c42784cabde22ac149,248.0,248.0,383.0,0.8390669259259259,56.0
3479d784dc4ed4c42784cabde22ac149,223.2,272.8,383.0,0.83125364,56.0
3479d784dc4ed4c42784cabde22ac149,248.0,272.8,344.7,0.8301440525,56.0
3479d784dc4ed4c42784cabde22ac149,272.8,223.2,344.7,0.8036108212499999,60.0
3479d784dc4ed4c42784cabde22ac149,272.8,248.0,383.0,0.7886016444444445,48.0
3479d784dc4ed4c42784cabde22ac149,272.8,272.8,344.7,0.780215433,48.0
3479d784dc4ed4c42784cabde22ac149,223.2,223.2,344.7,0.772527223125,70.0
3479d784dc4ed4c42784cabde22ac149,223.2,248.0,383.0,0.7580985999999998,56.0
3479d784dc4ed4c42784cabde22ac149,248.0,248.0,344.7,0.7570866625,56.0
3479d784dc4ed4c42784cabde22ac149,223.2,272.8,344.7,0.7500367665,56.0
3479d784dc4ed4c42784cabde22ac149,272.8,248.0,344.7,0.711552045,48.0
3479d784dc4ed4c42784cabde22ac149,223.2,248.0,344.7,0.6840292724999999,56.0
3479d784dc4ed4c42784cabde22ac149,248.0,223.2,421.3,0.5201049546875,35.0
3479d784dc4ed4c42784cabde22ac149,248.0,272.8,421.3,0.5049632256018519,28.0
3479d784dc4ed4c42784cabde22ac149,272.8,223.2,421.3,0.4888234893750001,30.0
3479d784dc4ed4c42784cabde22ac149,272.8,272.8,421.3,0.474592452388889,24.0
3479d784dc4ed4c42784cabde22ac149,223.2,223.2,421.3,0.4699158384375,35.0
3479d784dc4ed4c42784cabde22ac149,248.0,248.0,421.3,0.46052359467592596,28.0
3479d784dc4ed4c42784cabde22ac149,223.2,272.8,421.3,0.45623525675000004,28.0
3479d784dc4ed4c42784cabde22ac149,272.8,248.0,421.3,0.4328256219444445,24.0
3479d784dc4ed4c42784cabde22ac149,223.2,248.0,421.3,0.41608396374999995,28.0
34dbd33aabcf7123c6ee197304f6312d,207.0,220.5,355.5,0.8365275,80.0
34dbd33aabcf7123c6ee197304f6312d,207.0,269.5,355.5,0.812106,64.0
34dbd33aabcf7123c6ee197304f6312d,230.0,220.5,355.5,0.8099019140625,70.0
34dbd33aabcf7123c6ee197304f6312d,230.0,269.5,355.5,0.78625771875,56.0
34dbd33aabcf7123c6ee197304f6312d,253.0,220.5,355.5,0.76100765625,60.0
34dbd33aabcf7123c6ee197304f6312d,207.0,245.0,355.5,0.740664,64.0
34dbd33aabcf7123c6ee197304f6312d,253.0,269.5,355.5,0.738790875,48.0
34dbd33aabcf7123c6ee197304f6312d,230.0,245.0,355.5,0.717089625,56.0
34dbd33aabcf7123c6ee197304f6312d,253.0,245.0,355.5,0.6737985,48.0
34dbd33aabcf7123c6ee197304f6312d,207.0,220.5,434.5,0.50891625,40.0
34dbd33aabcf7123c6ee197304f6312d,207.0,269.5,434.5,0.494059,32.0
34dbd33aabcf7123c6ee197304f6312d,230.0,220.5,434.5,0.49271810546875,35.0
34dbd33aabcf7123c6ee197304f6312d,230.0,269.5,434.5,0.47833374247685184,28.0
34dbd33aabcf7123c6ee197304f6312d,207.0,220.5,395.0,0.46359,40.0
34dbd33aabcf7123c6ee197304f6312d,253.0,220.5,434.5,0.462972421875,30.0
34dbd33aabcf7123c6ee197304f6312d,207.0,245.0,434.5,0.450596,32.0
34dbd33aabcf7123c6ee197304f6312d,207.0,269.5,395.0,0.450056,32.0
34dbd33aabcf7123c6ee197304f6312d,253.0,269.5,434.5,0.4494564513888889,24.0
34dbd33aabcf7123c6ee197304f6312d,230.0,220.5,395.0,0.44883453125,35.0
34dbd33aabcf7123c6ee197304f6312d,230.0,245.0,434.5,0.4362541134259259,28.0
34dbd33aabcf7123c6ee197304f6312d,230.0,269.5,395.0,0.43573130092592594,28.0
34dbd33aabcf7123c6ee197304f6312d,253.0,220.5,395.0,0.421738125,30.0
34dbd33aabcf7123c6ee197304f6312d,207.0,245.0,395.0,0.410464,32.0
34dbd33aabcf7123c6ee197304f6312d,253.0,245.0,434.5,0.40991719444444447,24.0
34dbd33aabcf7123c6ee197304f6312d,253.0,269.5,395.0,0.40942594444444447,24.0
34dbd33aabcf7123c6ee197304f6312d,230.0,245.0,395.0,0.39739946296296297,28.0
34dbd33aabcf7123c6ee197304f6312d,253.0,245.0,395.0,0.3734082222222222,24.0
35174969e008414733b7133a380c2f8c,216.0,229.5,391.0,0.99375,80.0
35174969e008414733b7133a380c2f8c,216.0,280.5,391.0,0.965,64.0
35174969e008414733b7133a380c2f8c,240.0,229.5,391.0,0.96228125,70.0
35174969e008414733b7133a380c2f8c,240.0,280.5,391.0,0.9344416666666666,56.0
35174969e008414733b7133a380c2f8c,264.0,229.5,391.0,0.9043125,60.0
35174969e008414733b7133a380c2f8c,216.0,229.5,351.9,0.8966109375,80.0
35174969e008414733b7133a380c2f8c,216.0,255.0,391.0,0.88,64.0
35174969e008414733b7133a380c2f8c,264.0,280.5,391.0,0.87815,48.0
35174969e008414733b7133a380c2f8c,216.0,280.5,351.9,0.87067125,64.0
35174969e008414733b7133a380c2f8c,240.0,229.5,351.9,0.8682182578124998,70.0
35174969e008414733b7133a380c2f8c,240.0,255.0,391.0,0.8521333333333333,56.0
35174969e008414733b7133a380c2f8c,240.0,280.5,351.9,0.84309999375,56.0
35174969e008414733b7133a380c2f8c,264.0,229.5,351.9,0.815915953125,60.0
35174969e008414733b7133a380c2f8c,264.0,255.0,391.0,0.8008,48.0
35174969e008414733b7133a380c2f8c,216.0,255.0,351.9,0.79398,64.0
35174969e008414733b7133a380c2f8c,264.0,280.5,351.9,0.7923108374999999,48.0
35174969e008414733b7133a380c2f8c,240.0,255.0,351.9,0.7688373,56.0
35174969e008414733b7133a380c2f8c,264.0,255.0,351.9,0.7225217999999999,48.0
35174969e008414733b7133a380c2f8c,216.0,229.5,430.1,0.54544453125,40.0
35174969e008414733b7133a380c2f8c,216.0,280.5,430.1,0.529664375,32.0
35174969e008414733b7133a380c2f8c,240.0,229.5,430.1,0.5281721210937501,35.0
35174969e008414733b7133a380c2f8c,240.0,280.5,430.1,0.5128916697916667,28.0
35174969e008414733b7133a380c2f8c,264.0,229.5,430.1,0.4963545234375,30.0
35174969e008414733b7133a380c2f8c,216.0,255.0,430.1,0.48301,32.0
35174969e008414733b7133a380c2f8c,264.0,280.5,430.1,0.48199458125000005,24.0
35174969e008414733b7133a380c2f8c,240.0,255.0,430.1,0.4677146833333334,28.0
35174969e008414733b7133a380c2f8c,264.0,255.0,430.1,0.4395391,24.0
3665e3bea9deb6de2f6ad8e308473be4,190.8,282.0,380.0,0.942381675,72.0
3665e3bea9deb6de2f6ad8e308473be4,212.0,282.0,380.0,0.9265547777777777,64.0
3665e3bea9deb6de2f6ad8e308473be4,233.2,282.0,380.0,0.888507336111111,56.0
3665e3bea9deb6de2f6ad8e308473be4,190.8,253.8,380.0,0.85105809,72.0
3665e3bea9deb6de2f6ad8e308473be4,190.8,282.0,342.0,0.850323825,72.0
3665e3bea9deb6de2f6ad8e308473be4,212.0,253.8,380.0,0.8367649333333335,64.0
3665e3bea9deb6de2f6ad8e308473be4,212.0,282.0,342.0,0.836043,64.0
3665e3bea9deb6de2f6ad8e308473be4,233.2,253.8,380.0,0.8024045633333332,56.0
3665e3bea9deb6de2f6ad8e308473be4,233.2,282.0,342.0,0.801712275,56.0
3665e3bea9deb6de2f6ad8e308473be4,190.8,310.2,380.0,0.775278945,54.0
3665e3bea9deb6de2f6ad8e308473be4,190.8,253.8,342.0,0.7679213100000001,72.0
3665e3bea9deb6de2f6ad8e308473be4,212.0,310.2,380.0,0.7622584666666666,48.0
3665e3bea9deb6de2f6ad8e308473be4,212.0,253.8,342.0,0.7550244,64.0
3665e3bea9deb6de2f6ad8e308473be4,233.2,310.2,380.0,0.7309575816666666,42.0
3665e3bea9deb6de2f6ad8e308473be4,233.2,253.8,342.0,0.72402057,56.0
3665e3bea9deb6de2f6ad8e308473be4,190.8,310.2,342.0,0.699544755,54.0
3665e3bea9deb6de2f6ad8e308473be4,212.0,310.2,342.0,0.6877962,48.0
3665e3bea9deb6de2f6ad8e308473be4,233.2,310.2,342.0,0.6595529849999999,42.0
3665e3bea9deb6de2f6ad8e308473be4,190.8,282.0,418.0,0.5172197625,36.0
3665e3bea9deb6de2f6ad8e308473be4,212.0,282.0,418.0,0.5085332777777778,32.0
3665e3bea9deb6de2f6ad8e308473be4,233.2,282.0,418.0,0.48765119861111106,28.0
3665e3bea9deb6de2f6ad8e308473be4,190.8,253.8,418.0,0.46709743500000006,36.0
3665e3bea9deb6de2f6ad8e308473be4,212.0,253.8,418.0,0.4592527333333334,32.0
3665e3bea9deb6de2f6ad8e308473be4,233.2,253.8,418.0,0.4403942783333333,28.0
3665e3bea9deb6de2f6ad8e308473be4,190.8,310.2,418.0,0.4255065675,27.0
3665e3bea9deb6de2f6ad8e308473be4,212.0,310.2,418.0,0.4183603666666666,24.0
3665e3bea9deb6de2f6ad8e308473be4,233.2,310.2,418.0,0.4011810891666666,21.0
37070e9f43f02e356af14131f16a3112,245.0,229.5,353.7,0.890069578125,70.0
37070e9f43f02e356af14131f16a3112,245.0,280.5,353.7,0.8643191374999999,56.0
37070e9f43f02e356af14131f16a3112,269.5,229.5,353.7,0.8365052109375,60.0
37070e9f43f02e356af14131f16a3112,269.5,280.5,353.7,0.8123044312499998,48.0
37070e9f43f02e356af14131f16a3112,220.5,229.5,353.7,0.80421641015625,70.0
37070e9f43f02e356af14131f16a3112,245.0,255.0,353.7,0.7881874,56.0
37070e9f43f02e356af14131f16a3112,220.5,280.5,353.7,0.7809497718749999,56.0
37070e9f43f02e356af14131f16a3112,269.5,255.0,353.7,0.7407543000000001,48.0
37070e9f43f02e356af14131f16a3112,220.5,255.0,353.7,0.71216145,56.0
37070e9f43f02e356af14131f16a3112,245.0,229.5,432.3,0.5414773984375,35.0
37070e9f43f02e356af14131f16a3112,245.0,280.5,432.3,0.5258120145833334,28.0
37070e9f43f02e356af14131f16a3112,269.5,229.5,432.3,0.50889130078125,30.0
37070e9f43f02e356af14131f16a3112,269.5,280.5,432.3,0.49416865937500004,24.0
37070e9f43f02e356af14131f16a3112,245.0,229.5,393.0,0.49325609375,35.0
37070e9f43f02e356af14131f16a3112,220.5,229.5,432.3,0.489248279296875,35.0
37070e9f43f02e356af14131f16a3112,245.0,255.0,432.3,0.47949696666666664,28.0
37070e9f43f02e356af14131f16a3112,245.0,280.5,393.0,0.47898579166666666,28.0
37070e9f43f02e356af14131f16a3112,220.5,280.5,432.3,0.4750939265625,28.0
37070e9f43f02e356af14131f16a3112,269.5,229.5,393.0,0.463571953125,30.0
37070e9f43f02e356af14131f16a3112,269.5,255.0,432.3,0.45064085,24.0
37070e9f43f02e356af14131f16a3112,269.5,280.5,393.0,0.4501604375,24.0
37070e9f43f02e356af14131f16a3112,220.5,229.5,393.0,0.4456782421875,35.0
37070e9f43f02e356af14131f16a3112,245.0,255.0,393.0,0.4367953333333333,28.0
37070e9f43f02e356af14131f16a3112,220.5,255.0,432.3,0.433246275,28.0
37070e9f43f02e356af14131f16a3112,220.5,280.5,393.0,0.43278440625,28.0
37070e9f43f02e356af14131f16a3112,269.5,255.0,393.0,0.410509,24.0
37070e9f43f02e356af14131f16a3112,220.5,255.0,393.0,0.3946635,28.0
371bc8e13ebaec61128f288334956fa5,207.0,229.5,391.0,0.954,80.0
371bc8e13ebaec61128f288334956fa5,207.0,280.5,391.0,0.9264,64.0
371bc8e13ebaec61128f288334956fa5,230.0,229.5,391.0,0.9236354166666667,70.0
371bc8e13ebaec61128f288334956fa5,230.0,280.5,391.0,0.8969138888888889,56.0
371bc8e13ebaec61128f288334956fa5,253.0,229.5,391.0,0.867875,60.0
371bc8e13ebaec61128f288334956fa5,207.0,229.5,351.9,0.8607465,80.0
371bc8e13ebaec61128f288334956fa5,207.0,255.0,391.0,0.8448,64.0
371bc8e13ebaec61128f288334956fa5,253.0,280.5,391.0,0.8427666666666667,48.0
371bc8e13ebaec61128f288334956fa5,207.0,280.5,351.9,0.8358443999999999,64.0
371bc8e13ebaec61128f288334956fa5,230.0,229.5,351.9,0.8333500546874999,70.0
371bc8e13ebaec61128f288334956fa5,230.0,255.0,391.0,0.8179111111111111,56.0
371bc8e13ebaec61128f288334956fa5,230.0,280.5,351.9,0.80924055625,56.0
371bc8e13ebaec61128f288334956fa5,253.0,229.5,351.9,0.7830402187499999,60.0
371bc8e13ebaec61128f288334956fa5,253.0,255.0,391.0,0.7685333333333333,48.0
371bc8e13ebaec61128f288334956fa5,207.0,255.0,351.9,0.7622207999999999,64.0
371bc8e13ebaec61128f288334956fa5,253.0,280.5,351.9,0.760386225,48.0
371bc8e13ebaec61128f288334956fa5,230.0,255.0,351.9,0.7379602999999999,56.0
371bc8e13ebaec61128f288334956fa5,253.0,255.0,351.9,0.6934092,48.0
371bc8e13ebaec61128f288334956fa5,207.0,229.5,430.1,0.52362675,40.0
371bc8e13ebaec61128f288334956fa5,207.0,280.5,430.1,0.5084778000000001,32.0
371bc8e13ebaec61128f288334956fa5,230.0,229.5,430.1,0.5069603893229168,35.0
371bc8e13ebaec61128f288334956fa5,230.0,280.5,430.1,0.4922936107638889,28.0
371bc8e13ebaec61128f288334956fa5,253.0,229.5,430.1,0.4763548906250001,30.0
371bc8e13ebaec61128f288334956fa5,207.0,255.0,430.1,0.46368960000000004,32.0
371bc8e13ebaec61128f288334956fa5,253.0,280.5,430.1,0.4625735541666667,24.0
371bc8e13ebaec61128f288334956fa5,230.0,255.0,430.1,0.44893096111111114,28.0
371bc8e13ebaec61128f288334956fa5,253.0,255.0,430.1,0.42182873333333337,24.0
3826faf22304dbe5bef22f8c36155874,246.4,229.5,353.7,0.8949754734375,70.0
3826faf22304dbe5bef22f8c36155874,246.4,280.5,353.7,0.86908310125,56.0
3826faf22304dbe5bef22f8c36155874,201.6,229.5,353.7,0.8434135125,80.0
3826faf22304dbe5bef22f8c36155874,201.6,280.5,353.7,0.8190128699999999,64.0
3826faf22304dbe5bef22f8c36155874,224.0,229.5,353.7,0.8164811484374999,70.0
3826faf22304dbe5bef22f8c36155874,224.0,280.5,353.7,0.7928596812500001,56.0
3826faf22304dbe5bef22f8c36155874,246.4,255.0,353.7,0.79253174,56.0
3826faf22304dbe5bef22f8c36155874,201.6,255.0,353.7,0.74687184,64.0
3826faf22304dbe5bef22f8c36155874,224.0,255.0,353.7,0.7230222999999999,56.0
3826faf22304dbe5bef22f8c36155874,246.4,229.5,432.3,0.54446191953125,35.0
3826faf22304dbe5bef22f8c36155874,246.4,280.5,432.3,0.5287101910416667,28.0
3826faf22304dbe5bef22f8c36155874,201.6,229.5,432.3,0.51309399375,40.0
3826faf22304dbe5bef22f8c36155874,201.6,280.5,432.3,0.49824976499999996,32.0
3826faf22304dbe5bef22f8c36155874,224.0,229.5,432.3,0.4967095820312501,35.0
3826faf22304dbe5bef22f8c36155874,246.4,229.5,393.0,0.495974828125,35.0
3826faf22304dbe5bef22f8c36155874,224.0,280.5,432.3,0.4823393677083333,28.0
3826faf22304dbe5bef22f8c36155874,246.4,255.0,432.3,0.4821398633333334,28.0
3826faf22304dbe5bef22f8c36155874,246.4,280.5,393.0,0.48162587083333336,28.0
3826faf22304dbe5bef22f8c36155874,201.6,229.5,393.0,0.467400375,40.0
3826faf22304dbe5bef22f8c36155874,201.6,255.0,432.3,0.45436248,32.0
3826faf22304dbe5bef22f8c36155874,201.6,280.5,393.0,0.45387809999999995,32.0
3826faf22304dbe5bef22f8c36155874,224.0,229.5,393.0,0.452475078125,35.0
3826faf22304dbe5bef22f8c36155874,224.0,255.0,432.3,0.4398535166666667,28.0
3826faf22304dbe5bef22f8c36155874,224.0,280.5,393.0,0.4393846041666667,28.0
3826faf22304dbe5bef22f8c36155874,246.4,255.0,393.0,0.43920286666666675,28.0
3826faf22304dbe5bef22f8c36155874,201.6,255.0,393.0,0.4138992,32.0
3826faf22304dbe5bef22f8c36155874,224.0,255.0,393.0,0.4006823333333333,28.0
3b9cad8a30970ffa68683f11cb2734ba,165.6,223.2,383.0,0.9197055,100.0
3b9cad8a30970ffa68683f11cb2734ba,184.0,223.2,383.0,0.91496475,90.0
3b9cad8a30970ffa68683f11cb2734ba,165.6,272.8,383.0,0.8929302666666665,80.0
3b9cad8a30970ffa68683f11cb2734ba,202.4,223.2,383.0,0.8908396,80.0
3b9cad8a30970ffa68683f11cb2734ba,184.0,272.8,383.0,0.8883275333333334,72.0
3b9cad8a30970ffa68683f11cb2734ba,202.4,272.8,383.0,0.8649047348148148,64.0
3b9cad8a30970ffa68683f11cb2734ba,165.6,223.2,344.7,0.8298465187499999,100.0
3b9cad8a30970ffa68683f11cb2734ba,184.0,223.2,344.7,0.825568959375,90.0
3b9cad8a30970ffa68683f11cb2734ba,165.6,248.0,383.0,0.8143473333333333,80.0
3b9cad8a30970ffa68683f11cb2734ba,184.0,248.0,383.0,0.8101496666666667,72.0
3b9cad8a30970ffa68683f11cb2734ba,165.6,272.8,344.7,0.8056873350000001,80.0
3b9cad8a30970ffa68683f11cb2734ba,202.4,223.2,344.7,0.8038009349999999,80.0
3b9cad8a30970ffa68683f11cb2734ba,184.0,272.8,344.7,0.8015343075,72.0
3b9cad8a30970ffa68683f11cb2734ba,202.4,248.0,383.0,0.7887882074074075,64.0
3b9cad8a30970ffa68683f11cb2734ba,202.4,272.8,344.7,0.7804000120000001,64.0
3b9cad8a30970ffa68683f11cb2734ba,165.6,248.0,344.7,0.7347822749999999,80.0
3b9cad8a30970ffa68683f11cb2734ba,184.0,248.0,344.7,0.7309947374999999,72.0
3b9cad8a30970ffa68683f11cb2734ba,202.4,248.0,344.7,0.71172038,64.0
3b9cad8a30970ffa68683f11cb2734ba,165.6,223.2,421.3,0.5047822406249999,50.0
3b9cad8a30970ffa68683f11cb2734ba,184.0,223.2,421.3,0.5021802703124999,45.0
3b9cad8a30970ffa68683f11cb2734ba,165.6,272.8,421.3,0.4900865991666666,40.0
3b9cad8a30970ffa68683f11cb2734ba,202.4,223.2,421.3,0.48893913250000004,40.0
3b9cad8a30970ffa68683f11cb2734ba,184.0,272.8,421.3,0.48756037958333337,36.0
3b9cad8a30970ffa68683f11cb2734ba,202.4,272.8,421.3,0.47470472881481485,32.0
3b9cad8a30970ffa68683f11cb2734ba,165.6,248.0,421.3,0.4469561958333333,40.0
3b9cad8a30970ffa68683f11cb2734ba,184.0,248.0,421.3,0.4446522979166667,36.0
3b9cad8a30970ffa68683f11cb2734ba,202.4,248.0,421.3,0.43292801740740744,32.0
3bbb0a264f46985b05693bd22a6944d3,169.2,283.0,381.0,0.9395099999999998,80.0
3bbb0a264f46985b05693bd22a6944d3,188.0,283.0,381.0,0.934765,72.0
3bbb0a264f46985b05693bd22a6944d3,206.8,283.0,381.0,0.9101964444444446,64.0
3bbb0a264f46985b05693bd22a6944d3,169.2,254.7,381.0,0.8484547499999998,80.0
3bbb0a264f46985b05693bd22a6944d3,169.2,283.0,342.9,0.8477270999999998,80.0
3bbb0a264f46985b05693bd22a6944d3,188.0,254.7,381.0,0.8441696249999998,72.0
3bbb0a264f46985b05693bd22a6944d3,188.0,283.0,342.9,0.8434456499999999,72.0
3bbb0a264f46985b05693bd22a6944d3,206.8,254.7,381.0,0.8219822,64.0
3bbb0a264f46985b05693bd22a6944d3,206.8,283.0,342.9,0.8212772533333333,64.0
3bbb0a264f46985b05693bd22a6944d3,169.2,311.3,381.0,0.7729239375,60.0
3bbb0a264f46985b05693bd22a6944d3,188.0,311.3,381.0,0.7690202812500001,54.0
3bbb0a264f46985b05693bd22a6944d3,169.2,254.7,342.9,0.7655672474999999,80.0
3bbb0a264f46985b05693bd22a6944d3,188.0,254.7,342.9,0.7617007462499998,72.0
3bbb0a264f46985b05693bd22a6944d3,206.8,311.3,381.0,0.7488080166666667,48.0
3bbb0a264f46985b05693bd22a6944d3,206.8,254.7,342.9,0.741680862,64.0
3bbb0a264f46985b05693bd22a6944d3,169.2,311.3,342.9,0.6974152143749999,60.0
3bbb0a264f46985b05693bd22a6944d3,188.0,311.3,342.9,0.6938929153124999,54.0
3bbb0a264f46985b05693bd22a6944d3,206.8,311.3,342.9,0.6756552334999999,48.0
3bbb0a264f46985b05693bd22a6944d3,169.2,283.0,419.1,0.51564645,40.0
3bbb0a264f46985b05693bd22a6944d3,188.0,283.0,419.1,0.513042175,36.0
3bbb0a264f46985b05693bd22a6944d3,206.8,283.0,419.1,0.49955781777777786,32.0
3bbb0a264f46985b05693bd22a6944d3,169.2,254.7,419.1,0.46567112624999996,40.0
3bbb0a264f46985b05693bd22a6944d3,188.0,254.7,419.1,0.463319251875,36.0
3bbb0a264f46985b05693bd22a6944d3,206.8,254.7,419.1,0.451141769,32.0
3bbb0a264f46985b05693bd22a6944d3,169.2,311.3,419.1,0.42421633031250006,30.0
3bbb0a264f46985b05693bd22a6944d3,188.0,311.3,419.1,0.42207382359375006,27.0
3bbb0a264f46985b05693bd22a6944d3,206.8,311.3,419.1,0.41098039991666674,24.0
3cdb44bb6e06ba2151d665a0c599b894,190.3,266.4,355.5,0.83359965375,72.0
3cdb44bb6e06ba2151d665a0c599b894,155.7,266.4,355.5,0.7654226624999998,80.0
3cdb44bb6e06ba2151d665a0c599b894,173.0,266.4,355.5,0.7612400249999999,72.0
3cdb44bb6e06ba2151d665a0c599b894,190.3,325.6,355.5,0.7595927128125002,54.0
3cdb44bb6e06ba2151d665a0c599b894,155.7,325.6,355.5,0.697468471875,60.0
3cdb44bb6e06ba2151d665a0c599b894,173.0,325.6,355.5,0.69365716875,54.0
3cdb44bb6e06ba2151d665a0c599b894,190.3,296.0,355.5,0.6923962265625,54.0
3cdb44bb6e06ba2151d665a0c599b894,155.7,296.0,355.5,0.635767734375,60.0
3cdb44bb6e06ba2151d665a0c599b894,173.0,296.0,355.5,0.63229359375,54.0
3cdb44bb6e06ba2151d665a0c599b894,190.3,266.4,434.5,0.507135043125,36.0
3cdb44bb6e06ba2151d665a0c599b894,155.7,266.4,434.5,0.46565836874999994,40.0
3cdb44bb6e06ba2151d665a0c599b894,173.0,266.4,434.5,0.4631137875,36.0
3cdb44bb6e06ba2151d665a0c599b894,190.3,325.6,434.5,0.46211161609375007,27.0
3cdb44bb6e06ba2151d665a0c599b894,190.3,266.4,395.0,0.461967435,36.0
3cdb44bb6e06ba2151d665a0c599b894,155.7,325.6,434.5,0.4243172390625,30.0
3cdb44bb6e06ba2151d665a0c599b894,155.7,266.4,395.0,0.4241848499999999,40.0
3cdb44bb6e06ba2151d665a0c599b894,173.0,325.6,434.5,0.42199856562500004,27.0
3cdb44bb6e06ba2151d665a0c599b894,173.0,266.4,395.0,0.42186689999999993,36.0
3cdb44bb6e06ba2151d665a0c599b894,190.3,296.0,434.5,0.42123144921875,27.0
3cdb44bb6e06ba2151d665a0c599b894,190.3,325.6,395.0,0.4209539862500001,27.0
3cdb44bb6e06ba2151d665a0c599b894,155.7,296.0,434.5,0.3867805078125,30.0
3cdb44bb6e06ba2151d665a0c599b894,155.7,325.6,395.0,0.38652573749999997,30.0
3cdb44bb6e06ba2151d665a0c599b894,173.0,296.0,434.5,0.384666953125,27.0
3cdb44bb6e06ba2151d665a0c599b894,173.0,325.6,395.0,0.384413575,27.0
3cdb44bb6e06ba2151d665a0c599b894,190.3,296.0,395.0,0.38371478125,27.0
3cdb44bb6e06ba2151d665a0c599b894,155.7,296.0,395.0,0.3523321875,30.0
3cdb44bb6e06ba2151d665a0c599b894,173.0,296.0,395.0,0.350406875,27.0
3ee40e049bab5e95db9b552be527cd7d,287.1,282.0,380.0,0.931061775,48.0
3ee40e049bab5e95db9b552be527cd7d,234.9,282.0,380.0,0.8947437625000002,56.0
3ee40e049bab5e95db9b552be527cd7d,261.0,282.0,380.0,0.8489925,48.0
3ee40e049bab5e95db9b552be527cd7d,287.1,253.8,380.0,0.8408351700000002,48.0
3ee40e049bab5e95db9b552be527cd7d,287.1,282.0,342.0,0.8401097250000001,48.0
3ee40e049bab5e95db9b552be527cd7d,234.9,253.8,380.0,0.8080366350000001,56.0
3ee40e049bab5e95db9b552be527cd7d,234.9,282.0,342.0,0.8073394875000001,56.0
3ee40e049bab5e95db9b552be527cd7d,261.0,253.8,380.0,0.766719,48.0
3ee40e049bab5e95db9b552be527cd7d,261.0,282.0,342.0,0.7660575,48.0
3ee40e049bab5e95db9b552be527cd7d,287.1,310.2,380.0,0.7659662850000002,36.0
3ee40e049bab5e95db9b552be527cd7d,287.1,253.8,342.0,0.7586970300000001,48.0
3ee40e049bab5e95db9b552be527cd7d,234.9,310.2,380.0,0.7360881675000001,42.0
3ee40e049bab5e95db9b552be527cd7d,234.9,253.8,342.0,0.729102465,56.0
3ee40e049bab5e95db9b552be527cd7d,261.0,310.2,380.0,0.6984495,36.0
3ee40e049bab5e95db9b552be527cd7d,261.0,253.8,342.0,0.691821,48.0
3ee40e049bab5e95db9b552be527cd7d,287.1,310.2,342.0,0.691141815,36.0
3ee40e049bab5e95db9b552be527cd7d,234.9,310.2,342.0,0.6641823825000001,42.0
3ee40e049bab5e95db9b552be527cd7d,261.0,310.2,342.0,0.6302205,36.0
3ee40e049bab5e95db9b552be527cd7d,287.1,282.0,418.0,0.5110069125000001,24.0
3ee40e049bab5e95db9b552be527cd7d,234.9,282.0,418.0,0.49107401875000006,28.0
3ee40e049bab5e95db9b552be527cd7d,261.0,282.0,418.0,0.46596375,24.0
3ee40e049bab5e95db9b552be527cd7d,287.1,253.8,418.0,0.4614866550000001,24.0
3ee40e049bab5e95db9b552be527cd7d,234.9,253.8,418.0,0.44348540250000007,28.0
3ee40e049bab5e95db9b552be527cd7d,261.0,253.8,418.0,0.4208085,24.0
3ee40e049bab5e95db9b552be527cd7d,287.1,310.2,418.0,0.42039537750000006,18.0
3ee40e049bab5e95db9b552be527cd7d,234.9,310.2,418.0,0.40399697625000003,21.0
3ee40e049bab5e95db9b552be527cd7d,261.0,310.2,418.0,0.38333925,18.0
3ef63ea58bdc563a0f889a62b3874119,148.0,229.5,353.7,0.8645388984375,110.0
3ef63ea58bdc563a0f889a62b3874119,162.8,229.5,353.7,0.8600334843750002,100.0
3ef63ea58bdc563a0f889a62b3874119,133.2,229.5,353.7,0.85422650625,120.0
3ef63ea58bdc563a0f889a62b3874119,148.0,280.5,353.7,0.8395270812499999,88.0
3ef63ea58bdc563a0f889a62b3874119,162.8,280.5,353.7,0.8351520125,80.0
3ef63ea58bdc563a0f889a62b3874119,133.2,280.5,353.7,0.8295130349999998,96.0
3ef63ea58bdc563a0f889a62b3874119,148.0,255.0,353.7,0.7655791,88.0
3ef63ea58bdc563a0f889a62b3874119,162.8,255.0,353.7,0.7615894000000001,80.0
3ef63ea58bdc563a0f889a62b3874119,133.2,255.0,353.7,0.7564471199999999,96.0
3ef63ea58bdc563a0f889a62b3874119,148.0,229.5,432.3,0.52594570703125,55.0
3ef63ea58bdc563a0f889a62b3874119,162.8,229.5,432.3,0.5232048203125002,50.0
3ef63ea58bdc563a0f889a62b3874119,133.2,229.5,432.3,0.5196721218749999,60.0
3ef63ea58bdc563a0f889a62b3874119,148.0,280.5,432.3,0.5107296677083333,44.0
3ef63ea58bdc563a0f889a62b3874119,162.8,280.5,432.3,0.5080680770833335,40.0
3ef63ea58bdc563a0f889a62b3874119,133.2,280.5,432.3,0.5046375825,48.0
3ef63ea58bdc563a0f889a62b3874119,148.0,229.5,393.0,0.479107578125,55.0
3ef63ea58bdc563a0f889a62b3874119,162.8,229.5,393.0,0.47661078125000006,50.0
3ef63ea58bdc563a0f889a62b3874119,133.2,229.5,393.0,0.4733926874999999,60.0
3ef63ea58bdc563a0f889a62b3874119,148.0,255.0,432.3,0.46574311666666673,44.0
3ef63ea58bdc563a0f889a62b3874119,148.0,280.5,393.0,0.4652466041666667,44.0
3ef63ea58bdc563a0f889a62b3874119,162.8,255.0,432.3,0.46331596666666675,40.0
3ef63ea58bdc563a0f889a62b3874119,162.8,280.5,393.0,0.46282204166666674,40.0
3ef63ea58bdc563a0f889a62b3874119,133.2,255.0,432.3,0.46018763999999995,48.0
3ef63ea58bdc563a0f889a62b3874119,133.2,280.5,393.0,0.45969704999999994,48.0
3ef63ea58bdc563a0f889a62b3874119,148.0,255.0,393.0,0.42426633333333336,44.0
3ef63ea58bdc563a0f889a62b3874119,162.8,255.0,393.0,0.4220553333333334,40.0
3ef63ea58bdc563a0f889a62b3874119,133.2,255.0,393.0,0.41920559999999996,48.0
3f4b03b56bb388655f2cb1495b69f5d7,278.0,288.0,388.0,0.93999675,48.0
3f4b03b56bb388655f2cb1495b69f5d7,305.8,288.0,388.0,0.85920725,40.0
3f4b03b56bb388655f2cb1495b69f5d7,250.2,288.0,388.0,0.8489447999999999,48.0
3f4b03b56bb388655f2cb1495b69f5d7,278.0,259.2,388.0,0.84884555,48.0
3f4b03b56bb388655f2cb1495b69f5d7,278.0,288.0,349.2,0.84812805,48.0
3f4b03b56bb388655f2cb1495b69f5d7,305.8,259.2,388.0,0.7758901833333335,40.0
3f4b03b56bb388655f2cb1495b69f5d7,305.8,288.0,349.2,0.7752343500000001,40.0
3f4b03b56bb388655f2cb1495b69f5d7,278.0,316.8,388.0,0.7733609625000001,36.0
3f4b03b56bb388655f2cb1495b69f5d7,250.2,259.2,388.0,0.7666228799999999,48.0
3f4b03b56bb388655f2cb1495b69f5d7,250.2,288.0,349.2,0.7659748799999999,48.0
3f4b03b56bb388655f2cb1495b69f5d7,278.0,259.2,349.2,0.7658853299999999,48.0
3f4b03b56bb388655f2cb1495b69f5d7,305.8,316.8,388.0,0.7068932375000001,30.0
3f4b03b56bb388655f2cb1495b69f5d7,305.8,259.2,349.2,0.7000601099999999,40.0
3f4b03b56bb388655f2cb1495b69f5d7,250.2,316.8,388.0,0.6984500400000001,36.0
3f4b03b56bb388655f2cb1495b69f5d7,278.0,316.8,349.2,0.6977780775000001,36.0
3f4b03b56bb388655f2cb1495b69f5d7,250.2,259.2,349.2,0.6916985279999999,48.0
3f4b03b56bb388655f2cb1495b69f5d7,305.8,316.8,349.2,0.6378064425,30.0
3f4b03b56bb388655f2cb1495b69f5d7,250.2,316.8,349.2,0.630188424,36.0
3f4b03b56bb388655f2cb1495b69f5d7,278.0,288.0,426.8,0.5159327250000001,24.0
3f4b03b56bb388655f2cb1495b69f5d7,305.8,288.0,426.8,0.4715900750000001,20.0
3f4b03b56bb388655f2cb1495b69f5d7,250.2,288.0,426.8,0.46595735999999993,24.0
3f4b03b56bb388655f2cb1495b69f5d7,278.0,259.2,426.8,0.465902885,24.0
3f4b03b56bb388655f2cb1495b69f5d7,305.8,259.2,426.8,0.4258601283333333,20.0
3f4b03b56bb388655f2cb1495b69f5d7,278.0,316.8,426.8,0.4244719237500001,18.0
3f4b03b56bb388655f2cb1495b69f5d7,250.2,259.2,426.8,0.4207736159999999,24.0
3f4b03b56bb388655f2cb1495b69f5d7,305.8,316.8,426.8,0.38799001625000007,15.0
3f4b03b56bb388655f2cb1495b69f5d7,250.2,316.8,426.8,0.38335582799999995,18.0
414d4cf5c1bc8a346f7e4445ede7acbd,206.1,286.0,386.0,0.9283158333333333,64.0
414d4cf5c1bc8a346f7e4445ede7acbd,229.0,286.0,386.0,0.8987530092592593,56.0
414d4cf5c1bc8a346f7e4445ede7acbd,251.9,286.0,386.0,0.8444825694444444,48.0
414d4cf5c1bc8a346f7e4445ede7acbd,206.1,257.4,386.0,0.8383163999999999,64.0
414d4cf5c1bc8a346f7e4445ede7acbd,206.1,286.0,347.4,0.8375993999999999,64.0
414d4cf5c1bc8a346f7e4445ede7acbd,229.0,257.4,386.0,0.8116196666666666,56.0
414d4cf5c1bc8a346f7e4445ede7acbd,229.0,286.0,347.4,0.8109255,56.0
414d4cf5c1bc8a346f7e4445ede7acbd,206.1,314.6,386.0,0.7637364499999999,48.0
414d4cf5c1bc8a346f7e4445ede7acbd,251.9,257.4,386.0,0.7626107,48.0
414d4cf5c1bc8a346f7e4445ede7acbd,251.9,286.0,347.4,0.76195845,48.0
414d4cf5c1bc8a346f7e4445ede7acbd,206.1,257.4,347.4,0.7563948479999998,64.0
414d4cf5c1bc8a346f7e4445ede7acbd,229.0,314.6,386.0,0.7394147638888889,42.0
414d4cf5c1bc8a346f7e4445ede7acbd,229.0,257.4,347.4,0.73230696,56.0
414d4cf5c1bc8a346f7e4445ede7acbd,251.9,314.6,386.0,0.6947658291666666,36.0
414d4cf5c1bc8a346f7e4445ede7acbd,206.1,314.6,347.4,0.689102964,48.0
414d4cf5c1bc8a346f7e4445ede7acbd,251.9,257.4,347.4,0.6880872239999999,48.0
414d4cf5c1bc8a346f7e4445ede7acbd,229.0,314.6,347.4,0.66715803,42.0
414d4cf5c1bc8a346f7e4445ede7acbd,251.9,314.6,347.4,0.6268722569999999,36.0
414d4cf5c1bc8a346f7e4445ede7acbd,206.1,286.0,424.6,0.5095161333333333,32.0
414d4cf5c1bc8a346f7e4445ede7acbd,229.0,286.0,424.6,0.49329025925925923,28.0
414d4cf5c1bc8a346f7e4445ede7acbd,251.9,286.0,424.6,0.46350334444444447,24.0
414d4cf5c1bc8a346f7e4445ede7acbd,206.1,257.4,424.6,0.4601189759999999,32.0
414d4cf5c1bc8a346f7e4445ede7acbd,229.0,257.4,424.6,0.44546618666666665,28.0
414d4cf5c1bc8a346f7e4445ede7acbd,206.1,314.6,424.6,0.419184968,24.0
414d4cf5c1bc8a346f7e4445ede7acbd,251.9,257.4,424.6,0.41856708800000003,24.0
414d4cf5c1bc8a346f7e4445ede7acbd,229.0,314.6,424.6,0.4058357488888889,21.0
414d4cf5c1bc8a346f7e4445ede7acbd,251.9,314.6,424.6,0.3813297006666667,18.0
4472825c5f9816d7befa089cf8451878,349.8,223.2,383.0,0.9449895,50.0
4472825c5f9816d7befa089cf8451878,286.2,223.2,383.0,0.9329795999999998,60.0
4472825c5f9816d7befa089cf8451878,349.8,272.8,383.0,0.9174781777777778,40.0
4472825c5f9816d7befa089cf8451878,286.2,272.8,383.0,0.9058179199999999,48.0
4472825c5f9816d7befa089cf8451878,318.0,223.2,383.0,0.8612362499999998,50.0
4472825c5f9816d7befa089cf8451878,349.8,223.2,344.7,0.85266016875,50.0
4472825c5f9816d7befa089cf8451878,286.2,223.2,344.7,0.8418236849999997,60.0
4472825c5f9816d7befa089cf8451878,349.8,248.0,383.0,0.8367348888888889,40.0
4472825c5f9816d7befa089cf8451878,318.0,272.8,383.0,0.8361632222222222,40.0
4472825c5f9816d7befa089cf8451878,349.8,272.8,344.7,0.827836815,40.0
4472825c5f9816d7befa089cf8451878,286.2,248.0,383.0,0.8261008,48.0
4472825c5f9816d7befa089cf8451878,286.2,272.8,344.7,0.8173158120000001,48.0
4472825c5f9816d7befa089cf8451878,318.0,223.2,344.7,0.7770899531249998,50.0
4472825c5f9816d7befa089cf8451878,318.0,248.0,383.0,0.7625761111111111,40.0
4472825c5f9816d7befa089cf8451878,349.8,248.0,344.7,0.7549824750000002,40.0
4472825c5f9816d7befa089cf8451878,318.0,272.8,344.7,0.7544666624999999,40.0
4472825c5f9816d7befa089cf8451878,286.2,248.0,344.7,0.7453873799999999,48.0
4472825c5f9816d7befa089cf8451878,318.0,248.0,344.7,0.6880693125,40.0
4472825c5f9816d7befa089cf8451878,349.8,223.2,421.3,0.518659415625,25.0
4472825c5f9816d7befa089cf8451878,286.2,223.2,421.3,0.5120677574999999,30.0
4472825c5f9816d7befa089cf8451878,349.8,272.8,421.3,0.5035597702777779,20.0
4472825c5f9816d7befa089cf8451878,286.2,272.8,421.3,0.49716001400000004,24.0
4472825c5f9816d7befa089cf8451878,318.0,223.2,421.3,0.47269127343749995,25.0
4472825c5f9816d7befa089cf8451878,349.8,248.0,421.3,0.45924365138888895,20.0
4472825c5f9816d7befa089cf8451878,318.0,272.8,421.3,0.4589298909722223,20.0
4472825c5f9816d7befa089cf8451878,286.2,248.0,421.3,0.45340710999999995,24.0
4472825c5f9816d7befa089cf8451878,318.0,248.0,421.3,0.4185414548611111,20.0
457aead6b645a6fdaad21f23a4e8ca12,238.5,229.5,353.7,0.86729220703125,70.0
457aead6b645a6fdaad21f23a4e8ca12,238.5,280.5,353.7,0.842200734375,56.0
457aead6b645a6fdaad21f23a4e8ca12,265.0,229.5,353.7,0.82298896875,60.0
457aead6b645a6fdaad21f23a4e8ca12,265.0,280.5,353.7,0.7991792249999999,48.0
457aead6b645a6fdaad21f23a4e8ca12,238.5,255.0,353.7,0.76801725,56.0
457aead6b645a6fdaad21f23a4e8ca12,291.5,229.5,353.7,0.75215384765625,50.0
457aead6b645a6fdaad21f23a4e8ca12,291.5,280.5,353.7,0.730393421875,40.0
457aead6b645a6fdaad21f23a4e8ca12,265.0,255.0,353.7,0.7287851999999999,48.0
457aead6b645a6fdaad21f23a4e8ca12,291.5,255.0,353.7,0.66605825,40.0
457aead6b645a6fdaad21f23a4e8ca12,238.5,229.5,432.3,0.527620693359375,35.0
457aead6b645a6fdaad21f23a4e8ca12,238.5,280.5,432.3,0.5123561953125,28.0
457aead6b645a6fdaad21f23a4e8ca12,265.0,229.5,432.3,0.500668640625,30.0
457aead6b645a6fdaad21f23a4e8ca12,265.0,280.5,432.3,0.48618388749999997,24.0
457aead6b645a6fdaad21f23a4e8ca12,238.5,229.5,393.0,0.4806333984375,35.0
457aead6b645a6fdaad21f23a4e8ca12,238.5,255.0,432.3,0.467226375,28.0
457aead6b645a6fdaad21f23a4e8ca12,238.5,280.5,393.0,0.46672828125,28.0
457aead6b645a6fdaad21f23a4e8ca12,291.5,229.5,432.3,0.457575810546875,25.0
457aead6b645a6fdaad21f23a4e8ca12,265.0,229.5,393.0,0.4560815625,30.0
457aead6b645a6fdaad21f23a4e8ca12,291.5,280.5,432.3,0.44433776822916676,20.0
457aead6b645a6fdaad21f23a4e8ca12,265.0,255.0,432.3,0.4433594,24.0
457aead6b645a6fdaad21f23a4e8ca12,265.0,280.5,393.0,0.44288675,24.0
457aead6b645a6fdaad21f23a4e8ca12,238.5,255.0,393.0,0.4256175,28.0
457aead6b645a6fdaad21f23a4e8ca12,291.5,229.5,393.0,0.4168263671875,25.0
457aead6b645a6fdaad21f23a4e8ca12,291.5,255.0,432.3,0.40519920833333334,20.0
457aead6b645a6fdaad21f23a4e8ca12,291.5,280.5,393.0,0.4047672395833333,20.0
457aead6b645a6fdaad21f23a4e8ca12,265.0,255.0,393.0,0.403876,24.0
457aead6b645a6fdaad21f23a4e8ca12,291.5,255.0,393.0,0.3691141666666667,20.0
48d2fa87ef6ac189e633680672b6132e,179.1,286.0,386.0,0.9132646875,72.0
48d2fa87ef6ac189e633680672b6132e,199.0,286.0,386.0,0.8976740740740741,64.0
48d2fa87ef6ac189e633680672b6132e,218.9,286.0,386.0,0.860612650462963,56.0
48d2fa87ef6ac189e633680672b6132e,179.1,257.4,386.0,0.8247244499999999,72.0
48d2fa87ef6ac189e633680672b6132e,179.1,286.0,347.4,0.8240190749999999,72.0
48d2fa87ef6ac189e633680672b6132e,199.0,257.4,386.0,0.8106453333333333,64.0
48d2fa87ef6ac189e633680672b6132e,199.0,286.0,347.4,0.809952,64.0
48d2fa87ef6ac189e633680672b6132e,218.9,257.4,386.0,0.7771769833333334,56.0
48d2fa87ef6ac189e633680672b6132e,218.9,286.0,347.4,0.776512275,56.0
48d2fa87ef6ac189e633680672b6132e,179.1,314.6,386.0,0.7513536937500002,54.0
48d2fa87ef6ac189e633680672b6132e,179.1,257.4,347.4,0.7441311239999999,72.0
48d2fa87ef6ac189e633680672b6132e,199.0,314.6,386.0,0.7385271111111111,48.0
48d2fa87ef6ac189e633680672b6132e,199.0,257.4,347.4,0.7314278399999998,64.0
48d2fa87ef6ac189e633680672b6132e,218.9,314.6,386.0,0.7080362381944445,42.0
48d2fa87ef6ac189e633680672b6132e,218.9,257.4,347.4,0.701230068,56.0
48d2fa87ef6ac189e633680672b6132e,179.1,314.6,347.4,0.6779302695,54.0
48d2fa87ef6ac189e633680672b6132e,199.0,314.6,347.4,0.66635712,48.0
48d2fa87ef6ac189e633680672b6132e,218.9,314.6,347.4,0.6388458615,42.0
48d2fa87ef6ac189e633680672b6132e,179.1,286.0,424.6,0.50125515,36.0
48d2fa87ef6ac189e633680672b6132e,199.0,286.0,424.6,0.49269807407407407,32.0
48d2fa87ef6ac189e633680672b6132e,218.9,286.0,424.6,0.47235651296296294,28.0
48d2fa87ef6ac189e633680672b6132e,179.1,257.4,424.6,0.452658888,36.0
48d2fa87ef6ac189e633680672b6132e,199.0,257.4,424.6,0.44493141333333336,32.0
48d2fa87ef6ac189e633680672b6132e,218.9,257.4,424.6,0.4265619493333333,28.0
48d2fa87ef6ac189e633680672b6132e,179.1,314.6,424.6,0.4123885590000001,27.0
48d2fa87ef6ac189e633680672b6132e,199.0,314.6,424.6,0.4053485511111111,24.0
48d2fa87ef6ac189e633680672b6132e,218.9,314.6,424.6,0.3886133074444445,21.0
4910b652fb2cf1c609d243a1e78d1919,238.7,286.0,386.0,0.9353828587962963,56.0
4910b652fb2cf1c609d243a1e78d1919,195.3,286.0,386.0,0.8817058333333333,64.0
4910b652fb2cf1c609d243a1e78d1919,217.0,286.0,386.0,0.8534377314814815,56.0
4910b652fb2cf1c609d243a1e78d1919,238.7,257.4,386.0,0.8446982833333332,56.0
4910b652fb2cf1c609d243a1e78d1919,238.7,286.0,347.4,0.8439758249999999,56.0
4910b652fb2cf1c609d243a1e78d1919,195.3,257.4,386.0,0.7962252,64.0
4910b652fb2cf1c609d243a1e78d1919,195.3,286.0,347.4,0.7955441999999999,64.0
4910b652fb2cf1c609d243a1e78d1919,217.0,257.4,386.0,0.7706976666666665,56.0
4910b652fb2cf1c609d243a1e78d1919,217.0,286.0,347.4,0.7700385,56.0
4910b652fb2cf1c609d243a1e78d1919,238.7,314.6,386.0,0.7695505756944445,42.0
4910b652fb2cf1c609d243a1e78d1919,238.7,257.4,347.4,0.7621530839999997,56.0
4910b652fb2cf1c609d243a1e78d1919,195.3,314.6,386.0,0.7253898500000001,48.0
4910b652fb2cf1c609d243a1e78d1919,195.3,257.4,347.4,0.7184168639999999,64.0
4910b652fb2cf1c609d243a1e78d1919,217.0,314.6,386.0,0.7021333472222223,42.0
4910b652fb2cf1c609d243a1e78d1919,217.0,257.4,347.4,0.6953839199999998,56.0
4910b652fb2cf1c609d243a1e78d1919,238.7,314.6,347.4,0.6943489245,42.0
4910b652fb2cf1c609d243a1e78d1919,195.3,314.6,347.4,0.654503652,48.0
4910b652fb2cf1c609d243a1e78d1919,217.0,314.6,347.4,0.63351981,42.0
4910b652fb2cf1c609d243a1e78d1919,238.7,286.0,424.6,0.5133949462962963,28.0
4910b652fb2cf1c609d243a1e78d1919,195.3,286.0,424.6,0.48393373333333334,32.0
4910b652fb2cf1c609d243a1e78d1919,217.0,286.0,424.6,0.46841848148148146,28.0
4910b652fb2cf1c609d243a1e78d1919,238.7,257.4,424.6,0.4636217413333333,28.0
4910b652fb2cf1c609d243a1e78d1919,195.3,257.4,424.6,0.437016768,32.0
4910b652fb2cf1c609d243a1e78d1919,217.0,257.4,424.6,0.42300570666666665,28.0
4910b652fb2cf1c609d243a1e78d1919,238.7,314.6,424.6,0.4223761134444445,21.0
4910b652fb2cf1c609d243a1e78d1919,195.3,314.6,424.6,0.3981380240000001,24.0
4910b652fb2cf1c609d243a1e78d1919,217.0,314.6,424.6,0.38537344222222225,21.0
4989f7c44b56191eebb2c0b95763c0db,275.0,266.4,355.5,0.7919126999999999,48.0
4989f7c44b56191eebb2c0b95763c0db,225.0,266.4,355.5,0.7612400249999999,56.0
4989f7c44b56191eebb2c0b95763c0db,250.0,266.4,355.5,0.722202075,48.0
4989f7c44b56191eebb2c0b95763c0db,275.0,325.6,355.5,0.7216067250000001,36.0
4989f7c44b56191eebb2c0b95763c0db,225.0,325.6,355.5,0.69365716875,42.0
4989f7c44b56191eebb2c0b95763c0db,250.0,325.6,355.5,0.6580850062500001,36.0
4989f7c44b56191eebb2c0b95763c0db,275.0,296.0,355.5,0.657770625,36.0
4989f7c44b56191eebb2c0b95763c0db,225.0,296.0,355.5,0.63229359375,42.0
4989f7c44b56191eebb2c0b95763c0db,250.0,296.0,355.5,0.59986828125,36.0
4989f7c44b56191eebb2c0b95763c0db,275.0,266.4,434.5,0.4817740499999999,24.0
4989f7c44b56191eebb2c0b95763c0db,225.0,266.4,434.5,0.4631137875,28.0
4989f7c44b56191eebb2c0b95763c0db,250.0,266.4,434.5,0.4393643625,24.0
4989f7c44b56191eebb2c0b95763c0db,275.0,325.6,434.5,0.43900217083333337,18.0
4989f7c44b56191eebb2c0b95763c0db,275.0,266.4,395.0,0.43886519999999996,24.0
4989f7c44b56191eebb2c0b95763c0db,225.0,325.6,434.5,0.42199856562500004,21.0
4989f7c44b56191eebb2c0b95763c0db,225.0,266.4,395.0,0.4218668999999999,28.0
4989f7c44b56191eebb2c0b95763c0db,250.0,325.6,434.5,0.4003576135416667,18.0
4989f7c44b56191eebb2c0b95763c0db,250.0,266.4,395.0,0.40023269999999994,24.0
4989f7c44b56191eebb2c0b95763c0db,275.0,296.0,434.5,0.4001663541666667,18.0
4989f7c44b56191eebb2c0b95763c0db,275.0,325.6,395.0,0.3999027666666667,18.0
4989f7c44b56191eebb2c0b95763c0db,225.0,296.0,434.5,0.384666953125,21.0
4989f7c44b56191eebb2c0b95763c0db,225.0,325.6,395.0,0.38441357500000006,21.0
4989f7c44b56191eebb2c0b95763c0db,250.0,296.0,434.5,0.3649404427083333,18.0
4989f7c44b56191eebb2c0b95763c0db,250.0,325.6,395.0,0.36470005833333335,18.0
4989f7c44b56191eebb2c0b95763c0db,275.0,296.0,395.0,0.3645258333333333,18.0
4989f7c44b56191eebb2c0b95763c0db,225.0,296.0,395.0,0.350406875,21.0
4989f7c44b56191eebb2c0b95763c0db,250.0,296.0,395.0,0.3324372916666667,18.0
4b244c7cfb71e51bf24fcc396d19c509,168.0,225.0,353.7,0.8693465625,100.0
4b244c7cfb71e51bf24fcc396d19c509,151.2,225.0,353.7,0.8655155437499998,110.0
4b244c7cfb71e51bf24fcc396d19c509,184.8,225.0,353.7,0.85667473125,90.0
4b244c7cfb71e51bf24fcc396d19c509,168.0,275.0,353.7,0.8440834999999999,80.0
4b244c7cfb71e51bf24fcc396d19c509,151.2,275.0,353.7,0.8403638099999999,88.0
4b244c7cfb71e51bf24fcc396d19c509,184.8,275.0,353.7,0.83177991,72.0
4b244c7cfb71e51bf24fcc396d19c509,168.0,250.0,353.7,0.769780375,80.0
4b244c7cfb71e51bf24fcc396d19c509,151.2,250.0,353.7,0.7663881224999999,88.0
4b244c7cfb71e51bf24fcc396d19c509,184.8,250.0,353.7,0.7585598475,72.0
4b244c7cfb71e51bf24fcc396d19c509,168.0,225.0,432.3,0.5288704687500001,50.0
4b244c7cfb71e51bf24fcc396d19c509,151.2,225.0,432.3,0.526539853125,55.0
4b244c7cfb71e51bf24fcc396d19c509,184.8,225.0,432.3,0.521161509375,45.0
4b244c7cfb71e51bf24fcc396d19c509,168.0,275.0,432.3,0.5135015833333334,40.0
4b244c7cfb71e51bf24fcc396d19c509,151.2,275.0,432.3,0.5112386950000001,44.0
4b244c7cfb71e51bf24fcc396d19c509,184.8,275.0,432.3,0.506016645,36.0
4b244c7cfb71e51bf24fcc396d19c509,168.0,225.0,393.0,0.481771875,50.0
4b244c7cfb71e51bf24fcc396d19c509,151.2,225.0,393.0,0.4796488124999999,55.0
4b244c7cfb71e51bf24fcc396d19c509,184.8,225.0,393.0,0.4747494375000001,45.0
4b244c7cfb71e51bf24fcc396d19c509,168.0,250.0,432.3,0.46829897916666674,40.0
4b244c7cfb71e51bf24fcc396d19c509,168.0,275.0,393.0,0.46777166666666664,40.0
4b244c7cfb71e51bf24fcc396d19c509,151.2,250.0,432.3,0.46623528875000003,44.0
4b244c7cfb71e51bf24fcc396d19c509,151.2,275.0,393.0,0.4657102999999999,44.0
4b244c7cfb71e51bf24fcc396d19c509,184.8,250.0,432.3,0.46147292625,36.0
4b244c7cfb71e51bf24fcc396d19c509,184.8,275.0,393.0,0.46095330000000007,36.0
4b244c7cfb71e51bf24fcc396d19c509,168.0,250.0,393.0,0.42659458333333333,40.0
4b244c7cfb71e51bf24fcc396d19c509,151.2,250.0,393.0,0.42471467499999993,44.0
4b244c7cfb71e51bf24fcc396d19c509,184.8,250.0,393.0,0.42037642500000005,36.0
4c00c9ca639e09b29ebaf3d4ce15c111,148.0,266.4,355.5,0.8026016624999999,88.0
4c00c9ca639e09b29ebaf3d4ce15c111,162.8,266.4,355.5,0.7984190250000001,80.0
4c00c9ca639e09b29ebaf3d4ce15c111,133.2,266.4,355.5,0.7930280699999998,96.0
4c00c9ca639e09b29ebaf3d4ce15c111,148.0,325.6,355.5,0.731346721875,66.0
4c00c9ca639e09b29ebaf3d4ce15c111,162.8,325.6,355.5,0.72753541875,60.0
4c00c9ca639e09b29ebaf3d4ce15c111,133.2,325.6,355.5,0.7226230725000001,72.0
4c00c9ca639e09b29ebaf3d4ce15c111,148.0,296.0,355.5,0.666648984375,66.0
4c00c9ca639e09b29ebaf3d4ce15c111,162.8,296.0,355.5,0.66317484375,60.0
4c00c9ca639e09b29ebaf3d4ce15c111,133.2,296.0,355.5,0.6586970625,72.0
4c00c9ca639e09b29ebaf3d4ce15c111,148.0,266.4,434.5,0.48827686874999987,44.0
4c00c9ca639e09b29ebaf3d4ce15c111,162.8,266.4,434.5,0.48573228749999997,40.0
4c00c9ca639e09b29ebaf3d4ce15c111,133.2,266.4,434.5,0.48245260499999987,48.0
4c00c9ca639e09b29ebaf3d4ce15c111,148.0,325.6,434.5,0.44492766961805563,33.0
4c00c9ca639e09b29ebaf3d4ce15c111,148.0,266.4,395.0,0.44478884999999996,44.0
4c00c9ca639e09b29ebaf3d4ce15c111,162.8,325.6,434.5,0.4426089961805556,30.0
4c00c9ca639e09b29ebaf3d4ce15c111,162.8,266.4,395.0,0.44247089999999994,40.0
4c00c9ca639e09b29ebaf3d4ce15c111,133.2,325.6,434.5,0.43962048375000007,36.0
4c00c9ca639e09b29ebaf3d4ce15c111,133.2,266.4,395.0,0.4394833199999999,48.0
4c00c9ca639e09b29ebaf3d4ce15c111,148.0,296.0,434.5,0.40556766059027777,33.0
4c00c9ca639e09b29ebaf3d4ce15c111,148.0,325.6,395.0,0.4053005152777778,33.0
4c00c9ca639e09b29ebaf3d4ce15c111,162.8,296.0,434.5,0.4034541059027778,30.0
4c00c9ca639e09b29ebaf3d4ce15c111,162.8,325.6,395.0,0.4031883527777778,30.0
4c00c9ca639e09b29ebaf3d4ce15c111,133.2,296.0,434.5,0.40072996875,36.0
4c00c9ca639e09b29ebaf3d4ce15c111,133.2,325.6,395.0,0.40046601,36.0
4c00c9ca639e09b29ebaf3d4ce15c111,148.0,296.0,395.0,0.3694460763888889,33.0
4c00c9ca639e09b29ebaf3d4ce15c111,162.8,296.0,395.0,0.3675207638888889,30.0
4c00c9ca639e09b29ebaf3d4ce15c111,133.2,296.0,395.0,0.36503925,36.0
4d0dc68792c8a76defd00faaff677665,289.0,281.0,379.0,0.9314155555555556,48.0
4d0dc68792c8a76defd00faaff677665,317.9,281.0,379.0,0.8514534259259259,40.0
4d0dc68792c8a76defd00faaff677665,289.0,252.9,379.0,0.8411645999999999,48.0
4d0dc68792c8a76defd00faaff677665,260.1,281.0,379.0,0.841087,48.0
4d0dc68792c8a76defd00faaff677665,289.0,281.0,341.1,0.8404345000000001,48.0
4d0dc68792c8a76defd00faaff677665,317.9,252.9,379.0,0.7689505249999999,40.0
4d0dc68792c8a76defd00faaff677665,317.9,281.0,341.1,0.7682831041666667,40.0
4d0dc68792c8a76defd00faaff677665,289.0,309.1,379.0,0.7662498833333332,36.0
4d0dc68792c8a76defd00faaff677665,260.1,252.9,379.0,0.7595885699999999,48.0
4d0dc68792c8a76defd00faaff677665,289.0,252.9,341.1,0.758999295,48.0
4d0dc68792c8a76defd00faaff677665,260.1,281.0,341.1,0.7589292750000001,48.0
4d0dc68792c8a76defd00faaff677665,317.9,309.1,379.0,0.7004672451388888,30.0
4d0dc68792c8a76defd00faaff677665,317.9,252.9,341.1,0.6938391206249999,40.0
4d0dc68792c8a76defd00faaff677665,260.1,309.1,379.0,0.6919390725000001,36.0
4d0dc68792c8a76defd00faaff677665,289.0,309.1,341.1,0.69140227875,36.0
4d0dc68792c8a76defd00faaff677665,260.1,252.9,341.1,0.68539164525,48.0
4d0dc68792c8a76defd00faaff677665,317.9,309.1,341.1,0.63204531578125,30.0
4d0dc68792c8a76defd00faaff677665,260.1,309.1,341.1,0.6243501785625001,36.0
4d0dc68792c8a76defd00faaff677665,289.0,281.0,416.9,0.5111983055555556,24.0
4d0dc68792c8a76defd00faaff677665,317.9,281.0,416.9,0.4673118738425926,20.0
4d0dc68792c8a76defd00faaff677665,289.0,252.9,416.9,0.46166495249999995,24.0
4d0dc68792c8a76defd00faaff677665,260.1,281.0,416.9,0.4616223625,24.0
4d0dc68792c8a76defd00faaff677665,317.9,252.9,416.9,0.4220309646874999,20.0
4d0dc68792c8a76defd00faaff677665,289.0,309.1,416.9,0.42054874395833336,18.0
4d0dc68792c8a76defd00faaff677665,260.1,252.9,416.9,0.416892747375,24.0
4d0dc68792c8a76defd00faaff677665,317.9,309.1,416.9,0.38444458724826386,15.0
4d0dc68792c8a76defd00faaff677665,260.1,309.1,416.9,0.37976398321875,18.0
4e08f8e3d25dca0ebe2ef18b5cff3f24,335.5,282.0,380.0,0.9027096180555556,40.0
4e08f8e3d25dca0ebe2ef18b5cff3f24,274.5,282.0,380.0,0.891442125,48.0
4e08f8e3d25dca0ebe2ef18b5cff3f24,305.0,282.0,380.0,0.8227890277777777,40.0
4e08f8e3d25dca0ebe2ef18b5cff3f24,335.5,253.8,380.0,0.8152305416666668,40.0
4e08f8e3d25dca0ebe2ef18b5cff3f24,335.5,282.0,342.0,0.8145271875,40.0
4e08f8e3d25dca0ebe2ef18b5cff3f24,274.5,253.8,380.0,0.80505495,48.0
4e08f8e3d25dca0ebe2ef18b5cff3f24,274.5,282.0,342.0,0.804360375,48.0
4e08f8e3d25dca0ebe2ef18b5cff3f24,305.0,253.8,380.0,0.7430548333333333,40.0
4e08f8e3d25dca0ebe2ef18b5cff3f24,335.5,310.2,380.0,0.7426415208333332,30.0
4e08f8e3d25dca0ebe2ef18b5cff3f24,305.0,282.0,342.0,0.74241375,40.0
4e08f8e3d25dca0ebe2ef18b5cff3f24,335.5,253.8,342.0,0.735593625,40.0
4e08f8e3d25dca0ebe2ef18b5cff3f24,274.5,310.2,380.0,0.733371975,36.0
4e08f8e3d25dca0ebe2ef18b5cff3f24,274.5,253.8,342.0,0.7264120500000001,48.0
4e08f8e3d25dca0ebe2ef18b5cff3f24,305.0,310.2,380.0,0.6768924166666667,30.0
4e08f8e3d25dca0ebe2ef18b5cff3f24,305.0,253.8,342.0,0.6704685,40.0
4e08f8e3d25dca0ebe2ef18b5cff3f24,335.5,310.2,342.0,0.6700955625,30.0
4e08f8e3d25dca0ebe2ef18b5cff3f24,274.5,310.2,342.0,0.661731525,36.0
4e08f8e3d25dca0ebe2ef18b5cff3f24,305.0,310.2,342.0,0.61076925,30.0
4e08f8e3d25dca0ebe2ef18b5cff3f24,335.5,282.0,418.0,0.49544602430555557,20.0
4e08f8e3d25dca0ebe2ef18b5cff3f24,274.5,282.0,418.0,0.4892619375,24.0
4e08f8e3d25dca0ebe2ef18b5cff3f24,305.0,282.0,418.0,0.4515821527777778,20.0
4e08f8e3d25dca0ebe2ef18b5cff3f24,335.5,253.8,418.0,0.4474337291666667,20.0
4e08f8e3d25dca0ebe2ef18b5cff3f24,274.5,253.8,418.0,0.44184892500000006,24.0
4e08f8e3d25dca0ebe2ef18b5cff3f24,305.0,253.8,418.0,0.4078205833333333,20.0
4e08f8e3d25dca0ebe2ef18b5cff3f24,335.5,310.2,418.0,0.40759373958333334,15.0
4e08f8e3d25dca0ebe2ef18b5cff3f24,274.5,310.2,418.0,0.40250621249999996,18.0
4e08f8e3d25dca0ebe2ef18b5cff3f24,305.0,310.2,418.0,0.37150779166666664,15.0
4e4ab9c5dd0e741b2d59dd243d6a270a,203.4,285.0,383.0,0.9066176,64.0
4e4ab9c5dd0e741b2d59dd243d6a270a,226.0,285.0,383.0,0.8776988888888889,56.0
4e4ab9c5dd0e741b2d59dd243d6a270a,248.6,285.0,383.0,0.8246634666666667,48.0
4e4ab9c5dd0e741b2d59dd243d6a270a,203.4,256.5,383.0,0.8187312000000001,64.0
4e4ab9c5dd0e741b2d59dd243d6a270a,203.4,285.0,344.7,0.8180373599999999,64.0
4e4ab9c5dd0e741b2d59dd243d6a270a,226.0,256.5,383.0,0.7926158333333333,56.0
4e4ab9c5dd0e741b2d59dd243d6a270a,226.0,285.0,344.7,0.791944125,56.0
4e4ab9c5dd0e741b2d59dd243d6a270a,203.4,313.5,383.0,0.745878,48.0
4e4ab9c5dd0e741b2d59dd243d6a270a,248.6,256.5,383.0,0.7447216000000001,48.0
4e4ab9c5dd0e741b2d59dd243d6a270a,248.6,285.0,344.7,0.74409048,48.0
4e4ab9c5dd0e741b2d59dd243d6a270a,203.4,256.5,344.7,0.73873782,64.0
4e4ab9c5dd0e741b2d59dd243d6a270a,226.0,313.5,383.0,0.7220864583333333,42.0
4e4ab9c5dd0e741b2d59dd243d6a270a,226.0,256.5,344.7,0.71517403125,56.0
4e4ab9c5dd0e741b2d59dd243d6a270a,248.6,313.5,383.0,0.6784540000000001,36.0
4e4ab9c5dd0e741b2d59dd243d6a270a,203.4,313.5,344.7,0.6730026750000001,48.0
4e4ab9c5dd0e741b2d59dd243d6a270a,248.6,256.5,344.7,0.67195926,48.0
4e4ab9c5dd0e741b2d59dd243d6a270a,226.0,313.5,344.7,0.6515356640625,42.0
4e4ab9c5dd0e741b2d59dd243d6a270a,248.6,313.5,344.7,0.612166275,36.0
4e4ab9c5dd0e741b2d59dd243d6a270a,203.4,285.0,421.3,0.49759892,32.0
4e4ab9c5dd0e741b2d59dd243d6a270a,226.0,285.0,421.3,0.48172682638888886,28.0
4e4ab9c5dd0e741b2d59dd243d6a270a,248.6,285.0,421.3,0.4526182266666667,24.0
4e4ab9c5dd0e741b2d59dd243d6a270a,203.4,256.5,421.3,0.44936229000000005,32.0
4e4ab9c5dd0e741b2d59dd243d6a270a,226.0,256.5,421.3,0.43502881770833335,28.0
4e4ab9c5dd0e741b2d59dd243d6a270a,203.4,313.5,421.3,0.4093766625,24.0
4e4ab9c5dd0e741b2d59dd243d6a270a,248.6,256.5,421.3,0.40874197000000007,24.0
4e4ab9c5dd0e741b2d59dd243d6a270a,226.0,313.5,421.3,0.3963186263020833,21.0
4e4ab9c5dd0e741b2d59dd243d6a270a,248.6,313.5,421.3,0.37237086250000007,18.0
4f08f853cf7f9be28571df66a50bc322,164.0,288.0,388.0,0.94436375,80.0
4f08f853cf7f9be28571df66a50bc322,147.6,288.0,388.0,0.9403242749999999,88.0
4f08f853cf7f9be28571df66a50bc322,180.4,288.0,388.0,0.9304985250000001,72.0
4f08f853cf7f9be28571df66a50bc322,164.0,259.2,388.0,0.8527890833333334,80.0
4f08f853cf7f9be28571df66a50bc322,164.0,288.0,349.2,0.85206825,80.0
4f08f853cf7f9be28571df66a50bc322,147.6,259.2,388.0,0.849141315,88.0
4f08f853cf7f9be28571df66a50bc322,147.6,288.0,349.2,0.8484235649999999,88.0
4f08f853cf7f9be28571df66a50bc322,180.4,259.2,388.0,0.840268365,72.0
4f08f853cf7f9be28571df66a50bc322,180.4,288.0,349.2,0.839558115,72.0
4f08f853cf7f9be28571df66a50bc322,164.0,316.8,388.0,0.7769538125,60.0
4f08f853cf7f9be28571df66a50bc322,147.6,316.8,388.0,0.77363042625,66.0
4f08f853cf7f9be28571df66a50bc322,164.0,259.2,349.2,0.7694434499999999,80.0
4f08f853cf7f9be28571df66a50bc322,147.6,259.2,349.2,0.7661521889999998,88.0
4f08f853cf7f9be28571df66a50bc322,180.4,316.8,388.0,0.76554651375,54.0
4f08f853cf7f9be28571df66a50bc322,180.4,259.2,349.2,0.758146419,72.0
4f08f853cf7f9be28571df66a50bc322,164.0,316.8,349.2,0.7010197874999999,60.0
4f08f853cf7f9be28571df66a50bc322,147.6,316.8,349.2,0.69802120575,66.0
4f08f853cf7f9be28571df66a50bc322,180.4,316.8,349.2,0.69072735825,54.0
4f08f853cf7f9be28571df66a50bc322,164.0,288.0,426.8,0.518329625,40.0
4f08f853cf7f9be28571df66a50bc322,147.6,288.0,426.8,0.5161124925,44.0
4f08f853cf7f9be28571df66a50bc322,180.4,288.0,426.8,0.5107194675,36.0
4f08f853cf7f9be28571df66a50bc322,164.0,259.2,426.8,0.4680673583333333,40.0
4f08f853cf7f9be28571df66a50bc322,147.6,259.2,426.8,0.46606522050000004,44.0
4f08f853cf7f9be28571df66a50bc322,180.4,259.2,426.8,0.4611951555,36.0
4f08f853cf7f9be28571df66a50bc322,164.0,316.8,426.8,0.42644391875000004,30.0
4f08f853cf7f9be28571df66a50bc322,147.6,316.8,426.8,0.42461982337500004,33.0
4f08f853cf7f9be28571df66a50bc322,180.4,316.8,426.8,0.420182834625,27.0
4f15606db1c337e2b9460243b25326d4,322.2,268.0,379.0,0.8239826666666665,40.0
4f15606db1c337e2b9460243b25326d4,393.8,268.0,379.0,0.8016913481481482,32.0
4f15606db1c337e2b9460243b25326d4,322.2,241.2,379.0,0.7442616,40.0
4f15606db1c337e2b9460243b25326d4,322.2,268.0,341.1,0.7434957,40.0
4f15606db1c337e2b9460243b25326d4,358.0,268.0,379.0,0.7304387407407408,32.0
4f15606db1c337e2b9460243b25326d4,393.8,241.2,379.0,0.7241269866666666,32.0
4f15606db1c337e2b9460243b25326d4,393.8,268.0,341.1,0.7233818066666667,32.0
4f15606db1c337e2b9460243b25326d4,322.2,294.8,379.0,0.6777778000000001,30.0
4f15606db1c337e2b9460243b25326d4,322.2,241.2,341.1,0.67156182,40.0
4f15606db1c337e2b9460243b25326d4,358.0,241.2,379.0,0.6597681333333333,32.0
4f15606db1c337e2b9460243b25326d4,393.8,294.8,379.0,0.6594417822222224,24.0
4f15606db1c337e2b9460243b25326d4,358.0,268.0,341.1,0.6590891833333334,32.0
4f15606db1c337e2b9460243b25326d4,393.8,241.2,341.1,0.653393964,32.0
4f15606db1c337e2b9460243b25326d4,322.2,294.8,341.1,0.611572185,30.0
4f15606db1c337e2b9460243b25326d4,358.0,294.8,379.0,0.6008320111111112,24.0
4f15606db1c337e2b9460243b25326d4,358.0,241.2,341.1,0.59532171,32.0
4f15606db1c337e2b9460243b25326d4,393.8,294.8,341.1,0.5950272370000002,24.0
4f15606db1c337e2b9460243b25326d4,358.0,294.8,341.1,0.5421424925,24.0
4f15606db1c337e2b9460243b25326d4,322.2,268.0,416.9,0.45223481666666665,20.0
4f15606db1c337e2b9460243b25326d4,393.8,268.0,416.9,0.4400004448148148,16.0
4f15606db1c337e2b9460243b25326d4,322.2,241.2,416.9,0.40848069,20.0
4f15606db1c337e2b9460243b25326d4,358.0,268.0,416.9,0.400894149074074,16.0
4f15606db1c337e2b9460243b25326d4,393.8,241.2,416.9,0.3974300046666666,16.0
4f15606db1c337e2b9460243b25326d4,322.2,294.8,416.9,0.3719917075,15.0
4f15606db1c337e2b9460243b25326d4,358.0,241.2,416.9,0.3621072783333333,16.0
4f15606db1c337e2b9460243b25326d4,393.8,294.8,416.9,0.36192816372222225,12.0
4f15606db1c337e2b9460243b25326d4,358.0,294.8,416.9,0.32976076486111117,12.0
519a80871f454928779db9ed3e039e2b,167.0,282.0,380.0,0.9223622222222222,80.0
519a80871f454928779db9ed3e039e2b,150.3,282.0,380.0,0.9183268875000002,88.0
519a80871f454928779db9ed3e039e2b,183.7,282.0,380.0,0.9088936375,72.0
519a80871f454928779db9ed3e039e2b,167.0,253.8,380.0,0.8329786666666668,80.0
519a80871f454928779db9ed3e039e2b,167.0,282.0,342.0,0.83226,80.0
519a80871f454928779db9ed3e039e2b,150.3,253.8,380.0,0.8293343850000001,88.0
519a80871f454928779db9ed3e039e2b,150.3,282.0,342.0,0.8286188625,88.0
519a80871f454928779db9ed3e039e2b,183.7,253.8,380.0,0.820815285,72.0
519a80871f454928779db9ed3e039e2b,183.7,282.0,342.0,0.8201071124999999,72.0
519a80871f454928779db9ed3e039e2b,167.0,310.2,380.0,0.7588093333333332,60.0
519a80871f454928779db9ed3e039e2b,150.3,310.2,380.0,0.7554895425000002,66.0
519a80871f454928779db9ed3e039e2b,167.0,253.8,342.0,0.751608,80.0
519a80871f454928779db9ed3e039e2b,150.3,253.8,342.0,0.7483197150000002,88.0
519a80871f454928779db9ed3e039e2b,183.7,310.2,380.0,0.7477289925,54.0
519a80871f454928779db9ed3e039e2b,183.7,253.8,342.0,0.740632815,72.0
519a80871f454928779db9ed3e039e2b,167.0,310.2,342.0,0.684684,60.0
519a80871f454928779db9ed3e039e2b,150.3,310.2,342.0,0.6816885075,66.0
519a80871f454928779db9ed3e039e2b,183.7,310.2,342.0,0.6746860575,54.0
519a80871f454928779db9ed3e039e2b,167.0,282.0,418.0,0.5062322222222222,40.0
519a80871f454928779db9ed3e039e2b,150.3,282.0,418.0,0.50401745625,44.0
519a80871f454928779db9ed3e039e2b,183.7,282.0,418.0,0.49884008125,36.0
519a80871f454928779db9ed3e039e2b,167.0,253.8,418.0,0.4571746666666667,40.0
519a80871f454928779db9ed3e039e2b,150.3,253.8,418.0,0.45517452750000004,44.0
519a80871f454928779db9ed3e039e2b,183.7,253.8,418.0,0.45049887749999995,36.0
519a80871f454928779db9ed3e039e2b,167.0,310.2,418.0,0.41646733333333336,30.0
519a80871f454928779db9ed3e039e2b,150.3,310.2,418.0,0.41464528875,33.0
519a80871f454928779db9ed3e039e2b,183.7,310.2,418.0,0.41038596375,27.0
5229dfb764d843b66341f7ca5cdec3dd,214.0,288.0,388.0,0.973841,64.0
5229dfb764d843b66341f7ca5cdec3dd,235.4,288.0,388.0,0.9338829500000001,56.0
5229dfb764d843b66341f7ca5cdec3dd,192.6,288.0,388.0,0.8803871999999999,64.0
5229dfb764d843b66341f7ca5cdec3dd,214.0,259.2,388.0,0.8794079333333333,64.0
5229dfb764d843b66341f7ca5cdec3dd,214.0,288.0,349.2,0.8786646,64.0
5229dfb764d843b66341f7ca5cdec3dd,235.4,259.2,388.0,0.8433246033333335,56.0
5229dfb764d843b66341f7ca5cdec3dd,235.4,288.0,349.2,0.8426117700000001,56.0
5229dfb764d843b66341f7ca5cdec3dd,214.0,316.8,388.0,0.80120555,48.0
5229dfb764d843b66341f7ca5cdec3dd,192.6,259.2,388.0,0.7950163199999999,64.0
5229dfb764d843b66341f7ca5cdec3dd,192.6,288.0,349.2,0.7943443199999999,64.0
5229dfb764d843b66341f7ca5cdec3dd,214.0,259.2,349.2,0.79346076,64.0
5229dfb764d843b66341f7ca5cdec3dd,235.4,316.8,388.0,0.7683309725,42.0
5229dfb764d843b66341f7ca5cdec3dd,235.4,259.2,349.2,0.760903962,56.0
5229dfb764d843b66341f7ca5cdec3dd,192.6,316.8,388.0,0.7243185600000001,48.0
5229dfb764d843b66341f7ca5cdec3dd,214.0,316.8,349.2,0.7229013300000001,48.0
5229dfb764d843b66341f7ca5cdec3dd,192.6,259.2,349.2,0.7173169919999999,64.0
5229dfb764d843b66341f7ca5cdec3dd,235.4,316.8,349.2,0.6932396835,42.0
5229dfb764d843b66341f7ca5cdec3dd,192.6,316.8,349.2,0.653528736,48.0
5229dfb764d843b66341f7ca5cdec3dd,214.0,288.0,426.8,0.5345087000000001,32.0
5229dfb764d843b66341f7ca5cdec3dd,235.4,288.0,426.8,0.512577065,28.0
5229dfb764d843b66341f7ca5cdec3dd,192.6,288.0,426.8,0.48321504,32.0
5229dfb764d843b66341f7ca5cdec3dd,214.0,259.2,426.8,0.4826775533333333,32.0
5229dfb764d843b66341f7ca5cdec3dd,235.4,259.2,426.8,0.4628726223333334,28.0
5229dfb764d843b66341f7ca5cdec3dd,214.0,316.8,426.8,0.4397548850000001,24.0
5229dfb764d843b66341f7ca5cdec3dd,192.6,259.2,426.8,0.436357824,32.0
5229dfb764d843b66341f7ca5cdec3dd,235.4,316.8,426.8,0.42171113075000005,21.0
5229dfb764d843b66341f7ca5cdec3dd,192.6,316.8,426.8,0.39755419200000003,24.0
5291917030874f6b0d887d1710a073f8,203.4,226.8,380.0,0.9019743,80.0
5291917030874f6b0d887d1710a073f8,203.4,277.2,380.0,0.87581016,64.0
5291917030874f6b0d887d1710a073f8,226.0,226.8,380.0,0.8732036979166666,70.0
5291917030874f6b0d887d1710a073f8,226.0,277.2,380.0,0.847874125,56.0
5291917030874f6b0d887d1710a073f8,248.6,226.8,380.0,0.8204399000000001,60.0
5291917030874f6b0d887d1710a073f8,203.4,226.8,342.0,0.8138637000000001,80.0
5291917030874f6b0d887d1710a073f8,203.4,252.0,380.0,0.7986948,64.0
5291917030874f6b0d887d1710a073f8,248.6,277.2,380.0,0.7966408800000001,48.0
5291917030874f6b0d887d1710a073f8,203.4,277.2,342.0,0.7902554399999999,64.0
5291917030874f6b0d887d1710a073f8,226.0,226.8,342.0,0.78790359375,70.0
5291917030874f6b0d887d1710a073f8,226.0,252.0,380.0,0.7732185416666667,56.0
5291917030874f6b0d887d1710a073f8,226.0,277.2,342.0,0.765048375,56.0
5291917030874f6b0d887d1710a073f8,248.6,226.8,342.0,0.7402941000000001,60.0
5291917030874f6b0d887d1710a073f8,248.6,252.0,380.0,0.7264964,48.0
5291917030874f6b0d887d1710a073f8,203.4,252.0,342.0,0.7206732000000001,64.0
5291917030874f6b0d887d1710a073f8,248.6,277.2,342.0,0.7188199200000002,48.0
5291917030874f6b0d887d1710a073f8,226.0,252.0,342.0,0.697685625,56.0
5291917030874f6b0d887d1710a073f8,248.6,252.0,342.0,0.6555276000000001,48.0
5291917030874f6b0d887d1710a073f8,203.4,226.8,418.0,0.4950424500000001,40.0
5291917030874f6b0d887d1710a073f8,203.4,277.2,418.0,0.48068244,32.0
5291917030874f6b0d887d1710a073f8,226.0,226.8,418.0,0.47925190104166665,35.0
5291917030874f6b0d887d1710a073f8,226.0,277.2,418.0,0.4653499375,28.0
5291917030874f6b0d887d1710a073f8,248.6,226.8,418.0,0.45029285,30.0
5291917030874f6b0d887d1710a073f8,203.4,252.0,418.0,0.43835820000000003,32.0
5291917030874f6b0d887d1710a073f8,248.6,277.2,418.0,0.4372309200000001,24.0
5291917030874f6b0d887d1710a073f8,226.0,252.0,418.0,0.42437572916666666,28.0
5291917030874f6b0d887d1710a073f8,248.6,252.0,418.0,0.39873260000000005,24.0
537ef1ac28efdb45dee0d50d3e1f8274,276.1,282.0,380.0,0.8964731916666667,48.0
537ef1ac28efdb45dee0d50d3e1f8274,225.9,282.0,380.0,0.8617273875000002,56.0
537ef1ac28efdb45dee0d50d3e1f8274,251.0,282.0,380.0,0.8175483333333333,48.0
537ef1ac28efdb45dee0d50d3e1f8274,276.1,253.8,380.0,0.8095984700000002,48.0
537ef1ac28efdb45dee0d50d3e1f8274,276.1,282.0,342.0,0.8088999750000001,48.0
537ef1ac28efdb45dee0d50d3e1f8274,225.9,253.8,380.0,0.778219785,56.0
537ef1ac28efdb45dee0d50d3e1f8274,225.9,282.0,342.0,0.7775483625,56.0
537ef1ac28efdb45dee0d50d3e1f8274,251.0,253.8,380.0,0.738322,48.0
537ef1ac28efdb45dee0d50d3e1f8274,251.0,282.0,342.0,0.737685,48.0
537ef1ac28efdb45dee0d50d3e1f8274,276.1,310.2,380.0,0.7375109350000001,36.0
537ef1ac28efdb45dee0d50d3e1f8274,276.1,253.8,342.0,0.7305117300000001,48.0
537ef1ac28efdb45dee0d50d3e1f8274,225.9,310.2,380.0,0.7089262425,42.0
537ef1ac28efdb45dee0d50d3e1f8274,225.9,253.8,342.0,0.702198315,56.0
537ef1ac28efdb45dee0d50d3e1f8274,251.0,310.2,380.0,0.672581,36.0
537ef1ac28efdb45dee0d50d3e1f8274,251.0,253.8,342.0,0.666198,48.0
537ef1ac28efdb45dee0d50d3e1f8274,276.1,310.2,342.0,0.6654661649999999,36.0
537ef1ac28efdb45dee0d50d3e1f8274,225.9,310.2,342.0,0.6396738075,42.0
537ef1ac28efdb45dee0d50d3e1f8274,251.0,310.2,342.0,0.606879,36.0
537ef1ac28efdb45dee0d50d3e1f8274,276.1,282.0,418.0,0.4920232041666667,24.0
537ef1ac28efdb45dee0d50d3e1f8274,225.9,282.0,418.0,0.47295320625000004,28.0
537ef1ac28efdb45dee0d50d3e1f8274,251.0,282.0,418.0,0.44870583333333336,24.0
537ef1ac28efdb45dee0d50d3e1f8274,276.1,253.8,418.0,0.4443426050000001,24.0
537ef1ac28efdb45dee0d50d3e1f8274,225.9,253.8,418.0,0.4271206275,28.0
537ef1ac28efdb45dee0d50d3e1f8274,251.0,253.8,418.0,0.405223,24.0
537ef1ac28efdb45dee0d50d3e1f8274,276.1,310.2,418.0,0.4047778524999999,18.0
537ef1ac28efdb45dee0d50d3e1f8274,225.9,310.2,418.0,0.38908933875,21.0
537ef1ac28efdb45dee0d50d3e1f8274,251.0,310.2,418.0,0.3691415,18.0
55b52b97c05b19dbbbefa191622fe36a,161.1,286.0,386.0,0.917634375,80.0
55b52b97c05b19dbbbefa191622fe36a,179.0,286.0,386.0,0.9127791666666667,72.0
55b52b97c05b19dbbbefa191622fe36a,196.9,286.0,386.0,0.8886110185185185,64.0
55b52b97c05b19dbbbefa191622fe36a,161.1,257.4,386.0,0.8286704999999999,80.0
55b52b97c05b19dbbbefa191622fe36a,161.1,286.0,347.4,0.8279617499999998,80.0
55b52b97c05b19dbbbefa191622fe36a,179.0,257.4,386.0,0.824286,72.0
55b52b97c05b19dbbbefa191622fe36a,179.0,286.0,347.4,0.823581,72.0
55b52b97c05b19dbbbefa191622fe36a,196.9,257.4,386.0,0.8024609333333333,64.0
55b52b97c05b19dbbbefa191622fe36a,196.9,286.0,347.4,0.8017746,64.0
55b52b97c05b19dbbbefa191622fe36a,161.1,314.6,386.0,0.7549486875,60.0
55b52b97c05b19dbbbefa191622fe36a,179.0,314.6,386.0,0.75095425,54.0
55b52b97c05b19dbbbefa191622fe36a,161.1,257.4,347.4,0.7476915599999999,80.0
55b52b97c05b19dbbbefa191622fe36a,179.0,257.4,347.4,0.7437355199999999,72.0
55b52b97c05b19dbbbefa191622fe36a,196.9,314.6,386.0,0.7310708277777779,48.0
55b52b97c05b19dbbbefa191622fe36a,196.9,257.4,347.4,0.724043232,64.0
55b52b97c05b19dbbbefa191622fe36a,161.1,314.6,347.4,0.681173955,60.0
55b52b97c05b19dbbbefa191622fe36a,179.0,314.6,347.4,0.67756986,54.0
55b52b97c05b19dbbbefa191622fe36a,196.9,314.6,347.4,0.6596294759999999,48.0
55b52b97c05b19dbbbefa191622fe36a,161.1,286.0,424.6,0.5036535000000001,40.0
55b52b97c05b19dbbbefa191622fe36a,179.0,286.0,424.6,0.5009886666666666,36.0
55b52b97c05b19dbbbefa191622fe36a,196.9,286.0,424.6,0.48772371851851853,32.0
55b52b97c05b19dbbbefa191622fe36a,161.1,257.4,424.6,0.45482471999999996,40.0
55b52b97c05b19dbbbefa191622fe36a,179.0,257.4,424.6,0.45241824,36.0
55b52b97c05b19dbbbefa191622fe36a,196.9,257.4,424.6,0.44043931733333336,32.0
55b52b97c05b19dbbbefa191622fe36a,161.1,314.6,424.6,0.41436171000000005,30.0
55b52b97c05b19dbbbefa191622fe36a,179.0,314.6,424.6,0.4121693200000001,27.0
55b52b97c05b19dbbbefa191622fe36a,196.9,314.6,424.6,0.4012560897777779,24.0
563a3fa61d441769163b35905be8987d,210.6,223.2,383.0,0.9253943999999998,80.0
563a3fa61d441769163b35905be8987d,210.6,272.8,383.0,0.8984535466666665,64.0
563a3fa61d441769163b35905be8987d,234.0,223.2,383.0,0.89600175,70.0
563a3fa61d441769163b35905be8987d,234.0,272.8,383.0,0.8699166000000002,56.0
563a3fa61d441769163b35905be8987d,257.4,223.2,383.0,0.8419572,60.0
563a3fa61d441769163b35905be8987d,210.6,223.2,344.7,0.8349795899999999,80.0
563a3fa61d441769163b35905be8987d,210.6,248.0,383.0,0.8193845333333333,64.0
563a3fa61d441769163b35905be8987d,257.4,272.8,383.0,0.8174454399999999,48.0
563a3fa61d441769163b35905be8987d,210.6,272.8,344.7,0.810670968,64.0
563a3fa61d441769163b35905be8987d,234.0,223.2,344.7,0.8084587218749999,70.0
563a3fa61d441769163b35905be8987d,234.0,248.0,383.0,0.793359,56.0
563a3fa61d441769163b35905be8987d,234.0,272.8,344.7,0.7849221975000001,56.0
563a3fa61d441769163b35905be8987d,257.4,223.2,344.7,0.7596945449999999,60.0
563a3fa61d441769163b35905be8987d,257.4,248.0,383.0,0.7455055999999999,48.0
563a3fa61d441769163b35905be8987d,210.6,248.0,344.7,0.7393273199999999,64.0
563a3fa61d441769163b35905be8987d,257.4,272.8,344.7,0.7375776839999998,48.0
563a3fa61d441769163b35905be8987d,234.0,248.0,344.7,0.7158445875,56.0
563a3fa61d441769163b35905be8987d,257.4,248.0,344.7,0.6726666599999999,48.0
563a3fa61d441769163b35905be8987d,210.6,223.2,421.3,0.5079046049999999,40.0
563a3fa61d441769163b35905be8987d,210.6,272.8,421.3,0.49311806266666663,32.0
563a3fa61d441769163b35905be8987d,234.0,223.2,421.3,0.4917723890625,35.0
563a3fa61d441769163b35905be8987d,234.0,272.8,421.3,0.47745550125000014,28.0
563a3fa61d441769163b35905be8987d,257.4,223.2,421.3,0.46210992749999996,30.0
563a3fa61d441769163b35905be8987d,210.6,248.0,421.3,0.4497208733333333,32.0
563a3fa61d441769163b35905be8987d,257.4,272.8,421.3,0.44865659799999996,24.0
563a3fa61d441769163b35905be8987d,234.0,248.0,421.3,0.43543670624999997,28.0
563a3fa61d441769163b35905be8987d,257.4,248.0,421.3,0.40917226999999995,24.0
5752498adef915345dabc54b32edf146,240.9,266.4,355.5,0.81296530875,56.0
5752498adef915345dabc54b32edf146,197.1,266.4,355.5,0.76625919,64.0
5752498adef915345dabc54b32edf146,219.0,266.4,355.5,0.7417210499999999,56.0
5752498adef915345dabc54b32edf146,240.9,325.6,355.5,0.7407902840625,42.0
5752498adef915345dabc54b32edf146,197.1,325.6,355.5,0.6982307324999999,48.0
5752498adef915345dabc54b32edf146,219.0,325.6,355.5,0.6758710875,42.0
5752498adef915345dabc54b32edf146,240.9,296.0,355.5,0.6752571328125,42.0
5752498adef915345dabc54b32edf146,197.1,296.0,355.5,0.6364625625,48.0
5752498adef915345dabc54b32edf146,219.0,296.0,355.5,0.6160809375,42.0
5752498adef915345dabc54b32edf146,240.9,266.4,434.5,0.494581775625,28.0
5752498adef915345dabc54b32edf146,197.1,266.4,434.5,0.46616728499999993,32.0
5752498adef915345dabc54b32edf146,219.0,266.4,434.5,0.451239075,28.0
5752498adef915345dabc54b32edf146,240.9,325.6,434.5,0.45067282713541673,21.0
5752498adef915345dabc54b32edf146,240.9,266.4,395.0,0.4505322149999999,28.0
5752498adef915345dabc54b32edf146,197.1,325.6,434.5,0.42478097375,24.0
5752498adef915345dabc54b32edf146,197.1,266.4,395.0,0.42464843999999996,32.0
5752498adef915345dabc54b32edf146,219.0,325.6,434.5,0.41117808958333335,21.0
5752498adef915345dabc54b32edf146,219.0,266.4,395.0,0.4110497999999999,28.0
5752498adef915345dabc54b32edf146,240.9,296.0,434.5,0.4108045794270833,21.0
5752498adef915345dabc54b32edf146,240.9,325.6,395.0,0.4105339845833334,21.0
5752498adef915345dabc54b32edf146,197.1,296.0,434.5,0.38720321875,24.0
5752498adef915345dabc54b32edf146,197.1,325.6,395.0,0.38694817,24.0
5752498adef915345dabc54b32edf146,219.0,296.0,434.5,0.3748036979166667,21.0
5752498adef915345dabc54b32edf146,219.0,325.6,395.0,0.3745568166666667,21.0
5752498adef915345dabc54b32edf146,240.9,296.0,395.0,0.37421657291666666,21.0
5752498adef915345dabc54b32edf146,197.1,296.0,395.0,0.35271725,24.0
5752498adef915345dabc54b32edf146,219.0,296.0,395.0,0.34142208333333335,21.0
584c93c412f45cd05fb6c4c753038aa1,289.0,285.0,379.0,0.9442626666666667,48.0
584c93c412f45cd05fb6c4c753038aa1,317.9,285.0,379.0,0.8631976111111112,40.0
584c93c412f45cd05fb6c4c753038aa1,289.0,256.5,379.0,0.852727,48.0
584c93c412f45cd05fb6c4c753038aa1,260.1,285.0,379.0,0.8526882000000001,48.0
584c93c412f45cd05fb6c4c753038aa1,289.0,285.0,341.1,0.8520267000000001,48.0
584c93c412f45cd05fb6c4c753038aa1,317.9,256.5,379.0,0.7795202916666667,40.0
584c93c412f45cd05fb6c4c753038aa1,317.9,285.0,341.1,0.7788801125000001,40.0
584c93c412f45cd05fb6c4c753038aa1,289.0,313.5,379.0,0.77684875,36.0
584c93c412f45cd05fb6c4c753038aa1,260.1,256.5,379.0,0.77002965,48.0
584c93c412f45cd05fb6c4c753038aa1,289.0,256.5,341.1,0.769432275,48.0
584c93c412f45cd05fb6c4c753038aa1,260.1,285.0,341.1,0.7693972650000002,48.0
584c93c412f45cd05fb6c4c753038aa1,317.9,313.5,379.0,0.7101561979166665,30.0
584c93c412f45cd05fb6c4c753038aa1,317.9,256.5,341.1,0.703376428125,40.0
584c93c412f45cd05fb6c4c753038aa1,260.1,313.5,379.0,0.7015100625000001,36.0
584c93c412f45cd05fb6c4c753038aa1,289.0,313.5,341.1,0.70096584375,36.0
584c93c412f45cd05fb6c4c753038aa1,260.1,256.5,341.1,0.6948128362500001,48.0
584c93c412f45cd05fb6c4c753038aa1,317.9,313.5,341.1,0.64078784765625,30.0
584c93c412f45cd05fb6c4c753038aa1,260.1,313.5,341.1,0.6329862703125001,36.0
584c93c412f45cd05fb6c4c753038aa1,289.0,285.0,416.9,0.5182493166666666,24.0
584c93c412f45cd05fb6c4c753038aa1,317.9,285.0,416.9,0.4737575548611111,20.0
584c93c412f45cd05fb6c4c753038aa1,289.0,256.5,416.9,0.46801086250000007,24.0
584c93c412f45cd05fb6c4c753038aa1,260.1,285.0,416.9,0.4679895675,24.0
584c93c412f45cd05fb6c4c753038aa1,317.9,256.5,416.9,0.42783207760416664,20.0
584c93c412f45cd05fb6c4c753038aa1,289.0,313.5,416.9,0.426365828125,18.0
584c93c412f45cd05fb6c4c753038aa1,260.1,256.5,416.9,0.42262323187500006,24.0
584c93c412f45cd05fb6c4c753038aa1,317.9,313.5,416.9,0.3897622740885416,15.0
584c93c412f45cd05fb6c4c753038aa1,260.1,313.5,416.9,0.38501692734375004,18.0
5914abeae491eab8612131985b15994f,215.1,286.0,386.0,0.9671575,64.0
5914abeae491eab8612131985b15994f,239.0,286.0,386.0,0.9365157407407407,56.0
5914abeae491eab8612131985b15994f,262.9,286.0,386.0,0.8800874305555556,48.0
5914abeae491eab8612131985b15994f,215.1,257.4,386.0,0.8733923999999998,64.0
5914abeae491eab8612131985b15994f,215.1,286.0,347.4,0.8726453999999999,64.0
5914abeae491eab8612131985b15994f,239.0,257.4,386.0,0.8457213333333333,56.0
5914abeae491eab8612131985b15994f,239.0,286.0,347.4,0.844998,56.0
5914abeae491eab8612131985b15994f,215.1,314.6,386.0,0.79569195,48.0
5914abeae491eab8612131985b15994f,262.9,257.4,386.0,0.7947637,48.0
5914abeae491eab8612131985b15994f,262.9,286.0,347.4,0.79408395,48.0
5914abeae491eab8612131985b15994f,215.1,257.4,347.4,0.7880431679999998,64.0
5914abeae491eab8612131985b15994f,239.0,314.6,386.0,0.7704826111111112,42.0
5914abeae491eab8612131985b15994f,239.0,257.4,347.4,0.76307616,56.0
5914abeae491eab8612131985b15994f,262.9,314.6,386.0,0.7240583708333334,36.0
5914abeae491eab8612131985b15994f,215.1,314.6,347.4,0.717935724,48.0
5914abeae491eab8612131985b15994f,262.9,257.4,347.4,0.7170981839999998,48.0
5914abeae491eab8612131985b15994f,239.0,314.6,347.4,0.6951898799999999,42.0
5914abeae491eab8612131985b15994f,262.9,314.6,347.4,0.6533022869999999,36.0
5914abeae491eab8612131985b15994f,215.1,286.0,424.6,0.5308348,32.0
5914abeae491eab8612131985b15994f,239.0,286.0,424.6,0.5140167407407408,28.0
5914abeae491eab8612131985b15994f,262.9,286.0,424.6,0.48304545555555556,24.0
5914abeae491eab8612131985b15994f,215.1,257.4,424.6,0.4793708159999999,32.0
5914abeae491eab8612131985b15994f,239.0,257.4,424.6,0.4641832533333333,28.0
5914abeae491eab8612131985b15994f,215.1,314.6,424.6,0.43672408800000007,24.0
5914abeae491eab8612131985b15994f,262.9,257.4,424.6,0.43621460799999995,24.0
5914abeae491eab8612131985b15994f,239.0,314.6,424.6,0.42288767111111114,21.0
5914abeae491eab8612131985b15994f,262.9,314.6,424.6,0.39740722733333333,18.0
5a779fb14ea37232001ecf933514d159,170.1,266.4,355.5,0.8323448625,80.0
5a779fb14ea37232001ecf933514d159,189.0,266.4,355.5,0.8281622249999999,72.0
5a779fb14ea37232001ecf933514d159,207.9,266.4,355.5,0.80641251,64.0
5a779fb14ea37232001ecf933514d159,170.1,325.6,355.5,0.7584493218749999,60.0
5a779fb14ea37232001ecf933514d159,189.0,325.6,355.5,0.75463801875,54.0
5a779fb14ea37232001ecf933514d159,207.9,325.6,355.5,0.7348192425,48.0
5a779fb14ea37232001ecf933514d159,170.1,296.0,355.5,0.691353984375,60.0
5a779fb14ea37232001ecf933514d159,189.0,296.0,355.5,0.68787984375,54.0
5a779fb14ea37232001ecf933514d159,207.9,296.0,355.5,0.6698143125,48.0
5a779fb14ea37232001ecf933514d159,170.1,266.4,434.5,0.50637166875,40.0
5a779fb14ea37232001ecf933514d159,189.0,266.4,434.5,0.5038270874999999,36.0
5a779fb14ea37232001ecf933514d159,207.9,266.4,434.5,0.490595265,32.0
5a779fb14ea37232001ecf933514d159,170.1,325.6,434.5,0.4614160140625,30.0
5a779fb14ea37232001ecf933514d159,170.1,266.4,395.0,0.46127205,40.0
5a779fb14ea37232001ecf933514d159,189.0,325.6,434.5,0.459097340625,27.0
5a779fb14ea37232001ecf933514d159,189.0,266.4,395.0,0.4589541,36.0
5a779fb14ea37232001ecf933514d159,207.9,325.6,434.5,0.44704023875000004,24.0
5a779fb14ea37232001ecf933514d159,207.9,266.4,395.0,0.44690076,32.0
5a779fb14ea37232001ecf933514d159,170.1,296.0,434.5,0.4205973828125,30.0
5a779fb14ea37232001ecf933514d159,170.1,325.6,395.0,0.42032033750000003,30.0
5a779fb14ea37232001ecf933514d159,189.0,296.0,434.5,0.418483828125,27.0
5a779fb14ea37232001ecf933514d159,189.0,325.6,395.0,0.41820817500000007,27.0
5a779fb14ea37232001ecf933514d159,207.9,296.0,434.5,0.40749334375,24.0
5a779fb14ea37232001ecf933514d159,207.9,325.6,395.0,0.40722493,24.0
5a779fb14ea37232001ecf933514d159,170.1,296.0,395.0,0.3831371875,30.0
5a779fb14ea37232001ecf933514d159,189.0,296.0,395.0,0.381211875,27.0
5a779fb14ea37232001ecf933514d159,207.9,296.0,395.0,0.37120025,24.0
5c09a821f787019adf0ee74c5cc31985,349.8,229.5,385.0,0.9755809375000002,50.0
5c09a821f787019adf0ee74c5cc31985,286.2,229.5,385.0,0.9631822499999999,60.0
5c09a821f787019adf0ee74c5cc31985,349.8,280.5,385.0,0.9473565833333335,40.0
5c09a821f787019adf0ee74c5cc31985,286.2,280.5,385.0,0.9353165999999998,48.0
5c09a821f787019adf0ee74c5cc31985,318.0,229.5,385.0,0.88911640625,50.0
5c09a821f787019adf0ee74c5cc31985,349.8,229.5,346.5,0.880251328125,50.0
5c09a821f787019adf0ee74c5cc31985,286.2,229.5,346.5,0.8690641874999998,60.0
5c09a821f787019adf0ee74c5cc31985,349.8,255.0,385.0,0.8639106666666667,40.0
5c09a821f787019adf0ee74c5cc31985,318.0,280.5,385.0,0.8633935416666667,40.0
5c09a821f787019adf0ee74c5cc31985,349.8,280.5,346.5,0.8547849375000002,40.0
5c09a821f787019adf0ee74c5cc31985,286.2,255.0,385.0,0.8529312000000001,48.0
5c09a821f787019adf0ee74c5cc31985,286.2,280.5,346.5,0.84392145,48.0
5c09a821f787019adf0ee74c5cc31985,318.0,229.5,346.5,0.8022357421875,50.0
5c09a821f787019adf0ee74c5cc31985,318.0,255.0,385.0,0.7873433333333333,40.0
5c09a821f787019adf0ee74c5cc31985,349.8,255.0,346.5,0.779493,40.0
5c09a821f787019adf0ee74c5cc31985,318.0,280.5,346.5,0.77902640625,40.0
5c09a821f787019adf0ee74c5cc31985,286.2,255.0,346.5,0.7695864,48.0
5c09a821f787019adf0ee74c5cc31985,318.0,255.0,346.5,0.7104075,40.0
5c09a821f787019adf0ee74c5cc31985,349.8,229.5,423.5,0.5354552734375,25.0
5c09a821f787019adf0ee74c5cc31985,286.2,229.5,423.5,0.52865015625,30.0
5c09a821f787019adf0ee74c5cc31985,349.8,280.5,423.5,0.5199641145833334,20.0
5c09a821f787019adf0ee74c5cc31985,286.2,280.5,423.5,0.513355875,24.0
5c09a821f787019adf0ee74c5cc31985,318.0,229.5,423.5,0.48799853515625,25.0
5c09a821f787019adf0ee74c5cc31985,349.8,255.0,423.5,0.47416416666666666,20.0
5c09a821f787019adf0ee74c5cc31985,318.0,280.5,423.5,0.47388033854166667,20.0
5c09a821f787019adf0ee74c5cc31985,286.2,255.0,423.5,0.468138,24.0
5c09a821f787019adf0ee74c5cc31985,318.0,255.0,423.5,0.43213958333333335,20.0
5de73c5764aabd7851aff9fdd3125d98,170.0,285.0,385.0,0.9599372222222222,80.0
5de73c5764aabd7851aff9fdd3125d98,153.0,285.0,385.0,0.955647,88.0
5de73c5764aabd7851aff9fdd3125d98,187.0,285.0,385.0,0.945994,72.0
5de73c5764aabd7851aff9fdd3125d98,170.0,256.5,385.0,0.8668820833333334,80.0
5de73c5764aabd7851aff9fdd3125d98,170.0,285.0,346.5,0.86613625,80.0
5de73c5764aabd7851aff9fdd3125d98,153.0,256.5,385.0,0.86300775,88.0
5de73c5764aabd7851aff9fdd3125d98,153.0,285.0,346.5,0.86226525,88.0
5de73c5764aabd7851aff9fdd3125d98,187.0,256.5,385.0,0.8542905,72.0
5de73c5764aabd7851aff9fdd3125d98,187.0,285.0,346.5,0.8535555,72.0
5de73c5764aabd7851aff9fdd3125d98,170.0,313.5,385.0,0.7897442708333333,60.0
5de73c5764aabd7851aff9fdd3125d98,153.0,313.5,385.0,0.7862146875,66.0
5de73c5764aabd7851aff9fdd3125d98,170.0,256.5,346.5,0.7821740625,80.0
5de73c5764aabd7851aff9fdd3125d98,153.0,256.5,346.5,0.7786783125,88.0
5de73c5764aabd7851aff9fdd3125d98,187.0,313.5,385.0,0.778273125,54.0
5de73c5764aabd7851aff9fdd3125d98,187.0,256.5,346.5,0.770812875,72.0
5de73c5764aabd7851aff9fdd3125d98,170.0,313.5,346.5,0.712573828125,60.0
5de73c5764aabd7851aff9fdd3125d98,153.0,313.5,346.5,0.709389140625,66.0
5de73c5764aabd7851aff9fdd3125d98,187.0,313.5,346.5,0.70222359375,54.0
5de73c5764aabd7851aff9fdd3125d98,170.0,285.0,423.5,0.5268690972222222,40.0
5de73c5764aabd7851aff9fdd3125d98,153.0,285.0,423.5,0.524514375,44.0
5de73c5764aabd7851aff9fdd3125d98,187.0,285.0,423.5,0.51921625,36.0
5de73c5764aabd7851aff9fdd3125d98,170.0,256.5,423.5,0.47579505208333334,40.0
5de73c5764aabd7851aff9fdd3125d98,153.0,256.5,423.5,0.47366859375,44.0
5de73c5764aabd7851aff9fdd3125d98,187.0,256.5,423.5,0.4688840625,36.0
5de73c5764aabd7851aff9fdd3125d98,170.0,313.5,423.5,0.43345735677083336,30.0
5de73c5764aabd7851aff9fdd3125d98,153.0,313.5,423.5,0.4315201171875,33.0
5de73c5764aabd7851aff9fdd3125d98,187.0,313.5,423.5,0.427161328125,27.0
5e09543a8b7a6614f447c98559a39851,160.2,266.4,355.5,0.7863358499999998,80.0
5e09543a8b7a6614f447c98559a39851,178.0,266.4,355.5,0.7821532124999999,72.0
5e09543a8b7a6614f447c98559a39851,195.8,266.4,355.5,0.76142592,64.0
5e09543a8b7a6614f447c98559a39851,160.2,325.6,355.5,0.7165249875,60.0
5e09543a8b7a6614f447c98559a39851,178.0,325.6,355.5,0.712713684375,54.0
5e09543a8b7a6614f447c98559a39851,195.8,325.6,355.5,0.6938265600000001,48.0
5e09543a8b7a6614f447c98559a39851,160.2,296.0,355.5,0.6531384375,60.0
5e09543a8b7a6614f447c98559a39851,178.0,296.0,355.5,0.649664296875,54.0
5e09543a8b7a6614f447c98559a39851,195.8,296.0,355.5,0.632448,48.0
5e09543a8b7a6614f447c98559a39851,160.2,266.4,434.5,0.47838127499999994,40.0
5e09543a8b7a6614f447c98559a39851,178.0,266.4,434.5,0.47583669375,36.0
5e09543a8b7a6614f447c98559a39851,195.8,266.4,434.5,0.46322688,32.0
5e09543a8b7a6614f447c98559a39851,160.2,325.6,434.5,0.43591060624999994,30.0
5e09543a8b7a6614f447c98559a39851,160.2,266.4,395.0,0.43577459999999996,40.0
5e09543a8b7a6614f447c98559a39851,178.0,325.6,434.5,0.4335919328125001,27.0
5e09543a8b7a6614f447c98559a39851,178.0,266.4,395.0,0.43345664999999994,36.0
5e09543a8b7a6614f447c98559a39851,195.8,325.6,434.5,0.42210161777777777,24.0
5e09543a8b7a6614f447c98559a39851,195.8,266.4,395.0,0.42196992,32.0
5e09543a8b7a6614f447c98559a39851,160.2,296.0,434.5,0.39734828125,30.0
5e09543a8b7a6614f447c98559a39851,160.2,325.6,395.0,0.39708655000000004,30.0
5e09543a8b7a6614f447c98559a39851,178.0,296.0,434.5,0.3952347265625,27.0
5e09543a8b7a6614f447c98559a39851,178.0,325.6,395.0,0.3949743875,27.0
5e09543a8b7a6614f447c98559a39851,195.8,296.0,434.5,0.3847608888888889,24.0
5e09543a8b7a6614f447c98559a39851,195.8,325.6,395.0,0.38450744888888894,24.0
5e09543a8b7a6614f447c98559a39851,160.2,296.0,395.0,0.36195875,30.0
5e09543a8b7a6614f447c98559a39851,178.0,296.0,395.0,0.3600334375,27.0
5e09543a8b7a6614f447c98559a39851,195.8,296.0,395.0,0.35049244444444444,24.0
5e55b0f0e0122b55ba8d4d91fb921c5a,347.6,262.8,391.0,0.8974433333333334,40.0
5e55b0f0e0122b55ba8d4d91fb921c5a,284.4,262.8,391.0,0.886068,48.0
5e55b0f0e0122b55ba8d4d91fb921c5a,316.0,262.8,391.0,0.8179166666666666,40.0
5e55b0f0e0122b55ba8d4d91fb921c5a,347.6,321.2,391.0,0.8177036111111111,30.0
5e55b0f0e0122b55ba8d4d91fb921c5a,347.6,262.8,351.9,0.8097182475,40.0
5e55b0f0e0122b55ba8d4d91fb921c5a,284.4,321.2,391.0,0.807339,36.0
5e55b0f0e0122b55ba8d4d91fb921c5a,284.4,262.8,351.9,0.7994548529999999,48.0
5e55b0f0e0122b55ba8d4d91fb921c5a,347.6,292.0,391.0,0.7453930555555556,30.0
5e55b0f0e0122b55ba8d4d91fb921c5a,316.0,321.2,391.0,0.7452430555555556,30.0
5e55b0f0e0122b55ba8d4d91fb921c5a,316.0,262.8,351.9,0.7379653124999999,40.0
5e55b0f0e0122b55ba8d4d91fb921c5a,347.6,321.2,351.9,0.7377730831249999,30.0
5e55b0f0e0122b55ba8d4d91fb921c5a,284.4,292.0,391.0,0.735945,36.0
5e55b0f0e0122b55ba8d4d91fb921c5a,284.4,321.2,351.9,0.7284216127499998,36.0
5e55b0f0e0122b55ba8d4d91fb921c5a,316.0,292.0,391.0,0.6793402777777777,30.0
5e55b0f0e0122b55ba8d4d91fb921c5a,347.6,292.0,351.9,0.6725308843749999,30.0
5e55b0f0e0122b55ba8d4d91fb921c5a,316.0,321.2,351.9,0.672395546875,30.0
5e55b0f0e0122b55ba8d4d91fb921c5a,284.4,292.0,351.9,0.6640063762499999,36.0
5e55b0f0e0122b55ba8d4d91fb921c5a,316.0,292.0,351.9,0.612934765625,30.0
5e55b0f0e0122b55ba8d4d91fb921c5a,347.6,262.8,430.1,0.4925842095833334,20.0
5e55b0f0e0122b55ba8d4d91fb921c5a,284.4,262.8,430.1,0.4863405735000001,24.0
5e55b0f0e0122b55ba8d4d91fb921c5a,316.0,262.8,430.1,0.44893401041666664,20.0
5e55b0f0e0122b55ba8d4d91fb921c5a,347.6,321.2,430.1,0.44881706954861117,15.0
5e55b0f0e0122b55ba8d4d91fb921c5a,284.4,321.2,430.1,0.443128193625,18.0
5e55b0f0e0122b55ba8d4d91fb921c5a,347.6,292.0,430.1,0.4091276133680556,15.0
5e55b0f0e0122b55ba8d4d91fb921c5a,316.0,321.2,430.1,0.4090452821180556,15.0
5e55b0f0e0122b55ba8d4d91fb921c5a,284.4,292.0,430.1,0.403941811875,18.0
5e55b0f0e0122b55ba8d4d91fb921c5a,316.0,292.0,430.1,0.37287289496527776,15.0
600cd59259a79d7fa6a1bffb6451bb8a,240.9,286.0,386.0,0.9436906597222222,56.0
600cd59259a79d7fa6a1bffb6451bb8a,197.1,286.0,386.0,0.8894741666666667,64.0
600cd59259a79d7fa6a1bffb6451bb8a,219.0,286.0,386.0,0.8609902777777778,56.0
600cd59259a79d7fa6a1bffb6451bb8a,240.9,257.4,386.0,0.85220065,56.0
600cd59259a79d7fa6a1bffb6451bb8a,240.9,286.0,347.4,0.851471775,56.0
600cd59259a79d7fa6a1bffb6451bb8a,197.1,257.4,386.0,0.8032403999999999,64.0
600cd59259a79d7fa6a1bffb6451bb8a,197.1,286.0,347.4,0.8025533999999999,64.0
600cd59259a79d7fa6a1bffb6451bb8a,219.0,257.4,386.0,0.777518,56.0
600cd59259a79d7fa6a1bffb6451bb8a,219.0,286.0,347.4,0.776853,56.0
600cd59259a79d7fa6a1bffb6451bb8a,240.9,314.6,386.0,0.7763855020833335,42.0
600cd59259a79d7fa6a1bffb6451bb8a,240.9,257.4,347.4,0.7689223079999998,56.0
600cd59259a79d7fa6a1bffb6451bb8a,197.1,314.6,386.0,0.7317809500000001,48.0
600cd59259a79d7fa6a1bffb6451bb8a,197.1,257.4,347.4,0.724746528,64.0
600cd59259a79d7fa6a1bffb6451bb8a,219.0,314.6,386.0,0.7083469166666667,42.0
600cd59259a79d7fa6a1bffb6451bb8a,219.0,257.4,347.4,0.70153776,56.0
600cd59259a79d7fa6a1bffb6451bb8a,240.9,314.6,347.4,0.7005159315,42.0
600cd59259a79d7fa6a1bffb6451bb8a,197.1,314.6,347.4,0.660270204,48.0
600cd59259a79d7fa6a1bffb6451bb8a,219.0,314.6,347.4,0.63912618,42.0
600cd59259a79d7fa6a1bffb6451bb8a,240.9,286.0,424.6,0.5179547722222222,28.0
600cd59259a79d7fa6a1bffb6451bb8a,197.1,286.0,424.6,0.48819746666666675,32.0
600cd59259a79d7fa6a1bffb6451bb8a,219.0,286.0,424.6,0.4725637777777778,28.0
600cd59259a79d7fa6a1bffb6451bb8a,240.9,257.4,424.6,0.46773949600000003,28.0
600cd59259a79d7fa6a1bffb6451bb8a,197.1,257.4,424.6,0.44086713599999994,32.0
600cd59259a79d7fa6a1bffb6451bb8a,219.0,257.4,424.6,0.42674912,28.0
600cd59259a79d7fa6a1bffb6451bb8a,240.9,314.6,424.6,0.4261275363333335,21.0
600cd59259a79d7fa6a1bffb6451bb8a,197.1,314.6,424.6,0.4016458480000001,24.0
600cd59259a79d7fa6a1bffb6451bb8a,219.0,314.6,424.6,0.38878382666666667,21.0
60eb77c934f99a121f410ec2037a2a46,336.6,266.4,355.5,0.8030664000000002,40.0
60eb77c934f99a121f410ec2037a2a46,275.4,266.4,355.5,0.7930280699999998,48.0
60eb77c934f99a121f410ec2037a2a46,306.0,266.4,355.5,0.7319615625,40.0
60eb77c934f99a121f410ec2037a2a46,336.6,325.6,355.5,0.7317702,30.0
60eb77c934f99a121f410ec2037a2a46,275.4,325.6,355.5,0.7226230725000001,36.0
60eb77c934f99a121f410ec2037a2a46,336.6,296.0,355.5,0.667035,30.0
60eb77c934f99a121f410ec2037a2a46,306.0,325.6,355.5,0.666978046875,30.0
60eb77c934f99a121f410ec2037a2a46,275.4,296.0,355.5,0.6586970625,36.0
60eb77c934f99a121f410ec2037a2a46,306.0,296.0,355.5,0.607974609375,30.0
60eb77c934f99a121f410ec2037a2a46,336.6,266.4,434.5,0.48855960000000004,20.0
60eb77c934f99a121f410ec2037a2a46,275.4,266.4,434.5,0.48245260499999987,24.0
60eb77c934f99a121f410ec2037a2a46,306.0,266.4,434.5,0.44530171875,20.0
60eb77c934f99a121f410ec2037a2a46,336.6,325.6,434.5,0.44518530000000006,15.0
60eb77c934f99a121f410ec2037a2a46,336.6,266.4,395.0,0.4450464,20.0
60eb77c934f99a121f410ec2037a2a46,275.4,325.6,434.5,0.43962048375000007,18.0
60eb77c934f99a121f410ec2037a2a46,275.4,266.4,395.0,0.4394833199999999,24.0
60eb77c934f99a121f410ec2037a2a46,336.6,296.0,434.5,0.4058025,15.0
60eb77c934f99a121f410ec2037a2a46,306.0,325.6,434.5,0.4057678515625,15.0
60eb77c934f99a121f410ec2037a2a46,306.0,266.4,395.0,0.40564125,20.0
60eb77c934f99a121f410ec2037a2a46,336.6,325.6,395.0,0.4055352000000001,15.0
60eb77c934f99a121f410ec2037a2a46,275.4,296.0,434.5,0.40072996875,18.0
60eb77c934f99a121f410ec2037a2a46,275.4,325.6,395.0,0.40046601,18.0
60eb77c934f99a121f410ec2037a2a46,306.0,296.0,434.5,0.3698720703125,15.0
60eb77c934f99a121f410ec2037a2a46,336.6,296.0,395.0,0.36966,15.0
60eb77c934f99a121f410ec2037a2a46,306.0,325.6,395.0,0.3696284375,15.0
60eb77c934f99a121f410ec2037a2a46,275.4,296.0,395.0,0.36503925,18.0
60eb77c934f99a121f410ec2037a2a46,306.0,296.0,395.0,0.3369296875,15.0
60f9d051a89c1302333f9987840f1831,328.0,229.5,385.0,0.9163065104166667,50.0
60f9d051a89c1302333f9987840f1831,328.0,280.5,385.0,0.8897970138888889,40.0
60f9d051a89c1302333f9987840f1831,295.2,229.5,385.0,0.8271229687499999,50.0
60f9d051a89c1302333f9987840f1831,328.0,229.5,346.5,0.8267689453125,50.0
60f9d051a89c1302333f9987840f1831,328.0,255.0,385.0,0.8114211111111111,40.0
60f9d051a89c1302333f9987840f1831,360.8,229.5,385.0,0.8043920416666667,40.0
60f9d051a89c1302333f9987840f1831,295.2,280.5,385.0,0.8031936249999999,40.0
60f9d051a89c1302333f9987840f1831,328.0,280.5,346.5,0.80284984375,40.0
60f9d051a89c1302333f9987840f1831,360.8,280.5,385.0,0.7811203222222224,32.0
60f9d051a89c1302333f9987840f1831,295.2,229.5,346.5,0.7463000390625,50.0
60f9d051a89c1302333f9987840f1831,295.2,255.0,385.0,0.732446,40.0
60f9d051a89c1302333f9987840f1831,328.0,255.0,346.5,0.7321325,40.0
60f9d051a89c1302333f9987840f1831,360.8,229.5,346.5,0.72579028125,40.0
60f9d051a89c1302333f9987840f1831,295.2,280.5,346.5,0.72470896875,40.0
60f9d051a89c1302333f9987840f1831,360.8,255.0,385.0,0.7123169777777777,32.0
60f9d051a89c1302333f9987840f1831,360.8,280.5,346.5,0.704792575,32.0
60f9d051a89c1302333f9987840f1831,295.2,255.0,346.5,0.6608745,40.0
60f9d051a89c1302333f9987840f1831,360.8,255.0,346.5,0.6427124000000001,32.0
60f9d051a89c1302333f9987840f1831,328.0,229.5,423.5,0.5029220377604167,25.0
60f9d051a89c1302333f9987840f1831,328.0,280.5,423.5,0.48837209201388887,20.0
60f9d051a89c1302333f9987840f1831,295.2,229.5,423.5,0.45397294921875,25.0
60f9d051a89c1302333f9987840f1831,328.0,255.0,423.5,0.4453548611111111,20.0
60f9d051a89c1302333f9987840f1831,360.8,229.5,423.5,0.44149690104166667,20.0
60f9d051a89c1302333f9987840f1831,295.2,280.5,423.5,0.440839140625,20.0
60f9d051a89c1302333f9987840f1831,360.8,280.5,423.5,0.4287240347222222,16.0
60f9d051a89c1302333f9987840f1831,295.2,255.0,423.5,0.40200875,20.0
60f9d051a89c1302333f9987840f1831,360.8,255.0,423.5,0.39096077777777777,16.0
614801e8bbdec32546c0d92055dfb596,213.4,288.0,388.0,0.9712208000000001,64.0
614801e8bbdec32546c0d92055dfb596,174.6,288.0,388.0,0.9020038499999999,72.0
614801e8bbdec32546c0d92055dfb596,194.0,288.0,388.0,0.886501,64.0
614801e8bbdec32546c0d92055dfb596,213.4,259.2,388.0,0.8770418133333334,64.0
614801e8bbdec32546c0d92055dfb596,213.4,288.0,349.2,0.87630048,64.0
614801e8bbdec32546c0d92055dfb596,174.6,259.2,388.0,0.8145368099999999,72.0
614801e8bbdec32546c0d92055dfb596,174.6,288.0,349.2,0.8138483099999999,72.0
614801e8bbdec32546c0d92055dfb596,194.0,259.2,388.0,0.8005372666666667,64.0
614801e8bbdec32546c0d92055dfb596,194.0,288.0,349.2,0.7998605999999999,64.0
614801e8bbdec32546c0d92055dfb596,213.4,316.8,388.0,0.79904984,48.0
614801e8bbdec32546c0d92055dfb596,213.4,259.2,349.2,0.791325888,64.0
614801e8bbdec32546c0d92055dfb596,174.6,316.8,388.0,0.7421031675,54.0
614801e8bbdec32546c0d92055dfb596,174.6,259.2,349.2,0.7349296859999999,72.0
614801e8bbdec32546c0d92055dfb596,194.0,316.8,388.0,0.7293485500000001,48.0
614801e8bbdec32546c0d92055dfb596,194.0,259.2,349.2,0.7222983599999999,64.0
614801e8bbdec32546c0d92055dfb596,213.4,316.8,349.2,0.7209563039999999,48.0
614801e8bbdec32546c0d92055dfb596,174.6,316.8,349.2,0.6695752004999999,54.0
614801e8bbdec32546c0d92055dfb596,194.0,316.8,349.2,0.6580671300000001,48.0
614801e8bbdec32546c0d92055dfb596,213.4,288.0,426.8,0.5330705600000001,32.0
614801e8bbdec32546c0d92055dfb596,174.6,288.0,426.8,0.49507969500000004,36.0
614801e8bbdec32546c0d92055dfb596,194.0,288.0,426.8,0.4865707,32.0
614801e8bbdec32546c0d92055dfb596,213.4,259.2,426.8,0.48137886933333335,32.0
614801e8bbdec32546c0d92055dfb596,174.6,259.2,426.8,0.44707196699999996,36.0
614801e8bbdec32546c0d92055dfb596,194.0,259.2,426.8,0.4393880866666667,32.0
614801e8bbdec32546c0d92055dfb596,213.4,316.8,426.8,0.43857168799999996,24.0
614801e8bbdec32546c0d92055dfb596,174.6,316.8,426.8,0.40731556725,27.0
614801e8bbdec32546c0d92055dfb596,194.0,316.8,426.8,0.40031498500000007,24.0
6317bf81cd9d3fe0f209963e7fd234f7,189.2,282.0,380.0,0.934835075,72.0
6317bf81cd9d3fe0f209963e7fd234f7,154.8,282.0,380.0,0.8584257500000001,80.0
6317bf81cd9d3fe0f209963e7fd234f7,172.0,282.0,380.0,0.853709125,72.0
6317bf81cd9d3fe0f209963e7fd234f7,189.2,253.8,380.0,0.84424281,72.0
6317bf81cd9d3fe0f209963e7fd234f7,189.2,282.0,342.0,0.843514425,72.0
6317bf81cd9d3fe0f209963e7fd234f7,154.8,253.8,380.0,0.7752381000000002,80.0
6317bf81cd9d3fe0f209963e7fd234f7,154.8,282.0,342.0,0.77456925,80.0
6317bf81cd9d3fe0f209963e7fd234f7,172.0,253.8,380.0,0.77097855,72.0
6317bf81cd9d3fe0f209963e7fd234f7,172.0,282.0,342.0,0.770313375,72.0
6317bf81cd9d3fe0f209963e7fd234f7,189.2,310.2,380.0,0.769070505,54.0
6317bf81cd9d3fe0f209963e7fd234f7,189.2,253.8,342.0,0.7617717900000001,72.0
6317bf81cd9d3fe0f209963e7fd234f7,154.8,310.2,380.0,0.70621005,60.0
6317bf81cd9d3fe0f209963e7fd234f7,172.0,310.2,380.0,0.7023297749999999,54.0
6317bf81cd9d3fe0f209963e7fd234f7,154.8,253.8,342.0,0.6995079000000002,80.0
6317bf81cd9d3fe0f209963e7fd234f7,172.0,253.8,342.0,0.6956644500000001,72.0
6317bf81cd9d3fe0f209963e7fd234f7,189.2,310.2,342.0,0.6939427949999999,54.0
6317bf81cd9d3fe0f209963e7fd234f7,154.8,310.2,342.0,0.6372229500000001,60.0
6317bf81cd9d3fe0f209963e7fd234f7,172.0,310.2,342.0,0.633721725,54.0
6317bf81cd9d3fe0f209963e7fd234f7,189.2,282.0,418.0,0.5130778625,36.0
6317bf81cd9d3fe0f209963e7fd234f7,154.8,282.0,418.0,0.471141125,40.0
6317bf81cd9d3fe0f209963e7fd234f7,172.0,282.0,418.0,0.4685524375,36.0
6317bf81cd9d3fe0f209963e7fd234f7,189.2,253.8,418.0,0.4633569149999999,36.0
6317bf81cd9d3fe0f209963e7fd234f7,154.8,253.8,418.0,0.42548415,40.0
6317bf81cd9d3fe0f209963e7fd234f7,172.0,253.8,418.0,0.423146325,36.0
6317bf81cd9d3fe0f209963e7fd234f7,189.2,310.2,418.0,0.4220991075,27.0
6317bf81cd9d3fe0f209963e7fd234f7,154.8,310.2,418.0,0.38759857499999995,30.0
6317bf81cd9d3fe0f209963e7fd234f7,172.0,310.2,418.0,0.3854689125,27.0
631adf6ff70b5781bcd77a8f20a140e0,211.2,286.0,386.0,0.9503261111111111,64.0
631adf6ff70b5781bcd77a8f20a140e0,172.8,286.0,386.0,0.882676875,72.0
631adf6ff70b5781bcd77a8f20a140e0,192.0,286.0,386.0,0.8674638888888889,64.0
631adf6ff70b5781bcd77a8f20a140e0,211.2,257.4,386.0,0.8581927999999999,64.0
631adf6ff70b5781bcd77a8f20a140e0,211.2,286.0,347.4,0.8574588,64.0
631adf6ff70b5781bcd77a8f20a140e0,172.8,257.4,386.0,0.7971020999999999,72.0
631adf6ff70b5781bcd77a8f20a140e0,172.8,286.0,347.4,0.79642035,72.0
631adf6ff70b5781bcd77a8f20a140e0,192.0,257.4,386.0,0.7833639999999998,64.0
631adf6ff70b5781bcd77a8f20a140e0,192.0,286.0,347.4,0.782694,64.0
631adf6ff70b5781bcd77a8f20a140e0,211.2,314.6,386.0,0.7818445666666667,48.0
631adf6ff70b5781bcd77a8f20a140e0,211.2,257.4,347.4,0.7743288959999998,64.0
631adf6ff70b5781bcd77a8f20a140e0,172.8,314.6,386.0,0.7261887375000002,54.0
631adf6ff70b5781bcd77a8f20a140e0,172.8,257.4,347.4,0.7192080719999998,72.0
631adf6ff70b5781bcd77a8f20a140e0,192.0,314.6,386.0,0.7136728333333334,48.0
631adf6ff70b5781bcd77a8f20a140e0,192.0,257.4,347.4,0.7068124799999999,64.0
631adf6ff70b5781bcd77a8f20a140e0,211.2,314.6,347.4,0.7054415279999999,48.0
631adf6ff70b5781bcd77a8f20a140e0,172.8,314.6,347.4,0.655224471,54.0
631adf6ff70b5781bcd77a8f20a140e0,192.0,314.6,347.4,0.64393164,48.0
631adf6ff70b5781bcd77a8f20a140e0,211.2,286.0,424.6,0.5215967111111112,32.0
631adf6ff70b5781bcd77a8f20a140e0,172.8,286.0,424.6,0.48446670000000003,36.0
631adf6ff70b5781bcd77a8f20a140e0,192.0,286.0,424.6,0.47611688888888887,32.0
631adf6ff70b5781bcd77a8f20a140e0,211.2,257.4,424.6,0.47102835199999993,32.0
631adf6ff70b5781bcd77a8f20a140e0,172.8,257.4,424.6,0.437498064,36.0
631adf6ff70b5781bcd77a8f20a140e0,192.0,257.4,424.6,0.42995775999999997,32.0
631adf6ff70b5781bcd77a8f20a140e0,211.2,314.6,424.6,0.4291238026666667,24.0
631adf6ff70b5781bcd77a8f20a140e0,172.8,314.6,424.6,0.3985765020000001,27.0
631adf6ff70b5781bcd77a8f20a140e0,192.0,314.6,424.6,0.39170701333333335,24.0
63849e2a342c002e41cdca735b7ffa35,206.1,283.0,381.0,0.907244,64.0
63849e2a342c002e41cdca735b7ffa35,229.0,283.0,381.0,0.8783522222222222,56.0
63849e2a342c002e41cdca735b7ffa35,251.9,283.0,381.0,0.8253136666666665,48.0
63849e2a342c002e41cdca735b7ffa35,206.1,254.7,381.0,0.8193158999999999,64.0
63849e2a342c002e41cdca735b7ffa35,206.1,283.0,342.9,0.8186132399999999,64.0
63849e2a342c002e41cdca735b7ffa35,229.0,254.7,381.0,0.79322425,56.0
63849e2a342c002e41cdca735b7ffa35,229.0,283.0,342.9,0.7925439666666666,56.0
63849e2a342c002e41cdca735b7ffa35,206.1,311.3,381.0,0.7463790749999999,48.0
63849e2a342c002e41cdca735b7ffa35,251.9,254.7,381.0,0.7453260749999999,48.0
63849e2a342c002e41cdca735b7ffa35,251.9,283.0,342.9,0.7446868699999998,48.0
63849e2a342c002e41cdca735b7ffa35,206.1,254.7,342.9,0.7392750389999998,64.0
63849e2a342c002e41cdca735b7ffa35,229.0,311.3,381.0,0.7226101458333335,42.0
63849e2a342c002e41cdca735b7ffa35,229.0,254.7,342.9,0.7157323425,56.0
63849e2a342c002e41cdca735b7ffa35,251.9,311.3,381.0,0.6789759437499999,36.0
63849e2a342c002e41cdca735b7ffa35,206.1,311.3,342.9,0.6734635807499999,48.0
63849e2a342c002e41cdca735b7ffa35,251.9,254.7,342.9,0.6725134507499998,48.0
63849e2a342c002e41cdca735b7ffa35,229.0,311.3,342.9,0.652016693125,42.0
63849e2a342c002e41cdca735b7ffa35,251.9,311.3,342.9,0.6126452169374998,36.0
63849e2a342c002e41cdca735b7ffa35,206.1,283.0,419.1,0.49793738,32.0
63849e2a342c002e41cdca735b7ffa35,229.0,283.0,419.1,0.48208023888888896,28.0
63849e2a342c002e41cdca735b7ffa35,251.9,283.0,419.1,0.4529702316666666,24.0
63849e2a342c002e41cdca735b7ffa35,206.1,254.7,419.1,0.4496783805,32.0
63849e2a342c002e41cdca735b7ffa35,229.0,254.7,419.1,0.43535807874999993,28.0
63849e2a342c002e41cdca735b7ffa35,206.1,311.3,419.1,0.409647284625,24.0
63849e2a342c002e41cdca735b7ffa35,251.9,254.7,419.1,0.40906934962499997,24.0
63849e2a342c002e41cdca735b7ffa35,229.0,311.3,419.1,0.3966017992708334,21.0
63849e2a342c002e41cdca735b7ffa35,251.9,311.3,419.1,0.37265333528124994,18.0
6606e81b2f59d36618cddb9ed77287c3,179.1,229.5,353.7,0.84746838515625,90.0
6606e81b2f59d36618cddb9ed77287c3,199.0,229.5,353.7,0.8330009999999999,80.0
6606e81b2f59d36618cddb9ed77287c3,179.1,280.5,353.7,0.8229504318749999,72.0
6606e81b2f59d36618cddb9ed77287c3,199.0,280.5,353.7,0.8089016,64.0
6606e81b2f59d36618cddb9ed77287c3,218.9,229.5,353.7,0.7986096726562499,70.0
6606e81b2f59d36618cddb9ed77287c3,218.9,280.5,353.7,0.775505241875,56.0
6606e81b2f59d36618cddb9ed77287c3,179.1,255.0,353.7,0.75046257,72.0
6606e81b2f59d36618cddb9ed77287c3,199.0,255.0,353.7,0.7376512,64.0
6606e81b2f59d36618cddb9ed77287c3,218.9,255.0,353.7,0.7071964899999998,56.0
6606e81b2f59d36618cddb9ed77287c3,179.1,229.5,432.3,0.515560791796875,45.0
6606e81b2f59d36618cddb9ed77287c3,199.0,229.5,432.3,0.5067595,40.0
6606e81b2f59d36618cddb9ed77287c3,179.1,280.5,432.3,0.5006451965625,36.0
6606e81b2f59d36618cddb9ed77287c3,199.0,280.5,432.3,0.49209853333333337,32.0
6606e81b2f59d36618cddb9ed77287c3,218.9,229.5,432.3,0.485837398046875,35.0
6606e81b2f59d36618cddb9ed77287c3,218.9,280.5,432.3,0.4717817248958334,28.0
6606e81b2f59d36618cddb9ed77287c3,179.1,229.5,393.0,0.4696474921875,45.0
6606e81b2f59d36618cddb9ed77287c3,199.0,229.5,393.0,0.46163,40.0
6606e81b2f59d36618cddb9ed77287c3,179.1,255.0,432.3,0.45654691500000005,36.0
6606e81b2f59d36618cddb9ed77287c3,179.1,280.5,393.0,0.45606020625,36.0
6606e81b2f59d36618cddb9ed77287c3,199.0,255.0,432.3,0.4487530666666667,32.0
6606e81b2f59d36618cddb9ed77287c3,199.0,280.5,393.0,0.44827466666666665,32.0
6606e81b2f59d36618cddb9ed77287c3,218.9,229.5,393.0,0.4425711171875,35.0
6606e81b2f59d36618cddb9ed77287c3,218.9,255.0,432.3,0.4302258216666667,28.0
6606e81b2f59d36618cddb9ed77287c3,218.9,280.5,393.0,0.4297671729166667,28.0
6606e81b2f59d36618cddb9ed77287c3,179.1,255.0,393.0,0.41588910000000007,36.0
6606e81b2f59d36618cddb9ed77287c3,199.0,255.0,393.0,0.40878933333333334,32.0
6606e81b2f59d36618cddb9ed77287c3,218.9,255.0,393.0,0.39191203333333335,28.0
67894c5a8355ca9b7e57b96362fa45f1,169.0,288.0,388.0,0.9716575,80.0
67894c5a8355ca9b7e57b96362fa45f1,152.1,288.0,388.0,0.9673450874999999,88.0
67894c5a8355ca9b7e57b96362fa45f1,185.9,288.0,388.0,0.9575193375000001,72.0
67894c5a8355ca9b7e57b96362fa45f1,169.0,259.2,388.0,0.8774361666666667,80.0
67894c5a8355ca9b7e57b96362fa45f1,169.0,288.0,349.2,0.8766945,80.0
67894c5a8355ca9b7e57b96362fa45f1,152.1,259.2,388.0,0.8735419274999999,88.0
67894c5a8355ca9b7e57b96362fa45f1,152.1,288.0,349.2,0.8728035524999999,88.0
67894c5a8355ca9b7e57b96362fa45f1,185.9,259.2,388.0,0.8646689775,72.0
67894c5a8355ca9b7e57b96362fa45f1,185.9,288.0,349.2,0.8639381025,72.0
67894c5a8355ca9b7e57b96362fa45f1,169.0,316.8,388.0,0.799409125,60.0
67894c5a8355ca9b7e57b96362fa45f1,152.1,316.8,388.0,0.795861185625,66.0
67894c5a8355ca9b7e57b96362fa45f1,169.0,259.2,349.2,0.7916816999999999,80.0
67894c5a8355ca9b7e57b96362fa45f1,152.1,259.2,349.2,0.7881680564999999,88.0
67894c5a8355ca9b7e57b96362fa45f1,185.9,316.8,388.0,0.787777273125,54.0
67894c5a8355ca9b7e57b96362fa45f1,185.9,259.2,349.2,0.7801622864999999,72.0
67894c5a8355ca9b7e57b96362fa45f1,169.0,316.8,349.2,0.7212804749999999,60.0
67894c5a8355ca9b7e57b96362fa45f1,152.1,316.8,349.2,0.718079286375,66.0
67894c5a8355ca9b7e57b96362fa45f1,185.9,316.8,349.2,0.710785438875,54.0
67894c5a8355ca9b7e57b96362fa45f1,169.0,288.0,426.8,0.53331025,40.0
67894c5a8355ca9b7e57b96362fa45f1,152.1,288.0,426.8,0.5309433112499999,44.0
67894c5a8355ca9b7e57b96362fa45f1,185.9,288.0,426.8,0.5255502862500001,36.0
67894c5a8355ca9b7e57b96362fa45f1,169.0,259.2,426.8,0.4815953166666667,40.0
67894c5a8355ca9b7e57b96362fa45f1,152.1,259.2,426.8,0.47945789925000004,44.0
67894c5a8355ca9b7e57b96362fa45f1,185.9,259.2,426.8,0.47458783425,36.0
67894c5a8355ca9b7e57b96362fa45f1,169.0,316.8,426.8,0.43876888750000004,30.0
67894c5a8355ca9b7e57b96362fa45f1,152.1,316.8,426.8,0.4368215424375,33.0
67894c5a8355ca9b7e57b96362fa45f1,185.9,316.8,426.8,0.43238455368750006,27.0
689d55a5924317429c37f70116fcf10b,247.5,229.5,353.7,0.89883010546875,70.0
689d55a5924317429c37f70116fcf10b,247.5,280.5,353.7,0.872826215625,56.0
689d55a5924317429c37f70116fcf10b,275.0,229.5,353.7,0.8530250625,60.0
689d55a5924317429c37f70116fcf10b,275.0,280.5,353.7,0.82834635,48.0
689d55a5924317429c37f70116fcf10b,247.5,255.0,353.7,0.79594515,56.0
689d55a5924317429c37f70116fcf10b,302.5,229.5,353.7,0.77968693359375,50.0
689d55a5924317429c37f70116fcf10b,302.5,280.5,353.7,0.757129953125,40.0
689d55a5924317429c37f70116fcf10b,275.0,255.0,353.7,0.7553831999999999,48.0
689d55a5924317429c37f70116fcf10b,302.5,255.0,353.7,0.69043975,40.0
689d55a5924317429c37f70116fcf10b,247.5,229.5,432.3,0.546806900390625,35.0
689d55a5924317429c37f70116fcf10b,247.5,280.5,432.3,0.5309873296875001,28.0
689d55a5924317429c37f70116fcf10b,275.0,229.5,432.3,0.51894121875,30.0
689d55a5924317429c37f70116fcf10b,275.0,280.5,432.3,0.503927825,24.0
689d55a5924317429c37f70116fcf10b,247.5,229.5,393.0,0.4981109765625,35.0
689d55a5924317429c37f70116fcf10b,247.5,255.0,432.3,0.484216425,28.0
689d55a5924317429c37f70116fcf10b,247.5,280.5,393.0,0.48370021875,28.0
689d55a5924317429c37f70116fcf10b,302.5,229.5,432.3,0.474325673828125,25.0
689d55a5924317429c37f70116fcf10b,275.0,229.5,393.0,0.472726875,30.0
689d55a5924317429c37f70116fcf10b,302.5,280.5,432.3,0.4606030442708333,20.0
689d55a5924317429c37f70116fcf10b,275.0,255.0,432.3,0.4595404,24.0
689d55a5924317429c37f70116fcf10b,275.0,280.5,393.0,0.4590505,24.0
689d55a5924317429c37f70116fcf10b,247.5,255.0,393.0,0.4410945,28.0
689d55a5924317429c37f70116fcf10b,302.5,229.5,393.0,0.4320845703125,25.0
689d55a5924317429c37f70116fcf10b,302.5,255.0,432.3,0.4200317916666667,20.0
689d55a5924317429c37f70116fcf10b,302.5,280.5,393.0,0.41958401041666665,20.0
689d55a5924317429c37f70116fcf10b,275.0,255.0,393.0,0.418616,24.0
689d55a5924317429c37f70116fcf10b,302.5,255.0,393.0,0.38262583333333333,20.0
6a29db0cef2137d2bb15a27d61f064bd,243.0,229.5,353.7,0.88306115625,70.0
6a29db0cef2137d2bb15a27d61f064bd,243.0,280.5,353.7,0.857513475,56.0
6a29db0cef2137d2bb15a27d61f064bd,270.0,229.5,353.7,0.838007015625,60.0
6a29db0cef2137d2bb15a27d61f064bd,270.0,280.5,353.7,0.8137627875,48.0
6a29db0cef2137d2bb15a27d61f064bd,243.0,255.0,353.7,0.7819811999999999,56.0
6a29db0cef2137d2bb15a27d61f064bd,297.0,229.5,353.7,0.765920390625,50.0
6a29db0cef2137d2bb15a27d61f064bd,297.0,280.5,353.7,0.7437616875,40.0
6a29db0cef2137d2bb15a27d61f064bd,270.0,255.0,353.7,0.7420842,48.0
6a29db0cef2137d2bb15a27d61f064bd,297.0,255.0,353.7,0.678249,40.0
6a29db0cef2137d2bb15a27d61f064bd,243.0,229.5,432.3,0.537213796875,35.0
6a29db0cef2137d2bb15a27d61f064bd,243.0,280.5,432.3,0.5216717625,28.0
6a29db0cef2137d2bb15a27d61f064bd,270.0,229.5,432.3,0.5098049296875,30.0
6a29db0cef2137d2bb15a27d61f064bd,270.0,280.5,432.3,0.4950558562499999,24.0
6a29db0cef2137d2bb15a27d61f064bd,243.0,229.5,393.0,0.4893721875,35.0
6a29db0cef2137d2bb15a27d61f064bd,243.0,255.0,432.3,0.4757214,28.0
6a29db0cef2137d2bb15a27d61f064bd,243.0,280.5,393.0,0.47521425,28.0
6a29db0cef2137d2bb15a27d61f064bd,297.0,229.5,432.3,0.4659507421875,25.0
6a29db0cef2137d2bb15a27d61f064bd,270.0,229.5,393.0,0.46440421875,30.0
6a29db0cef2137d2bb15a27d61f064bd,297.0,280.5,432.3,0.45247040625,20.0
6a29db0cef2137d2bb15a27d61f064bd,270.0,255.0,432.3,0.4514499,24.0
6a29db0cef2137d2bb15a27d61f064bd,270.0,280.5,393.0,0.450968625,24.0
6a29db0cef2137d2bb15a27d61f064bd,243.0,255.0,393.0,0.433356,28.0
6a29db0cef2137d2bb15a27d61f064bd,297.0,229.5,393.0,0.42445546875,25.0
6a29db0cef2137d2bb15a27d61f064bd,297.0,255.0,432.3,0.4126155,20.0
6a29db0cef2137d2bb15a27d61f064bd,297.0,280.5,393.0,0.412175625,20.0
6a29db0cef2137d2bb15a27d61f064bd,270.0,255.0,393.0,0.411246,24.0
6a29db0cef2137d2bb15a27d61f064bd,297.0,255.0,393.0,0.37587,20.0
6bd5fa9e984e7243519003fc969aa30d,244.0,286.0,386.0,0.9553971064814815,56.0
6bd5fa9e984e7243519003fc969aa30d,268.4,286.0,386.0,0.8978898611111111,48.0
6bd5fa9e984e7243519003fc969aa30d,219.6,286.0,386.0,0.8632560416666667,56.0
6bd5fa9e984e7243519003fc969aa30d,244.0,257.4,386.0,0.8627721666666667,56.0
6bd5fa9e984e7243519003fc969aa30d,244.0,286.0,347.4,0.86203425,56.0
6bd5fa9e984e7243519003fc969aa30d,268.4,257.4,386.0,0.8108401999999999,48.0
6bd5fa9e984e7243519003fc969aa30d,268.4,286.0,347.4,0.8101467,48.0
6bd5fa9e984e7243519003fc969aa30d,244.0,314.6,386.0,0.7860165347222222,42.0
6bd5fa9e984e7243519003fc969aa30d,219.6,257.4,386.0,0.7795640999999999,56.0
6bd5fa9e984e7243519003fc969aa30d,219.6,286.0,347.4,0.7788973499999998,56.0
6bd5fa9e984e7243519003fc969aa30d,244.0,257.4,347.4,0.77846076,56.0
6bd5fa9e984e7243519003fc969aa30d,268.4,314.6,386.0,0.7387046416666666,36.0
6bd5fa9e984e7243519003fc969aa30d,268.4,257.4,347.4,0.7316036639999999,48.0
6bd5fa9e984e7243519003fc969aa30d,219.6,314.6,386.0,0.7102109875,42.0
6bd5fa9e984e7243519003fc969aa30d,244.0,314.6,347.4,0.709205805,42.0
6bd5fa9e984e7243519003fc969aa30d,219.6,257.4,347.4,0.7033839119999998,56.0
6bd5fa9e984e7243519003fc969aa30d,268.4,314.6,347.4,0.6665173019999999,36.0
6bd5fa9e984e7243519003fc969aa30d,219.6,314.6,347.4,0.6408080909999999,42.0
6bd5fa9e984e7243519003fc969aa30d,244.0,286.0,424.6,0.5243799814814815,28.0
6bd5fa9e984e7243519003fc969aa30d,268.4,286.0,424.6,0.49281651111111113,24.0
6bd5fa9e984e7243519003fc969aa30d,219.6,286.0,424.6,0.47380736666666673,28.0
6bd5fa9e984e7243519003fc969aa30d,244.0,257.4,424.6,0.4735417866666667,28.0
6bd5fa9e984e7243519003fc969aa30d,268.4,257.4,424.6,0.44503836799999996,24.0
6bd5fa9e984e7243519003fc969aa30d,244.0,314.6,424.6,0.43141363222222223,21.0
6bd5fa9e984e7243519003fc969aa30d,219.6,257.4,424.6,0.427872144,28.0
6bd5fa9e984e7243519003fc969aa30d,268.4,314.6,424.6,0.40544599066666664,18.0
6bd5fa9e984e7243519003fc969aa30d,219.6,314.6,424.6,0.389806942,21.0
6bf7838d3709d8f15fdad06ed6484d8e,286.0,229.5,353.7,0.886064765625,60.0
6bf7838d3709d8f15fdad06ed6484d8e,286.0,280.5,353.7,0.8604301875,48.0
6bf7838d3709d8f15fdad06ed6484d8e,234.0,229.5,353.7,0.8515232578124998,70.0
6bf7838d3709d8f15fdad06ed6484d8e,234.0,280.5,353.7,0.82688799375,56.0
6bf7838d3709d8f15fdad06ed6484d8e,260.0,229.5,353.7,0.807970921875,60.0
6bf7838d3709d8f15fdad06ed6484d8e,286.0,255.0,353.7,0.784641,48.0
6bf7838d3709d8f15fdad06ed6484d8e,260.0,280.5,353.7,0.7845956625,48.0
6bf7838d3709d8f15fdad06ed6484d8e,234.0,255.0,353.7,0.7540532999999999,56.0
6bf7838d3709d8f15fdad06ed6484d8e,260.0,255.0,353.7,0.7154862,48.0
6bf7838d3709d8f15fdad06ed6484d8e,286.0,229.5,432.3,0.5390410546875,30.0
6bf7838d3709d8f15fdad06ed6484d8e,286.0,280.5,432.3,0.52344615625,24.0
6bf7838d3709d8f15fdad06ed6484d8e,234.0,229.5,432.3,0.5180275898437501,35.0
6bf7838d3709d8f15fdad06ed6484d8e,234.0,280.5,432.3,0.503040628125,28.0
6bf7838d3709d8f15fdad06ed6484d8e,260.0,229.5,432.3,0.4915323515625,30.0
6bf7838d3709d8f15fdad06ed6484d8e,286.0,229.5,393.0,0.49103671875,30.0
6bf7838d3709d8f15fdad06ed6484d8e,286.0,255.0,432.3,0.4773395,24.0
6bf7838d3709d8f15fdad06ed6484d8e,260.0,280.5,432.3,0.47731191874999995,24.0
6bf7838d3709d8f15fdad06ed6484d8e,286.0,280.5,393.0,0.476830625,24.0
6bf7838d3709d8f15fdad06ed6484d8e,234.0,229.5,393.0,0.471894609375,35.0
6bf7838d3709d8f15fdad06ed6484d8e,234.0,255.0,432.3,0.45873135000000004,28.0
6bf7838d3709d8f15fdad06ed6484d8e,234.0,280.5,393.0,0.4582423125,28.0
6bf7838d3709d8f15fdad06ed6484d8e,260.0,229.5,393.0,0.44775890625,30.0
6bf7838d3709d8f15fdad06ed6484d8e,260.0,255.0,432.3,0.4352689,24.0
6bf7838d3709d8f15fdad06ed6484d8e,286.0,255.0,393.0,0.43483,24.0
6bf7838d3709d8f15fdad06ed6484d8e,260.0,280.5,393.0,0.434804875,24.0
6bf7838d3709d8f15fdad06ed6484d8e,234.0,255.0,393.0,0.417879,28.0
6bf7838d3709d8f15fdad06ed6484d8e,260.0,255.0,393.0,0.396506,24.0
6d3b65a1af8cc152d64aed67c4b13230,191.0,285.0,383.0,0.9604,72.0
6d3b65a1af8cc152d64aed67c4b13230,210.1,285.0,383.0,0.9352161777777778,64.0
6d3b65a1af8cc152d64aed67c4b13230,171.9,285.0,383.0,0.8686818,72.0
6d3b65a1af8cc152d64aed67c4b13230,191.0,256.5,383.0,0.8673,72.0
6d3b65a1af8cc152d64aed67c4b13230,191.0,285.0,344.7,0.866565,72.0
6d3b65a1af8cc152d64aed67c4b13230,210.1,256.5,383.0,0.8445574666666665,64.0
6d3b65a1af8cc152d64aed67c4b13230,210.1,285.0,344.7,0.84384174,64.0
6d3b65a1af8cc152d64aed67c4b13230,191.0,313.5,383.0,0.790125,54.0
6d3b65a1af8cc152d64aed67c4b13230,171.9,256.5,383.0,0.7844728500000001,72.0
6d3b65a1af8cc152d64aed67c4b13230,171.9,285.0,344.7,0.7838080425,72.0
6d3b65a1af8cc152d64aed67c4b13230,191.0,256.5,344.7,0.78256125,72.0
6d3b65a1af8cc152d64aed67c4b13230,210.1,313.5,383.0,0.7694061666666666,48.0
6d3b65a1af8cc152d64aed67c4b13230,210.1,256.5,344.7,0.7620407549999999,64.0
6d3b65a1af8cc152d64aed67c4b13230,171.9,313.5,383.0,0.7146680625,54.0
6d3b65a1af8cc152d64aed67c4b13230,191.0,313.5,344.7,0.7129265625,54.0
6d3b65a1af8cc152d64aed67c4b13230,171.9,256.5,344.7,0.7078266506250002,72.0
6d3b65a1af8cc152d64aed67c4b13230,210.1,313.5,344.7,0.6942320437499999,48.0
6d3b65a1af8cc152d64aed67c4b13230,171.9,313.5,344.7,0.6448420757812501,54.0
6d3b65a1af8cc152d64aed67c4b13230,191.0,285.0,421.3,0.5271175,36.0
6d3b65a1af8cc152d64aed67c4b13230,210.1,285.0,421.3,0.5132953077777778,32.0
6d3b65a1af8cc152d64aed67c4b13230,171.9,285.0,421.3,0.47677777875,36.0
6d3b65a1af8cc152d64aed67c4b13230,191.0,256.5,421.3,0.476019375,36.0
6d3b65a1af8cc152d64aed67c4b13230,210.1,256.5,421.3,0.46353708916666664,32.0
6d3b65a1af8cc152d64aed67c4b13230,191.0,313.5,421.3,0.43366171875,27.0
6d3b65a1af8cc152d64aed67c4b13230,171.9,256.5,421.3,0.43055952468750003,36.0
6d3b65a1af8cc152d64aed67c4b13230,210.1,313.5,421.3,0.4222901447916667,24.0
6d3b65a1af8cc152d64aed67c4b13230,171.9,313.5,421.3,0.392247024609375,27.0
6d3c3bcdfc4034e3424078243e7668a1,286.0,286.0,386.0,0.9548576388888889,48.0
6d3c3bcdfc4034e3424078243e7668a1,314.6,286.0,386.0,0.8728585648148148,40.0
6d3c3bcdfc4034e3424078243e7668a1,257.4,286.0,386.0,0.862285,48.0
6d3c3bcdfc4034e3424078243e7668a1,286.0,257.4,386.0,0.862285,48.0
6d3c3bcdfc4034e3424078243e7668a1,286.0,286.0,347.4,0.8615474999999999,48.0
6d3c3bcdfc4034e3424078243e7668a1,314.6,257.4,386.0,0.7882356666666667,40.0
6d3c3bcdfc4034e3424078243e7668a1,314.6,286.0,347.4,0.7875615,40.0
6d3c3bcdfc4034e3424078243e7668a1,286.0,314.6,386.0,0.7855727083333334,36.0
6d3c3bcdfc4034e3424078243e7668a1,257.4,257.4,386.0,0.7786871999999999,48.0
6d3c3bcdfc4034e3424078243e7668a1,257.4,286.0,347.4,0.7780212,48.0
6d3c3bcdfc4034e3424078243e7668a1,286.0,257.4,347.4,0.7780212,48.0
6d3c3bcdfc4034e3424078243e7668a1,314.6,314.6,386.0,0.7181110972222223,30.0
6d3c3bcdfc4034e3424078243e7668a1,314.6,257.4,347.4,0.7112080799999999,40.0
6d3c3bcdfc4034e3424078243e7668a1,257.4,314.6,386.0,0.7094121,36.0
6d3c3bcdfc4034e3424078243e7668a1,286.0,314.6,347.4,0.70880535,36.0
6d3c3bcdfc4034e3424078243e7668a1,257.4,257.4,347.4,0.702592704,48.0
6d3c3bcdfc4034e3424078243e7668a1,314.6,314.6,347.4,0.6479361900000001,30.0
6d3c3bcdfc4034e3424078243e7668a1,257.4,314.6,347.4,0.6400872719999999,36.0
6d3c3bcdfc4034e3424078243e7668a1,286.0,286.0,424.6,0.5240838888888889,24.0
6d3c3bcdfc4034e3424078243e7668a1,314.6,286.0,424.6,0.4790778148148148,20.0
6d3c3bcdfc4034e3424078243e7668a1,257.4,286.0,424.6,0.47327440000000004,24.0
6d3c3bcdfc4034e3424078243e7668a1,286.0,257.4,424.6,0.47327440000000004,24.0
6d3c3bcdfc4034e3424078243e7668a1,314.6,257.4,424.6,0.43263162666666666,20.0
6d3c3bcdfc4034e3424078243e7668a1,286.0,314.6,424.6,0.43117003333333337,18.0
6d3c3bcdfc4034e3424078243e7668a1,257.4,257.4,424.6,0.427390848,24.0
6d3c3bcdfc4034e3424078243e7668a1,314.6,314.6,424.6,0.3941430022222223,15.0
6d3c3bcdfc4034e3424078243e7668a1,257.4,314.6,424.6,0.389368464,18.0
6d5c1314ab281dbdd56dc5dde84579b9,245.0,266.4,355.5,0.8263032749999999,56.0
6d5c1314ab281dbdd56dc5dde84579b9,269.5,266.4,355.5,0.7765763625,48.0
6d5c1314ab281dbdd56dc5dde84579b9,245.0,325.6,355.5,0.7529441062500001,42.0
6d5c1314ab281dbdd56dc5dde84579b9,220.5,266.4,355.5,0.74660079375,56.0
6d5c1314ab281dbdd56dc5dde84579b9,269.5,325.6,355.5,0.707631946875,36.0
6d5c1314ab281dbdd56dc5dde84579b9,245.0,296.0,355.5,0.68633578125,42.0
6d5c1314ab281dbdd56dc5dde84579b9,220.5,325.6,355.5,0.6803176078125001,42.0
6d5c1314ab281dbdd56dc5dde84579b9,269.5,296.0,355.5,0.645032109375,36.0
6d5c1314ab281dbdd56dc5dde84579b9,220.5,296.0,355.5,0.6201341015625,42.0
6d5c1314ab281dbdd56dc5dde84579b9,245.0,266.4,434.5,0.5026961624999999,28.0
6d5c1314ab281dbdd56dc5dde84579b9,269.5,266.4,434.5,0.47244391874999997,24.0
6d5c1314ab281dbdd56dc5dde84579b9,245.0,325.6,434.5,0.4580668190972223,21.0
6d5c1314ab281dbdd56dc5dde84579b9,245.0,266.4,395.0,0.4579238999999999,28.0
6d5c1314ab281dbdd56dc5dde84579b9,220.5,266.4,434.5,0.4542077531249999,28.0
6d5c1314ab281dbdd56dc5dde84579b9,269.5,325.6,434.5,0.4305003682291667,18.0
6d5c1314ab281dbdd56dc5dde84579b9,269.5,266.4,395.0,0.43036605,24.0
6d5c1314ab281dbdd56dc5dde84579b9,245.0,296.0,434.5,0.4175444704861111,21.0
6d5c1314ab281dbdd56dc5dde84579b9,245.0,325.6,395.0,0.4172694361111111,21.0
6d5c1314ab281dbdd56dc5dde84579b9,220.5,325.6,434.5,0.41388320859375005,21.0
6d5c1314ab281dbdd56dc5dde84579b9,220.5,266.4,395.0,0.413754075,28.0
6d5c1314ab281dbdd56dc5dde84579b9,269.5,296.0,434.5,0.39241665364583334,18.0
6d5c1314ab281dbdd56dc5dde84579b9,269.5,325.6,395.0,0.3921581708333334,18.0
6d5c1314ab281dbdd56dc5dde84579b9,245.0,296.0,395.0,0.38035618055555553,21.0
6d5c1314ab281dbdd56dc5dde84579b9,220.5,296.0,434.5,0.37726951171875,21.0
6d5c1314ab281dbdd56dc5dde84579b9,220.5,325.6,395.0,0.37702100625000007,21.0
6d5c1314ab281dbdd56dc5dde84579b9,269.5,296.0,395.0,0.35746635416666667,18.0
6d5c1314ab281dbdd56dc5dde84579b9,220.5,296.0,395.0,0.34366828125,21.0
6e24cdcd39a5b66463bacc58cc283eb7,204.3,288.0,388.0,0.9314811000000001,64.0
6e24cdcd39a5b66463bacc58cc283eb7,227.0,288.0,388.0,0.9017855,56.0
6e24cdcd39a5b66463bacc58cc283eb7,249.7,288.0,388.0,0.847307175,48.0
6e24cdcd39a5b66463bacc58cc283eb7,204.3,259.2,388.0,0.84115566,64.0
6e24cdcd39a5b66463bacc58cc283eb7,204.3,288.0,349.2,0.8404446600000001,64.0
6e24cdcd39a5b66463bacc58cc283eb7,227.0,259.2,388.0,0.8143396333333333,56.0
6e24cdcd39a5b66463bacc58cc283eb7,227.0,288.0,349.2,0.8136513,56.0
6e24cdcd39a5b66463bacc58cc283eb7,204.3,316.8,388.0,0.7663549049999999,48.0
6e24cdcd39a5b66463bacc58cc283eb7,249.7,259.2,388.0,0.7651440549999999,48.0
6e24cdcd39a5b66463bacc58cc283eb7,249.7,288.0,349.2,0.764497305,48.0
6e24cdcd39a5b66463bacc58cc283eb7,204.3,259.2,349.2,0.7589469959999999,64.0
6e24cdcd39a5b66463bacc58cc283eb7,227.0,316.8,388.0,0.741923525,42.0
6e24cdcd39a5b66463bacc58cc283eb7,227.0,259.2,349.2,0.73475178,56.0
6e24cdcd39a5b66463bacc58cc283eb7,249.7,316.8,388.0,0.69710272125,36.0
6e24cdcd39a5b66463bacc58cc283eb7,204.3,316.8,349.2,0.691456743,48.0
6e24cdcd39a5b66463bacc58cc283eb7,249.7,259.2,349.2,0.6903642329999999,48.0
6e24cdcd39a5b66463bacc58cc283eb7,227.0,316.8,349.2,0.669413115,42.0
6e24cdcd39a5b66463bacc58cc283eb7,249.7,316.8,349.2,0.62897278275,36.0
6e24cdcd39a5b66463bacc58cc283eb7,204.3,288.0,426.8,0.5112587700000001,32.0
6e24cdcd39a5b66463bacc58cc283eb7,227.0,288.0,426.8,0.49495985000000003,28.0
6e24cdcd39a5b66463bacc58cc283eb7,249.7,288.0,426.8,0.4650585224999999,24.0
6e24cdcd39a5b66463bacc58cc283eb7,204.3,259.2,426.8,0.461682162,32.0
6e24cdcd39a5b66463bacc58cc283eb7,227.0,259.2,426.8,0.44696374333333333,28.0
6e24cdcd39a5b66463bacc58cc283eb7,204.3,316.8,426.8,0.4206265335,24.0
6e24cdcd39a5b66463bacc58cc283eb7,249.7,259.2,426.8,0.4199619385,24.0
6e24cdcd39a5b66463bacc58cc283eb7,227.0,316.8,426.8,0.4072169675,21.0
6e24cdcd39a5b66463bacc58cc283eb7,249.7,316.8,426.8,0.38261632987500005,18.0
6f0bc5eabea0d399e9342acf41bcb33b,213.4,266.4,355.5,0.82686096,64.0
6f0bc5eabea0d399e9342acf41bcb33b,174.6,266.4,355.5,0.7679322449999999,72.0
6f0bc5eabea0d399e9342acf41bcb33b,194.0,266.4,355.5,0.7547337,64.0
6f0bc5eabea0d399e9342acf41bcb33b,213.4,325.6,355.5,0.7534522800000001,48.0
6f0bc5eabea0d399e9342acf41bcb33b,174.6,325.6,355.5,0.69975525375,54.0
6f0bc5eabea0d399e9342acf41bcb33b,194.0,325.6,355.5,0.6877284750000001,48.0
6f0bc5eabea0d399e9342acf41bcb33b,213.4,296.0,355.5,0.686799,48.0
6f0bc5eabea0d399e9342acf41bcb33b,174.6,296.0,355.5,0.63785221875,54.0
6f0bc5eabea0d399e9342acf41bcb33b,194.0,296.0,355.5,0.626889375,48.0
6f0bc5eabea0d399e9342acf41bcb33b,213.4,266.4,434.5,0.50303544,32.0
6f0bc5eabea0d399e9342acf41bcb33b,174.6,266.4,434.5,0.4671851174999999,36.0
6f0bc5eabea0d399e9342acf41bcb33b,194.0,266.4,434.5,0.45915554999999997,32.0
6f0bc5eabea0d399e9342acf41bcb33b,213.4,325.6,434.5,0.45837597555555554,24.0
6f0bc5eabea0d399e9342acf41bcb33b,213.4,266.4,395.0,0.45823296,32.0
6f0bc5eabea0d399e9342acf41bcb33b,174.6,325.6,434.5,0.425708443125,27.0
6f0bc5eabea0d399e9342acf41bcb33b,174.6,266.4,395.0,0.42557561999999993,36.0
6f0bc5eabea0d399e9342acf41bcb33b,194.0,325.6,434.5,0.4183917402777778,24.0
6f0bc5eabea0d399e9342acf41bcb33b,194.0,266.4,395.0,0.41826119999999994,32.0
6f0bc5eabea0d399e9342acf41bcb33b,213.4,296.0,434.5,0.41782627777777775,24.0
6f0bc5eabea0d399e9342acf41bcb33b,213.4,325.6,395.0,0.41755105777777785,24.0
6f0bc5eabea0d399e9342acf41bcb33b,174.6,296.0,434.5,0.388048640625,27.0
6f0bc5eabea0d399e9342acf41bcb33b,174.6,325.6,395.0,0.387793035,27.0
6f0bc5eabea0d399e9342acf41bcb33b,194.0,296.0,434.5,0.38137920138888887,24.0
6f0bc5eabea0d399e9342acf41bcb33b,194.0,325.6,395.0,0.38112798888888894,24.0
6f0bc5eabea0d399e9342acf41bcb33b,213.4,296.0,395.0,0.3806128888888889,24.0
6f0bc5eabea0d399e9342acf41bcb33b,174.6,296.0,395.0,0.353487375,27.0
6f0bc5eabea0d399e9342acf41bcb33b,194.0,296.0,395.0,0.34741194444444445,24.0
72188210fb21e6ddf6d4aba9a9301c48,215.1,288.0,388.0,0.9786446999999999,64.0
72188210fb21e6ddf6d4aba9a9301c48,239.0,288.0,388.0,0.947639,56.0
72188210fb21e6ddf6d4aba9a9301c48,262.9,288.0,388.0,0.8905404749999999,48.0
72188210fb21e6ddf6d4aba9a9301c48,215.1,259.2,388.0,0.8837458199999999,64.0
72188210fb21e6ddf6d4aba9a9301c48,215.1,288.0,349.2,0.8829988199999999,64.0
72188210fb21e6ddf6d4aba9a9301c48,239.0,259.2,388.0,0.8557467333333332,56.0
72188210fb21e6ddf6d4aba9a9301c48,239.0,288.0,349.2,0.8550234,56.0
72188210fb21e6ddf6d4aba9a9301c48,215.1,316.8,388.0,0.8051576850000001,48.0
72188210fb21e6ddf6d4aba9a9301c48,262.9,259.2,388.0,0.8041850349999998,48.0
72188210fb21e6ddf6d4aba9a9301c48,262.9,288.0,349.2,0.8035052849999998,48.0
72188210fb21e6ddf6d4aba9a9301c48,215.1,259.2,349.2,0.7973746919999999,64.0
72188210fb21e6ddf6d4aba9a9301c48,239.0,316.8,388.0,0.77964845,42.0
72188210fb21e6ddf6d4aba9a9301c48,239.0,259.2,349.2,0.7721120399999999,56.0
72188210fb21e6ddf6d4aba9a9301c48,262.9,316.8,388.0,0.7326719362499999,36.0
72188210fb21e6ddf6d4aba9a9301c48,215.1,316.8,349.2,0.7264672109999999,48.0
72188210fb21e6ddf6d4aba9a9301c48,262.9,259.2,349.2,0.7255896209999999,48.0
72188210fb21e6ddf6d4aba9a9301c48,239.0,316.8,349.2,0.7034510700000001,42.0
72188210fb21e6ddf6d4aba9a9301c48,262.9,316.8,349.2,0.6610657117499998,36.0
72188210fb21e6ddf6d4aba9a9301c48,215.1,288.0,426.8,0.53714529,32.0
72188210fb21e6ddf6d4aba9a9301c48,239.0,288.0,426.8,0.5201273,28.0
72188210fb21e6ddf6d4aba9a9301c48,262.9,288.0,426.8,0.48878783249999996,24.0
72188210fb21e6ddf6d4aba9a9301c48,215.1,259.2,426.8,0.48505847399999996,32.0
72188210fb21e6ddf6d4aba9a9301c48,239.0,259.2,426.8,0.46969071333333323,28.0
72188210fb21e6ddf6d4aba9a9301c48,215.1,316.8,426.8,0.44192407949999996,24.0
72188210fb21e6ddf6d4aba9a9301c48,262.9,259.2,426.8,0.44139022449999993,24.0
72188210fb21e6ddf6d4aba9a9301c48,239.0,316.8,426.8,0.42792291500000007,21.0
72188210fb21e6ddf6d4aba9a9301c48,262.9,316.8,426.8,0.402139080375,18.0
74199034c698427710e01bb0d15604d8,190.3,229.5,353.7,0.89792902265625,90.0
74199034c698427710e01bb0d15604d8,190.3,280.5,353.7,0.8719512018750001,72.0
74199034c698427710e01bb0d15604d8,155.7,229.5,353.7,0.8244907734374999,100.0
74199034c698427710e01bb0d15604d8,173.0,229.5,353.7,0.819985359375,90.0
74199034c698427710e01bb0d15604d8,155.7,280.5,353.7,0.80063758125,80.0
74199034c698427710e01bb0d15604d8,173.0,280.5,353.7,0.7962625125000001,72.0
74199034c698427710e01bb0d15604d8,190.3,255.0,353.7,0.7951472100000001,72.0
74199034c698427710e01bb0d15604d8,155.7,255.0,353.7,0.7301151,80.0
74199034c698427710e01bb0d15604d8,173.0,255.0,353.7,0.7261253999999999,72.0
74199034c698427710e01bb0d15604d8,190.3,229.5,432.3,0.5462587230468751,45.0
74199034c698427710e01bb0d15604d8,190.3,280.5,432.3,0.5304550115625001,36.0
74199034c698427710e01bb0d15604d8,155.7,229.5,432.3,0.50158226953125,50.0
74199034c698427710e01bb0d15604d8,173.0,229.5,432.3,0.49884138281250007,45.0
74199034c698427710e01bb0d15604d8,190.3,229.5,393.0,0.4976116171875001,45.0
74199034c698427710e01bb0d15604d8,155.7,280.5,432.3,0.48707108437499996,40.0
74199034c698427710e01bb0d15604d8,173.0,280.5,432.3,0.48440949375,36.0
74199034c698427710e01bb0d15604d8,190.3,255.0,432.3,0.483730995,36.0
74199034c698427710e01bb0d15604d8,190.3,280.5,393.0,0.48321530625000003,36.0
74199034c698427710e01bb0d15604d8,155.7,229.5,393.0,0.4569138281249999,50.0
74199034c698427710e01bb0d15604d8,173.0,229.5,393.0,0.45441703125,45.0
74199034c698427710e01bb0d15604d8,155.7,255.0,432.3,0.44416844999999994,40.0
74199034c698427710e01bb0d15604d8,155.7,280.5,393.0,0.44369493749999994,40.0
74199034c698427710e01bb0d15604d8,173.0,255.0,432.3,0.44174130000000006,36.0
74199034c698427710e01bb0d15604d8,173.0,280.5,393.0,0.441270375,36.0
74199034c698427710e01bb0d15604d8,190.3,255.0,393.0,0.44065230000000005,36.0
74199034c698427710e01bb0d15604d8,155.7,255.0,393.0,0.40461299999999994,40.0
74199034c698427710e01bb0d15604d8,173.0,255.0,393.0,0.402402,36.0
746ba2b15e87d0070b74ecc07f6ca350,206.1,288.0,388.0,0.9393417,64.0
746ba2b15e87d0070b74ecc07f6ca350,229.0,288.0,388.0,0.90942775,56.0
746ba2b15e87d0070b74ecc07f6ca350,251.9,288.0,388.0,0.8545127249999999,48.0
746ba2b15e87d0070b74ecc07f6ca350,206.1,259.2,388.0,0.8482540199999998,64.0
746ba2b15e87d0070b74ecc07f6ca350,206.1,288.0,349.2,0.84753702,64.0
746ba2b15e87d0070b74ecc07f6ca350,229.0,259.2,388.0,0.8212408166666667,56.0
746ba2b15e87d0070b74ecc07f6ca350,229.0,288.0,349.2,0.82054665,56.0
746ba2b15e87d0070b74ecc07f6ca350,206.1,316.8,388.0,0.772822035,48.0
746ba2b15e87d0070b74ecc07f6ca350,251.9,259.2,388.0,0.7716508849999999,48.0
746ba2b15e87d0070b74ecc07f6ca350,251.9,288.0,349.2,0.7709986349999999,48.0
746ba2b15e87d0070b74ecc07f6ca350,206.1,259.2,349.2,0.7653516119999999,64.0
746ba2b15e87d0070b74ecc07f6ca350,229.0,316.8,388.0,0.7482110125000001,42.0
746ba2b15e87d0070b74ecc07f6ca350,229.0,259.2,349.2,0.7409784899999998,56.0
746ba2b15e87d0070b74ecc07f6ca350,251.9,316.8,388.0,0.7030309237500001,36.0
746ba2b15e87d0070b74ecc07f6ca350,206.1,316.8,349.2,0.697291821,48.0
746ba2b15e87d0070b74ecc07f6ca350,251.9,259.2,349.2,0.6962351309999999,48.0
746ba2b15e87d0070b74ecc07f6ca350,229.0,316.8,349.2,0.6750861075,42.0
746ba2b15e87d0070b74ecc07f6ca350,251.9,316.8,349.2,0.6343216042500001,36.0
746ba2b15e87d0070b74ecc07f6ca350,206.1,288.0,426.8,0.51557319,32.0
746ba2b15e87d0070b74ecc07f6ca350,229.0,288.0,426.8,0.499154425,28.0
746ba2b15e87d0070b74ecc07f6ca350,251.9,288.0,426.8,0.4690134074999999,24.0
746ba2b15e87d0070b74ecc07f6ca350,206.1,259.2,426.8,0.465578214,32.0
746ba2b15e87d0070b74ecc07f6ca350,229.0,259.2,426.8,0.4507515716666667,28.0
746ba2b15e87d0070b74ecc07f6ca350,206.1,316.8,426.8,0.42417612450000003,24.0
746ba2b15e87d0070b74ecc07f6ca350,251.9,259.2,426.8,0.42353331949999995,24.0
746ba2b15e87d0070b74ecc07f6ca350,229.0,316.8,426.8,0.41066795875000006,21.0
746ba2b15e87d0070b74ecc07f6ca350,251.9,316.8,426.8,0.385870121625,18.0
76707310f2a6b601d4f7815c21f6e7bd,282.7,267.3,353.7,0.8120118532499999,48.0
76707310f2a6b601d4f7815c21f6e7bd,231.3,267.3,353.7,0.780416602875,56.0
76707310f2a6b601d4f7815c21f6e7bd,257.0,267.3,353.7,0.7404701850000001,48.0
76707310f2a6b601d4f7815c21f6e7bd,282.7,326.7,353.7,0.7399358825624999,36.0
76707310f2a6b601d4f7815c21f6e7bd,231.3,326.7,353.7,0.71114509659375,42.0
76707310f2a6b601d4f7815c21f6e7bd,257.0,326.7,353.7,0.67474441125,36.0
76707310f2a6b601d4f7815c21f6e7bd,282.7,297.0,353.7,0.6744723862500001,36.0
76707310f2a6b601d4f7815c21f6e7bd,231.3,297.0,353.7,0.6482287743749999,42.0
76707310f2a6b601d4f7815c21f6e7bd,257.0,297.0,353.7,0.615048525,36.0
76707310f2a6b601d4f7815c21f6e7bd,282.7,267.3,432.3,0.4939906683750001,24.0
76707310f2a6b601d4f7815c21f6e7bd,231.3,267.3,432.3,0.4747695710625,28.0
76707310f2a6b601d4f7815c21f6e7bd,257.0,267.3,432.3,0.45046800750000004,24.0
76707310f2a6b601d4f7815c21f6e7bd,282.7,326.7,432.3,0.45014296246874996,18.0
76707310f2a6b601d4f7815c21f6e7bd,282.7,267.3,393.0,0.44999829750000003,24.0
76707310f2a6b601d4f7815c21f6e7bd,231.3,326.7,432.3,0.43262797232812505,21.0
76707310f2a6b601d4f7815c21f6e7bd,231.3,267.3,393.0,0.43248893625,28.0
76707310f2a6b601d4f7815c21f6e7bd,257.0,326.7,432.3,0.410483469375,18.0
76707310f2a6b601d4f7815c21f6e7bd,257.0,267.3,393.0,0.41035155000000006,24.0
76707310f2a6b601d4f7815c21f6e7bd,282.7,297.0,432.3,0.41031798187499996,18.0
76707310f2a6b601d4f7815c21f6e7bd,282.7,326.7,393.0,0.410055451875,18.0
76707310f2a6b601d4f7815c21f6e7bd,231.3,297.0,432.3,0.39435257531250006,21.0
76707310f2a6b601d4f7815c21f6e7bd,231.3,326.7,393.0,0.3941002603125,21.0
76707310f2a6b601d4f7815c21f6e7bd,257.0,297.0,432.3,0.3741672375000001,18.0
76707310f2a6b601d4f7815c21f6e7bd,257.0,326.7,393.0,0.37392783749999997,18.0
76707310f2a6b601d4f7815c21f6e7bd,282.7,297.0,393.0,0.37377708749999994,18.0
76707310f2a6b601d4f7815c21f6e7bd,231.3,297.0,393.0,0.35923348125,21.0
76707310f2a6b601d4f7815c21f6e7bd,257.0,297.0,393.0,0.34084575,18.0
78476d2a5588a720c7742ab9b866c42e,286.0,229.5,353.7,0.886064765625,60.0
78476d2a5588a720c7742ab9b866c42e,286.0,280.5,353.7,0.8604301875,48.0
78476d2a5588a720c7742ab9b866c42e,314.6,229.5,353.7,0.8099733281250001,50.0
78476d2a5588a720c7742ab9b866c42e,257.4,229.5,353.7,0.8001615375,60.0
78476d2a5588a720c7742ab9b866c42e,314.6,280.5,353.7,0.7865401375000001,40.0
78476d2a5588a720c7742ab9b866c42e,286.0,255.0,353.7,0.784641,48.0
78476d2a5588a720c7742ab9b866c42e,257.4,280.5,353.7,0.7770122099999998,48.0
78476d2a5588a720c7742ab9b866c42e,314.6,255.0,353.7,0.7172594,40.0
78476d2a5588a720c7742ab9b866c42e,257.4,255.0,353.7,0.7085707199999999,48.0
78476d2a5588a720c7742ab9b866c42e,286.0,229.5,432.3,0.5390410546875,30.0
78476d2a5588a720c7742ab9b866c42e,286.0,280.5,432.3,0.52344615625,24.0
78476d2a5588a720c7742ab9b866c42e,314.6,229.5,432.3,0.49275052343750014,25.0
78476d2a5588a720c7742ab9b866c42e,286.0,229.5,393.0,0.49103671875,30.0
78476d2a5588a720c7742ab9b866c42e,257.4,229.5,432.3,0.4867814812499999,30.0
78476d2a5588a720c7742ab9b866c42e,314.6,280.5,432.3,0.47849484791666674,20.0
78476d2a5588a720c7742ab9b866c42e,286.0,255.0,432.3,0.4773395,24.0
78476d2a5588a720c7742ab9b866c42e,286.0,280.5,393.0,0.476830625,24.0
78476d2a5588a720c7742ab9b866c42e,257.4,280.5,432.3,0.47269849499999994,24.0
78476d2a5588a720c7742ab9b866c42e,314.6,229.5,393.0,0.44886859375000004,25.0
78476d2a5588a720c7742ab9b866c42e,257.4,229.5,393.0,0.4434311249999999,30.0
78476d2a5588a720c7742ab9b866c42e,314.6,255.0,432.3,0.4363476333333334,20.0
78476d2a5588a720c7742ab9b866c42e,314.6,280.5,393.0,0.4358824583333334,20.0
78476d2a5588a720c7742ab9b866c42e,286.0,255.0,393.0,0.43483,24.0
78476d2a5588a720c7742ab9b866c42e,257.4,255.0,432.3,0.43106184,24.0
78476d2a5588a720c7742ab9b866c42e,257.4,280.5,393.0,0.43060229999999994,24.0
78476d2a5588a720c7742ab9b866c42e,314.6,255.0,393.0,0.3974886666666667,20.0
78476d2a5588a720c7742ab9b866c42e,257.4,255.0,393.0,0.39267359999999996,24.0
79637c70988d89fe3abe191b59c1ed0c,240.9,288.0,388.0,0.9548991375000001,56.0
79637c70988d89fe3abe191b59c1ed0c,197.1,288.0,388.0,0.9000387,64.0
79637c70988d89fe3abe191b59c1ed0c,219.0,288.0,388.0,0.8712165,56.0
79637c70988d89fe3abe191b59c1ed0c,240.9,259.2,388.0,0.8623028574999999,56.0
79637c70988d89fe3abe191b59c1ed0c,240.9,288.0,349.2,0.8615739825,56.0
79637c70988d89fe3abe191b59c1ed0c,197.1,259.2,388.0,0.8127622199999999,64.0
79637c70988d89fe3abe191b59c1ed0c,197.1,288.0,349.2,0.8120752199999999,64.0
79637c70988d89fe3abe191b59c1ed0c,219.0,259.2,388.0,0.7867349,56.0
79637c70988d89fe3abe191b59c1ed0c,219.0,288.0,349.2,0.7860699,56.0
79637c70988d89fe3abe191b59c1ed0c,240.9,316.8,388.0,0.785621563125,42.0
79637c70988d89fe3abe191b59c1ed0c,240.9,259.2,349.2,0.7780274144999999,56.0
79637c70988d89fe3abe191b59c1ed0c,197.1,316.8,388.0,0.7404863850000001,48.0
79637c70988d89fe3abe191b59c1ed0c,197.1,259.2,349.2,0.733328532,64.0
79637c70988d89fe3abe191b59c1ed0c,219.0,316.8,388.0,0.716773575,42.0
79637c70988d89fe3abe191b59c1ed0c,219.0,259.2,349.2,0.70984494,56.0
79637c70988d89fe3abe191b59c1ed0c,240.9,316.8,349.2,0.708840412875,42.0
79637c70988d89fe3abe191b59c1ed0c,197.1,316.8,349.2,0.6681164310000001,48.0
79637c70988d89fe3abe191b59c1ed0c,219.0,316.8,349.2,0.6467211450000001,42.0
79637c70988d89fe3abe191b59c1ed0c,240.9,288.0,426.8,0.52411214625,28.0
79637c70988d89fe3abe191b59c1ed0c,197.1,288.0,426.8,0.49400109,32.0
79637c70988d89fe3abe191b59c1ed0c,219.0,288.0,426.8,0.47818155,28.0
79637c70988d89fe3abe191b59c1ed0c,240.9,259.2,426.8,0.47328915024999996,28.0
79637c70988d89fe3abe191b59c1ed0c,197.1,259.2,426.8,0.44609795399999996,32.0
79637c70988d89fe3abe191b59c1ed0c,219.0,259.2,426.8,0.43181242999999997,28.0
79637c70988d89fe3abe191b59c1ed0c,240.9,316.8,426.8,0.4312013566875,21.0
79637c70988d89fe3abe191b59c1ed0c,197.1,316.8,426.8,0.4064281695000001,24.0
79637c70988d89fe3abe191b59c1ed0c,219.0,316.8,426.8,0.3934130025000001,21.0
7a36a62f118b7544b9313b676a30ea35,179.1,288.0,388.0,0.9241117875,72.0
7a36a62f118b7544b9313b676a30ea35,199.0,288.0,388.0,0.908336,64.0
7a36a62f118b7544b9313b676a30ea35,218.9,288.0,388.0,0.8708343875000001,56.0
7a36a62f118b7544b9313b676a30ea35,179.1,259.2,388.0,0.8345009475,72.0
7a36a62f118b7544b9313b676a30ea35,179.1,288.0,349.2,0.8337955725,72.0
7a36a62f118b7544b9313b676a30ea35,199.0,259.2,388.0,0.8202549333333333,64.0
7a36a62f118b7544b9313b676a30ea35,199.0,288.0,349.2,0.8195616,64.0
7a36a62f118b7544b9313b676a30ea35,218.9,259.2,388.0,0.7863898408333334,56.0
7a36a62f118b7544b9313b676a30ea35,218.9,288.0,349.2,0.7857251325,56.0
7a36a62f118b7544b9313b676a30ea35,179.1,316.8,388.0,0.7602919706250001,54.0
7a36a62f118b7544b9313b676a30ea35,179.1,259.2,349.2,0.7529426685,72.0
7a36a62f118b7544b9313b676a30ea35,199.0,316.8,388.0,0.7473128000000001,48.0
7a36a62f118b7544b9313b676a30ea35,199.0,259.2,349.2,0.7400889599999999,64.0
7a36a62f118b7544b9313b676a30ea35,218.9,316.8,388.0,0.716459200625,42.0
7a36a62f118b7544b9313b676a30ea35,218.9,259.2,349.2,0.7095336045,56.0
7a36a62f118b7544b9313b676a30ea35,179.1,316.8,349.2,0.6859863573750001,54.0
7a36a62f118b7544b9313b676a30ea35,199.0,316.8,349.2,0.6742756800000002,48.0
7a36a62f118b7544b9313b676a30ea35,218.9,316.8,349.2,0.646437495375,42.0
7a36a62f118b7544b9313b676a30ea35,179.1,288.0,426.8,0.5072140012499999,36.0
7a36a62f118b7544b9313b676a30ea35,199.0,288.0,426.8,0.49855520000000003,32.0
7a36a62f118b7544b9313b676a30ea35,218.9,288.0,426.8,0.4779718212500001,28.0
7a36a62f118b7544b9313b676a30ea35,179.1,259.2,426.8,0.45802961324999997,36.0
7a36a62f118b7544b9313b676a30ea35,199.0,259.2,426.8,0.4502104533333333,32.0
7a36a62f118b7544b9313b676a30ea35,218.9,259.2,426.8,0.43162303858333334,28.0
7a36a62f118b7544b9313b676a30ea35,179.1,316.8,426.8,0.4172987919375,27.0
7a36a62f118b7544b9313b676a30ea35,199.0,316.8,426.8,0.4101749600000001,24.0
7a36a62f118b7544b9313b676a30ea35,218.9,316.8,426.8,0.3932404529375001,21.0
8044f4664ac51a293ecacbd7a3d0fb38,189.0,282.0,380.0,0.93389175,72.0
8044f4664ac51a293ecacbd7a3d0fb38,210.0,282.0,380.0,0.9181696666666667,64.0
8044f4664ac51a293ecacbd7a3d0fb38,231.0,282.0,380.0,0.8804366666666666,56.0
8044f4664ac51a293ecacbd7a3d0fb38,189.0,253.8,380.0,0.8433909,72.0
8044f4664ac51a293ecacbd7a3d0fb38,189.0,282.0,342.0,0.84266325,72.0
8044f4664ac51a293ecacbd7a3d0fb38,210.0,253.8,380.0,0.8291924,64.0
8044f4664ac51a293ecacbd7a3d0fb38,210.0,282.0,342.0,0.828477,64.0
8044f4664ac51a293ecacbd7a3d0fb38,231.0,253.8,380.0,0.795116,56.0
8044f4664ac51a293ecacbd7a3d0fb38,231.0,282.0,342.0,0.79443,56.0
8044f4664ac51a293ecacbd7a3d0fb38,189.0,310.2,380.0,0.76829445,54.0
8044f4664ac51a293ecacbd7a3d0fb38,189.0,253.8,342.0,0.7610031000000002,72.0
8044f4664ac51a293ecacbd7a3d0fb38,210.0,310.2,380.0,0.7553602,48.0
8044f4664ac51a293ecacbd7a3d0fb38,210.0,253.8,342.0,0.7481916000000001,64.0
8044f4664ac51a293ecacbd7a3d0fb38,231.0,310.2,380.0,0.724318,42.0
8044f4664ac51a293ecacbd7a3d0fb38,231.0,253.8,342.0,0.717444,56.0
8044f4664ac51a293ecacbd7a3d0fb38,189.0,310.2,342.0,0.6932425499999999,54.0
8044f4664ac51a293ecacbd7a3d0fb38,210.0,310.2,342.0,0.6815718000000001,48.0
8044f4664ac51a293ecacbd7a3d0fb38,231.0,310.2,342.0,0.653562,42.0
8044f4664ac51a293ecacbd7a3d0fb38,189.0,282.0,418.0,0.512560125,36.0
8044f4664ac51a293ecacbd7a3d0fb38,210.0,282.0,418.0,0.5039311666666667,32.0
8044f4664ac51a293ecacbd7a3d0fb38,231.0,282.0,418.0,0.48322166666666666,28.0
8044f4664ac51a293ecacbd7a3d0fb38,189.0,253.8,418.0,0.46288935000000003,36.0
8044f4664ac51a293ecacbd7a3d0fb38,210.0,253.8,418.0,0.4550966,32.0
8044f4664ac51a293ecacbd7a3d0fb38,231.0,253.8,418.0,0.436394,28.0
8044f4664ac51a293ecacbd7a3d0fb38,189.0,310.2,418.0,0.421673175,27.0
8044f4664ac51a293ecacbd7a3d0fb38,210.0,310.2,418.0,0.41457430000000006,24.0
8044f4664ac51a293ecacbd7a3d0fb38,231.0,310.2,418.0,0.397537,21.0
83d3c7c10fbc6fe2e476fd8c600855e2,213.4,229.5,353.7,0.8906703,80.0
83d3c7c10fbc6fe2e476fd8c600855e2,213.4,280.5,353.7,0.86490248,64.0
83d3c7c10fbc6fe2e476fd8c600855e2,174.6,229.5,353.7,0.827194021875,90.0
83d3c7c10fbc6fe2e476fd8c600855e2,194.0,229.5,353.7,0.8129769374999999,80.0
83d3c7c10fbc6fe2e476fd8c600855e2,174.6,280.5,353.7,0.8032626224999999,72.0
83d3c7c10fbc6fe2e476fd8c600855e2,194.0,280.5,353.7,0.78945685,64.0
83d3c7c10fbc6fe2e476fd8c600855e2,213.4,255.0,353.7,0.78871936,64.0
83d3c7c10fbc6fe2e476fd8c600855e2,174.6,255.0,353.7,0.7325089199999999,72.0
83d3c7c10fbc6fe2e476fd8c600855e2,194.0,255.0,353.7,0.7199192,64.0
83d3c7c10fbc6fe2e476fd8c600855e2,213.4,229.5,432.3,0.54184285,40.0
83d3c7c10fbc6fe2e476fd8c600855e2,213.4,280.5,432.3,0.5261668933333333,32.0
83d3c7c10fbc6fe2e476fd8c600855e2,174.6,229.5,432.3,0.5032268015625,45.0
83d3c7c10fbc6fe2e476fd8c600855e2,194.0,229.5,432.3,0.49457778125000007,40.0
83d3c7c10fbc6fe2e476fd8c600855e2,213.4,229.5,393.0,0.493589,40.0
83d3c7c10fbc6fe2e476fd8c600855e2,174.6,280.5,432.3,0.48866803875000003,36.0
83d3c7c10fbc6fe2e476fd8c600855e2,194.0,280.5,432.3,0.4802692416666667,32.0
83d3c7c10fbc6fe2e476fd8c600855e2,213.4,255.0,432.3,0.47982058666666666,32.0
83d3c7c10fbc6fe2e476fd8c600855e2,213.4,280.5,393.0,0.47930906666666667,32.0
83d3c7c10fbc6fe2e476fd8c600855e2,174.6,229.5,393.0,0.45841190625,45.0
83d3c7c10fbc6fe2e476fd8c600855e2,194.0,229.5,393.0,0.450533125,40.0
83d3c7c10fbc6fe2e476fd8c600855e2,174.6,255.0,432.3,0.44562474,36.0
83d3c7c10fbc6fe2e476fd8c600855e2,174.6,280.5,393.0,0.44514967499999997,36.0
83d3c7c10fbc6fe2e476fd8c600855e2,194.0,255.0,432.3,0.4379657333333334,32.0
83d3c7c10fbc6fe2e476fd8c600855e2,194.0,280.5,393.0,0.43749883333333334,32.0
83d3c7c10fbc6fe2e476fd8c600855e2,213.4,255.0,393.0,0.4370901333333333,32.0
83d3c7c10fbc6fe2e476fd8c600855e2,174.6,255.0,393.0,0.40593960000000007,36.0
83d3c7c10fbc6fe2e476fd8c600855e2,194.0,255.0,393.0,0.3989626666666667,32.0
845990194eeb50cd131954a55fecd655,330.0,290.4,355.5,0.8563775624999999,40.0
845990194eeb50cd131954a55fecd655,330.0,264.0,355.5,0.7808653125,40.0
845990194eeb50cd131954a55fecd655,297.0,290.4,355.5,0.773013375,40.0
845990194eeb50cd131954a55fecd655,363.0,290.4,355.5,0.7517934,32.0
845990194eeb50cd131954a55fecd655,330.0,237.6,355.5,0.7053530625,40.0
845990194eeb50cd131954a55fecd655,297.0,264.0,355.5,0.704851875,40.0
845990194eeb50cd131954a55fecd655,363.0,264.0,355.5,0.685503,32.0
845990194eeb50cd131954a55fecd655,297.0,237.6,355.5,0.6366903749999998,40.0
845990194eeb50cd131954a55fecd655,363.0,237.6,355.5,0.6192126,32.0
845990194eeb50cd131954a55fecd655,330.0,290.4,434.5,0.5209923854166666,20.0
845990194eeb50cd131954a55fecd655,330.0,264.0,434.5,0.47505317708333333,20.0
845990194eeb50cd131954a55fecd655,330.0,290.4,395.0,0.4745905833333333,20.0
845990194eeb50cd131954a55fecd655,297.0,290.4,434.5,0.4702763125,20.0
845990194eeb50cd131954a55fecd655,363.0,290.4,434.5,0.45736676666666665,16.0
845990194eeb50cd131954a55fecd655,330.0,264.0,395.0,0.43274291666666664,20.0
845990194eeb50cd131954a55fecd655,330.0,237.6,434.5,0.42911396875,20.0
845990194eeb50cd131954a55fecd655,297.0,264.0,434.5,0.4288090625,20.0
845990194eeb50cd131954a55fecd655,297.0,290.4,395.0,0.4283914999999999,20.0
845990194eeb50cd131954a55fecd655,363.0,264.0,434.5,0.41703783333333333,16.0
845990194eeb50cd131954a55fecd655,363.0,290.4,395.0,0.4166317333333333,16.0
845990194eeb50cd131954a55fecd655,330.0,237.6,395.0,0.3908952499999999,20.0
845990194eeb50cd131954a55fecd655,297.0,264.0,395.0,0.3906175,20.0
845990194eeb50cd131954a55fecd655,297.0,237.6,434.5,0.3873418125,20.0
845990194eeb50cd131954a55fecd655,363.0,264.0,395.0,0.37989466666666666,16.0
845990194eeb50cd131954a55fecd655,363.0,237.6,434.5,0.37670889999999996,16.0
845990194eeb50cd131954a55fecd655,297.0,237.6,395.0,0.3528434999999999,20.0
845990194eeb50cd131954a55fecd655,363.0,237.6,395.0,0.34315759999999995,16.0
8850d576186653964c356b848cd2153a,213.4,286.0,386.0,0.9598207407407408,64.0
8850d576186653964c356b848cd2153a,174.6,286.0,386.0,0.89141625,72.0
8850d576186653964c356b848cd2153a,194.0,286.0,386.0,0.8760953703703703,64.0
8850d576186653964c356b848cd2153a,213.4,257.4,386.0,0.8667669333333332,64.0
8850d576186653964c356b848cd2153a,213.4,286.0,347.4,0.8660256,64.0
8850d576186653964c356b848cd2153a,174.6,257.4,386.0,0.8049942,72.0
8850d576186653964c356b848cd2153a,174.6,286.0,347.4,0.8043056999999999,72.0
8850d576186653964c356b848cd2153a,194.0,257.4,386.0,0.7911586666666667,64.0
8850d576186653964c356b848cd2153a,194.0,286.0,347.4,0.790482,64.0
8850d576186653964c356b848cd2153a,213.4,314.6,386.0,0.7896559111111112,48.0
8850d576186653964c356b848cd2153a,213.4,257.4,347.4,0.7820651519999998,64.0
8850d576186653964c356b848cd2153a,174.6,314.6,386.0,0.733378725,54.0
8850d576186653964c356b848cd2153a,174.6,257.4,347.4,0.7263289439999998,72.0
8850d576186653964c356b848cd2153a,194.0,314.6,386.0,0.7207740555555555,48.0
8850d576186653964c356b848cd2153a,194.0,257.4,347.4,0.7138454399999999,64.0
8850d576186653964c356b848cd2153a,213.4,314.6,347.4,0.7124895360000001,48.0
8850d576186653964c356b848cd2153a,174.6,314.6,347.4,0.6617118419999999,54.0
8850d576186653964c356b848cd2153a,194.0,314.6,347.4,0.65033892,48.0
8850d576186653964c356b848cd2153a,213.4,286.0,424.6,0.5268079407407408,32.0
8850d576186653964c356b848cd2153a,174.6,286.0,424.6,0.4892634,36.0
8850d576186653964c356b848cd2153a,194.0,286.0,424.6,0.4808543703703704,32.0
8850d576186653964c356b848cd2153a,213.4,257.4,424.6,0.47573435733333336,32.0
8850d576186653964c356b848cd2153a,174.6,257.4,424.6,0.441829728,36.0
8850d576186653964c356b848cd2153a,194.0,257.4,424.6,0.4342359466666667,32.0
8850d576186653964c356b848cd2153a,213.4,314.6,424.6,0.43341114311111123,24.0
8850d576186653964c356b848cd2153a,174.6,314.6,424.6,0.402522804,27.0
8850d576186653964c356b848cd2153a,194.0,314.6,424.6,0.3956045955555556,24.0
8b92b5a6728066959f3f11c35d1cd62f,239.8,226.8,380.0,0.9244811916666669,70.0
8b92b5a6728066959f3f11c35d1cd62f,239.8,277.2,380.0,0.8976641799999999,56.0
8b92b5a6728066959f3f11c35d1cd62f,196.2,226.8,380.0,0.8713988999999999,80.0
8b92b5a6728066959f3f11c35d1cd62f,196.2,277.2,380.0,0.84612168,64.0
8b92b5a6728066959f3f11c35d1cd62f,218.0,226.8,380.0,0.8434776145833335,70.0
8b92b5a6728066959f3f11c35d1cd62f,239.8,226.8,342.0,0.8341719750000001,70.0
8b92b5a6728066959f3f11c35d1cd62f,218.0,277.2,380.0,0.8190103249999999,56.0
8b92b5a6728066959f3f11c35d1cd62f,239.8,252.0,380.0,0.8186245666666668,56.0
8b92b5a6728066959f3f11c35d1cd62f,239.8,277.2,342.0,0.80997462,56.0
8b92b5a6728066959f3f11c35d1cd62f,196.2,226.8,342.0,0.7862751,80.0
8b92b5a6728066959f3f11c35d1cd62f,196.2,252.0,380.0,0.7716203999999999,64.0
8b92b5a6728066959f3f11c35d1cd62f,196.2,277.2,342.0,0.7634671199999999,64.0
8b92b5a6728066959f3f11c35d1cd62f,218.0,226.8,342.0,0.76108134375,70.0
8b92b5a6728066959f3f11c35d1cd62f,218.0,252.0,380.0,0.7468962083333334,56.0
8b92b5a6728066959f3f11c35d1cd62f,218.0,277.2,342.0,0.7390041749999999,56.0
8b92b5a6728066959f3f11c35d1cd62f,239.8,252.0,342.0,0.7386560999999999,56.0
8b92b5a6728066959f3f11c35d1cd62f,196.2,252.0,342.0,0.6962436,64.0
8b92b5a6728066959f3f11c35d1cd62f,218.0,252.0,342.0,0.673934625,56.0
8b92b5a6728066959f3f11c35d1cd62f,239.8,226.8,418.0,0.5073952041666667,35.0
8b92b5a6728066959f3f11c35d1cd62f,239.8,277.2,418.0,0.49267686999999993,28.0
8b92b5a6728066959f3f11c35d1cd62f,196.2,226.8,418.0,0.4782613499999999,40.0
8b92b5a6728066959f3f11c35d1cd62f,196.2,277.2,418.0,0.46438812,32.0
8b92b5a6728066959f3f11c35d1cd62f,218.0,226.8,418.0,0.4629369427083334,35.0
8b92b5a6728066959f3f11c35d1cd62f,218.0,277.2,418.0,0.4495082374999999,28.0
8b92b5a6728066959f3f11c35d1cd62f,239.8,252.0,418.0,0.4492965166666667,28.0
8b92b5a6728066959f3f11c35d1cd62f,196.2,252.0,418.0,0.42349859999999995,32.0
8b92b5a6728066959f3f11c35d1cd62f,218.0,252.0,418.0,0.4099288958333333,28.0
8f26468860664ecfed551104179d7f3e,349.8,286.0,386.0,0.9678048611111111,40.0
8f26468860664ecfed551104179d7f3e,286.2,286.0,386.0,0.955505,48.0
8f26468860664ecfed551104179d7f3e,318.0,286.0,386.0,0.8820295138888888,40.0
8f26468860664ecfed551104179d7f3e,349.8,257.4,386.0,0.873977,40.0
8f26468860664ecfed551104179d7f3e,349.8,286.0,347.4,0.8732295,40.0
8f26468860664ecfed551104179d7f3e,286.2,257.4,386.0,0.8628695999999998,48.0
8f26468860664ecfed551104179d7f3e,286.2,286.0,347.4,0.8621316,48.0
8f26468860664ecfed551104179d7f3e,318.0,257.4,386.0,0.7965174999999999,40.0
8f26468860664ecfed551104179d7f3e,349.8,314.6,386.0,0.7962245416666667,30.0
8f26468860664ecfed551104179d7f3e,318.0,286.0,347.4,0.79583625,40.0
8f26468860664ecfed551104179d7f3e,349.8,257.4,347.4,0.7885706399999999,40.0
8f26468860664ecfed551104179d7f3e,286.2,314.6,386.0,0.7861052999999999,36.0
8f26468860664ecfed551104179d7f3e,286.2,257.4,347.4,0.7785486719999998,48.0
8f26468860664ecfed551104179d7f3e,318.0,314.6,386.0,0.7256561458333335,30.0
8f26468860664ecfed551104179d7f3e,318.0,257.4,347.4,0.7186805999999998,40.0
8f26468860664ecfed551104179d7f3e,349.8,314.6,347.4,0.7184162700000001,30.0
8f26468860664ecfed551104179d7f3e,286.2,314.6,347.4,0.709285896,36.0
8f26468860664ecfed551104179d7f3e,318.0,314.6,347.4,0.6547439249999999,30.0
8f26468860664ecfed551104179d7f3e,349.8,286.0,424.6,0.5311901111111111,20.0
8f26468860664ecfed551104179d7f3e,286.2,286.0,424.6,0.5244392,24.0
8f26468860664ecfed551104179d7f3e,318.0,286.0,424.6,0.4841113888888889,20.0
8f26468860664ecfed551104179d7f3e,349.8,257.4,424.6,0.47969168000000006,20.0
8f26468860664ecfed551104179d7f3e,286.2,257.4,424.6,0.47359526399999996,24.0
8f26468860664ecfed551104179d7f3e,318.0,257.4,424.6,0.43717719999999993,20.0
8f26468860664ecfed551104179d7f3e,349.8,314.6,424.6,0.43701640666666675,15.0
8f26468860664ecfed551104179d7f3e,286.2,314.6,424.6,0.43146235200000005,18.0
8f26468860664ecfed551104179d7f3e,318.0,314.6,424.6,0.39828418333333343,15.0
8f61ca662a88d3f0432d0d6a0cfbf2ee,161.1,223.2,383.0,0.8960017499999998,100.0
8f61ca662a88d3f0432d0d6a0cfbf2ee,179.0,223.2,383.0,0.891261,90.0
8f61ca662a88d3f0432d0d6a0cfbf2ee,161.1,272.8,383.0,0.8699165999999999,80.0
8f61ca662a88d3f0432d0d6a0cfbf2ee,196.9,223.2,383.0,0.8676626,80.0
8f61ca662a88d3f0432d0d6a0cfbf2ee,179.0,272.8,383.0,0.8653138666666668,72.0
8f61ca662a88d3f0432d0d6a0cfbf2ee,196.9,272.8,383.0,0.842402482962963,64.0
8f61ca662a88d3f0432d0d6a0cfbf2ee,161.1,223.2,344.7,0.8084587218749999,100.0
8f61ca662a88d3f0432d0d6a0cfbf2ee,179.0,223.2,344.7,0.8041811624999999,90.0
8f61ca662a88d3f0432d0d6a0cfbf2ee,161.1,248.0,383.0,0.793359,80.0
8f61ca662a88d3f0432d0d6a0cfbf2ee,179.0,248.0,383.0,0.7891613333333334,72.0
8f61ca662a88d3f0432d0d6a0cfbf2ee,161.1,272.8,344.7,0.7849221974999998,80.0
8f61ca662a88d3f0432d0d6a0cfbf2ee,196.9,223.2,344.7,0.7828884224999999,80.0
8f61ca662a88d3f0432d0d6a0cfbf2ee,179.0,272.8,344.7,0.7807691699999999,72.0
8f61ca662a88d3f0432d0d6a0cfbf2ee,196.9,248.0,383.0,0.7682662814814816,64.0
8f61ca662a88d3f0432d0d6a0cfbf2ee,196.9,272.8,344.7,0.7600963220000001,64.0
8f61ca662a88d3f0432d0d6a0cfbf2ee,161.1,248.0,344.7,0.7158445874999999,80.0
8f61ca662a88d3f0432d0d6a0cfbf2ee,179.0,248.0,344.7,0.71205705,72.0
8f61ca662a88d3f0432d0d6a0cfbf2ee,196.9,248.0,344.7,0.6932035299999999,64.0
8f61ca662a88d3f0432d0d6a0cfbf2ee,161.1,223.2,421.3,0.4917723890625,50.0
8f61ca662a88d3f0432d0d6a0cfbf2ee,179.0,223.2,421.3,0.48917041874999995,45.0
8f61ca662a88d3f0432d0d6a0cfbf2ee,161.1,272.8,421.3,0.47745550124999997,40.0
8f61ca662a88d3f0432d0d6a0cfbf2ee,196.9,223.2,421.3,0.47621838874999994,40.0
8f61ca662a88d3f0432d0d6a0cfbf2ee,179.0,272.8,421.3,0.4749292816666667,36.0
8f61ca662a88d3f0432d0d6a0cfbf2ee,196.9,272.8,421.3,0.46235432196296294,32.0
8f61ca662a88d3f0432d0d6a0cfbf2ee,161.1,248.0,421.3,0.4354367062500001,40.0
8f61ca662a88d3f0432d0d6a0cfbf2ee,179.0,248.0,421.3,0.4331328083333334,36.0
8f61ca662a88d3f0432d0d6a0cfbf2ee,196.9,248.0,421.3,0.4216645164814815,32.0
8f6cdeebd6a09f639e27ef1cbb567311,154.0,223.2,383.0,0.94446275,110.0
8f6cdeebd6a09f639e27ef1cbb567311,169.4,223.2,383.0,0.9397219999999998,100.0
8f6cdeebd6a09f639e27ef1cbb567311,138.6,223.2,383.0,0.9329795999999998,120.0
8f6cdeebd6a09f639e27ef1cbb567311,154.0,272.8,383.0,0.916966762962963,88.0
8f6cdeebd6a09f639e27ef1cbb567311,169.4,272.8,383.0,0.9123640296296298,80.0
8f6cdeebd6a09f639e27ef1cbb567311,138.6,272.8,383.0,0.9058179199999999,96.0
8f6cdeebd6a09f639e27ef1cbb567311,154.0,223.2,344.7,0.8521848843749998,110.0
8f6cdeebd6a09f639e27ef1cbb567311,169.4,223.2,344.7,0.8479073249999998,100.0
8f6cdeebd6a09f639e27ef1cbb567311,138.6,223.2,344.7,0.8418236849999997,120.0
8f6cdeebd6a09f639e27ef1cbb567311,154.0,248.0,383.0,0.8362684814814815,88.0
8f6cdeebd6a09f639e27ef1cbb567311,169.4,248.0,383.0,0.8320708148148148,80.0
8f6cdeebd6a09f639e27ef1cbb567311,154.0,272.8,344.7,0.8273753675,88.0
8f6cdeebd6a09f639e27ef1cbb567311,138.6,248.0,383.0,0.8261008,96.0
8f6cdeebd6a09f639e27ef1cbb567311,169.4,272.8,344.7,0.8232223399999999,80.0
8f6cdeebd6a09f639e27ef1cbb567311,138.6,272.8,344.7,0.8173158120000001,96.0
8f6cdeebd6a09f639e27ef1cbb567311,154.0,248.0,344.7,0.7545616374999999,88.0
8f6cdeebd6a09f639e27ef1cbb567311,169.4,248.0,344.7,0.7507741,80.0
8f6cdeebd6a09f639e27ef1cbb567311,138.6,248.0,344.7,0.7453873799999999,96.0
8f6cdeebd6a09f639e27ef1cbb567311,154.0,223.2,421.3,0.5183703078124999,55.0
8f6cdeebd6a09f639e27ef1cbb567311,169.4,223.2,421.3,0.5157683375,50.0
8f6cdeebd6a09f639e27ef1cbb567311,138.6,223.2,421.3,0.5120677574999999,60.0
8f6cdeebd6a09f639e27ef1cbb567311,154.0,272.8,421.3,0.503279079212963,44.0
8f6cdeebd6a09f639e27ef1cbb567311,169.4,272.8,421.3,0.5007528596296297,40.0
8f6cdeebd6a09f639e27ef1cbb567311,138.6,272.8,421.3,0.49716001400000004,48.0
8f6cdeebd6a09f639e27ef1cbb567311,154.0,248.0,421.3,0.4589876627314815,44.0
8f6cdeebd6a09f639e27ef1cbb567311,169.4,248.0,421.3,0.4566837648148148,40.0
8f6cdeebd6a09f639e27ef1cbb567311,138.6,248.0,421.3,0.45340710999999995,48.0
8ff369b05ce8c21076793bc345e6ec1e,241.2,223.2,383.0,0.9225499499999998,70.0
8ff369b05ce8c21076793bc345e6ec1e,241.2,272.8,383.0,0.8956919066666666,56.0
8ff369b05ce8c21076793bc345e6ec1e,268.0,223.2,383.0,0.8754584999999999,60.0
8ff369b05ce8c21076793bc345e6ec1e,268.0,272.8,383.0,0.8499714222222223,48.0
8ff369b05ce8c21076793bc345e6ec1e,241.2,223.2,344.7,0.8324130543749999,70.0
8ff369b05ce8c21076793bc345e6ec1e,241.2,248.0,383.0,0.8168659333333331,56.0
8ff369b05ce8c21076793bc345e6ec1e,241.2,272.8,344.7,0.8081791514999999,56.0
8ff369b05ce8c21076793bc345e6ec1e,294.8,223.2,383.0,0.80013325,50.0
8ff369b05ce8c21076793bc345e6ec1e,268.0,223.2,344.7,0.78992263125,60.0
8ff369b05ce8c21076793bc345e6ec1e,294.8,272.8,383.0,0.7768391037037037,40.0
8ff369b05ce8c21076793bc345e6ec1e,268.0,248.0,383.0,0.7751691111111111,48.0
8ff369b05ce8c21076793bc345e6ec1e,268.0,272.8,344.7,0.7669257450000001,48.0
8ff369b05ce8c21076793bc345e6ec1e,241.2,248.0,344.7,0.7370547974999998,56.0
8ff369b05ce8c21076793bc345e6ec1e,294.8,223.2,344.7,0.7219569656250001,50.0
8ff369b05ce8c21076793bc345e6ec1e,294.8,248.0,383.0,0.7084728518518518,40.0
8ff369b05ce8c21076793bc345e6ec1e,294.8,272.8,344.7,0.7009387525000002,40.0
8ff369b05ce8c21076793bc345e6ec1e,268.0,248.0,344.7,0.6994319250000001,48.0
8ff369b05ce8c21076793bc345e6ec1e,294.8,248.0,344.7,0.6392521625000002,40.0
8ff369b05ce8c21076793bc345e6ec1e,241.2,223.2,421.3,0.5063434228125,35.0
8ff369b05ce8c21076793bc345e6ec1e,241.2,272.8,421.3,0.49160233091666666,28.0
8ff369b05ce8c21076793bc345e6ec1e,268.0,223.2,421.3,0.48049718437499994,30.0
8ff369b05ce8c21076793bc345e6ec1e,268.0,272.8,421.3,0.4665085497222223,24.0
8ff369b05ce8c21076793bc345e6ec1e,241.2,248.0,421.3,0.44833853458333334,28.0
8ff369b05ce8c21076793bc345e6ec1e,294.8,223.2,421.3,0.4391547671875,25.0
8ff369b05ce8c21076793bc345e6ec1e,294.8,272.8,421.3,0.42636972745370383,20.0
8ff369b05ce8c21076793bc345e6ec1e,268.0,248.0,421.3,0.4254531486111111,24.0
8ff369b05ce8c21076793bc345e6ec1e,294.8,248.0,421.3,0.3888467706018519,20.0
952d7cb277c22fee189451276b46d536,161.1,288.0,388.0,0.928533375,80.0
952d7cb277c22fee189451276b46d536,179.0,288.0,388.0,0.9236205,72.0
952d7cb277c22fee189451276b46d536,196.9,288.0,388.0,0.8991653000000001,64.0
952d7cb277c22fee189451276b46d536,161.1,259.2,388.0,0.8384937749999999,80.0
952d7cb277c22fee189451276b46d536,161.1,288.0,349.2,0.8377850249999998,80.0
952d7cb277c22fee189451276b46d536,179.0,259.2,388.0,0.8340572999999999,72.0
952d7cb277c22fee189451276b46d536,179.0,288.0,349.2,0.8333522999999999,72.0
952d7cb277c22fee189451276b46d536,196.9,259.2,388.0,0.8119735133333333,64.0
952d7cb277c22fee189451276b46d536,196.9,288.0,349.2,0.81128718,64.0
952d7cb277c22fee189451276b46d536,161.1,316.8,388.0,0.7639297312500001,60.0
952d7cb277c22fee189451276b46d536,179.0,316.8,388.0,0.759887775,54.0
952d7cb277c22fee189451276b46d536,161.1,259.2,349.2,0.7565452650000001,80.0
952d7cb277c22fee189451276b46d536,179.0,259.2,349.2,0.75254238,72.0
952d7cb277c22fee189451276b46d536,196.9,316.8,388.0,0.739767815,48.0
952d7cb277c22fee189451276b46d536,196.9,259.2,349.2,0.732616908,64.0
952d7cb277c22fee189451276b46d536,161.1,316.8,349.2,0.68926858875,60.0
952d7cb277c22fee189451276b46d536,179.0,316.8,349.2,0.6856216650000001,54.0
952d7cb277c22fee189451276b46d536,196.9,316.8,349.2,0.667468089,48.0
952d7cb277c22fee189451276b46d536,161.1,288.0,426.8,0.5096408625,40.0
952d7cb277c22fee189451276b46d536,179.0,288.0,426.8,0.50694435,36.0
952d7cb277c22fee189451276b46d536,196.9,288.0,426.8,0.49352171000000006,32.0
952d7cb277c22fee189451276b46d536,161.1,259.2,426.8,0.4602211425,40.0
952d7cb277c22fee189451276b46d536,179.0,259.2,426.8,0.45778611,36.0
952d7cb277c22fee189451276b46d536,196.9,259.2,426.8,0.44566505933333334,32.0
952d7cb277c22fee189451276b46d536,161.1,316.8,426.8,0.41929543687500004,30.0
952d7cb277c22fee189451276b46d536,179.0,316.8,426.8,0.4170769425,27.0
952d7cb277c22fee189451276b46d536,196.9,316.8,426.8,0.4060337705,24.0
963709ce03639618149be23f8bb82ece,278.3,223.2,383.0,0.9080116500000001,60.0
963709ce03639618149be23f8bb82ece,278.3,272.8,383.0,0.8815768577777778,48.0
963709ce03639618149be23f8bb82ece,227.7,223.2,383.0,0.872772075,70.0
963709ce03639618149be23f8bb82ece,227.7,272.8,383.0,0.8473632066666666,56.0
963709ce03639618149be23f8bb82ece,253.0,223.2,383.0,0.8280509999999999,60.0
963709ce03639618149be23f8bb82ece,278.3,223.2,344.7,0.8192952056249999,60.0
963709ce03639618149be23f8bb82ece,278.3,248.0,383.0,0.803993088888889,48.0
963709ce03639618149be23f8bb82ece,253.0,272.8,383.0,0.803944088888889,48.0
963709ce03639618149be23f8bb82ece,278.3,272.8,344.7,0.7954432005,48.0
963709ce03639618149be23f8bb82ece,227.7,223.2,344.7,0.7874986809374999,70.0
963709ce03639618149be23f8bb82ece,227.7,248.0,383.0,0.7727904333333332,56.0
963709ce03639618149be23f8bb82ece,227.7,272.8,344.7,0.7645723627499998,56.0
963709ce03639618149be23f8bb82ece,253.0,223.2,344.7,0.7471470374999999,60.0
963709ce03639618149be23f8bb82ece,253.0,248.0,383.0,0.7331924444444444,48.0
963709ce03639618149be23f8bb82ece,278.3,248.0,344.7,0.7254396825000001,48.0
963709ce03639618149be23f8bb82ece,253.0,272.8,344.7,0.72539547,48.0
963709ce03639618149be23f8bb82ece,227.7,248.0,344.7,0.6972856537499998,56.0
963709ce03639618149be23f8bb82ece,253.0,248.0,344.7,0.66155655,48.0
963709ce03639618149be23f8bb82ece,278.3,223.2,421.3,0.4983640471875,30.0
963709ce03639618149be23f8bb82ece,278.3,272.8,421.3,0.48385525752777786,24.0
963709ce03639618149be23f8bb82ece,227.7,223.2,421.3,0.47902273453125,35.0
963709ce03639618149be23f8bb82ece,227.7,272.8,421.3,0.46507702529166667,28.0
963709ce03639618149be23f8bb82ece,253.0,223.2,421.3,0.4544774812499999,30.0
963709ce03639618149be23f8bb82ece,278.3,248.0,421.3,0.4412732476388889,24.0
963709ce03639618149be23f8bb82ece,253.0,272.8,421.3,0.44124635388888894,24.0
963709ce03639618149be23f8bb82ece,227.7,248.0,421.3,0.42414760645833327,28.0
963709ce03639618149be23f8bb82ece,253.0,248.0,421.3,0.4024141694444444,24.0
9a88ed4806deaa5c9b3abac82886d23a,165.6,286.0,386.0,0.9419104166666666,80.0
9a88ed4806deaa5c9b3abac82886d23a,184.0,286.0,386.0,0.9370552083333333,72.0
9a88ed4806deaa5c9b3abac82886d23a,202.4,286.0,386.0,0.9123475925925926,64.0
9a88ed4806deaa5c9b3abac82886d23a,165.6,257.4,386.0,0.8505929999999998,80.0
9a88ed4806deaa5c9b3abac82886d23a,165.6,286.0,347.4,0.8498654999999998,80.0
9a88ed4806deaa5c9b3abac82886d23a,184.0,257.4,386.0,0.8462085,72.0
9a88ed4806deaa5c9b3abac82886d23a,184.0,286.0,347.4,0.84548475,72.0
9a88ed4806deaa5c9b3abac82886d23a,202.4,257.4,386.0,0.8238962666666666,64.0
9a88ed4806deaa5c9b3abac82886d23a,202.4,286.0,347.4,0.8231916,64.0
9a88ed4806deaa5c9b3abac82886d23a,165.6,314.6,386.0,0.7749208750000002,60.0
9a88ed4806deaa5c9b3abac82886d23a,184.0,314.6,386.0,0.7709264375,54.0
9a88ed4806deaa5c9b3abac82886d23a,165.6,257.4,347.4,0.7674717599999998,80.0
9a88ed4806deaa5c9b3abac82886d23a,184.0,257.4,347.4,0.7635157199999999,72.0
9a88ed4806deaa5c9b3abac82886d23a,202.4,314.6,386.0,0.750599188888889,48.0
9a88ed4806deaa5c9b3abac82886d23a,202.4,257.4,347.4,0.743383872,64.0
9a88ed4806deaa5c9b3abac82886d23a,165.6,314.6,347.4,0.69919443,60.0
9a88ed4806deaa5c9b3abac82886d23a,184.0,314.6,347.4,0.6955903349999999,54.0
9a88ed4806deaa5c9b3abac82886d23a,202.4,314.6,347.4,0.6772494960000001,48.0
9a88ed4806deaa5c9b3abac82886d23a,165.6,286.0,424.6,0.5169776666666668,40.0
9a88ed4806deaa5c9b3abac82886d23a,184.0,286.0,424.6,0.5143128333333333,36.0
9a88ed4806deaa5c9b3abac82886d23a,202.4,286.0,424.6,0.5007517925925926,32.0
9a88ed4806deaa5c9b3abac82886d23a,165.6,257.4,424.6,0.46685711999999996,40.0
9a88ed4806deaa5c9b3abac82886d23a,184.0,257.4,424.6,0.46445063999999997,36.0
9a88ed4806deaa5c9b3abac82886d23a,202.4,257.4,424.6,0.4522043306666667,32.0
9a88ed4806deaa5c9b3abac82886d23a,165.6,314.6,424.6,0.4253236600000001,30.0
9a88ed4806deaa5c9b3abac82886d23a,184.0,314.6,424.6,0.42313127000000006,27.0
9a88ed4806deaa5c9b3abac82886d23a,202.4,314.6,424.6,0.411974440888889,24.0
9bad717e71278467a7e45ca1001c12ee,161.1,286.0,384.0,0.912988125,80.0
9bad717e71278467a7e45ca1001c12ee,179.0,286.0,384.0,0.9081575,72.0
9bad717e71278467a7e45ca1001c12ee,196.9,286.0,384.0,0.8841117222222222,64.0
9bad717e71278467a7e45ca1001c12ee,161.1,257.4,384.0,0.8244746999999998,80.0
9bad717e71278467a7e45ca1001c12ee,161.1,286.0,345.6,0.8237801250000001,80.0
9bad717e71278467a7e45ca1001c12ee,179.0,257.4,384.0,0.8201123999999999,72.0
9bad717e71278467a7e45ca1001c12ee,179.0,286.0,345.6,0.8194215,72.0
9bad717e71278467a7e45ca1001c12ee,196.9,257.4,384.0,0.79839784,64.0
9bad717e71278467a7e45ca1001c12ee,196.9,286.0,345.6,0.7977252333333333,64.0
9bad717e71278467a7e45ca1001c12ee,161.1,314.6,384.0,0.7511261625,60.0
9bad717e71278467a7e45ca1001c12ee,179.0,314.6,384.0,0.7471519500000001,54.0
9bad717e71278467a7e45ca1001c12ee,161.1,257.4,345.6,0.74391534,80.0
9bad717e71278467a7e45ca1001c12ee,179.0,257.4,345.6,0.7399792799999999,72.0
9bad717e71278467a7e45ca1001c12ee,196.9,314.6,384.0,0.7273692033333334,48.0
9bad717e71278467a7e45ca1001c12ee,196.9,257.4,345.6,0.7203864480000001,64.0
9bad717e71278467a7e45ca1001c12ee,161.1,314.6,345.6,0.6777336825000001,60.0
9bad717e71278467a7e45ca1001c12ee,179.0,314.6,345.6,0.67414779,54.0
9bad717e71278467a7e45ca1001c12ee,196.9,314.6,345.6,0.6562980140000001,48.0
9bad717e71278467a7e45ca1001c12ee,161.1,286.0,422.4,0.5010980624999999,40.0
9bad717e71278467a7e45ca1001c12ee,179.0,286.0,422.4,0.49844675,36.0
9bad717e71278467a7e45ca1001c12ee,196.9,286.0,422.4,0.48524910555555556,32.0
9bad717e71278467a7e45ca1001c12ee,161.1,257.4,422.4,0.4525170299999999,40.0
9bad717e71278467a7e45ca1001c12ee,179.0,257.4,422.4,0.4501227599999999,36.0
9bad717e71278467a7e45ca1001c12ee,196.9,257.4,422.4,0.4382046159999999,32.0
9bad717e71278467a7e45ca1001c12ee,161.1,314.6,422.4,0.41225932125,30.0
9bad717e71278467a7e45ca1001c12ee,179.0,314.6,422.4,0.410078055,27.0
9bad717e71278467a7e45ca1001c12ee,196.9,314.6,422.4,0.3992201963333333,24.0
9c72b7ef9f82b991ef05900066e9dc1b,243.9,282.0,380.0,0.9277601375000002,56.0
9c72b7ef9f82b991ef05900066e9dc1b,271.0,282.0,380.0,0.8804366666666666,48.0
9c72b7ef9f82b991ef05900066e9dc1b,243.9,253.8,380.0,0.8378534850000001,56.0
9c72b7ef9f82b991ef05900066e9dc1b,243.9,282.0,342.0,0.8371306125000001,56.0
9c72b7ef9f82b991ef05900066e9dc1b,298.1,282.0,380.0,0.8047086319444445,40.0
9c72b7ef9f82b991ef05900066e9dc1b,271.0,253.8,380.0,0.795116,48.0
9c72b7ef9f82b991ef05900066e9dc1b,271.0,282.0,342.0,0.79443,48.0
9c72b7ef9f82b991ef05900066e9dc1b,243.9,310.2,380.0,0.7632500925,42.0
9c72b7ef9f82b991ef05900066e9dc1b,243.9,253.8,342.0,0.7560066150000001,56.0
9c72b7ef9f82b991ef05900066e9dc1b,298.1,253.8,380.0,0.7267265583333333,40.0
9c72b7ef9f82b991ef05900066e9dc1b,298.1,282.0,342.0,0.7260995625,40.0
9c72b7ef9f82b991ef05900066e9dc1b,271.0,310.2,380.0,0.724318,36.0
9c72b7ef9f82b991ef05900066e9dc1b,271.0,253.8,342.0,0.717444,48.0
9c72b7ef9f82b991ef05900066e9dc1b,243.9,310.2,342.0,0.6886909575,42.0
9c72b7ef9f82b991ef05900066e9dc1b,298.1,310.2,380.0,0.6620180291666667,30.0
9c72b7ef9f82b991ef05900066e9dc1b,298.1,253.8,342.0,0.6557352750000001,40.0
9c72b7ef9f82b991ef05900066e9dc1b,271.0,310.2,342.0,0.653562,36.0
9c72b7ef9f82b991ef05900066e9dc1b,298.1,310.2,342.0,0.5973478875,30.0
9c72b7ef9f82b991ef05900066e9dc1b,243.9,282.0,418.0,0.5091948312500001,28.0
9c72b7ef9f82b991ef05900066e9dc1b,271.0,282.0,418.0,0.48322166666666666,24.0
9c72b7ef9f82b991ef05900066e9dc1b,243.9,253.8,418.0,0.45985017750000007,28.0
9c72b7ef9f82b991ef05900066e9dc1b,298.1,282.0,418.0,0.44165885069444444,20.0
9c72b7ef9f82b991ef05900066e9dc1b,271.0,253.8,418.0,0.436394,24.0
9c72b7ef9f82b991ef05900066e9dc1b,243.9,310.2,418.0,0.41890461375,21.0
9c72b7ef9f82b991ef05900066e9dc1b,298.1,253.8,418.0,0.39885892083333335,20.0
9c72b7ef9f82b991ef05900066e9dc1b,271.0,310.2,418.0,0.397537,18.0
9c72b7ef9f82b991ef05900066e9dc1b,298.1,310.2,418.0,0.3633440854166667,15.0
9d44d480026dfab07731a73d1d0c6539,283.0,288.0,388.0,0.956373,48.0
9d44d480026dfab07731a73d1d0c6539,311.3,288.0,388.0,0.8742188125,40.0
9d44d480026dfab07731a73d1d0c6539,254.7,288.0,388.0,0.863683425,48.0
9d44d480026dfab07731a73d1d0c6539,283.0,259.2,388.0,0.8636337999999999,48.0
9d44d480026dfab07731a73d1d0c6539,283.0,288.0,349.2,0.8629038000000001,48.0
9d44d480026dfab07731a73d1d0c6539,311.3,259.2,388.0,0.7894460791666668,40.0
9d44d480026dfab07731a73d1d0c6539,311.3,288.0,349.2,0.7887787875,40.0
9d44d480026dfab07731a73d1d0c6539,283.0,316.8,388.0,0.78683415,36.0
9d44d480026dfab07731a73d1d0c6539,254.7,259.2,388.0,0.779932305,48.0
9d44d480026dfab07731a73d1d0c6539,254.7,288.0,349.2,0.779273055,48.0
9d44d480026dfab07731a73d1d0c6539,283.0,259.2,349.2,0.77922828,48.0
9d44d480026dfab07731a73d1d0c6539,311.3,316.8,388.0,0.719243659375,30.0
9d44d480026dfab07731a73d1d0c6539,311.3,259.2,349.2,0.7122911475000001,40.0
9d44d480026dfab07731a73d1d0c6539,254.7,316.8,388.0,0.7105759087500001,36.0
9d44d480026dfab07731a73d1d0c6539,283.0,316.8,349.2,0.70993449,36.0
9d44d480026dfab07731a73d1d0c6539,254.7,259.2,349.2,0.703707183,48.0
9d44d480026dfab07731a73d1d0c6539,311.3,316.8,349.2,0.648949820625,30.0
9d44d480026dfab07731a73d1d0c6539,254.7,316.8,349.2,0.64112919525,36.0
9d44d480026dfab07731a73d1d0c6539,283.0,288.0,426.8,0.5249211,24.0
9d44d480026dfab07731a73d1d0c6539,311.3,288.0,426.8,0.47982941875,20.0
9d44d480026dfab07731a73d1d0c6539,254.7,288.0,426.8,0.47404689749999995,24.0
9d44d480026dfab07731a73d1d0c6539,283.0,259.2,426.8,0.47401965999999995,24.0
9d44d480026dfab07731a73d1d0c6539,311.3,259.2,426.8,0.43330050541666676,20.0
9d44d480026dfab07731a73d1d0c6539,283.0,316.8,426.8,0.431866905,18.0
9d44d480026dfab07731a73d1d0c6539,254.7,259.2,426.8,0.4280787135,24.0
9d44d480026dfab07731a73d1d0c6539,311.3,316.8,426.8,0.3947687490625001,15.0
9d44d480026dfab07731a73d1d0c6539,254.7,316.8,426.8,0.39001131112500004,18.0
9dbb448086386afae3321dda0441c688,207.0,229.5,353.7,0.8650395,80.0
9dbb448086386afae3321dda0441c688,207.0,280.5,353.7,0.8400131999999999,64.0
9dbb448086386afae3321dda0441c688,230.0,229.5,353.7,0.8375064140625,70.0
9dbb448086386afae3321dda0441c688,230.0,280.5,353.7,0.8132766687499999,56.0
9dbb448086386afae3321dda0441c688,253.0,229.5,353.7,0.78694565625,60.0
9dbb448086386afae3321dda0441c688,207.0,255.0,353.7,0.7660224,64.0
9dbb448086386afae3321dda0441c688,253.0,280.5,353.7,0.764178675,48.0
9dbb448086386afae3321dda0441c688,230.0,255.0,353.7,0.7416409,56.0
9dbb448086386afae3321dda0441c688,253.0,255.0,353.7,0.6968675999999999,48.0
9dbb448086386afae3321dda0441c688,207.0,229.5,432.3,0.52625025,40.0
9dbb448086386afae3321dda0441c688,207.0,280.5,432.3,0.5110254000000001,32.0
9dbb448086386afae3321dda0441c688,230.0,229.5,432.3,0.50950038671875,35.0
9dbb448086386afae3321dda0441c688,230.0,280.5,432.3,0.49476012395833335,28.0
9dbb448086386afae3321dda0441c688,207.0,229.5,393.0,0.479385,40.0
9dbb448086386afae3321dda0441c688,253.0,229.5,432.3,0.478741546875,30.0
9dbb448086386afae3321dda0441c688,207.0,255.0,432.3,0.4660128,32.0
9dbb448086386afae3321dda0441c688,207.0,280.5,393.0,0.465516,32.0
9dbb448086386afae3321dda0441c688,253.0,280.5,432.3,0.46489116249999995,24.0
9dbb448086386afae3321dda0441c688,230.0,229.5,393.0,0.464126796875,35.0
9dbb448086386afae3321dda0441c688,230.0,255.0,432.3,0.45118021666666663,28.0
9dbb448086386afae3321dda0441c688,230.0,280.5,393.0,0.45069922916666666,28.0
9dbb448086386afae3321dda0441c688,253.0,229.5,393.0,0.4361071875,30.0
9dbb448086386afae3321dda0441c688,207.0,255.0,393.0,0.424512,32.0
9dbb448086386afae3321dda0441c688,253.0,255.0,432.3,0.4239422,24.0
9dbb448086386afae3321dda0441c688,253.0,280.5,393.0,0.42349025,24.0
9dbb448086386afae3321dda0441c688,230.0,255.0,393.0,0.41100033333333336,28.0
9dbb448086386afae3321dda0441c688,253.0,255.0,393.0,0.386188,24.0
a053806f0b23db27a17e90bf971c8a62,245.7,286.0,386.0,0.9618167708333333,56.0
a053806f0b23db27a17e90bf971c8a62,273.0,286.0,386.0,0.9127791666666667,48.0
a053806f0b23db27a17e90bf971c8a62,245.7,257.4,386.0,0.8685694499999999,56.0
a053806f0b23db27a17e90bf971c8a62,245.7,286.0,347.4,0.8678265749999999,56.0
a053806f0b23db27a17e90bf971c8a62,300.3,286.0,386.0,0.8342866319444444,40.0
a053806f0b23db27a17e90bf971c8a62,273.0,257.4,386.0,0.8242859999999999,48.0
a053806f0b23db27a17e90bf971c8a62,273.0,286.0,347.4,0.8235809999999999,48.0
a053806f0b23db27a17e90bf971c8a62,245.7,314.6,386.0,0.79129806875,42.0
a053806f0b23db27a17e90bf971c8a62,245.7,257.4,347.4,0.7836915239999998,56.0
a053806f0b23db27a17e90bf971c8a62,300.3,257.4,386.0,0.7534032499999999,40.0
a053806f0b23db27a17e90bf971c8a62,300.3,286.0,347.4,0.752758875,40.0
a053806f0b23db27a17e90bf971c8a62,273.0,314.6,386.0,0.7509542500000002,36.0
a053806f0b23db27a17e90bf971c8a62,273.0,257.4,347.4,0.7437355199999999,48.0
a053806f0b23db27a17e90bf971c8a62,245.7,314.6,347.4,0.7139712194999999,42.0
a053806f0b23db27a17e90bf971c8a62,300.3,314.6,386.0,0.6863775104166666,30.0
a053806f0b23db27a17e90bf971c8a62,300.3,257.4,347.4,0.67977954,40.0
a053806f0b23db27a17e90bf971c8a62,273.0,314.6,347.4,0.67756986,36.0
a053806f0b23db27a17e90bf971c8a62,300.3,314.6,347.4,0.6193036574999999,30.0
a053806f0b23db27a17e90bf971c8a62,245.7,286.0,424.6,0.5279034833333334,28.0
a053806f0b23db27a17e90bf971c8a62,273.0,286.0,424.6,0.5009886666666666,24.0
a053806f0b23db27a17e90bf971c8a62,245.7,257.4,424.6,0.4767236879999999,28.0
a053806f0b23db27a17e90bf971c8a62,300.3,286.0,424.6,0.45790719444444444,20.0
a053806f0b23db27a17e90bf971c8a62,273.0,257.4,424.6,0.45241823999999997,24.0
a053806f0b23db27a17e90bf971c8a62,245.7,314.6,424.6,0.434312459,21.0
a053806f0b23db27a17e90bf971c8a62,300.3,257.4,424.6,0.41351348,20.0
a053806f0b23db27a17e90bf971c8a62,273.0,314.6,424.6,0.4121693200000001,18.0
a053806f0b23db27a17e90bf971c8a62,300.3,314.6,424.6,0.3767256816666667,15.0
a12aea41ad9864b83129274495d5d5b2,165.6,288.0,388.0,0.95309775,80.0
a12aea41ad9864b83129274495d5d5b2,184.0,288.0,388.0,0.948184875,72.0
a12aea41ad9864b83129274495d5d5b2,202.4,288.0,388.0,0.9231838000000001,64.0
a12aea41ad9864b83129274495d5d5b2,165.6,259.2,388.0,0.8606761499999999,80.0
a12aea41ad9864b83129274495d5d5b2,165.6,288.0,349.2,0.85994865,80.0
a12aea41ad9864b83129274495d5d5b2,184.0,259.2,388.0,0.8562396749999999,72.0
a12aea41ad9864b83129274495d5d5b2,184.0,288.0,349.2,0.855515925,72.0
a12aea41ad9864b83129274495d5d5b2,202.4,259.2,388.0,0.8336629466666666,64.0
a12aea41ad9864b83129274495d5d5b2,202.4,288.0,349.2,0.8329582799999999,64.0
a12aea41ad9864b83129274495d5d5b2,165.6,316.8,388.0,0.7841395125000001,60.0
a12aea41ad9864b83129274495d5d5b2,184.0,316.8,388.0,0.78009755625,54.0
a12aea41ad9864b83129274495d5d5b2,165.6,259.2,349.2,0.7765596899999998,80.0
a12aea41ad9864b83129274495d5d5b2,184.0,259.2,349.2,0.772556805,72.0
a12aea41ad9864b83129274495d5d5b2,202.4,316.8,388.0,0.7595284900000001,48.0
a12aea41ad9864b83129274495d5d5b2,202.4,259.2,349.2,0.7521865679999999,64.0
a12aea41ad9864b83129274495d5d5b2,165.6,316.8,349.2,0.7075032075,60.0
a12aea41ad9864b83129274495d5d5b2,184.0,316.8,349.2,0.70385628375,54.0
a12aea41ad9864b83129274495d5d5b2,202.4,316.8,349.2,0.685297494,48.0
a12aea41ad9864b83129274495d5d5b2,165.6,288.0,426.8,0.5231234250000001,40.0
a12aea41ad9864b83129274495d5d5b2,184.0,288.0,426.8,0.5204269125000001,36.0
a12aea41ad9864b83129274495d5d5b2,202.4,288.0,426.8,0.50670466,32.0
a12aea41ad9864b83129274495d5d5b2,165.6,259.2,426.8,0.47239630499999996,40.0
a12aea41ad9864b83129274495d5d5b2,184.0,259.2,426.8,0.4699612724999999,36.0
a12aea41ad9864b83129274495d5d5b2,202.4,259.2,426.8,0.45756966266666665,32.0
a12aea41ad9864b83129274495d5d5b2,165.6,316.8,426.8,0.43038790874999994,30.0
a12aea41ad9864b83129274495d5d5b2,184.0,316.8,426.8,0.428169414375,27.0
a12aea41ad9864b83129274495d5d5b2,202.4,316.8,426.8,0.4168797430000001,24.0
a130566667d4be7bb38053adaefea0af,183.6,229.5,353.7,0.8677427484375,90.0
a130566667d4be7bb38053adaefea0af,204.0,229.5,353.7,0.8530250624999999,80.0
a130566667d4be7bb38053adaefea0af,183.6,280.5,353.7,0.84263824125,72.0
a130566667d4be7bb38053adaefea0af,204.0,280.5,353.7,0.82834635,64.0
a130566667d4be7bb38053adaefea0af,224.4,229.5,353.7,0.8178828328125,70.0
a130566667d4be7bb38053adaefea0af,224.4,280.5,353.7,0.7942208137499999,56.0
a130566667d4be7bb38053adaefea0af,183.6,255.0,353.7,0.7684162200000001,72.0
a130566667d4be7bb38053adaefea0af,204.0,255.0,353.7,0.7553831999999999,64.0
a130566667d4be7bb38053adaefea0af,224.4,255.0,353.7,0.7242635399999999,56.0
a130566667d4be7bb38053adaefea0af,183.6,229.5,432.3,0.52789478203125,45.0
a130566667d4be7bb38053adaefea0af,204.0,229.5,432.3,0.5189412187500001,40.0
a130566667d4be7bb38053adaefea0af,183.6,280.5,432.3,0.5126223543749999,36.0
a130566667d4be7bb38053adaefea0af,204.0,280.5,432.3,0.503927825,32.0
a130566667d4be7bb38053adaefea0af,224.4,229.5,432.3,0.49756230234375004,35.0
a130566667d4be7bb38053adaefea0af,224.4,280.5,432.3,0.4831674181250001,28.0
a130566667d4be7bb38053adaefea0af,183.6,229.5,393.0,0.480883078125,45.0
a130566667d4be7bb38053adaefea0af,204.0,229.5,393.0,0.472726875,40.0
a130566667d4be7bb38053adaefea0af,183.6,255.0,432.3,0.46746909,36.0
a130566667d4be7bb38053adaefea0af,183.6,280.5,393.0,0.4669707375,36.0
a130566667d4be7bb38053adaefea0af,204.0,255.0,432.3,0.4595404,32.0
a130566667d4be7bb38053adaefea0af,204.0,280.5,393.0,0.4590505,32.0
a130566667d4be7bb38053adaefea0af,224.4,229.5,393.0,0.453251859375,35.0
a130566667d4be7bb38053adaefea0af,224.4,255.0,432.3,0.44060863,28.0
a130566667d4be7bb38053adaefea0af,224.4,280.5,393.0,0.44013891250000003,28.0
a130566667d4be7bb38053adaefea0af,183.6,255.0,393.0,0.42583860000000007,36.0
a130566667d4be7bb38053adaefea0af,204.0,255.0,393.0,0.418616,32.0
a130566667d4be7bb38053adaefea0af,224.4,255.0,393.0,0.4013702,28.0
a1c08078a73de9700accb1bfa9d293be,245.0,262.8,355.5,0.815501925,56.0
a1c08078a73de9700accb1bfa9d293be,269.5,262.8,355.5,0.7664250375000001,48.0
a1c08078a73de9700accb1bfa9d293be,245.0,321.2,355.5,0.74304286875,42.0
a1c08078a73de9700accb1bfa9d293be,220.5,262.8,355.5,0.7368413062500002,56.0
a1c08078a73de9700accb1bfa9d293be,269.5,321.2,355.5,0.698326565625,36.0
a1c08078a73de9700accb1bfa9d293be,245.0,292.0,355.5,0.67733465625,42.0
a1c08078a73de9700accb1bfa9d293be,220.5,321.2,355.5,0.6713714109375,42.0
a1c08078a73de9700accb1bfa9d293be,269.5,292.0,355.5,0.636572671875,36.0
a1c08078a73de9700accb1bfa9d293be,220.5,292.0,355.5,0.6120011953125,42.0
a1c08078a73de9700accb1bfa9d293be,245.0,262.8,434.5,0.49612497083333335,28.0
a1c08078a73de9700accb1bfa9d293be,269.5,262.8,434.5,0.46626818125,24.0
a1c08078a73de9700accb1bfa9d293be,245.0,321.2,434.5,0.45204322673611114,21.0
a1c08078a73de9700accb1bfa9d293be,245.0,262.8,395.0,0.4519379666666666,28.0
a1c08078a73de9700accb1bfa9d293be,220.5,262.8,434.5,0.44827039687500003,28.0
a1c08078a73de9700accb1bfa9d293be,269.5,321.2,434.5,0.4248392755208333,18.0
a1c08078a73de9700accb1bfa9d293be,269.5,262.8,395.0,0.42474035000000004,24.0
a1c08078a73de9700accb1bfa9d293be,245.0,292.0,434.5,0.4120684774305556,21.0
a1c08078a73de9700accb1bfa9d293be,245.0,321.2,395.0,0.4117823305555556,21.0
a1c08078a73de9700accb1bfa9d293be,220.5,321.2,434.5,0.40844063203125,21.0
a1c08078a73de9700accb1bfa9d293be,220.5,262.8,395.0,0.40834552500000004,28.0
a1c08078a73de9700accb1bfa9d293be,269.5,292.0,434.5,0.38727020572916665,18.0
a1c08078a73de9700accb1bfa9d293be,269.5,321.2,395.0,0.38700127916666666,18.0
a1c08078a73de9700accb1bfa9d293be,245.0,292.0,395.0,0.37536790277777776,21.0
a1c08078a73de9700accb1bfa9d293be,220.5,292.0,434.5,0.37232171484375,21.0
a1c08078a73de9700accb1bfa9d293be,220.5,321.2,395.0,0.37206316874999995,21.0
a1c08078a73de9700accb1bfa9d293be,269.5,292.0,395.0,0.35277827083333335,18.0
a1c08078a73de9700accb1bfa9d293be,220.5,292.0,395.0,0.33916115625,21.0
a231d37bbfd765b2d130853c472c6f8c,190.8,221.4,379.0,0.9302688,90.0
a231d37bbfd765b2d130853c472c6f8c,212.0,221.4,379.0,0.9146453333333333,80.0
a231d37bbfd765b2d130853c472c6f8c,190.8,270.6,379.0,0.9031359600000001,72.0
a231d37bbfd765b2d130853c472c6f8c,212.0,270.6,379.0,0.8879681777777778,64.0
a231d37bbfd765b2d130853c472c6f8c,233.2,221.4,379.0,0.8770869333333332,70.0
a231d37bbfd765b2d130853c472c6f8c,233.2,270.6,379.0,0.8515052311111111,56.0
a231d37bbfd765b2d130853c472c6f8c,190.8,221.4,341.1,0.8393997600000002,90.0
a231d37bbfd765b2d130853c472c6f8c,212.0,221.4,341.1,0.8253024,80.0
a231d37bbfd765b2d130853c472c6f8c,190.8,246.0,379.0,0.8236755,72.0
a231d37bbfd765b2d130853c472c6f8c,190.8,270.6,341.1,0.8149172670000001,72.0
a231d37bbfd765b2d130853c472c6f8c,212.0,246.0,379.0,0.8098422222222222,64.0
a231d37bbfd765b2d130853c472c6f8c,212.0,270.6,341.1,0.8012310800000001,64.0
a231d37bbfd765b2d130853c472c6f8c,233.2,221.4,341.1,0.79141272,70.0
a231d37bbfd765b2d130853c472c6f8c,233.2,246.0,379.0,0.7765873888888889,56.0
a231d37bbfd765b2d130853c472c6f8c,233.2,270.6,341.1,0.768329849,56.0
a231d37bbfd765b2d130853c472c6f8c,190.8,246.0,341.1,0.7432185375000001,72.0
a231d37bbfd765b2d130853c472c6f8c,212.0,246.0,341.1,0.7307365,64.0
a231d37bbfd765b2d130853c472c6f8c,233.2,246.0,341.1,0.7007300125000001,56.0
a231d37bbfd765b2d130853c472c6f8c,190.8,221.4,416.9,0.51056892,45.0
a231d37bbfd765b2d130853c472c6f8c,212.0,221.4,416.9,0.5019941333333333,40.0
a231d37bbfd765b2d130853c472c6f8c,190.8,270.6,416.9,0.4956773265,36.0
a231d37bbfd765b2d130853c472c6f8c,212.0,270.6,416.9,0.4873526377777778,32.0
a231d37bbfd765b2d130853c472c6f8c,233.2,221.4,416.9,0.4813805733333333,35.0
a231d37bbfd765b2d130853c472c6f8c,233.2,270.6,416.9,0.46734030661111103,28.0
a231d37bbfd765b2d130853c472c6f8c,190.8,246.0,416.9,0.45206623124999995,36.0
a231d37bbfd765b2d130853c472c6f8c,212.0,246.0,416.9,0.44447397222222224,32.0
a231d37bbfd765b2d130853c472c6f8c,233.2,246.0,416.9,0.42622238263888884,28.0
a23eeef1c0cd8cfd40b780d65382034a,333.3,286.0,386.0,0.9232987847222223,40.0
a23eeef1c0cd8cfd40b780d65382034a,272.7,286.0,386.0,0.911808125,48.0
a23eeef1c0cd8cfd40b780d65382034a,303.0,286.0,386.0,0.8415694444444445,40.0
a23eeef1c0cd8cfd40b780d65382034a,333.3,257.4,386.0,0.83378575,40.0
a23eeef1c0cd8cfd40b780d65382034a,333.3,286.0,347.4,0.833072625,40.0
a23eeef1c0cd8cfd40b780d65382034a,272.7,257.4,386.0,0.8234091,48.0
a23eeef1c0cd8cfd40b780d65382034a,272.7,286.0,347.4,0.8227048499999999,48.0
a23eeef1c0cd8cfd40b780d65382034a,303.0,257.4,386.0,0.7599799999999999,40.0
a23eeef1c0cd8cfd40b780d65382034a,333.3,314.6,386.0,0.7596088645833334,30.0
a23eeef1c0cd8cfd40b780d65382034a,303.0,286.0,347.4,0.7593299999999998,40.0
a23eeef1c0cd8cfd40b780d65382034a,333.3,257.4,347.4,0.75230694,40.0
a23eeef1c0cd8cfd40b780d65382034a,272.7,314.6,386.0,0.7501553625,36.0
a23eeef1c0cd8cfd40b780d65382034a,272.7,257.4,347.4,0.7429443119999998,48.0
a23eeef1c0cd8cfd40b780d65382034a,303.0,314.6,386.0,0.6923691666666668,30.0
a23eeef1c0cd8cfd40b780d65382034a,303.0,257.4,347.4,0.6857135999999998,40.0
a23eeef1c0cd8cfd40b780d65382034a,333.3,314.6,347.4,0.6853787325,30.0
a23eeef1c0cd8cfd40b780d65382034a,272.7,314.6,347.4,0.676849041,36.0
a23eeef1c0cd8cfd40b780d65382034a,303.0,314.6,347.4,0.6247098000000001,30.0
a23eeef1c0cd8cfd40b780d65382034a,333.3,286.0,424.6,0.5067624722222223,20.0
a23eeef1c0cd8cfd40b780d65382034a,272.7,286.0,424.6,0.5004557,24.0
a23eeef1c0cd8cfd40b780d65382034a,303.0,286.0,424.6,0.46190444444444445,20.0
a23eeef1c0cd8cfd40b780d65382034a,333.3,257.4,424.6,0.4576322800000001,20.0
a23eeef1c0cd8cfd40b780d65382034a,272.7,257.4,424.6,0.451936944,24.0
a23eeef1c0cd8cfd40b780d65382034a,303.0,257.4,424.6,0.41712319999999997,20.0
a23eeef1c0cd8cfd40b780d65382034a,333.3,314.6,424.6,0.4169194983333334,15.0
a23eeef1c0cd8cfd40b780d65382034a,272.7,314.6,424.6,0.4117308420000001,18.0
a23eeef1c0cd8cfd40b780d65382034a,303.0,314.6,424.6,0.38001426666666677,15.0
a2c4cc4e764be062aaefa64a99695dbe,331.1,266.4,355.5,0.7902861187499999,40.0
a2c4cc4e764be062aaefa64a99695dbe,270.9,266.4,355.5,0.7804801574999999,48.0
a2c4cc4e764be062aaefa64a99695dbe,301.0,266.4,355.5,0.720343125,40.0
a2c4cc4e764be062aaefa64a99695dbe,331.1,325.6,355.5,0.7201245515625002,30.0
a2c4cc4e764be062aaefa64a99695dbe,270.9,325.6,355.5,0.7111891631249999,36.0
a2c4cc4e764be062aaefa64a99695dbe,331.1,296.0,355.5,0.6564195703125,30.0
a2c4cc4e764be062aaefa64a99695dbe,301.0,325.6,355.5,0.65639109375,30.0
a2c4cc4e764be062aaefa64a99695dbe,270.9,296.0,355.5,0.648274640625,36.0
a2c4cc4e764be062aaefa64a99695dbe,301.0,296.0,355.5,0.59832421875,30.0
a2c4cc4e764be062aaefa64a99695dbe,331.1,266.4,434.5,0.48078449062499995,20.0
a2c4cc4e764be062aaefa64a99695dbe,270.9,266.4,434.5,0.47481886125,24.0
a2c4cc4e764be062aaefa64a99695dbe,301.0,266.4,434.5,0.4382334375,20.0
a2c4cc4e764be062aaefa64a99695dbe,331.1,325.6,434.5,0.4381004644965279,15.0
a2c4cc4e764be062aaefa64a99695dbe,331.1,266.4,395.0,0.43796377499999994,20.0
a2c4cc4e764be062aaefa64a99695dbe,270.9,325.6,434.5,0.4326644634375,18.0
a2c4cc4e764be062aaefa64a99695dbe,270.9,266.4,395.0,0.4325294699999999,24.0
a2c4cc4e764be062aaefa64a99695dbe,331.1,296.0,434.5,0.3993444162326389,15.0
a2c4cc4e764be062aaefa64a99695dbe,301.0,325.6,434.5,0.3993270920138889,15.0
a2c4cc4e764be062aaefa64a99695dbe,301.0,266.4,395.0,0.3992025,20.0
a2c4cc4e764be062aaefa64a99695dbe,331.1,325.6,395.0,0.39908137013888895,15.0
a2c4cc4e764be062aaefa64a99695dbe,270.9,296.0,434.5,0.3943893046875,18.0
a2c4cc4e764be062aaefa64a99695dbe,270.9,325.6,395.0,0.39412952249999994,18.0
a2c4cc4e764be062aaefa64a99695dbe,301.0,296.0,434.5,0.36400108506944445,15.0
a2c4cc4e764be062aaefa64a99695dbe,331.1,296.0,395.0,0.36377710069444447,15.0
a2c4cc4e764be062aaefa64a99695dbe,301.0,325.6,395.0,0.36376131944444445,15.0
a2c4cc4e764be062aaefa64a99695dbe,270.9,296.0,395.0,0.3592633125,18.0
a2c4cc4e764be062aaefa64a99695dbe,301.0,296.0,395.0,0.33158159722222225,15.0
a49d6ed97efd5ce792072d9ef9acf630,211.5,220.5,378.0,0.9066684375,80.0
a49d6ed97efd5ce792072d9ef9acf630,211.5,269.5,378.0,0.88019925,64.0
a49d6ed97efd5ce792072d9ef9acf630,235.0,220.5,378.0,0.8778853125,70.0
a49d6ed97efd5ce792072d9ef9acf630,235.0,269.5,378.0,0.8522564166666666,56.0
a49d6ed97efd5ce792072d9ef9acf630,258.5,220.5,378.0,0.824944921875,60.0
a49d6ed97efd5ce792072d9ef9acf630,211.5,220.5,340.2,0.818110125,80.0
a49d6ed97efd5ce792072d9ef9acf630,211.5,245.0,378.0,0.802767,64.0
a49d6ed97efd5ce792072d9ef9acf630,258.5,269.5,378.0,0.8008615625,48.0
a49d6ed97efd5ce792072d9ef9acf630,211.5,269.5,340.2,0.7942262999999999,64.0
a49d6ed97efd5ce792072d9ef9acf630,235.0,220.5,340.2,0.7921383749999998,70.0
a49d6ed97efd5ce792072d9ef9acf630,235.0,245.0,378.0,0.7772823333333333,56.0
a49d6ed97efd5ce792072d9ef9acf630,235.0,269.5,340.2,0.7690127666666666,56.0
a49d6ed97efd5ce792072d9ef9acf630,258.5,220.5,340.2,0.74436890625,60.0
a49d6ed97efd5ce792072d9ef9acf630,258.5,245.0,378.0,0.73040875,48.0
a49d6ed97efd5ce792072d9ef9acf630,211.5,245.0,340.2,0.7243571999999999,64.0
a49d6ed97efd5ce792072d9ef9acf630,258.5,269.5,340.2,0.722637875,48.0
a49d6ed97efd5ce792072d9ef9acf630,235.0,245.0,340.2,0.7013617333333334,56.0
a49d6ed97efd5ce792072d9ef9acf630,258.5,245.0,340.2,0.6590665,48.0
a49d6ed97efd5ce792072d9ef9acf630,211.5,220.5,415.8,0.497613375,40.0
a49d6ed97efd5ce792072d9ef9acf630,211.5,269.5,415.8,0.4830861,32.0
a49d6ed97efd5ce792072d9ef9acf630,235.0,220.5,415.8,0.4818161250000001,35.0
a49d6ed97efd5ce792072d9ef9acf630,235.0,269.5,415.8,0.46775003333333337,28.0
a49d6ed97efd5ce792072d9ef9acf630,258.5,220.5,415.8,0.45276046875,30.0
a49d6ed97efd5ce792072d9ef9acf630,211.5,245.0,415.8,0.44058840000000005,32.0
a49d6ed97efd5ce792072d9ef9acf630,258.5,269.5,415.8,0.439542625,24.0
a49d6ed97efd5ce792072d9ef9acf630,235.0,245.0,415.8,0.42660146666666665,28.0
a49d6ed97efd5ce792072d9ef9acf630,258.5,245.0,415.8,0.4008755,24.0
a555028b9dc4a080d444d0af6464279d,180.9,286.0,386.0,0.9220040625,72.0
a555028b9dc4a080d444d0af6464279d,201.0,286.0,386.0,0.9063055555555556,64.0
a555028b9dc4a080d444d0af6464279d,221.1,286.0,386.0,0.8689204513888888,56.0
a555028b9dc4a080d444d0af6464279d,180.9,257.4,386.0,0.8326165499999999,72.0
a555028b9dc4a080d444d0af6464279d,180.9,286.0,347.4,0.831904425,72.0
a555028b9dc4a080d444d0af6464279d,201.0,257.4,386.0,0.8184399999999998,64.0
a555028b9dc4a080d444d0af6464279d,201.0,286.0,347.4,0.81774,64.0
a555028b9dc4a080d444d0af6464279d,221.1,257.4,386.0,0.7846793499999999,56.0
a555028b9dc4a080d444d0af6464279d,221.1,286.0,347.4,0.7840082249999998,56.0
a555028b9dc4a080d444d0af6464279d,180.9,314.6,386.0,0.7585436812500002,54.0
a555028b9dc4a080d444d0af6464279d,180.9,257.4,347.4,0.7512519959999999,72.0
a555028b9dc4a080d444d0af6464279d,201.0,314.6,386.0,0.7456283333333333,48.0
a555028b9dc4a080d444d0af6464279d,201.0,257.4,347.4,0.7384607999999999,64.0
a555028b9dc4a080d444d0af6464279d,221.1,314.6,386.0,0.7148711645833332,42.0
a555028b9dc4a080d444d0af6464279d,221.1,257.4,347.4,0.7079992919999999,56.0
a555028b9dc4a080d444d0af6464279d,180.9,314.6,347.4,0.6844176405,54.0
a555028b9dc4a080d444d0af6464279d,201.0,314.6,347.4,0.6727643999999999,48.0
a555028b9dc4a080d444d0af6464279d,221.1,314.6,347.4,0.6450128685,42.0
a555028b9dc4a080d444d0af6464279d,180.9,286.0,424.6,0.5060518500000001,36.0
a555028b9dc4a080d444d0af6464279d,201.0,286.0,424.6,0.4974355555555556,32.0
a555028b9dc4a080d444d0af6464279d,221.1,286.0,424.6,0.47691633888888896,28.0
a555028b9dc4a080d444d0af6464279d,180.9,257.4,424.6,0.45699055200000005,36.0
a555028b9dc4a080d444d0af6464279d,201.0,257.4,424.6,0.4492096,32.0
a555028b9dc4a080d444d0af6464279d,221.1,257.4,424.6,0.430679704,28.0
a555028b9dc4a080d444d0af6464279d,180.9,314.6,424.6,0.4163348610000001,27.0
a555028b9dc4a080d444d0af6464279d,201.0,314.6,424.6,0.4092461333333334,24.0
a555028b9dc4a080d444d0af6464279d,221.1,314.6,424.6,0.39236473033333336,21.0
a699f7e10a026261e599215bbbee0cbc,181.8,282.0,380.0,0.8999320500000001,72.0
a699f7e10a026261e599215bbbee0cbc,202.0,282.0,380.0,0.8846292222222222,64.0
a699f7e10a026261e599215bbbee0cbc,222.2,282.0,380.0,0.8481539888888887,56.0
a699f7e10a026261e599215bbbee0cbc,181.8,253.8,380.0,0.8127221400000002,72.0
a699f7e10a026261e599215bbbee0cbc,181.8,282.0,342.0,0.8120209500000001,72.0
a699f7e10a026261e599215bbbee0cbc,202.0,253.8,380.0,0.7989022666666667,64.0
a699f7e10a026261e599215bbbee0cbc,202.0,282.0,342.0,0.798213,64.0
a699f7e10a026261e599215bbbee0cbc,222.2,253.8,380.0,0.7659617466666667,56.0
a699f7e10a026261e599215bbbee0cbc,222.2,282.0,342.0,0.7653009000000001,56.0
a699f7e10a026261e599215bbbee0cbc,181.8,310.2,380.0,0.7403564699999999,54.0
a699f7e10a026261e599215bbbee0cbc,181.8,253.8,342.0,0.7333302600000001,72.0
a699f7e10a026261e599215bbbee0cbc,202.0,310.2,380.0,0.7277671333333332,48.0
a699f7e10a026261e599215bbbee0cbc,202.0,253.8,342.0,0.7208604000000001,64.0
a699f7e10a026261e599215bbbee0cbc,222.2,310.2,380.0,0.6977596733333333,42.0
a699f7e10a026261e599215bbbee0cbc,222.2,253.8,342.0,0.69113772,56.0
a699f7e10a026261e599215bbbee0cbc,181.8,310.2,342.0,0.66803373,54.0
a699f7e10a026261e599215bbbee0cbc,202.0,310.2,342.0,0.6566742,48.0
a699f7e10a026261e599215bbbee0cbc,222.2,310.2,342.0,0.6295980600000001,42.0
a699f7e10a026261e599215bbbee0cbc,181.8,282.0,418.0,0.493921575,36.0
a699f7e10a026261e599215bbbee0cbc,202.0,282.0,418.0,0.4855227222222222,32.0
a699f7e10a026261e599215bbbee0cbc,222.2,282.0,418.0,0.46550353888888885,28.0
a699f7e10a026261e599215bbbee0cbc,181.8,253.8,418.0,0.44605701,36.0
a699f7e10a026261e599215bbbee0cbc,202.0,253.8,418.0,0.4384720666666667,32.0
a699f7e10a026261e599215bbbee0cbc,222.2,253.8,418.0,0.42039288666666663,28.0
a699f7e10a026261e599215bbbee0cbc,181.8,310.2,418.0,0.40633960499999994,27.0
a699f7e10a026261e599215bbbee0cbc,202.0,310.2,418.0,0.39943003333333327,24.0
a699f7e10a026261e599215bbbee0cbc,222.2,310.2,418.0,0.3829606433333333,21.0
a778b11e4e4ba54e29a39958cb07f4f2,168.0,266.4,355.5,0.8225853749999998,80.0
a778b11e4e4ba54e29a39958cb07f4f2,151.2,266.4,355.5,0.8189604225,88.0
a778b11e4e4ba54e29a39958cb07f4f2,184.8,266.4,355.5,0.8105951475,72.0
a778b11e4e4ba54e29a39958cb07f4f2,168.0,325.6,355.5,0.7495562812500002,60.0
a778b11e4e4ba54e29a39958cb07f4f2,151.2,325.6,355.5,0.7462531518750001,66.0
a778b11e4e4ba54e29a39958cb07f4f2,184.8,325.6,355.5,0.7386305456250001,54.0
a778b11e4e4ba54e29a39958cb07f4f2,168.0,296.0,355.5,0.68324765625,60.0
a778b11e4e4ba54e29a39958cb07f4f2,151.2,296.0,355.5,0.680236734375,66.0
a778b11e4e4ba54e29a39958cb07f4f2,184.8,296.0,355.5,0.673288453125,54.0
a778b11e4e4ba54e29a39958cb07f4f2,168.0,266.4,434.5,0.5004343124999999,40.0
a778b11e4e4ba54e29a39958cb07f4f2,151.2,266.4,434.5,0.4982290087499999,44.0
a778b11e4e4ba54e29a39958cb07f4f2,184.8,266.4,434.5,0.49313984624999996,36.0
a778b11e4e4ba54e29a39958cb07f4f2,168.0,325.6,434.5,0.45600577604166675,30.0
a778b11e4e4ba54e29a39958cb07f4f2,168.0,266.4,395.0,0.4558635,40.0
a778b11e4e4ba54e29a39958cb07f4f2,151.2,325.6,434.5,0.45399625906249996,33.0
a778b11e4e4ba54e29a39958cb07f4f2,151.2,266.4,395.0,0.4538546099999999,44.0
a778b11e4e4ba54e29a39958cb07f4f2,184.8,325.6,434.5,0.4493589121875001,27.0
a778b11e4e4ba54e29a39958cb07f4f2,184.8,266.4,395.0,0.4492187099999999,36.0
a778b11e4e4ba54e29a39958cb07f4f2,168.0,296.0,434.5,0.4156657552083333,30.0
a778b11e4e4ba54e29a39958cb07f4f2,168.0,325.6,395.0,0.4153919583333333,30.0
a778b11e4e4ba54e29a39958cb07f4f2,151.2,296.0,434.5,0.4138340078125,33.0
a778b11e4e4ba54e29a39958cb07f4f2,151.2,325.6,395.0,0.4135614175,33.0
a778b11e4e4ba54e29a39958cb07f4f2,184.8,296.0,434.5,0.4096068984375,27.0
a778b11e4e4ba54e29a39958cb07f4f2,184.8,325.6,395.0,0.4093370925000001,27.0
a778b11e4e4ba54e29a39958cb07f4f2,168.0,296.0,395.0,0.37864479166666665,30.0
a778b11e4e4ba54e29a39958cb07f4f2,151.2,296.0,395.0,0.3769761875,33.0
a778b11e4e4ba54e29a39958cb07f4f2,184.8,296.0,395.0,0.3731255625,27.0
a7d151b83674a2f9c36356597a93821c,211.5,226.8,380.0,0.936371625,80.0
a7d151b83674a2f9c36356597a93821c,211.5,277.2,380.0,0.9092096999999999,64.0
a7d151b83674a2f9c36356597a93821c,235.0,226.8,380.0,0.9066455416666667,70.0
a7d151b83674a2f9c36356597a93821c,235.0,277.2,380.0,0.8803459000000001,56.0
a7d151b83674a2f9c36356597a93821c,258.5,226.8,380.0,0.85197078125,60.0
a7d151b83674a2f9c36356597a93821c,211.5,226.8,342.0,0.8449008750000001,80.0
a7d151b83674a2f9c36356597a93821c,211.5,252.0,380.0,0.8291535,64.0
a7d151b83674a2f9c36356597a93821c,258.5,277.2,380.0,0.827257125,48.0
a7d151b83674a2f9c36356597a93821c,211.5,277.2,342.0,0.8203923,64.0
a7d151b83674a2f9c36356597a93821c,235.0,226.8,342.0,0.8180786250000002,70.0
a7d151b83674a2f9c36356597a93821c,235.0,252.0,380.0,0.8028311666666667,56.0
a7d151b83674a2f9c36356597a93821c,235.0,277.2,342.0,0.7943481,56.0
a7d151b83674a2f9c36356597a93821c,258.5,226.8,342.0,0.76874484375,60.0
a7d151b83674a2f9c36356597a93821c,258.5,252.0,380.0,0.754416875,48.0
a7d151b83674a2f9c36356597a93821c,211.5,252.0,342.0,0.7481565,64.0
a7d151b83674a2f9c36356597a93821c,258.5,277.2,342.0,0.746445375,48.0
a7d151b83674a2f9c36356597a93821c,235.0,252.0,342.0,0.7244055,56.0
a7d151b83674a2f9c36356597a93821c,258.5,252.0,342.0,0.680720625,48.0
a7d151b83674a2f9c36356597a93821c,211.5,226.8,418.0,0.5139211875,40.0
a7d151b83674a2f9c36356597a93821c,211.5,277.2,418.0,0.49901355,32.0
a7d151b83674a2f9c36356597a93821c,235.0,226.8,418.0,0.49760622916666675,35.0
a7d151b83674a2f9c36356597a93821c,235.0,277.2,418.0,0.48317185,28.0
a7d151b83674a2f9c36356597a93821c,258.5,226.8,418.0,0.467598359375,30.0
a7d151b83674a2f9c36356597a93821c,211.5,252.0,418.0,0.45507525,32.0
a7d151b83674a2f9c36356597a93821c,258.5,277.2,418.0,0.4540344375,24.0
a7d151b83674a2f9c36356597a93821c,235.0,252.0,418.0,0.4406284166666667,28.0
a7d151b83674a2f9c36356597a93821c,258.5,252.0,418.0,0.4140565625,24.0
a81b2225c037d3a9acb4e700a03958ae,208.8,286.0,386.0,0.9399683333333333,64.0
a81b2225c037d3a9acb4e700a03958ae,232.0,286.0,386.0,0.9100818287037037,56.0
a81b2225c037d3a9acb4e700a03958ae,255.2,286.0,386.0,0.8551640277777778,48.0
a81b2225c037d3a9acb4e700a03958ae,208.8,257.4,386.0,0.8488391999999999,64.0
a81b2225c037d3a9acb4e700a03958ae,208.8,286.0,347.4,0.8481131999999999,64.0
a81b2225c037d3a9acb4e700a03958ae,232.0,257.4,386.0,0.8218501666666665,56.0
a81b2225c037d3a9acb4e700a03958ae,232.0,286.0,347.4,0.82114725,56.0
a81b2225c037d3a9acb4e700a03958ae,208.8,314.6,386.0,0.7733231000000002,48.0
a81b2225c037d3a9acb4e700a03958ae,255.2,257.4,386.0,0.7722566,48.0
a81b2225c037d3a9acb4e700a03958ae,255.2,286.0,347.4,0.7715961,48.0
a81b2225c037d3a9acb4e700a03958ae,208.8,257.4,347.4,0.765889344,64.0
a81b2225c037d3a9acb4e700a03958ae,232.0,314.6,386.0,0.7487351180555557,42.0
a81b2225c037d3a9acb4e700a03958ae,232.0,257.4,347.4,0.74153772,56.0
a81b2225c037d3a9acb4e700a03958ae,255.2,314.6,386.0,0.7035535916666665,36.0
a81b2225c037d3a9acb4e700a03958ae,208.8,314.6,347.4,0.697752792,48.0
a81b2225c037d3a9acb4e700a03958ae,255.2,257.4,347.4,0.6967905119999999,48.0
a81b2225c037d3a9acb4e700a03958ae,232.0,314.6,347.4,0.675567585,42.0
a81b2225c037d3a9acb4e700a03958ae,255.2,314.6,347.4,0.6348012659999999,36.0
a81b2225c037d3a9acb4e700a03958ae,208.8,286.0,424.6,0.5159117333333334,32.0
a81b2225c037d3a9acb4e700a03958ae,232.0,286.0,424.6,0.4995082037037037,28.0
a81b2225c037d3a9acb4e700a03958ae,255.2,286.0,424.6,0.4693659777777777,24.0
a81b2225c037d3a9acb4e700a03958ae,208.8,257.4,424.6,0.46589452800000003,32.0
a81b2225c037d3a9acb4e700a03958ae,232.0,257.4,424.6,0.45108130666666674,28.0
a81b2225c037d3a9acb4e700a03958ae,208.8,314.6,424.6,0.42444670400000006,24.0
a81b2225c037d3a9acb4e700a03958ae,255.2,257.4,424.6,0.423861344,24.0
a81b2225c037d3a9acb4e700a03958ae,232.0,314.6,424.6,0.41095132555555564,21.0
a81b2225c037d3a9acb4e700a03958ae,255.2,314.6,424.6,0.38615295866666666,18.0
a864dfb999785d464e7867269d6489cb,157.5,282.0,380.0,0.872575625,80.0
a864dfb999785d464e7867269d6489cb,175.0,282.0,380.0,0.867859,72.0
a864dfb999785d464e7867269d6489cb,192.5,282.0,380.0,0.8447999444444444,64.0
a864dfb999785d464e7867269d6489cb,157.5,253.8,380.0,0.78801675,80.0
a864dfb999785d464e7867269d6489cb,157.5,282.0,342.0,0.787336875,80.0
a864dfb999785d464e7867269d6489cb,175.0,253.8,380.0,0.7837572,72.0
a864dfb999785d464e7867269d6489cb,175.0,282.0,342.0,0.783081,72.0
a864dfb999785d464e7867269d6489cb,192.5,253.8,380.0,0.7629327333333333,64.0
a864dfb999785d464e7867269d6489cb,192.5,282.0,342.0,0.7622745,64.0
a864dfb999785d464e7867269d6489cb,157.5,310.2,380.0,0.717850875,60.0
a864dfb999785d464e7867269d6489cb,175.0,310.2,380.0,0.7139706,54.0
a864dfb999785d464e7867269d6489cb,157.5,253.8,342.0,0.71103825,80.0
a864dfb999785d464e7867269d6489cb,175.0,253.8,342.0,0.7071948,72.0
a864dfb999785d464e7867269d6489cb,192.5,310.2,380.0,0.6950003666666666,48.0
a864dfb999785d464e7867269d6489cb,192.5,253.8,342.0,0.6884046000000001,64.0
a864dfb999785d464e7867269d6489cb,157.5,310.2,342.0,0.6477266249999999,60.0
a864dfb999785d464e7867269d6489cb,175.0,310.2,342.0,0.6442253999999998,54.0
a864dfb999785d464e7867269d6489cb,192.5,310.2,342.0,0.6271083,48.0
a864dfb999785d464e7867269d6489cb,157.5,282.0,418.0,0.4789071875,40.0
a864dfb999785d464e7867269d6489cb,175.0,282.0,418.0,0.4763185,36.0
a864dfb999785d464e7867269d6489cb,192.5,282.0,418.0,0.46366269444444447,32.0
a864dfb999785d464e7867269d6489cb,157.5,253.8,418.0,0.43249762500000005,40.0
a864dfb999785d464e7867269d6489cb,175.0,253.8,418.0,0.43015980000000004,36.0
a864dfb999785d464e7867269d6489cb,192.5,253.8,418.0,0.4187304333333334,32.0
a864dfb999785d464e7867269d6489cb,157.5,310.2,418.0,0.39398756249999994,30.0
a864dfb999785d464e7867269d6489cb,175.0,310.2,418.0,0.3918579,27.0
a864dfb999785d464e7867269d6489cb,192.5,310.2,418.0,0.38144621666666667,24.0
aaf392f3c544855a81cee5b4895b3983,281.6,282.0,380.0,0.9137674833333334,48.0
aaf392f3c544855a81cee5b4895b3983,230.4,282.0,380.0,0.8782355750000003,56.0
aaf392f3c544855a81cee5b4895b3983,256.0,282.0,380.0,0.8332704166666667,48.0
aaf392f3c544855a81cee5b4895b3983,281.6,253.8,380.0,0.8252168200000001,48.0
aaf392f3c544855a81cee5b4895b3983,281.6,282.0,342.0,0.8245048500000001,48.0
aaf392f3c544855a81cee5b4895b3983,230.4,253.8,380.0,0.7931282100000001,56.0
aaf392f3c544855a81cee5b4895b3983,230.4,282.0,342.0,0.792443925,56.0
aaf392f3c544855a81cee5b4895b3983,256.0,253.8,380.0,0.7525205,48.0
aaf392f3c544855a81cee5b4895b3983,256.0,282.0,342.0,0.75187125,48.0
aaf392f3c544855a81cee5b4895b3983,281.6,310.2,380.0,0.75173861,36.0
aaf392f3c544855a81cee5b4895b3983,281.6,253.8,342.0,0.7446043800000001,48.0
aaf392f3c544855a81cee5b4895b3983,230.4,310.2,380.0,0.722507205,42.0
aaf392f3c544855a81cee5b4895b3983,230.4,253.8,342.0,0.7156503900000002,56.0
aaf392f3c544855a81cee5b4895b3983,256.0,310.2,380.0,0.68551525,36.0
aaf392f3c544855a81cee5b4895b3983,256.0,253.8,342.0,0.6790095,48.0
aaf392f3c544855a81cee5b4895b3983,281.6,310.2,342.0,0.67830399,36.0
aaf392f3c544855a81cee5b4895b3983,230.4,310.2,342.0,0.6519280949999999,42.0
aaf392f3c544855a81cee5b4895b3983,256.0,310.2,342.0,0.61854975,36.0
aaf392f3c544855a81cee5b4895b3983,281.6,282.0,418.0,0.5015150583333334,24.0
aaf392f3c544855a81cee5b4895b3983,230.4,282.0,418.0,0.4820136125000001,28.0
aaf392f3c544855a81cee5b4895b3983,256.0,282.0,418.0,0.4573347916666667,24.0
aaf392f3c544855a81cee5b4895b3983,281.6,253.8,418.0,0.45291463000000004,24.0
aaf392f3c544855a81cee5b4895b3983,230.4,253.8,418.0,0.43530301500000007,28.0
aaf392f3c544855a81cee5b4895b3983,256.0,253.8,418.0,0.41301575,24.0
aaf392f3c544855a81cee5b4895b3983,281.6,310.2,418.0,0.412586615,18.0
aaf392f3c544855a81cee5b4895b3983,230.4,310.2,418.0,0.39654315749999997,21.0
aaf392f3c544855a81cee5b4895b3983,256.0,310.2,418.0,0.376240375,18.0
ab2be01db2336d90876b25f646f81b48,283.0,286.0,386.0,0.9451472222222222,48.0
ab2be01db2336d90876b25f646f81b48,311.3,286.0,386.0,0.8639573495370371,40.0
ab2be01db2336d90876b25f646f81b48,254.7,286.0,386.0,0.853545625,48.0
ab2be01db2336d90876b25f646f81b48,283.0,257.4,386.0,0.8535159999999998,48.0
ab2be01db2336d90876b25f646f81b48,283.0,286.0,347.4,0.8527859999999998,48.0
ab2be01db2336d90876b25f646f81b48,311.3,257.4,386.0,0.7801974166666666,40.0
ab2be01db2336d90876b25f646f81b48,311.3,286.0,347.4,0.779530125,40.0
ab2be01db2336d90876b25f646f81b48,283.0,314.6,386.0,0.7775838333333335,36.0
ab2be01db2336d90876b25f646f81b48,254.7,257.4,386.0,0.7707951,48.0
ab2be01db2336d90876b25f646f81b48,254.7,286.0,347.4,0.77013585,48.0
ab2be01db2336d90876b25f646f81b48,283.0,257.4,347.4,0.7701091199999998,48.0
ab2be01db2336d90876b25f646f81b48,311.3,314.6,386.0,0.7107879618055557,30.0
ab2be01db2336d90876b25f646f81b48,311.3,257.4,347.4,0.70395534,40.0
ab2be01db2336d90876b25f646f81b48,254.7,314.6,386.0,0.7022221125000001,36.0
ab2be01db2336d90876b25f646f81b48,283.0,314.6,347.4,0.70159716,36.0
ab2be01db2336d90876b25f646f81b48,254.7,257.4,347.4,0.695471832,48.0
ab2be01db2336d90876b25f646f81b48,311.3,314.6,347.4,0.6413286825000001,30.0
ab2be01db2336d90876b25f646f81b48,254.7,314.6,347.4,0.633599901,36.0
ab2be01db2336d90876b25f646f81b48,283.0,286.0,424.6,0.5187542222222222,24.0
ab2be01db2336d90876b25f646f81b48,311.3,286.0,424.6,0.47419228703703703,20.0
ab2be01db2336d90876b25f646f81b48,254.7,286.0,424.6,0.46847769999999994,24.0
ab2be01db2336d90876b25f646f81b48,283.0,257.4,424.6,0.46846143999999995,24.0
ab2be01db2336d90876b25f646f81b48,311.3,257.4,424.6,0.4282197466666667,20.0
ab2be01db2336d90876b25f646f81b48,283.0,314.6,424.6,0.4267852533333334,18.0
ab2be01db2336d90876b25f646f81b48,254.7,257.4,424.6,0.42305918400000003,24.0
ab2be01db2336d90876b25f646f81b48,311.3,314.6,424.6,0.3901236205555556,15.0
ab2be01db2336d90876b25f646f81b48,254.7,314.6,424.6,0.38542216200000007,18.0
ab79baee2357a91142d0c868d05f3c31,283.8,223.2,383.0,0.9253944000000001,60.0
ab79baee2357a91142d0c868d05f3c31,283.8,272.8,383.0,0.8984535466666668,48.0
ab79baee2357a91142d0c868d05f3c31,232.2,223.2,383.0,0.8893646999999998,70.0
ab79baee2357a91142d0c868d05f3c31,232.2,272.8,383.0,0.8634727733333334,56.0
ab79baee2357a91142d0c868d05f3c31,258.0,223.2,383.0,0.8438534999999998,60.0
ab79baee2357a91142d0c868d05f3c31,283.8,223.2,344.7,0.83497959,60.0
ab79baee2357a91142d0c868d05f3c31,283.8,248.0,383.0,0.8193845333333334,48.0
ab79baee2357a91142d0c868d05f3c31,258.0,272.8,383.0,0.8192865333333335,48.0
ab79baee2357a91142d0c868d05f3c31,283.8,272.8,344.7,0.810670968,48.0
ab79baee2357a91142d0c868d05f3c31,232.2,223.2,344.7,0.8024701387499998,70.0
ab79baee2357a91142d0c868d05f3c31,232.2,248.0,383.0,0.7874822666666665,56.0
ab79baee2357a91142d0c868d05f3c31,232.2,272.8,344.7,0.779107959,56.0
ab79baee2357a91142d0c868d05f3c31,258.0,223.2,344.7,0.76140556875,60.0
ab79baee2357a91142d0c868d05f3c31,258.0,248.0,383.0,0.7471846666666667,48.0
ab79baee2357a91142d0c868d05f3c31,283.8,248.0,344.7,0.73932732,48.0
ab79baee2357a91142d0c868d05f3c31,258.0,272.8,344.7,0.7392388950000001,48.0
ab79baee2357a91142d0c868d05f3c31,232.2,248.0,344.7,0.710542035,56.0
ab79baee2357a91142d0c868d05f3c31,258.0,248.0,344.7,0.674181675,48.0
ab79baee2357a91142d0c868d05f3c31,283.8,223.2,421.3,0.507904605,30.0
ab79baee2357a91142d0c868d05f3c31,283.8,272.8,421.3,0.49311806266666675,24.0
ab79baee2357a91142d0c868d05f3c31,232.2,223.2,421.3,0.4881296306249999,35.0
ab79baee2357a91142d0c868d05f3c31,232.2,272.8,421.3,0.47391879383333335,28.0
ab79baee2357a91142d0c868d05f3c31,258.0,223.2,421.3,0.46315071562499993,30.0
ab79baee2357a91142d0c868d05f3c31,283.8,248.0,421.3,0.4497208733333334,24.0
ab79baee2357a91142d0c868d05f3c31,258.0,272.8,421.3,0.44966708583333337,24.0
ab79baee2357a91142d0c868d05f3c31,232.2,248.0,421.3,0.43221124916666664,28.0
ab79baee2357a91142d0c868d05f3c31,258.0,248.0,421.3,0.41009382916666665,24.0
ac8b5267c6be652bd0aff43408408e79,188.1,288.0,388.0,0.9683276625,72.0
ac8b5267c6be652bd0aff43408408e79,209.0,288.0,388.0,0.952006,64.0
ac8b5267c6be652bd0aff43408408e79,229.9,288.0,388.0,0.9128667625000001,56.0
ac8b5267c6be652bd0aff43408408e79,188.1,259.2,388.0,0.8744292224999999,72.0
ac8b5267c6be652bd0aff43408408e79,188.1,288.0,349.2,0.8736900975,72.0
ac8b5267c6be652bd0aff43408408e79,209.0,259.2,388.0,0.8596902666666666,64.0
ac8b5267c6be652bd0aff43408408e79,209.0,288.0,349.2,0.8589635999999999,64.0
ac8b5267c6be652bd0aff43408408e79,229.9,259.2,388.0,0.8243463491666666,56.0
ac8b5267c6be652bd0aff43408408e79,229.9,288.0,349.2,0.8236495574999999,56.0
ac8b5267c6be652bd0aff43408408e79,188.1,316.8,388.0,0.7966695768750001,54.0
ac8b5267c6be652bd0aff43408408e79,188.1,259.2,349.2,0.7889686334999998,72.0
ac8b5267c6be652bd0aff43408408e79,209.0,316.8,388.0,0.7832413,48.0
ac8b5267c6be652bd0aff43408408e79,209.0,259.2,349.2,0.77567016,64.0
ac8b5267c6be652bd0aff43408408e79,229.9,316.8,388.0,0.7510403818750001,42.0
ac8b5267c6be652bd0aff43408408e79,229.9,259.2,349.2,0.7437805095,56.0
ac8b5267c6be652bd0aff43408408e79,188.1,316.8,349.2,0.718808671125,54.0
ac8b5267c6be652bd0aff43408408e79,209.0,316.8,349.2,0.7066927800000001,48.0
ac8b5267c6be652bd0aff43408408e79,229.9,316.8,349.2,0.6776389541250001,42.0
ac8b5267c6be652bd0aff43408408e79,188.1,288.0,426.8,0.53148261375,36.0
ac8b5267c6be652bd0aff43408408e79,209.0,288.0,426.8,0.5225242,32.0
ac8b5267c6be652bd0aff43408408e79,229.9,288.0,426.8,0.5010419837500001,28.0
ac8b5267c6be652bd0aff43408408e79,188.1,259.2,426.8,0.47994490575000004,36.0
ac8b5267c6be652bd0aff43408408e79,209.0,259.2,426.8,0.47185518666666665,32.0
ac8b5267c6be652bd0aff43408408e79,229.9,259.2,426.8,0.4524560944166666,28.0
ac8b5267c6be652bd0aff43408408e79,188.1,316.8,426.8,0.4372652413125,27.0
ac8b5267c6be652bd0aff43408408e79,209.0,316.8,426.8,0.42989491,24.0
ac8b5267c6be652bd0aff43408408e79,229.9,316.8,426.8,0.41222090481250007,21.0
ad02b3d41b4467a5a65a742951a80e72,171.0,286.0,386.0,0.9710416666666667,80.0
ad02b3d41b4467a5a65a742951a80e72,153.9,286.0,386.0,0.9666719791666667,88.0
ad02b3d41b4467a5a65a742951a80e72,188.1,286.0,386.0,0.9569615625,72.0
ad02b3d41b4467a5a65a742951a80e72,171.0,257.4,386.0,0.8768999999999999,80.0
ad02b3d41b4467a5a65a742951a80e72,171.0,286.0,347.4,0.87615,80.0
ad02b3d41b4467a5a65a742951a80e72,153.9,257.4,386.0,0.87295395,88.0
ad02b3d41b4467a5a65a742951a80e72,153.9,286.0,347.4,0.872207325,88.0
ad02b3d41b4467a5a65a742951a80e72,188.1,257.4,386.0,0.86418495,72.0
ad02b3d41b4467a5a65a742951a80e72,188.1,286.0,347.4,0.863445825,72.0
ad02b3d41b4467a5a65a742951a80e72,171.0,314.6,386.0,0.7988875000000001,60.0
ad02b3d41b4467a5a65a742951a80e72,153.9,314.6,386.0,0.7952925062499999,66.0
ad02b3d41b4467a5a65a742951a80e72,171.0,257.4,347.4,0.7912079999999999,80.0
ad02b3d41b4467a5a65a742951a80e72,153.9,257.4,347.4,0.7876475639999999,88.0
ad02b3d41b4467a5a65a742951a80e72,188.1,314.6,386.0,0.7873036312500001,54.0
ad02b3d41b4467a5a65a742951a80e72,188.1,257.4,347.4,0.7797354839999998,72.0
ad02b3d41b4467a5a65a742951a80e72,171.0,314.6,347.4,0.7208190000000001,60.0
ad02b3d41b4467a5a65a742951a80e72,153.9,314.6,347.4,0.7175753145,66.0
ad02b3d41b4467a5a65a742951a80e72,188.1,314.6,347.4,0.7103671245000001,54.0
ad02b3d41b4467a5a65a742951a80e72,171.0,286.0,424.6,0.5329666666666667,40.0
ad02b3d41b4467a5a65a742951a80e72,153.9,286.0,424.6,0.5305683166666667,44.0
ad02b3d41b4467a5a65a742951a80e72,188.1,286.0,424.6,0.52523865,36.0
ad02b3d41b4467a5a65a742951a80e72,171.0,257.4,424.6,0.481296,40.0
ad02b3d41b4467a5a65a742951a80e72,153.9,257.4,424.6,0.479130168,44.0
ad02b3d41b4467a5a65a742951a80e72,188.1,257.4,424.6,0.47431720799999993,36.0
ad02b3d41b4467a5a65a742951a80e72,171.0,314.6,424.6,0.4384780000000001,30.0
ad02b3d41b4467a5a65a742951a80e72,153.9,314.6,424.6,0.43650484900000003,33.0
ad02b3d41b4467a5a65a742951a80e72,188.1,314.6,424.6,0.43212006900000005,27.0
ad23381bab48bad4640990fdc6a27c9b,206.1,223.2,383.0,0.9064313999999999,80.0
ad23381bab48bad4640990fdc6a27c9b,206.1,272.8,383.0,0.8800426133333333,64.0
ad23381bab48bad4640990fdc6a27c9b,229.0,223.2,383.0,0.8775655,70.0
ad23381bab48bad4640990fdc6a27c9b,229.0,272.8,383.0,0.8520170814814816,56.0
ad23381bab48bad4640990fdc6a27c9b,251.9,223.2,383.0,0.82457445,60.0
ad23381bab48bad4640990fdc6a27c9b,206.1,223.2,344.7,0.8178693524999999,80.0
ad23381bab48bad4640990fdc6a27c9b,206.1,248.0,383.0,0.8025938666666667,64.0
ad23381bab48bad4640990fdc6a27c9b,251.9,272.8,383.0,0.8005687511111111,48.0
ad23381bab48bad4640990fdc6a27c9b,206.1,272.8,344.7,0.7940588580000001,64.0
ad23381bab48bad4640990fdc6a27c9b,229.0,223.2,344.7,0.79182376875,70.0
ad23381bab48bad4640990fdc6a27c9b,229.0,248.0,383.0,0.7770347407407407,56.0
ad23381bab48bad4640990fdc6a27c9b,229.0,272.8,344.7,0.7687715350000001,56.0
ad23381bab48bad4640990fdc6a27c9b,251.9,223.2,344.7,0.7440101606249998,60.0
ad23381bab48bad4640990fdc6a27c9b,251.9,248.0,383.0,0.7301141555555554,48.0
ad23381bab48bad4640990fdc6a27c9b,206.1,248.0,344.7,0.72417717,64.0
ad23381bab48bad4640990fdc6a27c9b,251.9,272.8,344.7,0.7223499164999999,48.0
ad23381bab48bad4640990fdc6a27c9b,229.0,248.0,344.7,0.701115275,56.0
ad23381bab48bad4640990fdc6a27c9b,251.9,248.0,344.7,0.6587790224999998,48.0
ad23381bab48bad4640990fdc6a27c9b,206.1,223.2,421.3,0.4974967237499999,40.0
ad23381bab48bad4640990fdc6a27c9b,206.1,272.8,421.3,0.48301318433333335,32.0
ad23381bab48bad4640990fdc6a27c9b,229.0,223.2,421.3,0.481653615625,35.0
ad23381bab48bad4640990fdc6a27c9b,229.0,272.8,421.3,0.4676313139814815,28.0
ad23381bab48bad4640990fdc6a27c9b,251.9,223.2,421.3,0.4525693696874999,30.0
ad23381bab48bad4640990fdc6a27c9b,206.1,248.0,421.3,0.4405052816666667,32.0
ad23381bab48bad4640990fdc6a27c9b,251.9,272.8,421.3,0.43939379286111113,24.0
ad23381bab48bad4640990fdc6a27c9b,229.0,248.0,421.3,0.42647710324074073,28.0
ad23381bab48bad4640990fdc6a27c9b,251.9,248.0,421.3,0.4007246443055555,24.0
ad82db0ca04dc6e4f24560b7e49b6000,151.8,266.4,355.5,0.8220276900000001,88.0
ad82db0ca04dc6e4f24560b7e49b6000,138.0,266.4,355.5,0.81979695,96.0
ad82db0ca04dc6e4f24560b7e49b6000,124.2,266.4,355.5,0.8047394549999999,104.0
ad82db0ca04dc6e4f24560b7e49b6000,151.8,325.6,355.5,0.7490481075000002,66.0
ad82db0ca04dc6e4f24560b7e49b6000,138.0,325.6,355.5,0.7470154125000001,72.0
ad82db0ca04dc6e4f24560b7e49b6000,124.2,325.6,355.5,0.7332947212500001,78.0
ad82db0ca04dc6e4f24560b7e49b6000,151.8,296.0,355.5,0.6827844375,66.0
ad82db0ca04dc6e4f24560b7e49b6000,138.0,296.0,355.5,0.6809315625,72.0
ad82db0ca04dc6e4f24560b7e49b6000,124.2,296.0,355.5,0.66842465625,78.0
ad82db0ca04dc6e4f24560b7e49b6000,151.8,266.4,434.5,0.500095035,44.0
ad82db0ca04dc6e4f24560b7e49b6000,138.0,266.4,434.5,0.4987379249999999,48.0
ad82db0ca04dc6e4f24560b7e49b6000,124.2,266.4,434.5,0.48957743249999985,52.0
ad82db0ca04dc6e4f24560b7e49b6000,151.8,325.6,434.5,0.4556966195833334,33.0
ad82db0ca04dc6e4f24560b7e49b6000,151.8,266.4,395.0,0.45555444,44.0
ad82db0ca04dc6e4f24560b7e49b6000,138.0,325.6,434.5,0.45445999375,36.0
ad82db0ca04dc6e4f24560b7e49b6000,138.0,266.4,395.0,0.45431819999999995,48.0
ad82db0ca04dc6e4f24560b7e49b6000,124.2,325.6,434.5,0.446112769375,39.0
ad82db0ca04dc6e4f24560b7e49b6000,124.2,266.4,395.0,0.4459735799999999,52.0
ad82db0ca04dc6e4f24560b7e49b6000,151.8,296.0,434.5,0.41538394791666666,33.0
ad82db0ca04dc6e4f24560b7e49b6000,151.8,325.6,395.0,0.41511033666666675,33.0
ad82db0ca04dc6e4f24560b7e49b6000,138.0,296.0,434.5,0.41425671875,36.0
ad82db0ca04dc6e4f24560b7e49b6000,138.0,325.6,395.0,0.41398385000000004,36.0
ad82db0ca04dc6e4f24560b7e49b6000,124.2,296.0,434.5,0.406647921875,39.0
ad82db0ca04dc6e4f24560b7e49b6000,124.2,325.6,395.0,0.40638006499999996,39.0
ad82db0ca04dc6e4f24560b7e49b6000,151.8,296.0,395.0,0.37838808333333335,33.0
ad82db0ca04dc6e4f24560b7e49b6000,138.0,296.0,395.0,0.37736125,36.0
ad82db0ca04dc6e4f24560b7e49b6000,124.2,296.0,395.0,0.370430125,39.0
ad99ed562d5d808977b10fa512bfde8b,214.0,286.0,386.0,0.9624101851851852,64.0
ad99ed562d5d808977b10fa512bfde8b,235.4,286.0,386.0,0.9229211574074074,56.0
ad99ed562d5d808977b10fa512bfde8b,192.6,286.0,386.0,0.8700533333333333,64.0
ad99ed562d5d808977b10fa512bfde8b,214.0,257.4,386.0,0.8691053333333333,64.0
ad99ed562d5d808977b10fa512bfde8b,214.0,286.0,347.4,0.868362,64.0
ad99ed562d5d808977b10fa512bfde8b,235.4,257.4,386.0,0.8334447333333334,56.0
ad99ed562d5d808977b10fa512bfde8b,235.4,286.0,347.4,0.8327319000000001,56.0
ad99ed562d5d808977b10fa512bfde8b,214.0,314.6,386.0,0.7917862777777778,48.0
ad99ed562d5d808977b10fa512bfde8b,192.6,257.4,386.0,0.7857023999999999,64.0
ad99ed562d5d808977b10fa512bfde8b,192.6,286.0,347.4,0.7850303999999999,64.0
ad99ed562d5d808977b10fa512bfde8b,214.0,257.4,347.4,0.7841750399999999,64.0
ad99ed562d5d808977b10fa512bfde8b,235.4,314.6,386.0,0.7592981861111112,42.0
ad99ed562d5d808977b10fa512bfde8b,235.4,257.4,347.4,0.7519992479999998,56.0
ad99ed562d5d808977b10fa512bfde8b,192.6,314.6,386.0,0.7158032,48.0
ad99ed562d5d808977b10fa512bfde8b,214.0,314.6,347.4,0.7144117199999999,48.0
ad99ed562d5d808977b10fa512bfde8b,192.6,257.4,347.4,0.7089223679999999,64.0
ad99ed562d5d808977b10fa512bfde8b,235.4,314.6,347.4,0.6850984140000002,42.0
ad99ed562d5d808977b10fa512bfde8b,192.6,314.6,347.4,0.645853824,48.0
ad99ed562d5d808977b10fa512bfde8b,214.0,286.0,424.6,0.5282291851851851,32.0
ad99ed562d5d808977b10fa512bfde8b,235.4,286.0,424.6,0.5065552074074074,28.0
ad99ed562d5d808977b10fa512bfde8b,192.6,286.0,424.6,0.4775381333333334,32.0
ad99ed562d5d808977b10fa512bfde8b,214.0,257.4,424.6,0.4770178133333334,32.0
ad99ed562d5d808977b10fa512bfde8b,235.4,257.4,424.6,0.4574451093333333,28.0
ad99ed562d5d808977b10fa512bfde8b,214.0,314.6,424.6,0.43458041777777784,24.0
ad99ed562d5d808977b10fa512bfde8b,192.6,257.4,424.6,0.4312412159999999,32.0
ad99ed562d5d808977b10fa512bfde8b,235.4,314.6,424.6,0.4167489791111112,21.0
ad99ed562d5d808977b10fa512bfde8b,192.6,314.6,424.6,0.392876288,24.0
ae072ed4f441d6f7ab5283589778daca,165.6,229.5,353.7,0.874050328125,100.0
ae072ed4f441d6f7ab5283589778daca,184.0,229.5,353.7,0.8695449140625,90.0
ae072ed4f441d6f7ab5283589778daca,165.6,280.5,353.7,0.8487633375,80.0
ae072ed4f441d6f7ab5283589778daca,202.4,229.5,353.7,0.8466173625000001,80.0
ae072ed4f441d6f7ab5283589778daca,184.0,280.5,353.7,0.84438826875,72.0
ae072ed4f441d6f7ab5283589778daca,202.4,280.5,353.7,0.82212403,64.0
ae072ed4f441d6f7ab5283589778daca,165.6,255.0,353.7,0.7740018000000001,80.0
ae072ed4f441d6f7ab5283589778daca,184.0,255.0,353.7,0.7700121,72.0
ae072ed4f441d6f7ab5283589778daca,202.4,255.0,353.7,0.74970896,64.0
ae072ed4f441d6f7ab5283589778daca,165.6,229.5,432.3,0.5317320234375,50.0
ae072ed4f441d6f7ab5283589778daca,184.0,229.5,432.3,0.5289911367187501,45.0
ae072ed4f441d6f7ab5283589778daca,165.6,280.5,432.3,0.51634858125,40.0
ae072ed4f441d6f7ab5283589778daca,202.4,229.5,432.3,0.5150430687499999,40.0
ae072ed4f441d6f7ab5283589778daca,184.0,280.5,432.3,0.513686990625,36.0
ae072ed4f441d6f7ab5283589778daca,202.4,280.5,432.3,0.5001424516666667,32.0
ae072ed4f441d6f7ab5283589778daca,165.6,229.5,393.0,0.48437859375,50.0
ae072ed4f441d6f7ab5283589778daca,184.0,229.5,393.0,0.481881796875,45.0
ae072ed4f441d6f7ab5283589778daca,165.6,255.0,432.3,0.47086710000000004,40.0
ae072ed4f441d6f7ab5283589778daca,165.6,280.5,393.0,0.470365125,40.0
ae072ed4f441d6f7ab5283589778daca,202.4,229.5,393.0,0.469175875,40.0
ae072ed4f441d6f7ab5283589778daca,184.0,255.0,432.3,0.46843995,36.0
ae072ed4f441d6f7ab5283589778daca,184.0,280.5,393.0,0.4679405625,36.0
ae072ed4f441d6f7ab5283589778daca,202.4,255.0,432.3,0.45608845333333337,32.0
ae072ed4f441d6f7ab5283589778daca,202.4,280.5,393.0,0.4556022333333334,32.0
ae072ed4f441d6f7ab5283589778daca,165.6,255.0,393.0,0.428934,40.0
ae072ed4f441d6f7ab5283589778daca,184.0,255.0,393.0,0.426723,36.0
ae072ed4f441d6f7ab5283589778daca,202.4,255.0,393.0,0.4154714666666667,32.0
af25ed4a56d3b3317fc10fd23b427cc4,286.0,229.5,353.7,0.886064765625,60.0
af25ed4a56d3b3317fc10fd23b427cc4,286.0,280.5,353.7,0.8604301875,48.0
af25ed4a56d3b3317fc10fd23b427cc4,234.0,229.5,353.7,0.8515232578124998,70.0
af25ed4a56d3b3317fc10fd23b427cc4,234.0,280.5,353.7,0.82688799375,56.0
af25ed4a56d3b3317fc10fd23b427cc4,260.0,229.5,353.7,0.807970921875,60.0
af25ed4a56d3b3317fc10fd23b427cc4,286.0,255.0,353.7,0.784641,48.0
af25ed4a56d3b3317fc10fd23b427cc4,260.0,280.5,353.7,0.7845956625,48.0
af25ed4a56d3b3317fc10fd23b427cc4,234.0,255.0,353.7,0.7540532999999999,56.0
af25ed4a56d3b3317fc10fd23b427cc4,260.0,255.0,353.7,0.7154862,48.0
af25ed4a56d3b3317fc10fd23b427cc4,286.0,229.5,432.3,0.5390410546875,30.0
af25ed4a56d3b3317fc10fd23b427cc4,286.0,280.5,432.3,0.52344615625,24.0
af25ed4a56d3b3317fc10fd23b427cc4,234.0,229.5,432.3,0.5180275898437501,35.0
af25ed4a56d3b3317fc10fd23b427cc4,234.0,280.5,432.3,0.503040628125,28.0
af25ed4a56d3b3317fc10fd23b427cc4,260.0,229.5,432.3,0.4915323515625,30.0
af25ed4a56d3b3317fc10fd23b427cc4,286.0,229.5,393.0,0.49103671875,30.0
af25ed4a56d3b3317fc10fd23b427cc4,286.0,255.0,432.3,0.4773395,24.0
af25ed4a56d3b3317fc10fd23b427cc4,260.0,280.5,432.3,0.47731191874999995,24.0
af25ed4a56d3b3317fc10fd23b427cc4,286.0,280.5,393.0,0.476830625,24.0
af25ed4a56d3b3317fc10fd23b427cc4,234.0,229.5,393.0,0.471894609375,35.0
af25ed4a56d3b3317fc10fd23b427cc4,234.0,255.0,432.3,0.45873135000000004,28.0
af25ed4a56d3b3317fc10fd23b427cc4,234.0,280.5,393.0,0.4582423125,28.0
af25ed4a56d3b3317fc10fd23b427cc4,260.0,229.5,393.0,0.44775890625,30.0
af25ed4a56d3b3317fc10fd23b427cc4,260.0,255.0,432.3,0.4352689,24.0
af25ed4a56d3b3317fc10fd23b427cc4,286.0,255.0,393.0,0.43483,24.0
af25ed4a56d3b3317fc10fd23b427cc4,260.0,280.5,393.0,0.434804875,24.0
af25ed4a56d3b3317fc10fd23b427cc4,234.0,255.0,393.0,0.417879,28.0
af25ed4a56d3b3317fc10fd23b427cc4,260.0,255.0,393.0,0.396506,24.0
b10375e57c7a7f209de7bf3aec5aa29f,241.2,286.0,386.0,0.9448235416666667,56.0
b10375e57c7a7f209de7bf3aec5aa29f,268.0,286.0,386.0,0.8965951388888889,48.0
b10375e57c7a7f209de7bf3aec5aa29f,241.2,257.4,386.0,0.8532236999999998,56.0
b10375e57c7a7f209de7bf3aec5aa29f,241.2,286.0,347.4,0.85249395,56.0
b10375e57c7a7f209de7bf3aec5aa29f,294.8,286.0,386.0,0.8194512731481481,40.0
b10375e57c7a7f209de7bf3aec5aa29f,268.0,257.4,386.0,0.8096709999999998,48.0
b10375e57c7a7f209de7bf3aec5aa29f,268.0,286.0,347.4,0.8089785,48.0
b10375e57c7a7f209de7bf3aec5aa29f,241.2,314.6,386.0,0.7773175375000001,42.0
b10375e57c7a7f209de7bf3aec5aa29f,241.2,257.4,347.4,0.7698453839999998,56.0
b10375e57c7a7f209de7bf3aec5aa29f,294.8,257.4,386.0,0.7400061666666666,40.0
b10375e57c7a7f209de7bf3aec5aa29f,294.8,286.0,347.4,0.73937325,40.0
b10375e57c7a7f209de7bf3aec5aa29f,268.0,314.6,386.0,0.7376394583333334,36.0
b10375e57c7a7f209de7bf3aec5aa29f,268.0,257.4,347.4,0.7305487199999999,48.0
b10375e57c7a7f209de7bf3aec5aa29f,241.2,314.6,347.4,0.7013568869999999,42.0
b10375e57c7a7f209de7bf3aec5aa29f,294.8,314.6,386.0,0.6741722847222222,30.0
b10375e57c7a7f209de7bf3aec5aa29f,294.8,257.4,347.4,0.6676916399999999,40.0
b10375e57c7a7f209de7bf3aec5aa29f,268.0,314.6,347.4,0.6655562100000001,36.0
b10375e57c7a7f209de7bf3aec5aa29f,294.8,314.6,347.4,0.6082911449999999,30.0
b10375e57c7a7f209de7bf3aec5aa29f,241.2,286.0,424.6,0.5185765666666667,28.0
b10375e57c7a7f209de7bf3aec5aa29f,268.0,286.0,424.6,0.4921058888888889,24.0
b10375e57c7a7f209de7bf3aec5aa29f,241.2,257.4,424.6,0.46830100799999985,28.0
b10375e57c7a7f209de7bf3aec5aa29f,294.8,286.0,424.6,0.44976464814814815,20.0
b10375e57c7a7f209de7bf3aec5aa29f,268.0,257.4,424.6,0.44439663999999995,24.0
b10375e57c7a7f209de7bf3aec5aa29f,241.2,314.6,424.6,0.426639094,21.0
b10375e57c7a7f209de7bf3aec5aa29f,294.8,257.4,424.6,0.40616034666666667,20.0
b10375e57c7a7f209de7bf3aec5aa29f,268.0,314.6,424.6,0.40486135333333345,18.0
b10375e57c7a7f209de7bf3aec5aa29f,294.8,314.6,424.6,0.3700267122222222,15.0
b104736a19fe0c796651c18805508482,188.1,223.2,383.0,0.9344018249999999,90.0
b104736a19fe0c796651c18805508482,209.0,223.2,383.0,0.918652,80.0
b104736a19fe0c796651c18805508482,188.1,272.8,383.0,0.9071987399999999,72.0
b104736a19fe0c796651c18805508482,209.0,272.8,383.0,0.891907437037037,64.0
b104736a19fe0c796651c18805508482,229.9,223.2,383.0,0.8808840250000001,70.0
b104736a19fe0c796651c18805508482,229.9,272.8,383.0,0.8552389948148148,56.0
b104736a19fe0c796651c18805508482,188.1,223.2,344.7,0.8431069528124999,90.0
b104736a19fe0c796651c18805508482,209.0,223.2,344.7,0.8288959499999999,80.0
b104736a19fe0c796651c18805508482,188.1,248.0,383.0,0.8273600999999999,72.0
b104736a19fe0c796651c18805508482,188.1,272.8,344.7,0.81856172025,72.0
b104736a19fe0c796651c18805508482,209.0,248.0,383.0,0.8134145185185185,64.0
b104736a19fe0c796651c18805508482,209.0,272.8,344.7,0.8047644399999999,64.0
b104736a19fe0c796651c18805508482,229.9,223.2,344.7,0.7948180603125,70.0
b104736a19fe0c796651c18805508482,229.9,248.0,383.0,0.7799731074074074,56.0
b104736a19fe0c796651c18805508482,229.9,272.8,344.7,0.7716786542499999,56.0
b104736a19fe0c796651c18805508482,188.1,248.0,344.7,0.7465236412499998,72.0
b104736a19fe0c796651c18805508482,209.0,248.0,344.7,0.7339405999999999,64.0
b104736a19fe0c796651c18805508482,229.9,248.0,344.7,0.7037665512500001,56.0
b104736a19fe0c796651c18805508482,188.1,223.2,421.3,0.51284834859375,45.0
b104736a19fe0c796651c18805508482,209.0,223.2,421.3,0.504204025,40.0
b104736a19fe0c796651c18805508482,188.1,272.8,421.3,0.497917879875,36.0
b104736a19fe0c796651c18805508482,209.0,272.8,421.3,0.4895252170370371,32.0
b104736a19fe0c796651c18805508482,229.9,223.2,421.3,0.48347499484375,35.0
b104736a19fe0c796651c18805508482,229.9,272.8,421.3,0.4693996676898149,28.0
b104736a19fe0c796651c18805508482,188.1,248.0,421.3,0.45409827937499997,36.0
b104736a19fe0c796651c18805508482,209.0,248.0,421.3,0.4464442185185185,32.0
b104736a19fe0c796651c18805508482,229.9,248.0,421.3,0.42808983178240745,28.0
b1561453f5edf808c1c92eb2d0f45d38,288.9,229.5,353.7,0.8947752328124999,60.0
b1561453f5edf808c1c92eb2d0f45d38,288.9,280.5,353.7,0.8688886537499999,48.0
b1561453f5edf808c1c92eb2d0f45d38,321.0,229.5,353.7,0.825992578125,50.0
b1561453f5edf808c1c92eb2d0f45d38,321.0,280.5,353.7,0.8020959375,40.0
b1561453f5edf808c1c92eb2d0f45d38,288.9,255.0,353.7,0.7923544199999999,48.0
b1561453f5edf808c1c92eb2d0f45d38,321.0,255.0,353.7,0.731445,40.0
b1561453f5edf808c1c92eb2d0f45d38,353.1,229.5,353.7,0.7250713031250001,40.0
b1561453f5edf808c1c92eb2d0f45d38,353.1,280.5,353.7,0.7040943975,32.0
b1561453f5edf808c1c92eb2d0f45d38,353.1,255.0,353.7,0.64207572,32.0
b1561453f5edf808c1c92eb2d0f45d38,288.9,229.5,432.3,0.54434010234375,30.0
b1561453f5edf808c1c92eb2d0f45d38,288.9,280.5,432.3,0.5285918981250001,24.0
b1561453f5edf808c1c92eb2d0f45d38,321.0,229.5,432.3,0.5024958984375,25.0
b1561453f5edf808c1c92eb2d0f45d38,288.9,229.5,393.0,0.49586385937499994,30.0
b1561453f5edf808c1c92eb2d0f45d38,321.0,280.5,432.3,0.48795828125,20.0
b1561453f5edf808c1c92eb2d0f45d38,288.9,255.0,432.3,0.48203198999999985,24.0
b1561453f5edf808c1c92eb2d0f45d38,288.9,280.5,393.0,0.48151811249999993,24.0
b1561453f5edf808c1c92eb2d0f45d38,321.0,229.5,393.0,0.45774609375,25.0
b1561453f5edf808c1c92eb2d0f45d38,321.0,255.0,432.3,0.4449775,20.0
b1561453f5edf808c1c92eb2d0f45d38,321.0,280.5,393.0,0.444503125,20.0
b1561453f5edf808c1c92eb2d0f45d38,353.1,229.5,432.3,0.4411000359375001,20.0
b1561453f5edf808c1c92eb2d0f45d38,288.9,255.0,393.0,0.43910459999999996,24.0
b1561453f5edf808c1c92eb2d0f45d38,353.1,280.5,432.3,0.4283386512500001,16.0
b1561453f5edf808c1c92eb2d0f45d38,321.0,255.0,393.0,0.40535,20.0
b1561453f5edf808c1c92eb2d0f45d38,353.1,229.5,393.0,0.40181784375,20.0
b1561453f5edf808c1c92eb2d0f45d38,353.1,255.0,432.3,0.3906093400000001,16.0
b1561453f5edf808c1c92eb2d0f45d38,353.1,280.5,393.0,0.3901929250000001,16.0
b1561453f5edf808c1c92eb2d0f45d38,353.1,255.0,393.0,0.3558236,16.0
b1fa69af5a250262387efec5b10a19ae,280.0,266.4,355.5,0.8058548249999999,48.0
b1fa69af5a250262387efec5b10a19ae,308.0,266.4,355.5,0.7366089374999999,40.0
b1fa69af5a250262387efec5b10a19ae,280.0,325.6,355.5,0.7343110687500001,36.0
b1fa69af5a250262387efec5b10a19ae,252.0,266.4,355.5,0.727778925,48.0
b1fa69af5a250262387efec5b10a19ae,308.0,325.6,355.5,0.6712128281250002,30.0
b1fa69af5a250262387efec5b10a19ae,280.0,296.0,355.5,0.66935109375,36.0
b1fa69af5a250262387efec5b10a19ae,252.0,325.6,355.5,0.6631667437500001,36.0
b1fa69af5a250262387efec5b10a19ae,308.0,296.0,355.5,0.611834765625,30.0
b1fa69af5a250262387efec5b10a19ae,252.0,296.0,355.5,0.60450046875,36.0
b1fa69af5a250262387efec5b10a19ae,280.0,266.4,434.5,0.49025598749999993,24.0
b1fa69af5a250262387efec5b10a19ae,308.0,266.4,434.5,0.44812903125,20.0
b1fa69af5a250262387efec5b10a19ae,280.0,325.6,434.5,0.4467310822916667,18.0
b1fa69af5a250262387efec5b10a19ae,280.0,266.4,395.0,0.4465916999999999,24.0
b1fa69af5a250262387efec5b10a19ae,252.0,266.4,434.5,0.44275713749999995,24.0
b1fa69af5a250262387efec5b10a19ae,308.0,325.6,434.5,0.40834415538194446,15.0
b1fa69af5a250262387efec5b10a19ae,308.0,266.4,395.0,0.4082167499999999,20.0
b1fa69af5a250262387efec5b10a19ae,280.0,296.0,434.5,0.40721153645833336,18.0
b1fa69af5a250262387efec5b10a19ae,280.0,325.6,395.0,0.40694330833333336,18.0
b1fa69af5a250262387efec5b10a19ae,252.0,325.6,434.5,0.40344917812500003,18.0
b1fa69af5a250262387efec5b10a19ae,252.0,266.4,395.0,0.4033233,24.0
b1fa69af5a250262387efec5b10a19ae,308.0,296.0,434.5,0.37222046440972223,15.0
b1fa69af5a250262387efec5b10a19ae,308.0,325.6,395.0,0.3719752847222223,15.0
b1fa69af5a250262387efec5b10a19ae,280.0,296.0,395.0,0.37094354166666665,18.0
b1fa69af5a250262387efec5b10a19ae,252.0,296.0,434.5,0.367758515625,18.0
b1fa69af5a250262387efec5b10a19ae,252.0,325.6,395.0,0.367516275,18.0
b1fa69af5a250262387efec5b10a19ae,308.0,296.0,395.0,0.33906892361111113,15.0
b1fa69af5a250262387efec5b10a19ae,252.0,296.0,395.0,0.335004375,18.0
b4d42409ba0a801454f8f3bc60d94ec1,322.3,288.0,388.0,0.9042419375,40.0
b4d42409ba0a801454f8f3bc60d94ec1,263.7,288.0,388.0,0.893160675,48.0
b4d42409ba0a801454f8f3bc60d94ec1,293.0,288.0,388.0,0.82427125,40.0
b4d42409ba0a801454f8f3bc60d94ec1,322.3,259.2,388.0,0.8165578708333334,40.0
b4d42409ba0a801454f8f3bc60d94ec1,322.3,288.0,349.2,0.8158676625000001,40.0
b4d42409ba0a801454f8f3bc60d94ec1,263.7,259.2,388.0,0.806551155,48.0
b4d42409ba0a801454f8f3bc60d94ec1,263.7,288.0,349.2,0.8058694049999999,48.0
b4d42409ba0a801454f8f3bc60d94ec1,293.0,259.2,388.0,0.7443419166666667,40.0
b4d42409ba0a801454f8f3bc60d94ec1,322.3,316.8,388.0,0.743944503125,30.0
b4d42409ba0a801454f8f3bc60d94ec1,293.0,288.0,349.2,0.74371275,40.0
b4d42409ba0a801454f8f3bc60d94ec1,322.3,259.2,349.2,0.7367532225,40.0
b4d42409ba0a801454f8f3bc60d94ec1,263.7,316.8,388.0,0.73482764625,36.0
b4d42409ba0a801454f8f3bc60d94ec1,263.7,259.2,349.2,0.727724493,48.0
b4d42409ba0a801454f8f3bc60d94ec1,293.0,316.8,388.0,0.6781504375,30.0
b4d42409ba0a801454f8f3bc60d94ec1,293.0,259.2,349.2,0.6715951499999999,40.0
b4d42409ba0a801454f8f3bc60d94ec1,322.3,316.8,349.2,0.671236576875,30.0
b4d42409ba0a801454f8f3bc60d94ec1,263.7,316.8,349.2,0.66301073775,36.0
b4d42409ba0a801454f8f3bc60d94ec1,293.0,316.8,349.2,0.6118727624999999,30.0
b4d42409ba0a801454f8f3bc60d94ec1,322.3,288.0,426.8,0.49630810625,20.0
b4d42409ba0a801454f8f3bc60d94ec1,263.7,288.0,426.8,0.49022597249999994,24.0
b4d42409ba0a801454f8f3bc60d94ec1,293.0,288.0,426.8,0.452414875,20.0
b4d42409ba0a801454f8f3bc60d94ec1,322.3,259.2,426.8,0.4481812595833334,20.0
b4d42409ba0a801454f8f3bc60d94ec1,263.7,259.2,426.8,0.44268890850000003,24.0
b4d42409ba0a801454f8f3bc60d94ec1,293.0,259.2,426.8,0.40854434166666664,20.0
b4d42409ba0a801454f8f3bc60d94ec1,322.3,316.8,426.8,0.4083262146875,15.0
b4d42409ba0a801454f8f3bc60d94ec1,263.7,316.8,426.8,0.4033222773750001,18.0
b4d42409ba0a801454f8f3bc60d94ec1,293.0,316.8,426.8,0.37221405625000004,15.0
b5ff628fcb5e9885b7d13c5dd1ddd441,286.0,282.0,380.0,0.9276029166666667,48.0
b5ff628fcb5e9885b7d13c5dd1ddd441,314.6,282.0,380.0,0.8479443611111113,40.0
b5ff628fcb5e9885b7d13c5dd1ddd441,286.0,253.8,380.0,0.8377115,48.0
b5ff628fcb5e9885b7d13c5dd1ddd441,257.4,282.0,380.0,0.8376726,48.0
b5ff628fcb5e9885b7d13c5dd1ddd441,286.0,282.0,342.0,0.83698875,48.0
b5ff628fcb5e9885b7d13c5dd1ddd441,314.6,253.8,380.0,0.7657724333333334,40.0
b5ff628fcb5e9885b7d13c5dd1ddd441,314.6,282.0,342.0,0.76511175,40.0
b5ff628fcb5e9885b7d13c5dd1ddd441,286.0,310.2,380.0,0.76312075,36.0
b5ff628fcb5e9885b7d13c5dd1ddd441,257.4,253.8,380.0,0.75649608,48.0
b5ff628fcb5e9885b7d13c5dd1ddd441,286.0,253.8,342.0,0.7558785,48.0
b5ff628fcb5e9885b7d13c5dd1ddd441,257.4,282.0,342.0,0.7558433999999999,48.0
b5ff628fcb5e9885b7d13c5dd1ddd441,314.6,310.2,380.0,0.6975872166666667,30.0
b5ff628fcb5e9885b7d13c5dd1ddd441,314.6,253.8,342.0,0.6909669000000002,40.0
b5ff628fcb5e9885b7d13c5dd1ddd441,257.4,310.2,380.0,0.68913684,36.0
b5ff628fcb5e9885b7d13c5dd1ddd441,286.0,310.2,342.0,0.68857425,36.0
b5ff628fcb5e9885b7d13c5dd1ddd441,257.4,253.8,342.0,0.6825967199999999,48.0
b5ff628fcb5e9885b7d13c5dd1ddd441,314.6,310.2,342.0,0.6294424500000001,30.0
b5ff628fcb5e9885b7d13c5dd1ddd441,257.4,310.2,342.0,0.6218175599999999,36.0
b5ff628fcb5e9885b7d13c5dd1ddd441,286.0,282.0,418.0,0.5091085416666666,24.0
b5ff628fcb5e9885b7d13c5dd1ddd441,314.6,282.0,418.0,0.4653884861111111,20.0
b5ff628fcb5e9885b7d13c5dd1ddd441,286.0,253.8,418.0,0.45977225,24.0
b5ff628fcb5e9885b7d13c5dd1ddd441,257.4,282.0,418.0,0.45975089999999996,24.0
b5ff628fcb5e9885b7d13c5dd1ddd441,314.6,253.8,418.0,0.42028898333333337,20.0
b5ff628fcb5e9885b7d13c5dd1ddd441,286.0,310.2,418.0,0.418833625,18.0
b5ff628fcb5e9885b7d13c5dd1ddd441,257.4,253.8,418.0,0.41519772,24.0
b5ff628fcb5e9885b7d13c5dd1ddd441,314.6,310.2,418.0,0.3828659916666667,15.0
b5ff628fcb5e9885b7d13c5dd1ddd441,257.4,310.2,418.0,0.37822806,18.0
b8f10d20eb7db7428c07c066fa1e4da0,214.0,220.5,355.5,0.8636371875,80.0
b8f10d20eb7db7428c07c066fa1e4da0,214.0,269.5,355.5,0.83842425,64.0
b8f10d20eb7db7428c07c066fa1e4da0,235.4,220.5,355.5,0.828200953125,70.0
b8f10d20eb7db7428c07c066fa1e4da0,235.4,269.5,355.5,0.8040225375000001,56.0
b8f10d20eb7db7428c07c066fa1e4da0,192.6,220.5,355.5,0.780759,80.0
b8f10d20eb7db7428c07c066fa1e4da0,214.0,245.0,355.5,0.764667,64.0
b8f10d20eb7db7428c07c066fa1e4da0,192.6,269.5,355.5,0.7579656,64.0
b8f10d20eb7db7428c07c066fa1e4da0,235.4,245.0,355.5,0.7332916500000001,56.0
b8f10d20eb7db7428c07c066fa1e4da0,192.6,245.0,355.5,0.6912864000000001,64.0
b8f10d20eb7db7428c07c066fa1e4da0,214.0,220.5,434.5,0.52540890625,40.0
b8f10d20eb7db7428c07c066fa1e4da0,214.0,269.5,434.5,0.5100701712962963,32.0
b8f10d20eb7db7428c07c066fa1e4da0,235.4,220.5,434.5,0.5038506484375,35.0
b8f10d20eb7db7428c07c066fa1e4da0,235.4,269.5,434.5,0.4891412831018519,28.0
b8f10d20eb7db7428c07c066fa1e4da0,214.0,220.5,395.0,0.47861375,40.0
b8f10d20eb7db7428c07c066fa1e4da0,192.6,220.5,434.5,0.4749885,40.0
b8f10d20eb7db7428c07c066fa1e4da0,214.0,245.0,434.5,0.46519864814814815,32.0
b8f10d20eb7db7428c07c066fa1e4da0,214.0,269.5,395.0,0.46464114814814816,32.0
b8f10d20eb7db7428c07c066fa1e4da0,192.6,269.5,434.5,0.4611217333333333,32.0
b8f10d20eb7db7428c07c066fa1e4da0,235.4,220.5,395.0,0.45897556250000004,35.0
b8f10d20eb7db7428c07c066fa1e4da0,235.4,245.0,434.5,0.4461109009259259,28.0
b8f10d20eb7db7428c07c066fa1e4da0,235.4,269.5,395.0,0.445576275925926,28.0
b8f10d20eb7db7428c07c066fa1e4da0,192.6,220.5,395.0,0.43268399999999996,40.0
b8f10d20eb7db7428c07c066fa1e4da0,214.0,245.0,395.0,0.4237660740740741,32.0
b8f10d20eb7db7428c07c066fa1e4da0,192.6,245.0,434.5,0.42055626666666673,32.0
b8f10d20eb7db7428c07c066fa1e4da0,192.6,269.5,395.0,0.4200522666666666,32.0
b8f10d20eb7db7428c07c066fa1e4da0,235.4,245.0,395.0,0.4063783629629629,28.0
b8f10d20eb7db7428c07c066fa1e4da0,192.6,245.0,395.0,0.38309973333333336,32.0
b9470f0403af99853ed89bcf86be3235,213.4,223.2,383.0,0.9371935999999998,80.0
b9470f0403af99853ed89bcf86be3235,213.4,272.8,383.0,0.9099092385185186,64.0
b9470f0403af99853ed89bcf86be3235,174.6,223.2,383.0,0.8704017,90.0
b9470f0403af99853ed89bcf86be3235,194.0,223.2,383.0,0.855442,80.0
b9470f0403af99853ed89bcf86be3235,213.4,223.2,344.7,0.8456259599999999,80.0
b9470f0403af99853ed89bcf86be3235,174.6,272.8,383.0,0.84506184,72.0
b9470f0403af99853ed89bcf86be3235,194.0,272.8,383.0,0.8305376592592593,64.0
b9470f0403af99853ed89bcf86be3235,213.4,248.0,383.0,0.8298320592592593,64.0
b9470f0403af99853ed89bcf86be3235,213.4,272.8,344.7,0.8210073920000001,64.0
b9470f0403af99853ed89bcf86be3235,174.6,223.2,344.7,0.78535990125,90.0
b9470f0403af99853ed89bcf86be3235,194.0,223.2,344.7,0.7718618249999999,80.0
b9470f0403af99853ed89bcf86be3235,174.6,248.0,383.0,0.7706915999999999,72.0
b9470f0403af99853ed89bcf86be3235,174.6,272.8,344.7,0.762495849,72.0
b9470f0403af99853ed89bcf86be3235,194.0,248.0,383.0,0.7574456296296296,64.0
b9470f0403af99853ed89bcf86be3235,194.0,272.8,344.7,0.74939074,64.0
b9470f0403af99853ed89bcf86be3235,213.4,248.0,344.7,0.74875408,64.0
b9470f0403af99853ed89bcf86be3235,174.6,248.0,344.7,0.6953918849999999,72.0
b9470f0403af99853ed89bcf86be3235,194.0,248.0,344.7,0.6834401,64.0
b9470f0403af99853ed89bcf86be3235,213.4,223.2,421.3,0.5143806200000001,40.0
b9470f0403af99853ed89bcf86be3235,213.4,272.8,421.3,0.4994055425185186,32.0
b9470f0403af99853ed89bcf86be3235,174.6,223.2,421.3,0.47772174937499995,45.0
b9470f0403af99853ed89bcf86be3235,194.0,223.2,421.3,0.46951108750000003,40.0
b9470f0403af99853ed89bcf86be3235,174.6,272.8,421.3,0.46381391550000006,36.0
b9470f0403af99853ed89bcf86be3235,194.0,272.8,421.3,0.4558422892592593,32.0
b9470f0403af99853ed89bcf86be3235,213.4,248.0,421.3,0.4554550192592593,32.0
b9470f0403af99853ed89bcf86be3235,174.6,248.0,421.3,0.42299565749999996,36.0
b9470f0403af99853ed89bcf86be3235,194.0,248.0,421.3,0.41572557962962964,32.0
bbc4a9c702728931b676523ffd513a75,161.1,284.0,384.0,0.906798375,80.0
bbc4a9c702728931b676523ffd513a75,179.0,284.0,384.0,0.9020005,72.0
bbc4a9c702728931b676523ffd513a75,196.9,284.0,384.0,0.8781177444444445,64.0
bbc4a9c702728931b676523ffd513a75,161.1,255.6,384.0,0.8189039250000001,80.0
bbc4a9c702728931b676523ffd513a75,161.1,284.0,345.6,0.818195175,80.0
bbc4a9c702728931b676523ffd513a75,179.0,255.6,384.0,0.8145711000000001,72.0
bbc4a9c702728931b676523ffd513a75,179.0,284.0,345.6,0.8138661000000001,72.0
bbc4a9c702728931b676523ffd513a75,196.9,255.6,384.0,0.7930032600000001,64.0
bbc4a9c702728931b676523ffd513a75,196.9,284.0,345.6,0.7923169266666668,64.0
bbc4a9c702728931b676523ffd513a75,161.1,312.4,384.0,0.7460196187499999,60.0
bbc4a9c702728931b676523ffd513a75,179.0,312.4,384.0,0.7420724249999999,54.0
bbc4a9c702728931b676523ffd513a75,161.1,255.6,345.6,0.7388888850000002,80.0
bbc4a9c702728931b676523ffd513a75,179.0,255.6,345.6,0.7349794200000002,72.0
bbc4a9c702728931b676523ffd513a75,196.9,312.4,384.0,0.7224241716666666,48.0
bbc4a9c702728931b676523ffd513a75,196.9,255.6,345.6,0.7155189720000001,64.0
bbc4a9c702728931b676523ffd513a75,161.1,312.4,345.6,0.67312609875,60.0
bbc4a9c702728931b676523ffd513a75,179.0,312.4,345.6,0.6695645849999999,54.0
bbc4a9c702728931b676523ffd513a75,196.9,312.4,345.6,0.651836161,48.0
bbc4a9c702728931b676523ffd513a75,161.1,284.0,422.4,0.4977007874999999,40.0
bbc4a9c702728931b676523ffd513a75,179.0,284.0,422.4,0.49506744999999996,36.0
bbc4a9c702728931b676523ffd513a75,196.9,284.0,422.4,0.4819592811111111,32.0
bbc4a9c702728931b676523ffd513a75,161.1,255.6,422.4,0.44945948249999995,40.0
bbc4a9c702728931b676523ffd513a75,179.0,255.6,422.4,0.44708138999999997,36.0
bbc4a9c702728931b676523ffd513a75,196.9,255.6,422.4,0.435243774,32.0
bbc4a9c702728931b676523ffd513a75,161.1,312.4,422.4,0.4094565693749999,30.0
bbc4a9c702728931b676523ffd513a75,179.0,312.4,422.4,0.40729013249999996,27.0
bbc4a9c702728931b676523ffd513a75,196.9,312.4,422.4,0.39650609116666663,24.0
bdefb2124af27fa9ca0fa5d293a18aa4,188.1,286.0,386.0,0.9569615625,72.0
bdefb2124af27fa9ca0fa5d293a18aa4,209.0,286.0,386.0,0.9408314814814814,64.0
bdefb2124af27fa9ca0fa5d293a18aa4,229.9,286.0,386.0,0.9021516550925925,56.0
bdefb2124af27fa9ca0fa5d293a18aa4,188.1,257.4,386.0,0.86418495,72.0
bdefb2124af27fa9ca0fa5d293a18aa4,188.1,286.0,347.4,0.863445825,72.0
bdefb2124af27fa9ca0fa5d293a18aa4,209.0,257.4,386.0,0.8496186666666666,64.0
bdefb2124af27fa9ca0fa5d293a18aa4,209.0,286.0,347.4,0.848892,64.0
bdefb2124af27fa9ca0fa5d293a18aa4,229.9,257.4,386.0,0.8146888166666667,56.0
bdefb2124af27fa9ca0fa5d293a18aa4,229.9,286.0,347.4,0.813992025,56.0
bdefb2124af27fa9ca0fa5d293a18aa4,188.1,314.6,386.0,0.7873036312500001,54.0
bdefb2124af27fa9ca0fa5d293a18aa4,188.1,257.4,347.4,0.7797354839999998,72.0
bdefb2124af27fa9ca0fa5d293a18aa4,209.0,314.6,386.0,0.7740332222222223,48.0
bdefb2124af27fa9ca0fa5d293a18aa4,209.0,257.4,347.4,0.7665926399999999,64.0
bdefb2124af27fa9ca0fa5d293a18aa4,229.9,314.6,386.0,0.742210870138889,42.0
bdefb2124af27fa9ca0fa5d293a18aa4,229.9,257.4,347.4,0.735076188,56.0
bdefb2124af27fa9ca0fa5d293a18aa4,188.1,314.6,347.4,0.7103671245000001,54.0
bdefb2124af27fa9ca0fa5d293a18aa4,209.0,314.6,347.4,0.69839352,48.0
bdefb2124af27fa9ca0fa5d293a18aa4,229.9,314.6,347.4,0.6696808965,42.0
bdefb2124af27fa9ca0fa5d293a18aa4,188.1,286.0,424.6,0.52523865,36.0
bdefb2124af27fa9ca0fa5d293a18aa4,209.0,286.0,424.6,0.5163854814814814,32.0
bdefb2124af27fa9ca0fa5d293a18aa4,229.9,286.0,424.6,0.4951556425925926,28.0
bdefb2124af27fa9ca0fa5d293a18aa4,188.1,257.4,424.6,0.47431720799999993,36.0
bdefb2124af27fa9ca0fa5d293a18aa4,209.0,257.4,424.6,0.46632234666666667,32.0
bdefb2124af27fa9ca0fa5d293a18aa4,229.9,257.4,424.6,0.44715072266666667,28.0
bdefb2124af27fa9ca0fa5d293a18aa4,188.1,314.6,424.6,0.43212006900000005,27.0
bdefb2124af27fa9ca0fa5d293a18aa4,209.0,314.6,424.6,0.42483646222222227,24.0
bdefb2124af27fa9ca0fa5d293a18aa4,229.9,314.6,424.6,0.4073704218888889,21.0
bdfc62c15432bf98daa6314e01c97f4b,162.9,282.0,380.0,0.900875375,80.0
bdfc62c15432bf98daa6314e01c97f4b,181.0,282.0,380.0,0.89615875,72.0
bdfc62c15432bf98daa6314e01c97f4b,199.1,282.0,380.0,0.872470811111111,64.0
bdfc62c15432bf98daa6314e01c97f4b,162.9,253.8,380.0,0.8135740500000002,80.0
bdfc62c15432bf98daa6314e01c97f4b,162.9,282.0,342.0,0.8128721250000002,80.0
bdfc62c15432bf98daa6314e01c97f4b,181.0,253.8,380.0,0.8093145,72.0
bdfc62c15432bf98daa6314e01c97f4b,181.0,282.0,342.0,0.80861625,72.0
bdfc62c15432bf98daa6314e01c97f4b,199.1,253.8,380.0,0.7879220933333333,64.0
bdfc62c15432bf98daa6314e01c97f4b,199.1,282.0,342.0,0.7872423,64.0
bdfc62c15432bf98daa6314e01c97f4b,162.9,310.2,380.0,0.741132525,60.0
bdfc62c15432bf98daa6314e01c97f4b,181.0,310.2,380.0,0.73725225,54.0
bdfc62c15432bf98daa6314e01c97f4b,162.9,253.8,342.0,0.73409895,80.0
bdfc62c15432bf98daa6314e01c97f4b,181.0,253.8,342.0,0.7302555,72.0
bdfc62c15432bf98daa6314e01c97f4b,199.1,310.2,380.0,0.7177646466666666,48.0
bdfc62c15432bf98daa6314e01c97f4b,199.1,253.8,342.0,0.71095284,64.0
bdfc62c15432bf98daa6314e01c97f4b,162.9,310.2,342.0,0.668733975,60.0
bdfc62c15432bf98daa6314e01c97f4b,181.0,310.2,342.0,0.66523275,54.0
bdfc62c15432bf98daa6314e01c97f4b,199.1,310.2,342.0,0.6476488199999999,48.0
bdfc62c15432bf98daa6314e01c97f4b,162.9,282.0,418.0,0.4944393125,40.0
bdfc62c15432bf98daa6314e01c97f4b,181.0,282.0,418.0,0.491850625,36.0
bdfc62c15432bf98daa6314e01c97f4b,199.1,282.0,418.0,0.4788496611111111,32.0
bdfc62c15432bf98daa6314e01c97f4b,162.9,253.8,418.0,0.4465245750000001,40.0
bdfc62c15432bf98daa6314e01c97f4b,181.0,253.8,418.0,0.44418675,36.0
bdfc62c15432bf98daa6314e01c97f4b,199.1,253.8,418.0,0.43244567333333334,32.0
bdfc62c15432bf98daa6314e01c97f4b,162.9,310.2,418.0,0.40676553750000005,30.0
bdfc62c15432bf98daa6314e01c97f4b,181.0,310.2,418.0,0.404635875,27.0
bdfc62c15432bf98daa6314e01c97f4b,199.1,310.2,418.0,0.3939402366666666,24.0
be032c6684b548fff0bd0e094da34f35,189.9,285.0,383.0,0.9551177999999999,72.0
be032c6684b548fff0bd0e094da34f35,211.0,285.0,383.0,0.9390577777777778,64.0
be032c6684b548fff0bd0e094da34f35,232.1,285.0,383.0,0.900481711111111,56.0
be032c6684b548fff0bd0e094da34f35,189.9,256.5,383.0,0.8625298500000002,72.0
be032c6684b548fff0bd0e094da34f35,189.9,285.0,344.7,0.8617988924999999,72.0
be032c6684b548fff0bd0e094da34f35,211.0,256.5,383.0,0.8480266666666667,64.0
be032c6684b548fff0bd0e094da34f35,211.0,285.0,344.7,0.847308,64.0
be032c6684b548fff0bd0e094da34f35,232.1,256.5,383.0,0.8131901166666666,56.0
be032c6684b548fff0bd0e094da34f35,232.1,285.0,344.7,0.8125009725,56.0
be032c6684b548fff0bd0e094da34f35,189.9,313.5,383.0,0.7857793125,54.0
be032c6684b548fff0bd0e094da34f35,189.9,256.5,344.7,0.7782571631249999,72.0
be032c6684b548fff0bd0e094da34f35,211.0,313.5,383.0,0.7725666666666666,48.0
be032c6684b548fff0bd0e094da34f35,211.0,256.5,344.7,0.765171,64.0
be032c6684b548fff0bd0e094da34f35,232.1,313.5,383.0,0.7408299791666667,42.0
be032c6684b548fff0bd0e094da34f35,232.1,256.5,344.7,0.7337381231249999,56.0
be032c6684b548fff0bd0e094da34f35,189.9,313.5,344.7,0.7090054664062501,54.0
be032c6684b548fff0bd0e094da34f35,211.0,313.5,344.7,0.69708375,48.0
be032c6684b548fff0bd0e094da34f35,232.1,313.5,344.7,0.6684478664062499,42.0
be032c6684b548fff0bd0e094da34f35,189.9,285.0,421.3,0.52421835375,36.0
be032c6684b548fff0bd0e094da34f35,211.0,285.0,421.3,0.5154037777777778,32.0
be032c6684b548fff0bd0e094da34f35,232.1,285.0,421.3,0.4942312248611111,28.0
be032c6684b548fff0bd0e094da34f35,189.9,256.5,421.3,0.4734012684375,36.0
be032c6684b548fff0bd0e094da34f35,211.0,256.5,421.3,0.4654411666666667,32.0
be032c6684b548fff0bd0e094da34f35,232.1,256.5,421.3,0.44632105510416664,28.0
be032c6684b548fff0bd0e094da34f35,189.9,313.5,421.3,0.43127657929687496,27.0
be032c6684b548fff0bd0e094da34f35,211.0,313.5,421.3,0.4240247916666667,24.0
be032c6684b548fff0bd0e094da34f35,232.1,313.5,421.3,0.4066060459635417,21.0
beea47cc5f637c6fde9604c5cdd6c572,214.0,287.0,387.0,0.9681173333333334,64.0
beea47cc5f637c6fde9604c5cdd6c572,235.4,287.0,387.0,0.9283941333333334,56.0
beea47cc5f637c6fde9604c5cdd6c572,192.6,287.0,387.0,0.8752127999999999,64.0
beea47cc5f637c6fde9604c5cdd6c572,214.0,258.3,387.0,0.8742492000000001,64.0
beea47cc5f637c6fde9604c5cdd6c572,214.0,287.0,348.3,0.8735058666666667,64.0
beea47cc5f637c6fde9604c5cdd6c572,235.4,258.3,387.0,0.83837754,56.0
beea47cc5f637c6fde9604c5cdd6c572,235.4,287.0,348.3,0.8376647066666667,56.0
beea47cc5f637c6fde9604c5cdd6c572,214.0,315.7,387.0,0.7964891,48.0
beea47cc5f637c6fde9604c5cdd6c572,192.6,258.3,387.0,0.79035264,64.0
beea47cc5f637c6fde9604c5cdd6c572,192.6,287.0,348.3,0.78968064,64.0
beea47cc5f637c6fde9604c5cdd6c572,214.0,258.3,348.3,0.7888112100000001,64.0
beea47cc5f637c6fde9604c5cdd6c572,235.4,315.7,387.0,0.763808045,42.0
beea47cc5f637c6fde9604c5cdd6c572,235.4,258.3,348.3,0.7564451895000001,56.0
beea47cc5f637c6fde9604c5cdd6c572,192.6,315.7,387.0,0.7200547199999999,48.0
beea47cc5f637c6fde9604c5cdd6c572,214.0,315.7,348.3,0.7186503925,48.0
beea47cc5f637c6fde9604c5cdd6c572,192.6,258.3,348.3,0.713113632,64.0
beea47cc5f637c6fde9604c5cdd6c572,235.4,315.7,348.3,0.6891631678749999,42.0
beea47cc5f637c6fde9604c5cdd6c572,192.6,315.7,348.3,0.649685736,48.0
beea47cc5f637c6fde9604c5cdd6c572,214.0,287.0,425.7,0.5313644,32.0
beea47cc5f637c6fde9604c5cdd6c572,235.4,287.0,425.7,0.50956178,28.0
beea47cc5f637c6fde9604c5cdd6c572,192.6,287.0,425.7,0.48037248,32.0
beea47cc5f637c6fde9604c5cdd6c572,214.0,258.3,425.7,0.47984359499999996,32.0
beea47cc5f637c6fde9604c5cdd6c572,235.4,258.3,425.7,0.46015494525,28.0
beea47cc5f637c6fde9604c5cdd6c572,214.0,315.7,425.7,0.43716390374999997,24.0
beea47cc5f637c6fde9604c5cdd6c572,192.6,258.3,425.7,0.433795824,32.0
beea47cc5f637c6fde9604c5cdd6c572,235.4,315.7,425.7,0.4192264610625,21.0
beea47cc5f637c6fde9604c5cdd6c572,192.6,315.7,425.7,0.395211852,24.0
bf05ab5b9fe071ca604f12617c73c3ec,283.8,286.0,386.0,0.9477366666666667,48.0
bf05ab5b9fe071ca604f12617c73c3ec,232.2,286.0,386.0,0.9108370833333334,56.0
bf05ab5b9fe071ca604f12617c73c3ec,258.0,286.0,386.0,0.8642270833333333,48.0
bf05ab5b9fe071ca604f12617c73c3ec,283.8,257.4,386.0,0.8558543999999999,48.0
bf05ab5b9fe071ca604f12617c73c3ec,283.8,286.0,347.4,0.8551223999999998,48.0
bf05ab5b9fe071ca604f12617c73c3ec,232.2,257.4,386.0,0.8225321999999999,56.0
bf05ab5b9fe071ca604f12617c73c3ec,232.2,286.0,347.4,0.8218287,56.0
bf05ab5b9fe071ca604f12617c73c3ec,258.0,257.4,386.0,0.7804409999999998,48.0
bf05ab5b9fe071ca604f12617c73c3ec,258.0,286.0,347.4,0.7797735,48.0
bf05ab5b9fe071ca604f12617c73c3ec,283.8,314.6,386.0,0.7797142000000002,36.0
bf05ab5b9fe071ca604f12617c73c3ec,283.8,257.4,347.4,0.772219008,48.0
bf05ab5b9fe071ca604f12617c73c3ec,232.2,314.6,386.0,0.7493564750000001,42.0
bf05ab5b9fe071ca604f12617c73c3ec,232.2,257.4,347.4,0.7421531039999998,56.0
bf05ab5b9fe071ca604f12617c73c3ec,258.0,314.6,386.0,0.7110098750000001,36.0
bf05ab5b9fe071ca604f12617c73c3ec,258.0,257.4,347.4,0.7041751199999998,48.0
bf05ab5b9fe071ca604f12617c73c3ec,283.8,314.6,347.4,0.703519344,36.0
bf05ab5b9fe071ca604f12617c73c3ec,232.2,314.6,347.4,0.676128222,42.0
bf05ab5b9fe071ca604f12617c73c3ec,258.0,314.6,347.4,0.64152891,36.0
bf05ab5b9fe071ca604f12617c73c3ec,283.8,286.0,424.6,0.5201754666666667,24.0
bf05ab5b9fe071ca604f12617c73c3ec,232.2,286.0,424.6,0.49992273333333337,28.0
bf05ab5b9fe071ca604f12617c73c3ec,258.0,286.0,424.6,0.4743403333333333,24.0
bf05ab5b9fe071ca604f12617c73c3ec,283.8,257.4,424.6,0.4697448960000001,24.0
bf05ab5b9fe071ca604f12617c73c3ec,232.2,257.4,424.6,0.451455648,28.0
bf05ab5b9fe071ca604f12617c73c3ec,258.0,257.4,424.6,0.42835344,24.0
bf05ab5b9fe071ca604f12617c73c3ec,283.8,314.6,424.6,0.4279545280000001,18.0
bf05ab5b9fe071ca604f12617c73c3ec,232.2,314.6,424.6,0.4112923640000001,21.0
bf05ab5b9fe071ca604f12617c73c3ec,258.0,314.6,424.6,0.39024542000000007,18.0
bfcb33e665554321d0a93ce891eadb54,159.0,286.0,386.0,0.9063055555555556,80.0
bfcb33e665554321d0a93ce891eadb54,143.1,286.0,386.0,0.9025832291666667,88.0
bfcb33e665554321d0a93ce891eadb54,174.9,286.0,386.0,0.8928728125,72.0
bfcb33e665554321d0a93ce891eadb54,159.0,257.4,386.0,0.81844,80.0
bfcb33e665554321d0a93ce891eadb54,159.0,286.0,347.4,0.81774,80.0
bfcb33e665554321d0a93ce891eadb54,143.1,257.4,386.0,0.81507855,88.0
bfcb33e665554321d0a93ce891eadb54,143.1,286.0,347.4,0.8143814249999999,88.0
bfcb33e665554321d0a93ce891eadb54,174.9,257.4,386.0,0.8063095499999999,72.0
bfcb33e665554321d0a93ce891eadb54,174.9,286.0,347.4,0.8056199249999999,72.0
bfcb33e665554321d0a93ce891eadb54,159.0,314.6,386.0,0.7456283333333333,60.0
bfcb33e665554321d0a93ce891eadb54,143.1,314.6,386.0,0.7425659312500001,66.0
bfcb33e665554321d0a93ce891eadb54,159.0,257.4,347.4,0.7384607999999999,80.0
bfcb33e665554321d0a93ce891eadb54,143.1,257.4,347.4,0.7354278359999998,88.0
bfcb33e665554321d0a93ce891eadb54,174.9,314.6,386.0,0.7345770562500001,54.0
bfcb33e665554321d0a93ce891eadb54,174.9,257.4,347.4,0.7275157559999998,72.0
bfcb33e665554321d0a93ce891eadb54,159.0,314.6,347.4,0.6727643999999999,60.0
bfcb33e665554321d0a93ce891eadb54,143.1,314.6,347.4,0.6700012605000001,66.0
bfcb33e665554321d0a93ce891eadb54,174.9,314.6,347.4,0.6627930705,54.0
bfcb33e665554321d0a93ce891eadb54,159.0,286.0,424.6,0.4974355555555556,40.0
bfcb33e665554321d0a93ce891eadb54,143.1,286.0,424.6,0.4953925166666666,44.0
bfcb33e665554321d0a93ce891eadb54,174.9,286.0,424.6,0.49006285000000005,36.0
bfcb33e665554321d0a93ce891eadb54,159.0,257.4,424.6,0.4492096,40.0
bfcb33e665554321d0a93ce891eadb54,143.1,257.4,424.6,0.447364632,44.0
bfcb33e665554321d0a93ce891eadb54,174.9,257.4,424.6,0.44255167200000006,36.0
bfcb33e665554321d0a93ce891eadb54,159.0,314.6,424.6,0.4092461333333334,30.0
bfcb33e665554321d0a93ce891eadb54,143.1,314.6,424.6,0.407565301,33.0
bfcb33e665554321d0a93ce891eadb54,174.9,314.6,424.6,0.40318052100000007,27.0
c36eddeb93ed1ad7e063fda32344745b,247.5,266.4,355.5,0.8344361812499999,56.0
c36eddeb93ed1ad7e063fda32344745b,275.0,266.4,355.5,0.7919126999999999,48.0
c36eddeb93ed1ad7e063fda32344745b,247.5,325.6,355.5,0.7603549734375001,42.0
c36eddeb93ed1ad7e063fda32344745b,302.5,266.4,355.5,0.7238286562499998,40.0
c36eddeb93ed1ad7e063fda32344745b,275.0,325.6,355.5,0.7216067250000001,36.0
c36eddeb93ed1ad7e063fda32344745b,247.5,296.0,355.5,0.6930910546875,42.0
c36eddeb93ed1ad7e063fda32344745b,302.5,325.6,355.5,0.6595671796875001,30.0
c36eddeb93ed1ad7e063fda32344745b,275.0,296.0,355.5,0.657770625,36.0
c36eddeb93ed1ad7e063fda32344745b,302.5,296.0,355.5,0.6012193359375,30.0
c36eddeb93ed1ad7e063fda32344745b,247.5,266.4,434.5,0.507643959375,28.0
c36eddeb93ed1ad7e063fda32344745b,275.0,266.4,434.5,0.4817740499999999,24.0
c36eddeb93ed1ad7e063fda32344745b,247.5,325.6,434.5,0.46257535078125006,21.0
c36eddeb93ed1ad7e063fda32344745b,247.5,266.4,395.0,0.4624310249999999,28.0
c36eddeb93ed1ad7e063fda32344745b,302.5,266.4,434.5,0.44035392187499994,20.0
c36eddeb93ed1ad7e063fda32344745b,275.0,325.6,434.5,0.43900217083333337,18.0
c36eddeb93ed1ad7e063fda32344745b,275.0,266.4,395.0,0.43886519999999996,24.0
c36eddeb93ed1ad7e063fda32344745b,247.5,296.0,434.5,0.42165416015625,21.0
c36eddeb93ed1ad7e063fda32344745b,247.5,325.6,395.0,0.42137641875000004,21.0
c36eddeb93ed1ad7e063fda32344745b,302.5,325.6,434.5,0.4012593198784723,15.0
c36eddeb93ed1ad7e063fda32344745b,302.5,266.4,395.0,0.401134125,20.0
c36eddeb93ed1ad7e063fda32344745b,275.0,296.0,434.5,0.4001663541666667,18.0
c36eddeb93ed1ad7e063fda32344745b,275.0,325.6,395.0,0.3999027666666667,18.0
c36eddeb93ed1ad7e063fda32344745b,247.5,296.0,395.0,0.38409984375,21.0
c36eddeb93ed1ad7e063fda32344745b,302.5,296.0,434.5,0.3657623806423611,15.0
c36eddeb93ed1ad7e063fda32344745b,302.5,325.6,395.0,0.3655214548611111,15.0
c36eddeb93ed1ad7e063fda32344745b,275.0,296.0,395.0,0.3645258333333333,18.0
c36eddeb93ed1ad7e063fda32344745b,302.5,296.0,395.0,0.33318602430555555,15.0
c4661c6946240f8ff854e9255c97cbc9,317.7,288.0,388.0,0.8916868125,40.0
c4661c6946240f8ff854e9255c97cbc9,388.3,288.0,388.0,0.86750455,32.0
c4661c6946240f8ff854e9255c97cbc9,317.7,259.2,388.0,0.8052202124999999,40.0
c4661c6946240f8ff854e9255c97cbc9,317.7,288.0,349.2,0.8045395875,40.0
c4661c6946240f8ff854e9255c97cbc9,353.0,288.0,388.0,0.790427,32.0
c4661c6946240f8ff854e9255c97cbc9,388.3,259.2,388.0,0.7833828966666667,32.0
c4661c6946240f8ff854e9255c97cbc9,388.3,288.0,349.2,0.7827207300000001,32.0
c4661c6946240f8ff854e9255c97cbc9,317.7,316.8,388.0,0.733615059375,30.0
c4661c6946240f8ff854e9255c97cbc9,317.7,259.2,349.2,0.7265236274999998,40.0
c4661c6946240f8ff854e9255c97cbc9,353.0,259.2,388.0,0.7137795333333333,32.0
c4661c6946240f8ff854e9255c97cbc9,388.3,316.8,388.0,0.7137196525,24.0
c4661c6946240f8ff854e9255c97cbc9,353.0,288.0,349.2,0.7131761999999999,32.0
c4661c6946240f8ff854e9255c97cbc9,388.3,259.2,349.2,0.706820538,32.0
c4661c6946240f8ff854e9255c97cbc9,317.7,316.8,349.2,0.6619166606250001,30.0
c4661c6946240f8ff854e9255c97cbc9,353.0,316.8,388.0,0.6503058500000001,24.0
c4661c6946240f8ff854e9255c97cbc9,353.0,259.2,349.2,0.64401972,32.0
c4661c6946240f8ff854e9255c97cbc9,388.3,316.8,349.2,0.6439656915000002,24.0
c4661c6946240f8ff854e9255c97cbc9,353.0,316.8,349.2,0.58674951,24.0
c4661c6946240f8ff854e9255c97cbc9,317.7,288.0,426.8,0.48941701875000004,20.0
c4661c6946240f8ff854e9255c97cbc9,388.3,288.0,426.8,0.47614418500000005,16.0
c4661c6946240f8ff854e9255c97cbc9,317.7,259.2,426.8,0.44195839875,20.0
c4661c6946240f8ff854e9255c97cbc9,353.0,288.0,426.8,0.4338389,16.0
c4661c6946240f8ff854e9255c97cbc9,388.3,259.2,426.8,0.42997262766666666,16.0
c4661c6946240f8ff854e9255c97cbc9,317.7,316.8,426.8,0.40265672906250005,15.0
c4661c6946240f8ff854e9255c97cbc9,353.0,259.2,426.8,0.39176967333333335,16.0
c4661c6946240f8ff854e9255c97cbc9,388.3,316.8,426.8,0.39173680675000006,12.0
c4661c6946240f8ff854e9255c97cbc9,353.0,316.8,426.8,0.35693109500000003,12.0
c61dafed9b7d2c7f917d4debf65896c1,289.3,286.0,386.0,0.9655390972222222,48.0
c61dafed9b7d2c7f917d4debf65896c1,236.7,286.0,386.0,0.9278303125,56.0
c61dafed9b7d2c7f917d4debf65896c1,263.0,286.0,386.0,0.8804111111111111,48.0
c61dafed9b7d2c7f917d4debf65896c1,289.3,257.4,386.0,0.8719308999999998,48.0
c61dafed9b7d2c7f917d4debf65896c1,289.3,286.0,347.4,0.8711851499999999,48.0
c61dafed9b7d2c7f917d4debf65896c1,236.7,257.4,386.0,0.8378779499999998,56.0
c61dafed9b7d2c7f917d4debf65896c1,236.7,286.0,347.4,0.837161325,56.0
c61dafed9b7d2c7f917d4debf65896c1,263.0,257.4,386.0,0.7950559999999999,48.0
c61dafed9b7d2c7f917d4debf65896c1,263.0,286.0,347.4,0.794376,48.0
c61dafed9b7d2c7f917d4debf65896c1,289.3,314.6,386.0,0.7943604708333334,36.0
c61dafed9b7d2c7f917d4debf65896c1,289.3,257.4,347.4,0.7867244879999999,48.0
c61dafed9b7d2c7f917d4debf65896c1,236.7,314.6,386.0,0.7633370062500001,42.0
c61dafed9b7d2c7f917d4debf65896c1,236.7,257.4,347.4,0.7559992439999998,56.0
c61dafed9b7d2c7f917d4debf65896c1,263.0,314.6,386.0,0.7243246666666668,36.0
c61dafed9b7d2c7f917d4debf65896c1,263.0,257.4,347.4,0.7173619199999999,48.0
c61dafed9b7d2c7f917d4debf65896c1,289.3,314.6,347.4,0.716734359,36.0
c61dafed9b7d2c7f917d4debf65896c1,236.7,314.6,347.4,0.6887425545000001,42.0
c61dafed9b7d2c7f917d4debf65896c1,263.0,314.6,347.4,0.65354256,36.0
c61dafed9b7d2c7f917d4debf65896c1,289.3,286.0,424.6,0.5299465222222223,24.0
c61dafed9b7d2c7f917d4debf65896c1,236.7,286.0,424.6,0.50924965,28.0
c61dafed9b7d2c7f917d4debf65896c1,263.0,286.0,424.6,0.4832231111111111,24.0
c61dafed9b7d2c7f917d4debf65896c1,289.3,257.4,424.6,0.47856865600000004,24.0
c61dafed9b7d2c7f917d4debf65896c1,236.7,257.4,424.6,0.45987832799999995,28.0
c61dafed9b7d2c7f917d4debf65896c1,263.0,257.4,424.6,0.43637503999999994,24.0
c61dafed9b7d2c7f917d4debf65896c1,289.3,314.6,424.6,0.43599329133333337,18.0
c61dafed9b7d2c7f917d4debf65896c1,236.7,314.6,424.6,0.418965729,21.0
c61dafed9b7d2c7f917d4debf65896c1,263.0,314.6,424.6,0.39755338666666673,18.0
c68517097037ec6420e21676ab2f1609,238.5,229.5,353.7,0.86729220703125,70.0
c68517097037ec6420e21676ab2f1609,238.5,280.5,353.7,0.842200734375,56.0
c68517097037ec6420e21676ab2f1609,265.0,229.5,353.7,0.82298896875,60.0
c68517097037ec6420e21676ab2f1609,265.0,280.5,353.7,0.7991792249999999,48.0
c68517097037ec6420e21676ab2f1609,238.5,255.0,353.7,0.76801725,56.0
c68517097037ec6420e21676ab2f1609,291.5,229.5,353.7,0.75215384765625,50.0
c68517097037ec6420e21676ab2f1609,291.5,280.5,353.7,0.730393421875,40.0
c68517097037ec6420e21676ab2f1609,265.0,255.0,353.7,0.7287851999999999,48.0
c68517097037ec6420e21676ab2f1609,291.5,255.0,353.7,0.66605825,40.0
c68517097037ec6420e21676ab2f1609,238.5,229.5,432.3,0.527620693359375,35.0
c68517097037ec6420e21676ab2f1609,238.5,280.5,432.3,0.5123561953125,28.0
c68517097037ec6420e21676ab2f1609,265.0,229.5,432.3,0.500668640625,30.0
c68517097037ec6420e21676ab2f1609,265.0,280.5,432.3,0.48618388749999997,24.0
c68517097037ec6420e21676ab2f1609,238.5,229.5,393.0,0.4806333984375,35.0
c68517097037ec6420e21676ab2f1609,238.5,255.0,432.3,0.467226375,28.0
c68517097037ec6420e21676ab2f1609,238.5,280.5,393.0,0.46672828125,28.0
c68517097037ec6420e21676ab2f1609,291.5,229.5,432.3,0.457575810546875,25.0
c68517097037ec6420e21676ab2f1609,265.0,229.5,393.0,0.4560815625,30.0
c68517097037ec6420e21676ab2f1609,291.5,280.5,432.3,0.44433776822916676,20.0
c68517097037ec6420e21676ab2f1609,265.0,255.0,432.3,0.4433594,24.0
c68517097037ec6420e21676ab2f1609,265.0,280.5,393.0,0.44288675,24.0
c68517097037ec6420e21676ab2f1609,238.5,255.0,393.0,0.4256175,28.0
c68517097037ec6420e21676ab2f1609,291.5,229.5,393.0,0.4168263671875,25.0
c68517097037ec6420e21676ab2f1609,291.5,255.0,432.3,0.40519920833333334,20.0
c68517097037ec6420e21676ab2f1609,291.5,280.5,393.0,0.4047672395833333,20.0
c68517097037ec6420e21676ab2f1609,265.0,255.0,393.0,0.403876,24.0
c68517097037ec6420e21676ab2f1609,291.5,255.0,393.0,0.3691141666666667,20.0
c96df5913565ba35f3e02e744c9a6dde,246.4,266.4,355.5,0.8308577024999999,56.0
c96df5913565ba35f3e02e744c9a6dde,201.6,266.4,355.5,0.7829897399999999,64.0
c96df5913565ba35f3e02e744c9a6dde,224.0,266.4,355.5,0.7579868624999999,56.0
c96df5913565ba35f3e02e744c9a6dde,246.4,325.6,355.5,0.7570941918750002,42.0
c96df5913565ba35f3e02e744c9a6dde,201.6,325.6,355.5,0.713475945,48.0
c96df5913565ba35f3e02e744c9a6dde,224.0,325.6,355.5,0.690692821875,42.0
c96df5913565ba35f3e02e744c9a6dde,246.4,296.0,355.5,0.690118734375,42.0
c96df5913565ba35f3e02e744c9a6dde,201.6,296.0,355.5,0.650359125,48.0
c96df5913565ba35f3e02e744c9a6dde,224.0,296.0,355.5,0.629591484375,42.0
c96df5913565ba35f3e02e744c9a6dde,246.4,266.4,434.5,0.5054669287499999,28.0
c96df5913565ba35f3e02e744c9a6dde,201.6,266.4,434.5,0.47634561,32.0
c96df5913565ba35f3e02e744c9a6dde,224.0,266.4,434.5,0.46113466875000003,28.0
c96df5913565ba35f3e02e744c9a6dde,246.4,325.6,434.5,0.46059159684027784,21.0
c96df5913565ba35f3e02e744c9a6dde,246.4,266.4,395.0,0.46044788999999997,28.0
c96df5913565ba35f3e02e744c9a6dde,201.6,325.6,434.5,0.4340556675,24.0
c96df5913565ba35f3e02e744c9a6dde,201.6,266.4,395.0,0.43392023999999996,32.0
c96df5913565ba35f3e02e744c9a6dde,224.0,325.6,434.5,0.42019515295138893,21.0
c96df5913565ba35f3e02e744c9a6dde,224.0,266.4,395.0,0.4200640499999999,28.0
c96df5913565ba35f3e02e744c9a6dde,246.4,296.0,434.5,0.4198458967013889,21.0
c96df5913565ba35f3e02e744c9a6dde,246.4,325.6,395.0,0.419569346388889,21.0
c96df5913565ba35f3e02e744c9a6dde,201.6,296.0,434.5,0.3956574375,24.0
c96df5913565ba35f3e02e744c9a6dde,201.6,325.6,395.0,0.39539682000000004,24.0
c96df5913565ba35f3e02e744c9a6dde,224.0,296.0,434.5,0.38302307725694446,21.0
c96df5913565ba35f3e02e744c9a6dde,224.0,325.6,395.0,0.38277078194444447,21.0
c96df5913565ba35f3e02e744c9a6dde,246.4,296.0,395.0,0.38245263194444445,21.0
c96df5913565ba35f3e02e744c9a6dde,201.6,296.0,395.0,0.3604185,24.0
c96df5913565ba35f3e02e744c9a6dde,224.0,296.0,395.0,0.34890940972222223,21.0
c98f51071fa8c135d7071023f6b23ac0,348.0,288.0,388.0,0.974386875,40.0
c98f51071fa8c135d7071023f6b23ac0,348.0,259.2,388.0,0.879900875,40.0
c98f51071fa8c135d7071023f6b23ac0,313.2,288.0,388.0,0.879404625,40.0
c98f51071fa8c135d7071023f6b23ac0,348.0,288.0,349.2,0.879157125,40.0
c98f51071fa8c135d7071023f6b23ac0,382.8,288.0,388.0,0.8554953000000001,32.0
c98f51071fa8c135d7071023f6b23ac0,348.0,316.8,388.0,0.80165465625,30.0
c98f51071fa8c135d7071023f6b23ac0,313.2,259.2,388.0,0.7941290249999999,40.0
c98f51071fa8c135d7071023f6b23ac0,348.0,259.2,349.2,0.793905525,40.0
c98f51071fa8c135d7071023f6b23ac0,313.2,288.0,349.2,0.7934577749999999,40.0
c98f51071fa8c135d7071023f6b23ac0,382.8,259.2,388.0,0.77253818,32.0
c98f51071fa8c135d7071023f6b23ac0,382.8,288.0,349.2,0.77188518,32.0
c98f51071fa8c135d7071023f6b23ac0,313.2,316.8,388.0,0.72351016875,30.0
c98f51071fa8c135d7071023f6b23ac0,348.0,316.8,349.2,0.72330654375,30.0
c98f51071fa8c135d7071023f6b23ac0,313.2,259.2,349.2,0.716516415,40.0
c98f51071fa8c135d7071023f6b23ac0,382.8,316.8,388.0,0.703839315,24.0
c98f51071fa8c135d7071023f6b23ac0,382.8,259.2,349.2,0.6970357079999999,32.0
c98f51071fa8c135d7071023f6b23ac0,313.2,316.8,349.2,0.65279935125,30.0
c98f51071fa8c135d7071023f6b23ac0,382.8,316.8,349.2,0.6350509889999999,24.0
c98f51071fa8c135d7071023f6b23ac0,348.0,288.0,426.8,0.5348083125,20.0
c98f51071fa8c135d7071023f6b23ac0,348.0,259.2,426.8,0.4829481125000001,20.0
c98f51071fa8c135d7071023f6b23ac0,313.2,288.0,426.8,0.4826757375,20.0
c98f51071fa8c135d7071023f6b23ac0,382.8,288.0,426.8,0.46955271000000004,16.0
c98f51071fa8c135d7071023f6b23ac0,348.0,316.8,426.8,0.440001384375,15.0
c98f51071fa8c135d7071023f6b23ac0,313.2,259.2,426.8,0.4358708175,20.0
c98f51071fa8c135d7071023f6b23ac0,382.8,259.2,426.8,0.42402032599999995,16.0
c98f51071fa8c135d7071023f6b23ac0,313.2,316.8,426.8,0.397110493125,15.0
c98f51071fa8c135d7071023f6b23ac0,382.8,316.8,426.8,0.3863138205,12.0
c9eb200a8d16b9dc82e130d6874c099c,243.0,266.4,355.5,0.8197969499999999,56.0
c9eb200a8d16b9dc82e130d6874c099c,270.0,266.4,355.5,0.777970575,48.0
c9eb200a8d16b9dc82e130d6874c099c,243.0,325.6,355.5,0.7470154125000001,42.0
c9eb200a8d16b9dc82e130d6874c099c,297.0,266.4,355.5,0.711048375,40.0
c9eb200a8d16b9dc82e130d6874c099c,270.0,325.6,355.5,0.7089023812500002,36.0
c9eb200a8d16b9dc82e130d6874c099c,243.0,296.0,355.5,0.6809315625,42.0
c9eb200a8d16b9dc82e130d6874c099c,297.0,325.6,355.5,0.64792153125,30.0
c9eb200a8d16b9dc82e130d6874c099c,270.0,296.0,355.5,0.64619015625,36.0
c9eb200a8d16b9dc82e130d6874c099c,297.0,296.0,355.5,0.59060390625,30.0
c9eb200a8d16b9dc82e130d6874c099c,243.0,266.4,434.5,0.4987379249999999,28.0
c9eb200a8d16b9dc82e130d6874c099c,270.0,266.4,434.5,0.4732921124999999,24.0
c9eb200a8d16b9dc82e130d6874c099c,243.0,325.6,434.5,0.45445999375,21.0
c9eb200a8d16b9dc82e130d6874c099c,243.0,266.4,395.0,0.45431819999999995,28.0
c9eb200a8d16b9dc82e130d6874c099c,297.0,266.4,434.5,0.4325788125,20.0
c9eb200a8d16b9dc82e130d6874c099c,270.0,325.6,434.5,0.43127325937500005,18.0
c9eb200a8d16b9dc82e130d6874c099c,270.0,266.4,395.0,0.43113869999999993,24.0
c9eb200a8d16b9dc82e130d6874c099c,243.0,296.0,434.5,0.41425671875,21.0
c9eb200a8d16b9dc82e130d6874c099c,243.0,325.6,395.0,0.41398385000000004,21.0
c9eb200a8d16b9dc82e130d6874c099c,297.0,325.6,434.5,0.394174484375,15.0
c9eb200a8d16b9dc82e130d6874c099c,297.0,266.4,395.0,0.39405149999999994,20.0
c9eb200a8d16b9dc82e130d6874c099c,270.0,296.0,434.5,0.393121171875,18.0
c9eb200a8d16b9dc82e130d6874c099c,270.0,325.6,395.0,0.39286222500000006,18.0
c9eb200a8d16b9dc82e130d6874c099c,243.0,296.0,395.0,0.37736125,21.0
c9eb200a8d16b9dc82e130d6874c099c,297.0,296.0,434.5,0.359304296875,15.0
c9eb200a8d16b9dc82e130d6874c099c,297.0,325.6,395.0,0.35906762500000006,15.0
c9eb200a8d16b9dc82e130d6874c099c,270.0,296.0,395.0,0.358108125,18.0
c9eb200a8d16b9dc82e130d6874c099c,297.0,296.0,395.0,0.327303125,15.0
cb9988b0557e22e3abc2bbe0a56967d0,169.0,286.0,386.0,0.9602523148148148,80.0
cb9988b0557e22e3abc2bbe0a56967d0,152.1,286.0,386.0,0.9559905208333334,88.0
cb9988b0557e22e3abc2bbe0a56967d0,185.9,286.0,386.0,0.9462801041666666,72.0
cb9988b0557e22e3abc2bbe0a56967d0,169.0,257.4,386.0,0.8671566666666667,80.0
cb9988b0557e22e3abc2bbe0a56967d0,169.0,286.0,347.4,0.866415,80.0
cb9988b0557e22e3abc2bbe0a56967d0,152.1,257.4,386.0,0.8633080499999998,88.0
cb9988b0557e22e3abc2bbe0a56967d0,152.1,286.0,347.4,0.862569675,88.0
cb9988b0557e22e3abc2bbe0a56967d0,185.9,257.4,386.0,0.85453905,72.0
cb9988b0557e22e3abc2bbe0a56967d0,185.9,286.0,347.4,0.853808175,72.0
cb9988b0557e22e3abc2bbe0a56967d0,169.0,314.6,386.0,0.7900109722222223,60.0
cb9988b0557e22e3abc2bbe0a56967d0,152.1,314.6,386.0,0.78650474375,66.0
cb9988b0557e22e3abc2bbe0a56967d0,169.0,257.4,347.4,0.7824167999999999,80.0
cb9988b0557e22e3abc2bbe0a56967d0,152.1,257.4,347.4,0.7789442759999998,88.0
cb9988b0557e22e3abc2bbe0a56967d0,185.9,314.6,386.0,0.7785158687500001,54.0
cb9988b0557e22e3abc2bbe0a56967d0,185.9,257.4,347.4,0.771032196,72.0
cb9988b0557e22e3abc2bbe0a56967d0,169.0,314.6,347.4,0.7128099,60.0
cb9988b0557e22e3abc2bbe0a56967d0,152.1,314.6,347.4,0.7096463055000001,66.0
cb9988b0557e22e3abc2bbe0a56967d0,185.9,314.6,347.4,0.7024381155,54.0
cb9988b0557e22e3abc2bbe0a56967d0,169.0,286.0,424.6,0.5270448148148148,40.0
cb9988b0557e22e3abc2bbe0a56967d0,152.1,286.0,424.6,0.5247056833333333,44.0
cb9988b0557e22e3abc2bbe0a56967d0,185.9,286.0,424.6,0.5193760166666667,36.0
cb9988b0557e22e3abc2bbe0a56967d0,169.0,257.4,424.6,0.47594826666666673,40.0
cb9988b0557e22e3abc2bbe0a56967d0,152.1,257.4,424.6,0.47383591199999997,44.0
cb9988b0557e22e3abc2bbe0a56967d0,185.9,257.4,424.6,0.46902295200000005,36.0
cb9988b0557e22e3abc2bbe0a56967d0,169.0,314.6,424.6,0.4336060222222223,30.0
cb9988b0557e22e3abc2bbe0a56967d0,152.1,314.6,424.6,0.43168159100000003,33.0
cb9988b0557e22e3abc2bbe0a56967d0,185.9,314.6,424.6,0.42729681100000005,27.0
cc0d190e9c91b2ee40868981c9f6d0f6,239.4,282.0,380.0,0.9112519500000003,56.0
cc0d190e9c91b2ee40868981c9f6d0f6,266.0,282.0,380.0,0.8647145833333333,48.0
cc0d190e9c91b2ee40868981c9f6d0f6,239.4,253.8,380.0,0.82294506,56.0
cc0d190e9c91b2ee40868981c9f6d0f6,239.4,282.0,342.0,0.8222350500000001,56.0
cc0d190e9c91b2ee40868981c9f6d0f6,292.6,282.0,380.0,0.7902967222222224,40.0
cc0d190e9c91b2ee40868981c9f6d0f6,266.0,253.8,380.0,0.7809175,48.0
cc0d190e9c91b2ee40868981c9f6d0f6,266.0,282.0,342.0,0.78024375,48.0
cc0d190e9c91b2ee40868981c9f6d0f6,239.4,310.2,380.0,0.7496691299999999,42.0
cc0d190e9c91b2ee40868981c9f6d0f6,239.4,253.8,342.0,0.7425545400000001,56.0
cc0d190e9c91b2ee40868981c9f6d0f6,292.6,253.8,380.0,0.7137112666666667,40.0
cc0d190e9c91b2ee40868981c9f6d0f6,292.6,282.0,342.0,0.7130955,40.0
cc0d190e9c91b2ee40868981c9f6d0f6,266.0,310.2,380.0,0.71138375,36.0
cc0d190e9c91b2ee40868981c9f6d0f6,266.0,253.8,342.0,0.7046325,48.0
cc0d190e9c91b2ee40868981c9f6d0f6,239.4,310.2,342.0,0.67643667,42.0
cc0d190e9c91b2ee40868981c9f6d0f6,292.6,310.2,380.0,0.6501616333333332,30.0
cc0d190e9c91b2ee40868981c9f6d0f6,292.6,253.8,342.0,0.6439914000000002,40.0
cc0d190e9c91b2ee40868981c9f6d0f6,266.0,310.2,342.0,0.64189125,36.0
cc0d190e9c91b2ee40868981c9f6d0f6,292.6,310.2,342.0,0.5866496999999999,30.0
cc0d190e9c91b2ee40868981c9f6d0f6,239.4,282.0,418.0,0.500134425,28.0
cc0d190e9c91b2ee40868981c9f6d0f6,266.0,282.0,418.0,0.47459270833333334,24.0
cc0d190e9c91b2ee40868981c9f6d0f6,239.4,253.8,418.0,0.45166779000000007,28.0
cc0d190e9c91b2ee40868981c9f6d0f6,292.6,282.0,418.0,0.4337489722222222,20.0
cc0d190e9c91b2ee40868981c9f6d0f6,266.0,253.8,418.0,0.42860125,24.0
cc0d190e9c91b2ee40868981c9f6d0f6,239.4,310.2,418.0,0.411450795,21.0
cc0d190e9c91b2ee40868981c9f6d0f6,292.6,253.8,418.0,0.3917155666666667,20.0
cc0d190e9c91b2ee40868981c9f6d0f6,266.0,310.2,418.0,0.390438125,18.0
cc0d190e9c91b2ee40868981c9f6d0f6,292.6,310.2,418.0,0.3568367833333333,15.0
cd9c1ebb698c60a0d79bc82cf70c2404,342.1,229.5,353.7,0.8788060429687501,50.0
cd9c1ebb698c60a0d79bc82cf70c2404,279.9,229.5,353.7,0.8677427484375,60.0
cd9c1ebb698c60a0d79bc82cf70c2404,342.1,280.5,353.7,0.8533814656250001,40.0
cd9c1ebb698c60a0d79bc82cf70c2404,279.9,280.5,353.7,0.8426382412499998,48.0
cd9c1ebb698c60a0d79bc82cf70c2404,311.0,229.5,353.7,0.8009625,50.0
cd9c1ebb698c60a0d79bc82cf70c2404,342.1,255.0,353.7,0.7782131500000001,40.0
cd9c1ebb698c60a0d79bc82cf70c2404,311.0,280.5,353.7,0.77779,40.0
cd9c1ebb698c60a0d79bc82cf70c2404,279.9,255.0,353.7,0.7684162199999999,48.0
cd9c1ebb698c60a0d79bc82cf70c2404,311.0,255.0,353.7,0.70928,40.0
cd9c1ebb698c60a0d79bc82cf70c2404,342.1,229.5,432.3,0.5346251816406251,25.0
cd9c1ebb698c60a0d79bc82cf70c2404,279.9,229.5,432.3,0.52789478203125,30.0
cd9c1ebb698c60a0d79bc82cf70c2404,342.1,280.5,432.3,0.5191580380208334,20.0
cd9c1ebb698c60a0d79bc82cf70c2404,279.9,280.5,432.3,0.5126223543749999,24.0
cd9c1ebb698c60a0d79bc82cf70c2404,311.0,229.5,432.3,0.48726875,25.0
cd9c1ebb698c60a0d79bc82cf70c2404,342.1,229.5,393.0,0.4870141015625001,25.0
cd9c1ebb698c60a0d79bc82cf70c2404,279.9,229.5,393.0,0.4808830781249999,30.0
cd9c1ebb698c60a0d79bc82cf70c2404,342.1,255.0,432.3,0.47342909166666675,20.0
cd9c1ebb698c60a0d79bc82cf70c2404,311.0,280.5,432.3,0.47317166666666666,20.0
cd9c1ebb698c60a0d79bc82cf70c2404,342.1,280.5,393.0,0.47292438541666676,20.0
cd9c1ebb698c60a0d79bc82cf70c2404,279.9,255.0,432.3,0.46746909,24.0
cd9c1ebb698c60a0d79bc82cf70c2404,279.9,280.5,393.0,0.4669707374999999,24.0
cd9c1ebb698c60a0d79bc82cf70c2404,311.0,229.5,393.0,0.443875,25.0
cd9c1ebb698c60a0d79bc82cf70c2404,311.0,255.0,432.3,0.43149333333333334,20.0
cd9c1ebb698c60a0d79bc82cf70c2404,342.1,255.0,393.0,0.4312678333333334,20.0
cd9c1ebb698c60a0d79bc82cf70c2404,311.0,280.5,393.0,0.4310333333333333,20.0
cd9c1ebb698c60a0d79bc82cf70c2404,279.9,255.0,393.0,0.42583859999999996,24.0
cd9c1ebb698c60a0d79bc82cf70c2404,311.0,255.0,393.0,0.3930666666666667,20.0
ce1ff894a22d25ca524b3e3a26227ec6,158.0,266.4,355.5,0.7761116249999999,80.0
ce1ff894a22d25ca524b3e3a26227ec6,142.2,266.4,355.5,0.77295141,88.0
ce1ff894a22d25ca524b3e3a26227ec6,173.8,266.4,355.5,0.764586135,72.0
ce1ff894a22d25ca524b3e3a26227ec6,158.0,325.6,355.5,0.7072084687500001,60.0
ce1ff894a22d25ca524b3e3a26227ec6,142.2,325.6,355.5,0.7043288174999999,66.0
ce1ff894a22d25ca524b3e3a26227ec6,173.8,325.6,355.5,0.6967062112500001,54.0
ce1ff894a22d25ca524b3e3a26227ec6,158.0,296.0,355.5,0.64464609375,60.0
ce1ff894a22d25ca524b3e3a26227ec6,142.2,296.0,355.5,0.6420211875,66.0
ce1ff894a22d25ca524b3e3a26227ec6,173.8,296.0,355.5,0.63507290625,54.0
ce1ff894a22d25ca524b3e3a26227ec6,158.0,266.4,434.5,0.4721611874999999,40.0
ce1ff894a22d25ca524b3e3a26227ec6,142.2,266.4,434.5,0.47023861499999997,44.0
ce1ff894a22d25ca524b3e3a26227ec6,173.8,266.4,434.5,0.46514945249999995,36.0
ce1ff894a22d25ca524b3e3a26227ec6,158.0,325.6,434.5,0.4302427378472223,30.0
ce1ff894a22d25ca524b3e3a26227ec6,158.0,266.4,395.0,0.4301085,40.0
ce1ff894a22d25ca524b3e3a26227ec6,142.2,325.6,434.5,0.42849085124999997,33.0
ce1ff894a22d25ca524b3e3a26227ec6,142.2,266.4,395.0,0.42835715999999996,44.0
ce1ff894a22d25ca524b3e3a26227ec6,173.8,325.6,434.5,0.423853504375,27.0
ce1ff894a22d25ca524b3e3a26227ec6,173.8,266.4,395.0,0.42372125999999993,36.0
ce1ff894a22d25ca524b3e3a26227ec6,158.0,296.0,434.5,0.3921818142361111,30.0
ce1ff894a22d25ca524b3e3a26227ec6,158.0,325.6,395.0,0.3919234861111111,30.0
ce1ff894a22d25ca524b3e3a26227ec6,142.2,296.0,434.5,0.39058490625,33.0
ce1ff894a22d25ca524b3e3a26227ec6,142.2,325.6,395.0,0.39032763,33.0
ce1ff894a22d25ca524b3e3a26227ec6,173.8,296.0,434.5,0.386357796875,27.0
ce1ff894a22d25ca524b3e3a26227ec6,173.8,325.6,395.0,0.38610330500000006,27.0
ce1ff894a22d25ca524b3e3a26227ec6,158.0,296.0,395.0,0.35725243055555556,30.0
ce1ff894a22d25ca524b3e3a26227ec6,142.2,296.0,395.0,0.35579775,33.0
ce1ff894a22d25ca524b3e3a26227ec6,173.8,296.0,395.0,0.351947125,27.0
ce9d9f5685ddf0df230b3137826b5cde,281.6,286.0,386.0,0.9406156944444445,48.0
ce9d9f5685ddf0df230b3137826b5cde,230.4,286.0,386.0,0.9040397916666667,56.0
ce9d9f5685ddf0df230b3137826b5cde,256.0,286.0,386.0,0.8577534722222222,48.0
ce9d9f5685ddf0df230b3137826b5cde,281.6,257.4,386.0,0.8494238,48.0
ce9d9f5685ddf0df230b3137826b5cde,281.6,286.0,347.4,0.8486972999999999,48.0
ce9d9f5685ddf0df230b3137826b5cde,230.4,257.4,386.0,0.8163939,56.0
ce9d9f5685ddf0df230b3137826b5cde,230.4,286.0,347.4,0.81569565,56.0
ce9d9f5685ddf0df230b3137826b5cde,256.0,257.4,386.0,0.774595,48.0
ce9d9f5685ddf0df230b3137826b5cde,256.0,286.0,347.4,0.7739325,48.0
ce9d9f5685ddf0df230b3137826b5cde,281.6,314.6,386.0,0.7738556916666668,36.0
ce9d9f5685ddf0df230b3137826b5cde,281.6,257.4,347.4,0.7664168159999999,48.0
ce9d9f5685ddf0df230b3137826b5cde,230.4,314.6,386.0,0.7437642625,42.0
ce9d9f5685ddf0df230b3137826b5cde,230.4,257.4,347.4,0.736614648,56.0
ce9d9f5685ddf0df230b3137826b5cde,256.0,314.6,386.0,0.7056839583333333,36.0
ce9d9f5685ddf0df230b3137826b5cde,256.0,257.4,347.4,0.6989003999999999,48.0
ce9d9f5685ddf0df230b3137826b5cde,281.6,314.6,347.4,0.6982333380000001,36.0
ce9d9f5685ddf0df230b3137826b5cde,230.4,314.6,347.4,0.671082489,42.0
ce9d9f5685ddf0df230b3137826b5cde,256.0,314.6,347.4,0.63672345,36.0
ce9d9f5685ddf0df230b3137826b5cde,281.6,286.0,424.6,0.5162670444444445,24.0
ce9d9f5685ddf0df230b3137826b5cde,230.4,286.0,424.6,0.49619196666666665,28.0
ce9d9f5685ddf0df230b3137826b5cde,256.0,286.0,424.6,0.47078722222222225,24.0
ce9d9f5685ddf0df230b3137826b5cde,281.6,257.4,424.6,0.46621539199999995,24.0
ce9d9f5685ddf0df230b3137826b5cde,230.4,257.4,424.6,0.44808657599999996,28.0
ce9d9f5685ddf0df230b3137826b5cde,256.0,257.4,424.6,0.42514480000000004,24.0
ce9d9f5685ddf0df230b3137826b5cde,281.6,314.6,424.6,0.42473902266666674,18.0
ce9d9f5685ddf0df230b3137826b5cde,230.4,314.6,424.6,0.40822301800000005,21.0
ce9d9f5685ddf0df230b3137826b5cde,256.0,314.6,424.6,0.38732223333333327,18.0
ceda63d824383fb94ca5e9bd08701d70,163.0,286.0,384.0,0.9231861111111112,80.0
ceda63d824383fb94ca5e9bd08701d70,146.7,286.0,384.0,0.9192679375,88.0
ceda63d824383fb94ca5e9bd08701d70,179.3,286.0,384.0,0.9096066875,72.0
ceda63d824383fb94ca5e9bd08701d70,163.0,257.4,384.0,0.833684,80.0
ceda63d824383fb94ca5e9bd08701d70,163.0,286.0,345.6,0.8329816666666666,80.0
ceda63d824383fb94ca5e9bd08701d70,146.7,257.4,384.0,0.8301456899999999,88.0
ceda63d824383fb94ca5e9bd08701d70,146.7,286.0,345.6,0.8294463375000001,88.0
ceda63d824383fb94ca5e9bd08701d70,179.3,257.4,384.0,0.8214210899999999,72.0
ceda63d824383fb94ca5e9bd08701d70,179.3,286.0,345.6,0.8207290875000001,72.0
ceda63d824383fb94ca5e9bd08701d70,163.0,314.6,384.0,0.7595161666666667,60.0
ceda63d824383fb94ca5e9bd08701d70,146.7,314.6,384.0,0.75629263875,66.0
ceda63d824383fb94ca5e9bd08701d70,163.0,257.4,345.6,0.7522248,80.0
ceda63d824383fb94ca5e9bd08701d70,146.7,257.4,345.6,0.749032218,88.0
ceda63d824383fb94ca5e9bd08701d70,179.3,314.6,384.0,0.74834421375,54.0
ceda63d824383fb94ca5e9bd08701d70,179.3,257.4,345.6,0.7411600979999999,72.0
ceda63d824383fb94ca5e9bd08701d70,163.0,314.6,345.6,0.6853039000000002,60.0
ceda63d824383fb94ca5e9bd08701d70,146.7,314.6,345.6,0.68239534275,66.0
ceda63d824383fb94ca5e9bd08701d70,179.3,314.6,345.6,0.6752235577500002,54.0
ceda63d824383fb94ca5e9bd08701d70,163.0,286.0,422.4,0.5066952777777778,40.0
ceda63d824383fb94ca5e9bd08701d70,146.7,286.0,422.4,0.5045447687499999,44.0
ceda63d824383fb94ca5e9bd08701d70,179.3,286.0,422.4,0.49924214375,36.0
ceda63d824383fb94ca5e9bd08701d70,163.0,257.4,422.4,0.45757159999999997,40.0
ceda63d824383fb94ca5e9bd08701d70,146.7,257.4,422.4,0.4556295809999999,44.0
ceda63d824383fb94ca5e9bd08701d70,179.3,257.4,422.4,0.45084104099999994,36.0
ceda63d824383fb94ca5e9bd08701d70,163.0,314.6,422.4,0.4168642166666667,30.0
ceda63d824383fb94ca5e9bd08701d70,146.7,314.6,422.4,0.4150949673749999,33.0
ceda63d824383fb94ca5e9bd08701d70,179.3,314.6,422.4,0.41073243487500005,27.0
cf4c068dfec055bf302e658d71c9c942,211.2,282.0,380.0,0.9232007333333332,64.0
cf4c068dfec055bf302e658d71c9c942,172.8,282.0,380.0,0.857482425,72.0
cf4c068dfec055bf302e658d71c9c942,192.0,282.0,380.0,0.8427036666666666,64.0
cf4c068dfec055bf302e658d71c9c942,211.2,253.8,380.0,0.83373592,64.0
cf4c068dfec055bf302e658d71c9c942,211.2,282.0,342.0,0.8330166,64.0
cf4c068dfec055bf302e658d71c9c942,172.8,253.8,380.0,0.7743861900000001,72.0
cf4c068dfec055bf302e658d71c9c942,172.8,282.0,342.0,0.7737180750000001,72.0
cf4c068dfec055bf302e658d71c9c942,192.0,253.8,380.0,0.7610396000000001,64.0
cf4c068dfec055bf302e658d71c9c942,192.0,282.0,342.0,0.760383,64.0
cf4c068dfec055bf302e658d71c9c942,211.2,310.2,380.0,0.7594991600000001,48.0
cf4c068dfec055bf302e658d71c9c942,211.2,253.8,342.0,0.7522912799999999,64.0
cf4c068dfec055bf302e658d71c9c942,172.8,310.2,380.0,0.705433995,54.0
cf4c068dfec055bf302e658d71c9c942,172.8,253.8,342.0,0.69873921,72.0
cf4c068dfec055bf302e658d71c9c942,192.0,310.2,380.0,0.6932757999999999,48.0
cf4c068dfec055bf302e658d71c9c942,192.0,253.8,342.0,0.6866964,64.0
cf4c068dfec055bf302e658d71c9c942,211.2,310.2,342.0,0.68530644,48.0
cf4c068dfec055bf302e658d71c9c942,172.8,310.2,342.0,0.6365227050000002,54.0
cf4c068dfec055bf302e658d71c9c942,192.0,310.2,342.0,0.6255521999999999,48.0
cf4c068dfec055bf302e658d71c9c942,211.2,282.0,418.0,0.5066924333333334,32.0
cf4c068dfec055bf302e658d71c9c942,172.8,282.0,418.0,0.4706233875,36.0
cf4c068dfec055bf302e658d71c9c942,192.0,282.0,418.0,0.46251216666666667,32.0
cf4c068dfec055bf302e658d71c9c942,211.2,253.8,418.0,0.45759027999999996,32.0
cf4c068dfec055bf302e658d71c9c942,172.8,253.8,418.0,0.42501658500000006,36.0
cf4c068dfec055bf302e658d71c9c942,192.0,253.8,418.0,0.41769140000000005,32.0
cf4c068dfec055bf302e658d71c9c942,211.2,310.2,418.0,0.41684593999999997,24.0
cf4c068dfec055bf302e658d71c9c942,172.8,310.2,418.0,0.3871726425,27.0
cf4c068dfec055bf302e658d71c9c942,192.0,310.2,418.0,0.38049969999999994,24.0
d0098765b25906b02fe80a96f1e6e287,280.5,266.4,355.5,0.8072490374999999,48.0
d0098765b25906b02fe80a96f1e6e287,229.5,266.4,355.5,0.7758792562499999,56.0
d0098765b25906b02fe80a96f1e6e287,255.0,266.4,355.5,0.7361441999999999,48.0
d0098765b25906b02fe80a96f1e6e287,280.5,325.6,355.5,0.735581503125,36.0
d0098765b25906b02fe80a96f1e6e287,229.5,325.6,355.5,0.7069967296875,42.0
d0098765b25906b02fe80a96f1e6e287,255.0,325.6,355.5,0.6707893500000001,36.0
d0098765b25906b02fe80a96f1e6e287,280.5,296.0,355.5,0.670509140625,36.0
d0098765b25906b02fe80a96f1e6e287,229.5,296.0,355.5,0.6444530859375,42.0
d0098765b25906b02fe80a96f1e6e287,255.0,296.0,355.5,0.61144875,36.0
d0098765b25906b02fe80a96f1e6e287,280.5,266.4,434.5,0.49110418124999994,24.0
d0098765b25906b02fe80a96f1e6e287,229.5,266.4,434.5,0.47201982187499997,28.0
d0098765b25906b02fe80a96f1e6e287,255.0,266.4,434.5,0.4478463,24.0
d0098765b25906b02fe80a96f1e6e287,280.5,325.6,434.5,0.44750397343750004,18.0
d0098765b25906b02fe80a96f1e6e287,280.5,266.4,395.0,0.44736434999999997,24.0
d0098765b25906b02fe80a96f1e6e287,229.5,325.6,434.5,0.43011392265625004,21.0
d0098765b25906b02fe80a96f1e6e287,229.5,266.4,395.0,0.429979725,28.0
d0098765b25906b02fe80a96f1e6e287,255.0,325.6,434.5,0.40808652500000003,18.0
d0098765b25906b02fe80a96f1e6e287,255.0,266.4,395.0,0.40795919999999997,24.0
d0098765b25906b02fe80a96f1e6e287,280.5,296.0,434.5,0.4079160546875,18.0
d0098765b25906b02fe80a96f1e6e287,280.5,325.6,395.0,0.40764736250000005,18.0
d0098765b25906b02fe80a96f1e6e287,229.5,296.0,434.5,0.39206439453125,21.0
d0098765b25906b02fe80a96f1e6e287,229.5,325.6,395.0,0.39180614375000006,21.0
d0098765b25906b02fe80a96f1e6e287,255.0,296.0,434.5,0.371985625,18.0
d0098765b25906b02fe80a96f1e6e287,255.0,325.6,395.0,0.37174060000000003,18.0
d0098765b25906b02fe80a96f1e6e287,280.5,296.0,395.0,0.3715853125,18.0
d0098765b25906b02fe80a96f1e6e287,229.5,296.0,395.0,0.35714546875,21.0
d0098765b25906b02fe80a96f1e6e287,255.0,296.0,395.0,0.338855,18.0
d26d5d6c9610627f969c12fa3f73a697,186.3,221.4,379.0,0.9093168,90.0
d26d5d6c9610627f969c12fa3f73a697,207.0,221.4,379.0,0.893952,80.0
d26d5d6c9610627f969c12fa3f73a697,186.3,270.6,379.0,0.8827950600000001,72.0
d26d5d6c9610627f969c12fa3f73a697,207.0,270.6,379.0,0.8678784,64.0
d26d5d6c9610627f969c12fa3f73a697,227.7,221.4,379.0,0.8571696,70.0
d26d5d6c9610627f969c12fa3f73a697,227.7,270.6,379.0,0.8321688200000001,56.0
d26d5d6c9610627f969c12fa3f73a697,186.3,221.4,341.1,0.8204943600000001,90.0
d26d5d6c9610627f969c12fa3f73a697,207.0,221.4,341.1,0.8066304000000001,80.0
d26d5d6c9610627f969c12fa3f73a697,186.3,246.0,379.0,0.80512425,72.0
d26d5d6c9610627f969c12fa3f73a697,186.3,270.6,341.1,0.7965632745000001,72.0
d26d5d6c9610627f969c12fa3f73a697,207.0,246.0,379.0,0.79152,64.0
d26d5d6c9610627f969c12fa3f73a697,207.0,270.6,341.1,0.7831036800000001,64.0
d26d5d6c9610627f969c12fa3f73a697,227.7,221.4,341.1,0.77344092,70.0
d26d5d6c9610627f969c12fa3f73a697,227.7,246.0,379.0,0.75895225,56.0
d26d5d6c9610627f969c12fa3f73a697,227.7,270.6,341.1,0.7508822265000001,56.0
d26d5d6c9610627f969c12fa3f73a697,186.3,246.0,341.1,0.7264793812500001,72.0
d26d5d6c9610627f969c12fa3f73a697,207.0,246.0,341.1,0.714204,64.0
d26d5d6c9610627f969c12fa3f73a697,227.7,246.0,341.1,0.6848174812500001,56.0
d26d5d6c9610627f969c12fa3f73a697,186.3,221.4,416.9,0.49906962,45.0
d26d5d6c9610627f969c12fa3f73a697,207.0,221.4,416.9,0.49063679999999993,40.0
d26d5d6c9610627f969c12fa3f73a697,186.3,270.6,416.9,0.48451342275,36.0
d26d5d6c9610627f969c12fa3f73a697,207.0,270.6,416.9,0.47632656000000007,32.0
d26d5d6c9610627f969c12fa3f73a697,227.7,221.4,416.9,0.47044914,35.0
d26d5d6c9610627f969c12fa3f73a697,227.7,270.6,416.9,0.45672770675,28.0
d26d5d6c9610627f969c12fa3f73a697,186.3,246.0,416.9,0.44188455937499993,36.0
d26d5d6c9610627f969c12fa3f73a697,207.0,246.0,416.9,0.434418,32.0
d26d5d6c9610627f969c12fa3f73a697,227.7,246.0,416.9,0.41654350937499995,28.0
d31c61f54dfba12e6064bda2c75bc9f2,213.4,262.8,355.5,0.8160523200000002,64.0
d31c61f54dfba12e6064bda2c75bc9f2,174.6,262.8,355.5,0.757893915,72.0
d31c61f54dfba12e6064bda2c75bc9f2,194.0,262.8,355.5,0.7448679,64.0
d31c61f54dfba12e6064bda2c75bc9f2,213.4,321.2,355.5,0.7435443599999999,48.0
d31c61f54dfba12e6064bda2c75bc9f2,174.6,321.2,355.5,0.6905534512499999,54.0
d31c61f54dfba12e6064bda2c75bc9f2,194.0,321.2,355.5,0.6786848249999999,48.0
d31c61f54dfba12e6064bda2c75bc9f2,213.4,292.0,355.5,0.6777918,48.0
d31c61f54dfba12e6064bda2c75bc9f2,174.6,292.0,355.5,0.62948694375,54.0
d31c61f54dfba12e6064bda2c75bc9f2,194.0,292.0,355.5,0.618667875,48.0
d31c61f54dfba12e6064bda2c75bc9f2,213.4,262.8,434.5,0.4964598133333334,32.0
d31c61f54dfba12e6064bda2c75bc9f2,174.6,262.8,434.5,0.4610781225,36.0
d31c61f54dfba12e6064bda2c75bc9f2,194.0,262.8,434.5,0.4531535166666667,32.0
d31c61f54dfba12e6064bda2c75bc9f2,213.4,321.2,434.5,0.4523483177777778,24.0
d31c61f54dfba12e6064bda2c75bc9f2,213.4,262.8,395.0,0.4522429866666667,32.0
d31c61f54dfba12e6064bda2c75bc9f2,174.6,321.2,434.5,0.42011036437499993,27.0
d31c61f54dfba12e6064bda2c75bc9f2,174.6,262.8,395.0,0.42001254000000005,36.0
d31c61f54dfba12e6064bda2c75bc9f2,194.0,321.2,434.5,0.41288987638888885,24.0
d31c61f54dfba12e6064bda2c75bc9f2,194.0,262.8,395.0,0.41279373333333336,32.0
d31c61f54dfba12e6064bda2c75bc9f2,213.4,292.0,434.5,0.4123465888888889,24.0
d31c61f54dfba12e6064bda2c75bc9f2,213.4,321.2,395.0,0.41206024888888887,24.0
d31c61f54dfba12e6064bda2c75bc9f2,174.6,292.0,434.5,0.382959478125,27.0
d31c61f54dfba12e6064bda2c75bc9f2,174.6,321.2,395.0,0.38269354499999997,27.0
d31c61f54dfba12e6064bda2c75bc9f2,194.0,292.0,434.5,0.37637750694444444,24.0
d31c61f54dfba12e6064bda2c75bc9f2,194.0,321.2,395.0,0.3761161444444444,24.0
d31c61f54dfba12e6064bda2c75bc9f2,213.4,292.0,395.0,0.3756212444444445,24.0
d31c61f54dfba12e6064bda2c75bc9f2,174.6,292.0,395.0,0.34885147499999997,27.0
d31c61f54dfba12e6064bda2c75bc9f2,194.0,292.0,395.0,0.3428557222222222,24.0
d3d0a6587d8f983d383e032e2b9acacc,163.8,221.4,379.0,0.893952,100.0
d3d0a6587d8f983d383e032e2b9acacc,182.0,221.4,379.0,0.889296,90.0
d3d0a6587d8f983d383e032e2b9acacc,163.8,270.6,379.0,0.8678784,80.0
d3d0a6587d8f983d383e032e2b9acacc,200.2,221.4,379.0,0.8658090666666667,80.0
d3d0a6587d8f983d383e032e2b9acacc,182.0,270.6,379.0,0.8633582000000001,72.0
d3d0a6587d8f983d383e032e2b9acacc,200.2,270.6,379.0,0.8405563022222222,64.0
d3d0a6587d8f983d383e032e2b9acacc,163.8,221.4,341.1,0.8066304000000002,100.0
d3d0a6587d8f983d383e032e2b9acacc,182.0,221.4,341.1,0.8024292000000001,90.0
d3d0a6587d8f983d383e032e2b9acacc,163.8,246.0,379.0,0.79152,80.0
d3d0a6587d8f983d383e032e2b9acacc,182.0,246.0,379.0,0.7873975,72.0
d3d0a6587d8f983d383e032e2b9acacc,163.8,270.6,341.1,0.7831036800000001,80.0
d3d0a6587d8f983d383e032e2b9acacc,200.2,221.4,341.1,0.78123648,80.0
d3d0a6587d8f983d383e032e2b9acacc,182.0,270.6,341.1,0.7790250150000002,72.0
d3d0a6587d8f983d383e032e2b9acacc,200.2,246.0,379.0,0.7666017777777778,64.0
d3d0a6587d8f983d383e032e2b9acacc,200.2,270.6,341.1,0.7584504160000001,64.0
d3d0a6587d8f983d383e032e2b9acacc,163.8,246.0,341.1,0.714204,80.0
d3d0a6587d8f983d383e032e2b9acacc,182.0,246.0,341.1,0.7104841875,72.0
d3d0a6587d8f983d383e032e2b9acacc,200.2,246.0,341.1,0.6917198000000001,64.0
d3d0a6587d8f983d383e032e2b9acacc,163.8,221.4,416.9,0.49063680000000004,50.0
d3d0a6587d8f983d383e032e2b9acacc,182.0,221.4,416.9,0.48808139999999994,45.0
d3d0a6587d8f983d383e032e2b9acacc,163.8,270.6,416.9,0.47632656000000007,40.0
d3d0a6587d8f983d383e032e2b9acacc,200.2,221.4,416.9,0.4751908266666666,40.0
d3d0a6587d8f983d383e032e2b9acacc,182.0,270.6,416.9,0.4738456925000001,36.0
d3d0a6587d8f983d383e032e2b9acacc,200.2,270.6,416.9,0.46133109422222224,32.0
d3d0a6587d8f983d383e032e2b9acacc,163.8,246.0,416.9,0.4344179999999999,40.0
d3d0a6587d8f983d383e032e2b9acacc,182.0,246.0,416.9,0.43215540625,36.0
d3d0a6587d8f983d383e032e2b9acacc,200.2,246.0,416.9,0.4207418777777778,32.0
d57ede415e9b30ea0e94a15552298aa3,214.0,229.5,353.7,0.8930731874999999,80.0
d57ede415e9b30ea0e94a15552298aa3,214.0,280.5,353.7,0.8672358499999999,64.0
d57ede415e9b30ea0e94a15552298aa3,235.4,229.5,353.7,0.8564291531249999,70.0
d57ede415e9b30ea0e94a15552298aa3,235.4,280.5,353.7,0.8316519575000001,56.0
d57ede415e9b30ea0e94a15552298aa3,192.6,229.5,353.7,0.8073701999999999,80.0
d57ede415e9b30ea0e94a15552298aa3,214.0,255.0,353.7,0.7908472,64.0
d57ede415e9b30ea0e94a15552298aa3,192.6,280.5,353.7,0.7840123199999999,64.0
d57ede415e9b30ea0e94a15552298aa3,235.4,255.0,353.7,0.7583976400000001,56.0
d57ede415e9b30ea0e94a15552298aa3,192.6,255.0,353.7,0.71495424,64.0
d57ede415e9b30ea0e94a15552298aa3,214.0,229.5,432.3,0.54330465625,40.0
d57ede415e9b30ea0e94a15552298aa3,214.0,280.5,432.3,0.5275864083333334,32.0
d57ede415e9b30ea0e94a15552298aa3,235.4,229.5,432.3,0.5210121109375,35.0
d57ede415e9b30ea0e94a15552298aa3,235.4,280.5,432.3,0.5059388045833334,28.0
d57ede415e9b30ea0e94a15552298aa3,214.0,229.5,393.0,0.494920625,40.0
d57ede415e9b30ea0e94a15552298aa3,192.6,229.5,432.3,0.49116689999999996,40.0
d57ede415e9b30ea0e94a15552298aa3,214.0,255.0,432.3,0.4811150666666667,32.0
d57ede415e9b30ea0e94a15552298aa3,214.0,280.5,393.0,0.48060216666666666,32.0
d57ede415e9b30ea0e94a15552298aa3,192.6,280.5,432.3,0.47695704,32.0
d57ede415e9b30ea0e94a15552298aa3,235.4,229.5,393.0,0.47461334375,35.0
d57ede415e9b30ea0e94a15552298aa3,235.4,255.0,432.3,0.46137424666666665,28.0
d57ede415e9b30ea0e94a15552298aa3,235.4,280.5,393.0,0.4608823916666667,28.0
d57ede415e9b30ea0e94a15552298aa3,192.6,229.5,393.0,0.447426,40.0
d57ede415e9b30ea0e94a15552298aa3,214.0,255.0,393.0,0.43826933333333334,32.0
d57ede415e9b30ea0e94a15552298aa3,192.6,255.0,432.3,0.43494528000000005,32.0
d57ede415e9b30ea0e94a15552298aa3,192.6,280.5,393.0,0.43448159999999997,32.0
d57ede415e9b30ea0e94a15552298aa3,235.4,255.0,393.0,0.4202865333333333,28.0
d57ede415e9b30ea0e94a15552298aa3,192.6,255.0,393.0,0.39621120000000004,32.0
d6e2cbc227acca3455d02367e9bd0b2b,214.0,264.6,355.5,0.8236728000000001,64.0
d6e2cbc227acca3455d02367e9bd0b2b,235.4,264.6,355.5,0.78987636,56.0
d6e2cbc227acca3455d02367e9bd0b2b,214.0,323.4,355.5,0.7505176499999999,48.0
d6e2cbc227acca3455d02367e9bd0b2b,192.6,264.6,355.5,0.74462976,64.0
d6e2cbc227acca3455d02367e9bd0b2b,235.4,323.4,355.5,0.7197228675,42.0
d6e2cbc227acca3455d02367e9bd0b2b,214.0,294.0,355.5,0.684136125,48.0
d6e2cbc227acca3455d02367e9bd0b2b,192.6,323.4,355.5,0.6784948799999999,48.0
d6e2cbc227acca3455d02367e9bd0b2b,235.4,294.0,355.5,0.6560650687499999,42.0
d6e2cbc227acca3455d02367e9bd0b2b,192.6,294.0,355.5,0.6184836,48.0
d6e2cbc227acca3455d02367e9bd0b2b,214.0,264.6,434.5,0.5010958666666667,32.0
d6e2cbc227acca3455d02367e9bd0b2b,235.4,264.6,434.5,0.4805352066666667,28.0
d6e2cbc227acca3455d02367e9bd0b2b,214.0,323.4,434.5,0.45659064166666663,24.0
d6e2cbc227acca3455d02367e9bd0b2b,214.0,264.6,395.0,0.4564661333333334,32.0
d6e2cbc227acca3455d02367e9bd0b2b,192.6,264.6,434.5,0.45300864,32.0
d6e2cbc227acca3455d02367e9bd0b2b,235.4,323.4,434.5,0.4378560929166666,21.0
d6e2cbc227acca3455d02367e9bd0b2b,235.4,264.6,395.0,0.43773669333333337,28.0
d6e2cbc227acca3455d02367e9bd0b2b,214.0,294.0,434.5,0.41620627083333334,24.0
d6e2cbc227acca3455d02367e9bd0b2b,214.0,323.4,395.0,0.4159247333333333,24.0
d6e2cbc227acca3455d02367e9bd0b2b,192.6,323.4,434.5,0.41277432000000003,24.0
d6e2cbc227acca3455d02367e9bd0b2b,192.6,264.6,395.0,0.41266176,32.0
d6e2cbc227acca3455d02367e9bd0b2b,235.4,294.0,434.5,0.3991287489583333,21.0
d6e2cbc227acca3455d02367e9bd0b2b,235.4,323.4,395.0,0.3988587633333333,21.0
d6e2cbc227acca3455d02367e9bd0b2b,214.0,294.0,395.0,0.3791371666666667,24.0
d6e2cbc227acca3455d02367e9bd0b2b,192.6,294.0,434.5,0.37626539999999997,24.0
d6e2cbc227acca3455d02367e9bd0b2b,192.6,323.4,395.0,0.37601088,24.0
d6e2cbc227acca3455d02367e9bd0b2b,235.4,294.0,395.0,0.36358064166666665,21.0
d6e2cbc227acca3455d02367e9bd0b2b,192.6,294.0,395.0,0.3427536,24.0
d85b31778b741c8bdb462d9f332e56d2,244.0,223.2,383.0,0.93287425,70.0
d85b31778b741c8bdb462d9f332e56d2,244.0,272.8,383.0,0.9057156370370372,56.0
d85b31778b741c8bdb462d9f332e56d2,268.4,223.2,383.0,0.8767227,60.0
d85b31778b741c8bdb462d9f332e56d2,268.4,272.8,383.0,0.8511988177777777,48.0
d85b31778b741c8bdb462d9f332e56d2,219.6,223.2,383.0,0.84290535,70.0
d85b31778b741c8bdb462d9f332e56d2,244.0,223.2,344.7,0.8417286281249999,70.0
d85b31778b741c8bdb462d9f332e56d2,244.0,248.0,383.0,0.8260075185185185,56.0
d85b31778b741c8bdb462d9f332e56d2,219.6,272.8,383.0,0.8183659866666667,56.0
d85b31778b741c8bdb462d9f332e56d2,244.0,272.8,344.7,0.8172235225000001,56.0
d85b31778b741c8bdb462d9f332e56d2,268.4,223.2,344.7,0.7910633137499999,60.0
d85b31778b741c8bdb462d9f332e56d2,268.4,248.0,383.0,0.7762884888888887,48.0
d85b31778b741c8bdb462d9f332e56d2,268.4,272.8,344.7,0.7680332189999998,48.0
d85b31778b741c8bdb462d9f332e56d2,219.6,223.2,344.7,0.760550056875,70.0
d85b31778b741c8bdb462d9f332e56d2,219.6,248.0,383.0,0.7463451333333333,56.0
d85b31778b741c8bdb462d9f332e56d2,244.0,248.0,344.7,0.7453032125,56.0
d85b31778b741c8bdb462d9f332e56d2,219.6,272.8,344.7,0.7384082895,56.0
d85b31778b741c8bdb462d9f332e56d2,268.4,248.0,344.7,0.7004419349999998,48.0
d85b31778b741c8bdb462d9f332e56d2,219.6,248.0,344.7,0.6734241674999999,56.0
d85b31778b741c8bdb462d9f332e56d2,244.0,223.2,421.3,0.5120099359375,35.0
d85b31778b741c8bdb462d9f332e56d2,244.0,272.8,421.3,0.49710387578703713,28.0
d85b31778b741c8bdb462d9f332e56d2,268.4,223.2,421.3,0.481191043125,30.0
d85b31778b741c8bdb462d9f332e56d2,268.4,272.8,421.3,0.4671822082777778,24.0
d85b31778b741c8bdb462d9f332e56d2,219.6,223.2,421.3,0.4626303215625,35.0
d85b31778b741c8bdb462d9f332e56d2,244.0,248.0,421.3,0.4533559122685185,28.0
d85b31778b741c8bdb462d9f332e56d2,219.6,272.8,421.3,0.4491618419166667,28.0
d85b31778b741c8bdb462d9f332e56d2,268.4,248.0,421.3,0.4260675213888888,24.0
d85b31778b741c8bdb462d9f332e56d2,219.6,248.0,421.3,0.4096330495833333,28.0
d8d0e4bd0a27b5d4b00b32f474a5923a,276.1,221.4,379.0,0.8849504000000001,60.0
d8d0e4bd0a27b5d4b00b32f474a5923a,276.1,270.6,379.0,0.8591393466666668,48.0
d8d0e4bd0a27b5d4b00b32f474a5923a,225.9,221.4,379.0,0.8506512,70.0
d8d0e4bd0a27b5d4b00b32f474a5923a,225.9,270.6,379.0,0.8258405400000001,56.0
d8d0e4bd0a27b5d4b00b32f474a5923a,251.0,221.4,379.0,0.80704,60.0
d8d0e4bd0a27b5d4b00b32f474a5923a,276.1,221.4,341.1,0.7985080800000002,60.0
d8d0e4bd0a27b5d4b00b32f474a5923a,276.1,246.0,379.0,0.7835498333333333,48.0
d8d0e4bd0a27b5d4b00b32f474a5923a,251.0,270.6,379.0,0.7835013333333334,48.0
d8d0e4bd0a27b5d4b00b32f474a5923a,276.1,270.6,341.1,0.7752182610000002,48.0
d8d0e4bd0a27b5d4b00b32f474a5923a,225.9,221.4,341.1,0.76755924,70.0
d8d0e4bd0a27b5d4b00b32f474a5923a,225.9,246.0,379.0,0.75318075,56.0
d8d0e4bd0a27b5d4b00b32f474a5923a,225.9,270.6,341.1,0.7451720955000001,56.0
d8d0e4bd0a27b5d4b00b32f474a5923a,251.0,221.4,341.1,0.7282080000000002,60.0
d8d0e4bd0a27b5d4b00b32f474a5923a,251.0,246.0,379.0,0.7145666666666667,48.0
d8d0e4bd0a27b5d4b00b32f474a5923a,276.1,246.0,341.1,0.7070123625000001,48.0
d8d0e4bd0a27b5d4b00b32f474a5923a,251.0,270.6,341.1,0.7069686000000001,48.0
d8d0e4bd0a27b5d4b00b32f474a5923a,225.9,246.0,341.1,0.6796097437500002,56.0
d8d0e4bd0a27b5d4b00b32f474a5923a,251.0,246.0,341.1,0.6447675,48.0
d8d0e4bd0a27b5d4b00b32f474a5923a,276.1,221.4,416.9,0.48569636000000005,30.0
d8d0e4bd0a27b5d4b00b32f474a5923a,276.1,270.6,416.9,0.4715302161666667,24.0
d8d0e4bd0a27b5d4b00b32f474a5923a,225.9,221.4,416.9,0.46687158,35.0
d8d0e4bd0a27b5d4b00b32f474a5923a,225.9,270.6,416.9,0.45325449225000003,28.0
d8d0e4bd0a27b5d4b00b32f474a5923a,251.0,221.4,416.9,0.44293599999999994,30.0
d8d0e4bd0a27b5d4b00b32f474a5923a,276.1,246.0,416.9,0.4300436520833333,24.0
d8d0e4bd0a27b5d4b00b32f474a5923a,251.0,270.6,416.9,0.4300170333333333,24.0
d8d0e4bd0a27b5d4b00b32f474a5923a,225.9,246.0,416.9,0.41337587812499993,28.0
d8d0e4bd0a27b5d4b00b32f474a5923a,251.0,246.0,416.9,0.39218291666666666,24.0
dc0b41c3254944ee2f8977c80dc8f455,189.2,262.8,391.0,0.897846,72.0
dc0b41c3254944ee2f8977c80dc8f455,154.8,262.8,391.0,0.82446,80.0
dc0b41c3254944ee2f8977c80dc8f455,172.0,262.8,391.0,0.81993,72.0
dc0b41c3254944ee2f8977c80dc8f455,189.2,321.2,391.0,0.8180704999999998,54.0
dc0b41c3254944ee2f8977c80dc8f455,189.2,262.8,351.9,0.8100815535,72.0
dc0b41c3254944ee2f8977c80dc8f455,154.8,321.2,391.0,0.751205,60.0
dc0b41c3254944ee2f8977c80dc8f455,172.0,321.2,391.0,0.7470775,54.0
dc0b41c3254944ee2f8977c80dc8f455,189.2,292.0,391.0,0.7457275,54.0
dc0b41c3254944ee2f8977c80dc8f455,154.8,262.8,351.9,0.743869035,80.0
dc0b41c3254944ee2f8977c80dc8f455,172.0,262.8,351.9,0.7397818424999999,72.0
dc0b41c3254944ee2f8977c80dc8f455,189.2,321.2,351.9,0.7381041086249999,54.0
dc0b41c3254944ee2f8977c80dc8f455,154.8,292.0,391.0,0.684775,60.0
dc0b41c3254944ee2f8977c80dc8f455,172.0,292.0,391.0,0.6810125,54.0
dc0b41c3254944ee2f8977c80dc8f455,154.8,321.2,351.9,0.67777471125,60.0
dc0b41c3254944ee2f8977c80dc8f455,172.0,321.2,351.9,0.674050674375,54.0
dc0b41c3254944ee2f8977c80dc8f455,189.2,292.0,351.9,0.672832636875,54.0
dc0b41c3254944ee2f8977c80dc8f455,154.8,292.0,351.9,0.6178382437500001,60.0
dc0b41c3254944ee2f8977c80dc8f455,172.0,292.0,351.9,0.6144435281249999,54.0
dc0b41c3254944ee2f8977c80dc8f455,189.2,262.8,430.1,0.49280522325000004,36.0
dc0b41c3254944ee2f8977c80dc8f455,154.8,262.8,430.1,0.45252548250000013,40.0
dc0b41c3254944ee2f8977c80dc8f455,172.0,262.8,430.1,0.45003907875000004,36.0
dc0b41c3254944ee2f8977c80dc8f455,189.2,321.2,430.1,0.44901844568749993,27.0
dc0b41c3254944ee2f8977c80dc8f455,154.8,321.2,430.1,0.41231764437500007,30.0
dc0b41c3254944ee2f8977c80dc8f455,172.0,321.2,430.1,0.4100521628125,27.0
dc0b41c3254944ee2f8977c80dc8f455,189.2,292.0,430.1,0.4093111815625,27.0
dc0b41c3254944ee2f8977c80dc8f455,154.8,292.0,430.1,0.37585587812500004,30.0
dc0b41c3254944ee2f8977c80dc8f455,172.0,292.0,430.1,0.3737907359375,27.0
dcc42a5da445d56728ad8178bf5931e9,216.0,266.4,355.5,0.8365274999999999,64.0
dcc42a5da445d56728ad8178bf5931e9,240.0,266.4,355.5,0.8100374624999999,56.0
dcc42a5da445d56728ad8178bf5931e9,216.0,325.6,355.5,0.762260625,48.0
dcc42a5da445d56728ad8178bf5931e9,264.0,266.4,355.5,0.7612400249999999,48.0
dcc42a5da445d56728ad8178bf5931e9,240.0,325.6,355.5,0.7381223718750001,42.0
dcc42a5da445d56728ad8178bf5931e9,216.0,296.0,355.5,0.694828125,48.0
dcc42a5da445d56728ad8178bf5931e9,264.0,325.6,355.5,0.69365716875,36.0
dcc42a5da445d56728ad8178bf5931e9,240.0,296.0,355.5,0.672825234375,42.0
dcc42a5da445d56728ad8178bf5931e9,264.0,296.0,355.5,0.63229359375,36.0
dcc42a5da445d56728ad8178bf5931e9,216.0,266.4,434.5,0.50891625,32.0
dcc42a5da445d56728ad8178bf5931e9,240.0,266.4,434.5,0.49280056874999995,28.0
dcc42a5da445d56728ad8178bf5931e9,216.0,325.6,434.5,0.4637346875,24.0
dcc42a5da445d56728ad8178bf5931e9,216.0,266.4,395.0,0.46358999999999995,32.0
dcc42a5da445d56728ad8178bf5931e9,264.0,266.4,434.5,0.4631137875,24.0
dcc42a5da445d56728ad8178bf5931e9,240.0,325.6,434.5,0.4490497557291667,21.0
dcc42a5da445d56728ad8178bf5931e9,240.0,266.4,395.0,0.4489096499999999,28.0
dcc42a5da445d56728ad8178bf5931e9,216.0,296.0,434.5,0.4227109375,24.0
dcc42a5da445d56728ad8178bf5931e9,216.0,325.6,395.0,0.4224325,24.0
dcc42a5da445d56728ad8178bf5931e9,264.0,325.6,434.5,0.42199856562500004,18.0
dcc42a5da445d56728ad8178bf5931e9,264.0,266.4,395.0,0.42186689999999993,24.0
dcc42a5da445d56728ad8178bf5931e9,240.0,296.0,434.5,0.4093250911458333,21.0
dcc42a5da445d56728ad8178bf5931e9,240.0,325.6,395.0,0.4090554708333333,21.0
dcc42a5da445d56728ad8178bf5931e9,216.0,296.0,395.0,0.3850625,24.0
dcc42a5da445d56728ad8178bf5931e9,264.0,296.0,434.5,0.384666953125,18.0
dcc42a5da445d56728ad8178bf5931e9,264.0,325.6,395.0,0.384413575,18.0
dcc42a5da445d56728ad8178bf5931e9,240.0,296.0,395.0,0.37286885416666665,21.0
dcc42a5da445d56728ad8178bf5931e9,264.0,296.0,395.0,0.350406875,18.0
ddc544b82bb095f53666029f60d7e482,190.3,266.4,391.0,0.914787,72.0
ddc544b82bb095f53666029f60d7e482,155.7,266.4,391.0,0.8399699999999999,80.0
ddc544b82bb095f53666029f60d7e482,173.0,266.4,391.0,0.83538,72.0
ddc544b82bb095f53666029f60d7e482,190.3,325.6,391.0,0.8335722500000001,54.0
ddc544b82bb095f53666029f60d7e482,190.3,266.4,351.9,0.82536657075,72.0
ddc544b82bb095f53666029f60d7e482,155.7,325.6,391.0,0.7653975,60.0
ddc544b82bb095f53666029f60d7e482,173.0,325.6,391.0,0.761215,54.0
ddc544b82bb095f53666029f60d7e482,190.3,296.0,391.0,0.75983125,54.0
ddc544b82bb095f53666029f60d7e482,155.7,266.4,351.9,0.7578629324999998,80.0
ddc544b82bb095f53666029f60d7e482,173.0,266.4,351.9,0.7537216049999997,72.0
ddc544b82bb095f53666029f60d7e482,190.3,325.6,351.9,0.7520905625625002,54.0
ddc544b82bb095f53666029f60d7e482,155.7,296.0,391.0,0.6976875,60.0
ddc544b82bb095f53666029f60d7e482,173.0,296.0,391.0,0.693875,54.0
ddc544b82bb095f53666029f60d7e482,155.7,325.6,351.9,0.690579894375,60.0
ddc544b82bb095f53666029f60d7e482,173.0,325.6,351.9,0.68680623375,54.0
ddc544b82bb095f53666029f60d7e482,190.3,296.0,351.9,0.6855577453124999,54.0
ddc544b82bb095f53666029f60d7e482,155.7,296.0,351.9,0.629488546875,60.0
ddc544b82bb095f53666029f60d7e482,173.0,296.0,351.9,0.62604871875,54.0
ddc544b82bb095f53666029f60d7e482,190.3,266.4,430.1,0.502103714625,36.0
ddc544b82bb095f53666029f60d7e482,155.7,266.4,430.1,0.46103853374999987,40.0
ddc544b82bb095f53666029f60d7e482,173.0,266.4,430.1,0.4585191975,36.0
ddc544b82bb095f53666029f60d7e482,190.3,325.6,430.1,0.45752696871875015,27.0
ddc544b82bb095f53666029f60d7e482,155.7,325.6,430.1,0.42010755281250006,30.0
ddc544b82bb095f53666029f60d7e482,173.0,325.6,430.1,0.41781188312500006,27.0
ddc544b82bb095f53666029f60d7e482,190.3,296.0,430.1,0.41705237734375006,27.0
ddc544b82bb095f53666029f60d7e482,155.7,296.0,430.1,0.3829432265625,30.0
ddc544b82bb095f53666029f60d7e482,173.0,296.0,430.1,0.380850640625,27.0
ddc8f0c662924d5b7914ba35ddb1ebe4,275.0,264.6,355.5,0.7867368,48.0
ddc8f0c662924d5b7914ba35ddb1ebe4,225.0,264.6,355.5,0.7562646000000001,56.0
ddc8f0c662924d5b7914ba35ddb1ebe4,250.0,264.6,355.5,0.7174818000000001,48.0
ddc8f0c662924d5b7914ba35ddb1ebe4,275.0,323.4,355.5,0.7168621499999999,36.0
ddc8f0c662924d5b7914ba35ddb1ebe4,225.0,323.4,355.5,0.6890963625,42.0
ddc8f0c662924d5b7914ba35ddb1ebe4,250.0,323.4,355.5,0.6537580874999999,36.0
ddc8f0c662924d5b7914ba35ddb1ebe4,275.0,294.0,355.5,0.653457375,36.0
ddc8f0c662924d5b7914ba35ddb1ebe4,225.0,294.0,355.5,0.62814740625,42.0
ddc8f0c662924d5b7914ba35ddb1ebe4,250.0,294.0,355.5,0.59593471875,36.0
ddc8f0c662924d5b7914ba35ddb1ebe4,275.0,264.6,434.5,0.4786252000000001,24.0
ddc8f0c662924d5b7914ba35ddb1ebe4,225.0,264.6,434.5,0.4600869,28.0
ddc8f0c662924d5b7914ba35ddb1ebe4,250.0,264.6,434.5,0.4364927,24.0
ddc8f0c662924d5b7914ba35ddb1ebe4,275.0,323.4,434.5,0.43611572499999995,18.0
ddc8f0c662924d5b7914ba35ddb1ebe4,275.0,264.6,395.0,0.4359968000000001,24.0
ddc8f0c662924d5b7914ba35ddb1ebe4,225.0,323.4,434.5,0.4192239187499999,21.0
ddc8f0c662924d5b7914ba35ddb1ebe4,225.0,264.6,395.0,0.41910960000000014,28.0
ddc8f0c662924d5b7914ba35ddb1ebe4,250.0,323.4,434.5,0.39772525625,18.0
ddc8f0c662924d5b7914ba35ddb1ebe4,250.0,264.6,395.0,0.39761680000000005,24.0
ddc8f0c662924d5b7914ba35ddb1ebe4,275.0,294.0,434.5,0.3975423125,18.0
ddc8f0c662924d5b7914ba35ddb1ebe4,275.0,323.4,395.0,0.39727339999999994,18.0
ddc8f0c662924d5b7914ba35ddb1ebe4,225.0,294.0,434.5,0.382144546875,21.0
ddc8f0c662924d5b7914ba35ddb1ebe4,225.0,323.4,395.0,0.3818860499999999,21.0
ddc8f0c662924d5b7914ba35ddb1ebe4,250.0,294.0,434.5,0.362547390625,18.0
ddc8f0c662924d5b7914ba35ddb1ebe4,250.0,323.4,395.0,0.36230214999999993,18.0
ddc8f0c662924d5b7914ba35ddb1ebe4,275.0,294.0,395.0,0.3621355,18.0
ddc8f0c662924d5b7914ba35ddb1ebe4,225.0,294.0,395.0,0.348109125,21.0
ddc8f0c662924d5b7914ba35ddb1ebe4,250.0,294.0,395.0,0.330257375,18.0
e205014ff79e36431f829f1fab46061c,245.7,288.0,388.0,0.9732405374999998,56.0
e205014ff79e36431f829f1fab46061c,273.0,288.0,388.0,0.9236205,48.0
e205014ff79e36431f829f1fab46061c,245.7,259.2,388.0,0.8788656975,56.0
e205014ff79e36431f829f1fab46061c,245.7,288.0,349.2,0.8781228224999998,56.0
e205014ff79e36431f829f1fab46061c,300.3,288.0,388.0,0.8441956875,40.0
e205014ff79e36431f829f1fab46061c,273.0,259.2,388.0,0.8340572999999999,48.0
e205014ff79e36431f829f1fab46061c,273.0,288.0,349.2,0.8333523,48.0
e205014ff79e36431f829f1fab46061c,245.7,316.8,388.0,0.800711533125,42.0
e205014ff79e36431f829f1fab46061c,245.7,259.2,349.2,0.7929715184999998,56.0
e205014ff79e36431f829f1fab46061c,300.3,259.2,388.0,0.7623342875,40.0
e205014ff79e36431f829f1fab46061c,300.3,288.0,349.2,0.7616899125000001,40.0
e205014ff79e36431f829f1fab46061c,273.0,316.8,388.0,0.759887775,36.0
e205014ff79e36431f829f1fab46061c,273.0,259.2,349.2,0.75254238,48.0
e205014ff79e36431f829f1fab46061c,245.7,316.8,349.2,0.722455594875,42.0
e205014ff79e36431f829f1fab46061c,300.3,316.8,388.0,0.6945428156250001,30.0
e205014ff79e36431f829f1fab46061c,300.3,259.2,349.2,0.6878290724999998,40.0
e205014ff79e36431f829f1fab46061c,273.0,316.8,349.2,0.6856216650000001,36.0
e205014ff79e36431f829f1fab46061c,300.3,316.8,349.2,0.626663064375,30.0
e205014ff79e36431f829f1fab46061c,245.7,288.0,426.8,0.53417912625,28.0
e205014ff79e36431f829f1fab46061c,273.0,288.0,426.8,0.50694435,24.0
e205014ff79e36431f829f1fab46061c,245.7,259.2,426.8,0.48237993825000003,28.0
e205014ff79e36431f829f1fab46061c,300.3,288.0,426.8,0.4633507312500001,20.0
e205014ff79e36431f829f1fab46061c,273.0,259.2,426.8,0.45778610999999997,24.0
e205014ff79e36431f829f1fab46061c,245.7,316.8,426.8,0.43948373568749993,21.0
e205014ff79e36431f829f1fab46061c,300.3,259.2,426.8,0.41841975125,20.0
e205014ff79e36431f829f1fab46061c,273.0,316.8,426.8,0.41707694250000005,18.0
e205014ff79e36431f829f1fab46061c,300.3,316.8,426.8,0.38121128343750005,15.0
e67976152cc42ec69a300f4522f58632,280.5,229.5,353.7,0.8695449140625,60.0
e67976152cc42ec69a300f4522f58632,280.5,280.5,353.7,0.8443882687500001,48.0
e67976152cc42ec69a300f4522f58632,229.5,229.5,353.7,0.83575430859375,70.0
e67976152cc42ec69a300f4522f58632,229.5,280.5,353.7,0.8115752531249999,56.0
e67976152cc42ec69a300f4522f58632,255.0,229.5,353.7,0.792952875,60.0
e67976152cc42ec69a300f4522f58632,255.0,280.5,353.7,0.7700121,48.0
e67976152cc42ec69a300f4522f58632,280.5,255.0,353.7,0.7700121,48.0
e67976152cc42ec69a300f4522f58632,229.5,255.0,353.7,0.74008935,56.0
e67976152cc42ec69a300f4522f58632,255.0,255.0,353.7,0.7021871999999999,48.0
e67976152cc42ec69a300f4522f58632,280.5,229.5,432.3,0.52899113671875,30.0
e67976152cc42ec69a300f4522f58632,280.5,280.5,432.3,0.513686990625,24.0
e67976152cc42ec69a300f4522f58632,229.5,229.5,432.3,0.508434486328125,35.0
e67976152cc42ec69a300f4522f58632,229.5,280.5,432.3,0.4937250609375,28.0
e67976152cc42ec69a300f4522f58632,255.0,229.5,432.3,0.4823960625,30.0
e67976152cc42ec69a300f4522f58632,280.5,229.5,393.0,0.481881796875,30.0
e67976152cc42ec69a300f4522f58632,255.0,280.5,432.3,0.46843994999999994,24.0
e67976152cc42ec69a300f4522f58632,280.5,255.0,432.3,0.46843994999999994,24.0
e67976152cc42ec69a300f4522f58632,280.5,280.5,393.0,0.4679405625,24.0
e67976152cc42ec69a300f4522f58632,229.5,229.5,393.0,0.4631558203125,35.0
e67976152cc42ec69a300f4522f58632,229.5,255.0,432.3,0.450236325,28.0
e67976152cc42ec69a300f4522f58632,229.5,280.5,393.0,0.44975634375,28.0
e67976152cc42ec69a300f4522f58632,255.0,229.5,393.0,0.43943625,30.0
e67976152cc42ec69a300f4522f58632,255.0,255.0,432.3,0.4271784,24.0
e67976152cc42ec69a300f4522f58632,255.0,280.5,393.0,0.426723,24.0
e67976152cc42ec69a300f4522f58632,280.5,255.0,393.0,0.426723,24.0
e67976152cc42ec69a300f4522f58632,229.5,255.0,393.0,0.4101405,28.0
e67976152cc42ec69a300f4522f58632,255.0,255.0,393.0,0.389136,24.0
e70cd62d04659cbda3f1df24c7140e35,177.3,221.4,379.0,0.8674128000000001,90.0
e70cd62d04659cbda3f1df24c7140e35,197.0,221.4,379.0,0.8525653333333333,80.0
e70cd62d04659cbda3f1df24c7140e35,177.3,270.6,379.0,0.8421132600000003,72.0
e70cd62d04659cbda3f1df24c7140e35,197.0,270.6,379.0,0.8276988444444445,64.0
e70cd62d04659cbda3f1df24c7140e35,216.7,221.4,379.0,0.8173349333333333,70.0
e70cd62d04659cbda3f1df24c7140e35,216.7,270.6,379.0,0.7934959977777777,56.0
e70cd62d04659cbda3f1df24c7140e35,177.3,221.4,341.1,0.7826835600000001,90.0
e70cd62d04659cbda3f1df24c7140e35,197.0,221.4,341.1,0.7692864000000001,80.0
e70cd62d04659cbda3f1df24c7140e35,177.3,246.0,379.0,0.76802175,72.0
e70cd62d04659cbda3f1df24c7140e35,177.3,270.6,341.1,0.7598552895000003,72.0
e70cd62d04659cbda3f1df24c7140e35,197.0,246.0,379.0,0.7548755555555555,64.0
e70cd62d04659cbda3f1df24c7140e35,197.0,270.6,341.1,0.74684888,64.0
e70cd62d04659cbda3f1df24c7140e35,216.7,221.4,341.1,0.7374973200000001,70.0
e70cd62d04659cbda3f1df24c7140e35,216.7,246.0,379.0,0.7236819722222222,56.0
e70cd62d04659cbda3f1df24c7140e35,216.7,270.6,341.1,0.7159869815000001,56.0
e70cd62d04659cbda3f1df24c7140e35,177.3,246.0,341.1,0.69300106875,72.0
e70cd62d04659cbda3f1df24c7140e35,197.0,246.0,341.1,0.681139,64.0
e70cd62d04659cbda3f1df24c7140e35,216.7,246.0,341.1,0.6529924187500001,56.0
e70cd62d04659cbda3f1df24c7140e35,177.3,221.4,416.9,0.47607102,45.0
e70cd62d04659cbda3f1df24c7140e35,197.0,221.4,416.9,0.4679221333333333,40.0
e70cd62d04659cbda3f1df24c7140e35,177.3,270.6,416.9,0.46218561525,36.0
e70cd62d04659cbda3f1df24c7140e35,197.0,270.6,416.9,0.45427440444444445,32.0
e70cd62d04659cbda3f1df24c7140e35,216.7,221.4,416.9,0.4485862733333333,35.0
e70cd62d04659cbda3f1df24c7140e35,216.7,270.6,416.9,0.43550250702777776,28.0
e70cd62d04659cbda3f1df24c7140e35,177.3,246.0,416.9,0.42152121562499995,36.0
e70cd62d04659cbda3f1df24c7140e35,197.0,246.0,416.9,0.41430605555555555,32.0
e70cd62d04659cbda3f1df24c7140e35,216.7,246.0,416.9,0.3971857628472222,28.0
e740f34d87ef8ba88af8bc4375aaebab,167.0,286.0,384.0,0.9446555555555556,80.0
e740f34d87ef8ba88af8bc4375aaebab,150.3,286.0,384.0,0.9405226875,88.0
e740f34d87ef8ba88af8bc4375aaebab,183.7,286.0,384.0,0.9308614375,72.0
e740f34d87ef8ba88af8bc4375aaebab,167.0,257.4,384.0,0.853072,80.0
e740f34d87ef8ba88af8bc4375aaebab,167.0,286.0,345.6,0.8523533333333333,80.0
e740f34d87ef8ba88af8bc4375aaebab,150.3,257.4,384.0,0.8493398099999999,88.0
e740f34d87ef8ba88af8bc4375aaebab,150.3,286.0,345.6,0.8486242875000001,88.0
e740f34d87ef8ba88af8bc4375aaebab,183.7,257.4,384.0,0.8406152099999998,72.0
e740f34d87ef8ba88af8bc4375aaebab,183.7,286.0,345.6,0.8399070375000001,72.0
e740f34d87ef8ba88af8bc4375aaebab,167.0,314.6,384.0,0.7771793333333333,60.0
e740f34d87ef8ba88af8bc4375aaebab,150.3,314.6,384.0,0.7737791737500002,66.0
e740f34d87ef8ba88af8bc4375aaebab,167.0,257.4,345.6,0.7697184,80.0
e740f34d87ef8ba88af8bc4375aaebab,150.3,257.4,345.6,0.766350882,88.0
e740f34d87ef8ba88af8bc4375aaebab,183.7,314.6,384.0,0.7658307487500001,54.0
e740f34d87ef8ba88af8bc4375aaebab,183.7,257.4,345.6,0.7584787619999999,72.0
e740f34d87ef8ba88af8bc4375aaebab,167.0,314.6,345.6,0.7012412000000001,60.0
e740f34d87ef8ba88af8bc4375aaebab,150.3,314.6,345.6,0.6981732697500003,66.0
e740f34d87ef8ba88af8bc4375aaebab,183.7,314.6,345.6,0.69100148475,54.0
e740f34d87ef8ba88af8bc4375aaebab,167.0,286.0,422.4,0.5184788888888889,40.0
e740f34d87ef8ba88af8bc4375aaebab,150.3,286.0,422.4,0.51621054375,44.0
e740f34d87ef8ba88af8bc4375aaebab,183.7,286.0,422.4,0.51090791875,36.0
e740f34d87ef8ba88af8bc4375aaebab,167.0,257.4,422.4,0.46821279999999993,40.0
e740f34d87ef8ba88af8bc4375aaebab,150.3,257.4,422.4,0.46616436899999997,44.0
e740f34d87ef8ba88af8bc4375aaebab,183.7,257.4,422.4,0.4613758289999999,36.0
e740f34d87ef8ba88af8bc4375aaebab,167.0,314.6,422.4,0.4265587333333334,30.0
e740f34d87ef8ba88af8bc4375aaebab,150.3,314.6,422.4,0.4246925388750001,33.0
e740f34d87ef8ba88af8bc4375aaebab,183.7,314.6,422.4,0.420330006375,27.0
e743e947473252606cfa14519dbf593b,291.0,229.5,353.7,0.9010828125,60.0
e743e947473252606cfa14519dbf593b,291.0,280.5,353.7,0.87501375,48.0
e743e947473252606cfa14519dbf593b,320.1,229.5,353.7,0.82373987109375,50.0
e743e947473252606cfa14519dbf593b,261.9,229.5,353.7,0.8136777796874999,60.0
e743e947473252606cfa14519dbf593b,320.1,280.5,353.7,0.7999084031249999,40.0
e743e947473252606cfa14519dbf593b,291.0,255.0,353.7,0.79794,48.0
e743e947473252606cfa14519dbf593b,261.9,280.5,353.7,0.7901374162499999,48.0
e743e947473252606cfa14519dbf593b,320.1,255.0,353.7,0.72945015,40.0
e743e947473252606cfa14519dbf593b,261.9,255.0,353.7,0.7205398199999998,48.0
e743e947473252606cfa14519dbf593b,291.0,229.5,432.3,0.54817734375,30.0
e743e947473252606cfa14519dbf593b,291.0,280.5,432.3,0.532318125,24.0
e743e947473252606cfa14519dbf593b,320.1,229.5,432.3,0.5011254550781251,25.0
e743e947473252606cfa14519dbf593b,291.0,229.5,393.0,0.499359375,30.0
e743e947473252606cfa14519dbf593b,261.9,229.5,432.3,0.49500414140624993,30.0
e743e947473252606cfa14519dbf593b,320.1,280.5,432.3,0.48662748593750005,20.0
e743e947473252606cfa14519dbf593b,291.0,255.0,432.3,0.48543,24.0
e743e947473252606cfa14519dbf593b,291.0,280.5,393.0,0.4849125,24.0
e743e947473252606cfa14519dbf593b,261.9,280.5,432.3,0.4806832668749999,24.0
e743e947473252606cfa14519dbf593b,320.1,229.5,393.0,0.45649769531250006,25.0
e743e947473252606cfa14519dbf593b,261.9,229.5,393.0,0.45092151562499994,30.0
e743e947473252606cfa14519dbf593b,320.1,255.0,432.3,0.44376392500000006,20.0
e743e947473252606cfa14519dbf593b,320.1,280.5,393.0,0.44329084375000005,20.0
e743e947473252606cfa14519dbf593b,291.0,255.0,393.0,0.4422,24.0
e743e947473252606cfa14519dbf593b,261.9,255.0,432.3,0.43834328999999994,24.0
e743e947473252606cfa14519dbf593b,261.9,280.5,393.0,0.4378759874999999,24.0
e743e947473252606cfa14519dbf593b,320.1,255.0,393.0,0.40424450000000006,20.0
e743e947473252606cfa14519dbf593b,261.9,255.0,393.0,0.39930659999999996,24.0
e86f3262de6efa8372f7a6e317b74e6b,144.0,286.0,386.0,0.9079239583333333,88.0
e86f3262de6efa8372f7a6e317b74e6b,158.4,286.0,386.0,0.90306875,80.0
e86f3262de6efa8372f7a6e317b74e6b,129.6,286.0,386.0,0.8972425,96.0
e86f3262de6efa8372f7a6e317b74e6b,144.0,257.4,386.0,0.8199014999999998,88.0
e86f3262de6efa8372f7a6e317b74e6b,144.0,286.0,347.4,0.8192002499999999,88.0
e86f3262de6efa8372f7a6e317b74e6b,158.4,257.4,386.0,0.815517,80.0
e86f3262de6efa8372f7a6e317b74e6b,158.4,286.0,347.4,0.8148195,80.0
e86f3262de6efa8372f7a6e317b74e6b,129.6,257.4,386.0,0.8102555999999999,96.0
e86f3262de6efa8372f7a6e317b74e6b,129.6,286.0,347.4,0.8095626,96.0
e86f3262de6efa8372f7a6e317b74e6b,144.0,314.6,386.0,0.7469598125,66.0
e86f3262de6efa8372f7a6e317b74e6b,158.4,314.6,386.0,0.7429653750000001,60.0
e86f3262de6efa8372f7a6e317b74e6b,144.0,257.4,347.4,0.7397794799999999,88.0
e86f3262de6efa8372f7a6e317b74e6b,129.6,314.6,386.0,0.73817205,72.0
e86f3262de6efa8372f7a6e317b74e6b,158.4,257.4,347.4,0.73582344,80.0
e86f3262de6efa8372f7a6e317b74e6b,129.6,257.4,347.4,0.7310761919999997,96.0
e86f3262de6efa8372f7a6e317b74e6b,144.0,314.6,347.4,0.673965765,66.0
e86f3262de6efa8372f7a6e317b74e6b,158.4,314.6,347.4,0.67036167,60.0
e86f3262de6efa8372f7a6e317b74e6b,129.6,314.6,347.4,0.666036756,72.0
e86f3262de6efa8372f7a6e317b74e6b,144.0,286.0,424.6,0.49832383333333335,44.0
e86f3262de6efa8372f7a6e317b74e6b,158.4,286.0,424.6,0.495659,40.0
e86f3262de6efa8372f7a6e317b74e6b,129.6,286.0,424.6,0.49246119999999993,48.0
e86f3262de6efa8372f7a6e317b74e6b,144.0,257.4,424.6,0.45001176000000004,44.0
e86f3262de6efa8372f7a6e317b74e6b,158.4,257.4,424.6,0.44760528,40.0
e86f3262de6efa8372f7a6e317b74e6b,129.6,257.4,424.6,0.444717504,48.0
e86f3262de6efa8372f7a6e317b74e6b,144.0,314.6,424.6,0.4099769300000001,33.0
e86f3262de6efa8372f7a6e317b74e6b,158.4,314.6,424.6,0.4077845400000001,30.0
e86f3262de6efa8372f7a6e317b74e6b,129.6,314.6,424.6,0.405153672,36.0
ea4f4880b999f6854b641f68b394c657,180.9,282.0,380.0,0.8956870875,72.0
ea4f4880b999f6854b641f68b394c657,201.0,282.0,380.0,0.8804366666666666,64.0
ea4f4880b999f6854b641f68b394c657,221.1,282.0,380.0,0.8441186541666664,56.0
ea4f4880b999f6854b641f68b394c657,180.9,253.8,380.0,0.8088885450000002,72.0
ea4f4880b999f6854b641f68b394c657,180.9,282.0,342.0,0.8081906625000002,72.0
ea4f4880b999f6854b641f68b394c657,201.0,253.8,380.0,0.795116,64.0
ea4f4880b999f6854b641f68b394c657,201.0,282.0,342.0,0.79443,64.0
ea4f4880b999f6854b641f68b394c657,221.1,253.8,380.0,0.762317465,56.0
ea4f4880b999f6854b641f68b394c657,221.1,282.0,342.0,0.7616597624999999,56.0
ea4f4880b999f6854b641f68b394c657,180.9,310.2,380.0,0.7368642225,54.0
ea4f4880b999f6854b641f68b394c657,180.9,253.8,342.0,0.729871155,72.0
ea4f4880b999f6854b641f68b394c657,201.0,310.2,380.0,0.724318,48.0
ea4f4880b999f6854b641f68b394c657,201.0,253.8,342.0,0.717444,64.0
ea4f4880b999f6854b641f68b394c657,221.1,310.2,380.0,0.6944398825,42.0
ea4f4880b999f6854b641f68b394c657,221.1,253.8,342.0,0.6878494350000001,56.0
ea4f4880b999f6854b641f68b394c657,180.9,310.2,342.0,0.6648826275,54.0
ea4f4880b999f6854b641f68b394c657,201.0,310.2,342.0,0.653562,48.0
ea4f4880b999f6854b641f68b394c657,221.1,310.2,342.0,0.6266025674999999,42.0
ea4f4880b999f6854b641f68b394c657,180.9,282.0,418.0,0.49159175625000007,36.0
ea4f4880b999f6854b641f68b394c657,201.0,282.0,418.0,0.48322166666666666,32.0
ea4f4880b999f6854b641f68b394c657,221.1,282.0,418.0,0.4632887729166666,28.0
ea4f4880b999f6854b641f68b394c657,180.9,253.8,418.0,0.4439529675,36.0
ea4f4880b999f6854b641f68b394c657,201.0,253.8,418.0,0.436394,32.0
ea4f4880b999f6854b641f68b394c657,221.1,253.8,418.0,0.4183927475,28.0
ea4f4880b999f6854b641f68b394c657,180.9,310.2,418.0,0.40442290875000003,27.0
ea4f4880b999f6854b641f68b394c657,201.0,310.2,418.0,0.397537,24.0
ea4f4880b999f6854b641f68b394c657,221.1,310.2,418.0,0.38113859875,21.0
ea6403e25e3a52198dad19251c207a47,245.0,226.8,380.0,0.9438031458333334,70.0
ea6403e25e3a52198dad19251c207a47,245.0,277.2,380.0,0.9164256500000002,56.0
ea6403e25e3a52198dad19251c207a47,269.5,226.8,380.0,0.8870050937500001,60.0
ea6403e25e3a52198dad19251c207a47,269.5,277.2,380.0,0.861275175,48.0
ea6403e25e3a52198dad19251c207a47,220.5,226.8,380.0,0.8527670156250001,70.0
ea6403e25e3a52198dad19251c207a47,245.0,226.8,342.0,0.8516064375000001,70.0
ea6403e25e3a52198dad19251c207a47,245.0,252.0,380.0,0.8357340833333333,56.0
ea6403e25e3a52198dad19251c207a47,220.5,277.2,380.0,0.8280302624999999,56.0
ea6403e25e3a52198dad19251c207a47,245.0,277.2,342.0,0.8269033499999999,56.0
ea6403e25e3a52198dad19251c207a47,269.5,226.8,342.0,0.80035678125,60.0
ea6403e25e3a52198dad19251c207a47,269.5,252.0,380.0,0.785439625,48.0
ea6403e25e3a52198dad19251c207a47,269.5,277.2,342.0,0.777140325,48.0
ea6403e25e3a52198dad19251c207a47,220.5,226.8,342.0,0.769463296875,70.0
ea6403e25e3a52198dad19251c207a47,220.5,252.0,380.0,0.7551219375,56.0
ea6403e25e3a52198dad19251c207a47,245.0,252.0,342.0,0.75409425,56.0
ea6403e25e3a52198dad19251c207a47,220.5,277.2,342.0,0.7471429875,56.0
ea6403e25e3a52198dad19251c207a47,269.5,252.0,342.0,0.708712875,48.0
ea6403e25e3a52198dad19251c207a47,220.5,252.0,342.0,0.6813568125,56.0
ea6403e25e3a52198dad19251c207a47,245.0,226.8,418.0,0.5179999270833334,35.0
ea6403e25e3a52198dad19251c207a47,245.0,277.2,418.0,0.5029739750000001,28.0
ea6403e25e3a52198dad19251c207a47,269.5,226.8,418.0,0.486826703125,30.0
ea6403e25e3a52198dad19251c207a47,269.5,277.2,418.0,0.47270501249999997,24.0
ea6403e25e3a52198dad19251c207a47,220.5,226.8,418.0,0.46803536718750005,35.0
ea6403e25e3a52198dad19251c207a47,245.0,252.0,418.0,0.45868695833333334,28.0
ea6403e25e3a52198dad19251c207a47,220.5,277.2,418.0,0.4544587687499999,28.0
ea6403e25e3a52198dad19251c207a47,269.5,252.0,418.0,0.4310831875,24.0
ea6403e25e3a52198dad19251c207a47,220.5,252.0,418.0,0.41444353125,28.0
eb4895380ccaa410da0fefb6f12b197b,278.3,286.0,386.0,0.9299342361111111,48.0
eb4895380ccaa410da0fefb6f12b197b,227.7,286.0,386.0,0.8938438541666667,56.0
eb4895380ccaa410da0fefb6f12b197b,253.0,286.0,386.0,0.8480430555555556,48.0
eb4895380ccaa410da0fefb6f12b197b,278.3,257.4,386.0,0.8397779000000001,48.0
eb4895380ccaa410da0fefb6f12b197b,278.3,286.0,347.4,0.8390596499999999,48.0
eb4895380ccaa410da0fefb6f12b197b,227.7,257.4,386.0,0.80718645,56.0
eb4895380ccaa410da0fefb6f12b197b,227.7,286.0,347.4,0.806496075,56.0
eb4895380ccaa410da0fefb6f12b197b,253.0,257.4,386.0,0.7658259999999999,48.0
eb4895380ccaa410da0fefb6f12b197b,253.0,286.0,347.4,0.765171,48.0
eb4895380ccaa410da0fefb6f12b197b,278.3,314.6,386.0,0.7650679291666669,36.0
eb4895380ccaa410da0fefb6f12b197b,278.3,257.4,347.4,0.7577135279999999,48.0
eb4895380ccaa410da0fefb6f12b197b,227.7,314.6,386.0,0.7353759437499999,42.0
eb4895380ccaa410da0fefb6f12b197b,227.7,257.4,347.4,0.7283069639999997,56.0
eb4895380ccaa410da0fefb6f12b197b,253.0,314.6,386.0,0.6976950833333335,36.0
eb4895380ccaa410da0fefb6f12b197b,253.0,257.4,347.4,0.6909883199999999,48.0
eb4895380ccaa410da0fefb6f12b197b,278.3,314.6,347.4,0.690304329,36.0
eb4895380ccaa410da0fefb6f12b197b,227.7,314.6,347.4,0.6635138895,42.0
eb4895380ccaa410da0fefb6f12b197b,253.0,314.6,347.4,0.62951526,36.0
eb4895380ccaa410da0fefb6f12b197b,278.3,286.0,424.6,0.5104044111111111,24.0
eb4895380ccaa410da0fefb6f12b197b,227.7,286.0,424.6,0.4905958166666667,28.0
eb4895380ccaa410da0fefb6f12b197b,253.0,286.0,424.6,0.46545755555555557,24.0
eb4895380ccaa410da0fefb6f12b197b,278.3,257.4,424.6,0.46092113600000006,24.0
eb4895380ccaa410da0fefb6f12b197b,227.7,257.4,424.6,0.44303296799999997,28.0
eb4895380ccaa410da0fefb6f12b197b,253.0,257.4,424.6,0.42033184,24.0
eb4895380ccaa410da0fefb6f12b197b,278.3,314.6,424.6,0.41991576466666675,18.0
eb4895380ccaa410da0fefb6f12b197b,227.7,314.6,424.6,0.403618999,21.0
eb4895380ccaa410da0fefb6f12b197b,253.0,314.6,424.6,0.38293745333333334,18.0
eb8c91d6266d086a541d9c7411a9d92f,149.0,288.0,388.0,0.94873075,88.0
eb8c91d6266d086a541d9c7411a9d92f,163.9,288.0,388.0,0.943817875,80.0
eb8c91d6266d086a541d9c7411a9d92f,134.1,288.0,388.0,0.9373765499999999,96.0
eb8c91d6266d086a541d9c7411a9d92f,149.0,259.2,388.0,0.8567326166666666,88.0
eb8c91d6266d086a541d9c7411a9d92f,149.0,288.0,349.2,0.8560084499999999,88.0
eb8c91d6266d086a541d9c7411a9d92f,163.9,259.2,388.0,0.8522961416666667,80.0
eb8c91d6266d086a541d9c7411a9d92f,163.9,288.0,349.2,0.851575725,80.0
eb8c91d6266d086a541d9c7411a9d92f,134.1,259.2,388.0,0.84647943,96.0
eb8c91d6266d086a541d9c7411a9d92f,134.1,288.0,349.2,0.8457639299999999,96.0
eb8c91d6266d086a541d9c7411a9d92f,149.0,316.8,388.0,0.7805466624999999,66.0
eb8c91d6266d086a541d9c7411a9d92f,163.9,316.8,388.0,0.77650470625,60.0
eb8c91d6266d086a541d9c7411a9d92f,149.0,259.2,349.2,0.77300157,88.0
eb8c91d6266d086a541d9c7411a9d92f,134.1,316.8,388.0,0.7712052525,72.0
eb8c91d6266d086a541d9c7411a9d92f,163.9,259.2,349.2,0.7689986849999999,80.0
eb8c91d6266d086a541d9c7411a9d92f,134.1,259.2,349.2,0.7637504579999999,96.0
eb8c91d6266d086a541d9c7411a9d92f,149.0,316.8,349.2,0.7042614975,66.0
eb8c91d6266d086a541d9c7411a9d92f,163.9,316.8,349.2,0.7006145737500001,60.0
eb8c91d6266d086a541d9c7411a9d92f,134.1,316.8,349.2,0.6958330515000001,72.0
eb8c91d6266d086a541d9c7411a9d92f,149.0,288.0,426.8,0.520726525,44.0
eb8c91d6266d086a541d9c7411a9d92f,163.9,288.0,426.8,0.5180300125000001,40.0
eb8c91d6266d086a541d9c7411a9d92f,134.1,288.0,426.8,0.5144945849999999,48.0
eb8c91d6266d086a541d9c7411a9d92f,149.0,259.2,426.8,0.47023183166666666,44.0
eb8c91d6266d086a541d9c7411a9d92f,163.9,259.2,426.8,0.46779679916666667,40.0
eb8c91d6266d086a541d9c7411a9d92f,134.1,259.2,426.8,0.464604201,48.0
eb8c91d6266d086a541d9c7411a9d92f,149.0,316.8,426.8,0.42841591375000004,33.0
eb8c91d6266d086a541d9c7411a9d92f,163.9,316.8,426.8,0.42619741937500005,30.0
eb8c91d6266d086a541d9c7411a9d92f,134.1,316.8,426.8,0.42328872675000007,36.0
ec50ec2078db5c1fbf57db09049b95f3,158.0,282.0,380.0,0.8751959722222222,80.0
ec50ec2078db5c1fbf57db09049b95f3,142.2,282.0,380.0,0.8716322999999998,88.0
ec50ec2078db5c1fbf57db09049b95f3,173.8,282.0,380.0,0.8621990500000001,72.0
ec50ec2078db5c1fbf57db09049b95f3,158.0,253.8,380.0,0.7903831666666666,80.0
ec50ec2078db5c1fbf57db09049b95f3,158.0,282.0,342.0,0.78970125,80.0
ec50ec2078db5c1fbf57db09049b95f3,142.2,253.8,380.0,0.78716484,88.0
ec50ec2078db5c1fbf57db09049b95f3,142.2,282.0,342.0,0.7864857,88.0
ec50ec2078db5c1fbf57db09049b95f3,173.8,253.8,380.0,0.77864574,72.0
ec50ec2078db5c1fbf57db09049b95f3,173.8,282.0,342.0,0.7779739500000001,72.0
ec50ec2078db5c1fbf57db09049b95f3,158.0,310.2,380.0,0.7200065833333333,60.0
ec50ec2078db5c1fbf57db09049b95f3,142.2,310.2,380.0,0.7170748199999999,66.0
ec50ec2078db5c1fbf57db09049b95f3,158.0,253.8,342.0,0.7131735,80.0
ec50ec2078db5c1fbf57db09049b95f3,142.2,253.8,342.0,0.7102695599999999,88.0
ec50ec2078db5c1fbf57db09049b95f3,173.8,310.2,380.0,0.7093142699999999,54.0
ec50ec2078db5c1fbf57db09049b95f3,173.8,253.8,342.0,0.70258266,72.0
ec50ec2078db5c1fbf57db09049b95f3,158.0,310.2,342.0,0.6496717500000001,60.0
ec50ec2078db5c1fbf57db09049b95f3,142.2,310.2,342.0,0.6470263799999999,66.0
ec50ec2078db5c1fbf57db09049b95f3,173.8,310.2,342.0,0.6400239300000001,54.0
ec50ec2078db5c1fbf57db09049b95f3,158.0,282.0,418.0,0.4803453472222222,40.0
ec50ec2078db5c1fbf57db09049b95f3,142.2,282.0,418.0,0.47838944999999994,44.0
ec50ec2078db5c1fbf57db09049b95f3,173.8,282.0,418.0,0.473212075,36.0
ec50ec2078db5c1fbf57db09049b95f3,158.0,253.8,418.0,0.4337964166666667,40.0
ec50ec2078db5c1fbf57db09049b95f3,142.2,253.8,418.0,0.43203006,44.0
ec50ec2078db5c1fbf57db09049b95f3,173.8,253.8,418.0,0.4273544100000001,36.0
ec50ec2078db5c1fbf57db09049b95f3,158.0,310.2,418.0,0.39517070833333334,30.0
ec50ec2078db5c1fbf57db09049b95f3,142.2,310.2,418.0,0.39356163,33.0
ec50ec2078db5c1fbf57db09049b95f3,173.8,310.2,418.0,0.38930230499999996,27.0
edebe6dd9669ec03369694b6dbbd4c54,275.0,229.5,353.7,0.8530250625,60.0
edebe6dd9669ec03369694b6dbbd4c54,275.0,280.5,353.7,0.82834635,48.0
edebe6dd9669ec03369694b6dbbd4c54,225.0,229.5,353.7,0.819985359375,70.0
edebe6dd9669ec03369694b6dbbd4c54,225.0,280.5,353.7,0.7962625124999999,56.0
edebe6dd9669ec03369694b6dbbd4c54,250.0,229.5,353.7,0.777934828125,60.0
edebe6dd9669ec03369694b6dbbd4c54,250.0,280.5,353.7,0.7554285374999999,48.0
edebe6dd9669ec03369694b6dbbd4c54,275.0,255.0,353.7,0.7553831999999999,48.0
edebe6dd9669ec03369694b6dbbd4c54,225.0,255.0,353.7,0.7261254,56.0
edebe6dd9669ec03369694b6dbbd4c54,250.0,255.0,353.7,0.6888882,48.0
edebe6dd9669ec03369694b6dbbd4c54,275.0,229.5,432.3,0.51894121875,30.0
edebe6dd9669ec03369694b6dbbd4c54,275.0,280.5,432.3,0.503927825,24.0
edebe6dd9669ec03369694b6dbbd4c54,225.0,229.5,432.3,0.4988413828125,35.0
edebe6dd9669ec03369694b6dbbd4c54,225.0,280.5,432.3,0.48440949375000003,28.0
edebe6dd9669ec03369694b6dbbd4c54,250.0,229.5,432.3,0.4732597734375,30.0
edebe6dd9669ec03369694b6dbbd4c54,275.0,229.5,393.0,0.472726875,30.0
edebe6dd9669ec03369694b6dbbd4c54,250.0,280.5,432.3,0.45956798125000003,24.0
edebe6dd9669ec03369694b6dbbd4c54,275.0,255.0,432.3,0.4595404,24.0
edebe6dd9669ec03369694b6dbbd4c54,275.0,280.5,393.0,0.4590505,24.0
edebe6dd9669ec03369694b6dbbd4c54,225.0,229.5,393.0,0.45441703125,35.0
edebe6dd9669ec03369694b6dbbd4c54,225.0,255.0,432.3,0.4417413,28.0
edebe6dd9669ec03369694b6dbbd4c54,225.0,280.5,393.0,0.441270375,28.0
edebe6dd9669ec03369694b6dbbd4c54,250.0,229.5,393.0,0.43111359375,30.0
edebe6dd9669ec03369694b6dbbd4c54,250.0,255.0,432.3,0.4190879,24.0
edebe6dd9669ec03369694b6dbbd4c54,250.0,280.5,393.0,0.418641125,24.0
edebe6dd9669ec03369694b6dbbd4c54,275.0,255.0,393.0,0.418616,24.0
edebe6dd9669ec03369694b6dbbd4c54,225.0,255.0,393.0,0.402402,28.0
edebe6dd9669ec03369694b6dbbd4c54,250.0,255.0,393.0,0.381766,24.0
ef2c4cbdd2be88c4d7a73fe0a429c842,245.0,220.5,378.0,0.91386421875,70.0
ef2c4cbdd2be88c4d7a73fe0a429c842,245.0,269.5,378.0,0.8871849583333333,56.0
ef2c4cbdd2be88c4d7a73fe0a429c842,269.5,220.5,378.0,0.858867890625,60.0
ef2c4cbdd2be88c4d7a73fe0a429c842,269.5,269.5,378.0,0.8337941875,48.0
ef2c4cbdd2be88c4d7a73fe0a429c842,220.5,220.5,378.0,0.8257158984375,70.0
ef2c4cbdd2be88c4d7a73fe0a429c842,245.0,220.5,340.2,0.8246030624999998,70.0
ef2c4cbdd2be88c4d7a73fe0a429c842,245.0,245.0,378.0,0.8091381666666667,56.0
ef2c4cbdd2be88c4d7a73fe0a429c842,220.5,269.5,378.0,0.80161003125,56.0
ef2c4cbdd2be88c4d7a73fe0a429c842,245.0,269.5,340.2,0.8005296833333333,56.0
ef2c4cbdd2be88c4d7a73fe0a429c842,269.5,220.5,340.2,0.77497846875,60.0
ef2c4cbdd2be88c4d7a73fe0a429c842,269.5,245.0,378.0,0.76044425,48.0
ef2c4cbdd2be88c4d7a73fe0a429c842,269.5,269.5,340.2,0.7523538249999999,48.0
ef2c4cbdd2be88c4d7a73fe0a429c842,220.5,220.5,340.2,0.745064578125,70.0
ef2c4cbdd2be88c4d7a73fe0a429c842,220.5,245.0,378.0,0.731091375,56.0
ef2c4cbdd2be88c4d7a73fe0a429c842,245.0,245.0,340.2,0.7301060666666667,56.0
ef2c4cbdd2be88c4d7a73fe0a429c842,220.5,269.5,340.2,0.7233132374999999,56.0
ef2c4cbdd2be88c4d7a73fe0a429c842,269.5,245.0,340.2,0.6861683000000001,48.0
ef2c4cbdd2be88c4d7a73fe0a429c842,220.5,245.0,340.2,0.6596824499999999,56.0
ef2c4cbdd2be88c4d7a73fe0a429c842,245.0,220.5,415.8,0.5015626875000001,35.0
ef2c4cbdd2be88c4d7a73fe0a429c842,245.0,269.5,415.8,0.4869201166666667,28.0
ef2c4cbdd2be88c4d7a73fe0a429c842,269.5,220.5,415.8,0.47137865625,30.0
ef2c4cbdd2be88c4d7a73fe0a429c842,269.5,269.5,415.8,0.45761727500000005,24.0
ef2c4cbdd2be88c4d7a73fe0a429c842,220.5,220.5,415.8,0.453183609375,35.0
ef2c4cbdd2be88c4d7a73fe0a429c842,245.0,245.0,415.8,0.4440851333333333,28.0
ef2c4cbdd2be88c4d7a73fe0a429c842,220.5,269.5,415.8,0.43995341250000003,28.0
ef2c4cbdd2be88c4d7a73fe0a429c842,269.5,245.0,415.8,0.41736009999999996,24.0
ef2c4cbdd2be88c4d7a73fe0a429c842,220.5,245.0,415.8,0.40125015,28.0
f152ca1c81c447e9f47aac4e934dc6fc,163.0,282.0,380.0,0.9013994444444444,80.0
f152ca1c81c447e9f47aac4e934dc6fc,146.7,282.0,380.0,0.8975737374999998,88.0
f152ca1c81c447e9f47aac4e934dc6fc,179.3,282.0,380.0,0.8881404875000001,72.0
f152ca1c81c447e9f47aac4e934dc6fc,163.0,253.8,380.0,0.8140473333333333,80.0
f152ca1c81c447e9f47aac4e934dc6fc,163.0,282.0,342.0,0.813345,80.0
f152ca1c81c447e9f47aac4e934dc6fc,146.7,253.8,380.0,0.810592365,88.0
f152ca1c81c447e9f47aac4e934dc6fc,146.7,282.0,342.0,0.8098930124999999,88.0
f152ca1c81c447e9f47aac4e934dc6fc,179.3,253.8,380.0,0.8020732650000002,72.0
f152ca1c81c447e9f47aac4e934dc6fc,179.3,282.0,342.0,0.8013812625000001,72.0
f152ca1c81c447e9f47aac4e934dc6fc,163.0,310.2,380.0,0.7415636666666666,60.0
f152ca1c81c447e9f47aac4e934dc6fc,146.7,310.2,380.0,0.7384163324999998,66.0
f152ca1c81c447e9f47aac4e934dc6fc,163.0,253.8,342.0,0.734526,80.0
f152ca1c81c447e9f47aac4e934dc6fc,146.7,253.8,342.0,0.731408535,88.0
f152ca1c81c447e9f47aac4e934dc6fc,179.3,310.2,380.0,0.7306557825,54.0
f152ca1c81c447e9f47aac4e934dc6fc,179.3,253.8,342.0,0.7237216350000001,72.0
f152ca1c81c447e9f47aac4e934dc6fc,163.0,310.2,342.0,0.6691230000000001,60.0
f152ca1c81c447e9f47aac4e934dc6fc,146.7,310.2,342.0,0.6662831175,66.0
f152ca1c81c447e9f47aac4e934dc6fc,179.3,310.2,342.0,0.6592806675,54.0
f152ca1c81c447e9f47aac4e934dc6fc,163.0,282.0,418.0,0.4947269444444444,40.0
f152ca1c81c447e9f47aac4e934dc6fc,146.7,282.0,418.0,0.49262723124999996,44.0
f152ca1c81c447e9f47aac4e934dc6fc,179.3,282.0,418.0,0.48744985625000004,36.0
f152ca1c81c447e9f47aac4e934dc6fc,163.0,253.8,418.0,0.44678433333333334,40.0
f152ca1c81c447e9f47aac4e934dc6fc,146.7,253.8,418.0,0.44488809749999997,44.0
f152ca1c81c447e9f47aac4e934dc6fc,179.3,253.8,418.0,0.4402124475,36.0
f152ca1c81c447e9f47aac4e934dc6fc,163.0,310.2,418.0,0.40700216666666666,30.0
f152ca1c81c447e9f47aac4e934dc6fc,146.7,310.2,418.0,0.40527477375,33.0
f152ca1c81c447e9f47aac4e934dc6fc,179.3,310.2,418.0,0.40101544874999995,27.0
f1efec47e48187c72213058375afab2c,286.0,266.4,355.5,0.822585375,48.0
f1efec47e48187c72213058375afab2c,314.6,266.4,355.5,0.7519452750000001,40.0
f1efec47e48187c72213058375afab2c,286.0,325.6,355.5,0.74955628125,36.0
f1efec47e48187c72213058375afab2c,257.4,266.4,355.5,0.7428364199999998,48.0
f1efec47e48187c72213058375afab2c,314.6,325.6,355.5,0.6851876062500001,30.0
f1efec47e48187c72213058375afab2c,286.0,296.0,355.5,0.68324765625,36.0
f1efec47e48187c72213058375afab2c,257.4,325.6,355.5,0.676887435,36.0
f1efec47e48187c72213058375afab2c,314.6,296.0,355.5,0.62457328125,30.0
f1efec47e48187c72213058375afab2c,257.4,296.0,355.5,0.617007375,36.0
f1efec47e48187c72213058375afab2c,286.0,266.4,434.5,0.5004343125,24.0
f1efec47e48187c72213058375afab2c,314.6,266.4,434.5,0.45745916249999996,20.0
f1efec47e48187c72213058375afab2c,286.0,325.6,434.5,0.45600577604166664,18.0
f1efec47e48187c72213058375afab2c,286.0,266.4,395.0,0.4558635,24.0
f1efec47e48187c72213058375afab2c,257.4,266.4,434.5,0.4519176299999999,24.0
f1efec47e48187c72213058375afab2c,314.6,325.6,434.5,0.4168459579861112,15.0
f1efec47e48187c72213058375afab2c,314.6,266.4,395.0,0.4167159,20.0
f1efec47e48187c72213058375afab2c,286.0,296.0,434.5,0.4156657552083333,18.0
f1efec47e48187c72213058375afab2c,286.0,325.6,395.0,0.4153919583333333,18.0
f1efec47e48187c72213058375afab2c,257.4,325.6,434.5,0.4117964025,18.0
f1efec47e48187c72213058375afab2c,257.4,266.4,395.0,0.4116679199999999,24.0
f1efec47e48187c72213058375afab2c,314.6,296.0,434.5,0.3799701649305556,15.0
f1efec47e48187c72213058375afab2c,314.6,325.6,395.0,0.37971988055555556,15.0
f1efec47e48187c72213058375afab2c,286.0,296.0,395.0,0.37864479166666665,18.0
f1efec47e48187c72213058375afab2c,257.4,296.0,434.5,0.3753673125,18.0
f1efec47e48187c72213058375afab2c,257.4,325.6,395.0,0.37512006,18.0
f1efec47e48187c72213058375afab2c,314.6,296.0,395.0,0.3461284027777778,15.0
f1efec47e48187c72213058375afab2c,257.4,296.0,395.0,0.3419355,18.0
f201c0669374a768669461ddff1643e4,152.0,182.0,375.0,0.9020293333333333,132.0
f201c0669374a768669461ddff1643e4,167.2,182.0,375.0,0.8974453333333332,120.0
f201c0669374a768669461ddff1643e4,136.8,182.0,375.0,0.8911296000000001,144.0
f201c0669374a768669461ddff1643e4,152.0,200.2,375.0,0.8233182222222221,110.0
f201c0669374a768669461ddff1643e4,167.2,200.2,375.0,0.8191342222222221,100.0
f201c0669374a768669461ddff1643e4,152.0,163.8,375.0,0.8160768,132.0
f201c0669374a768669461ddff1643e4,152.0,182.0,337.5,0.81394053125,132.0
f201c0669374a768669461ddff1643e4,136.8,200.2,375.0,0.8133696,120.0
f201c0669374a768669461ddff1643e4,167.2,163.8,375.0,0.8119295999999999,120.0
f201c0669374a768669461ddff1643e4,167.2,182.0,337.5,0.8098041874999998,120.0
f201c0669374a768669461ddff1643e4,136.8,163.8,375.0,0.8062156800000001,144.0
f201c0669374a768669461ddff1643e4,136.8,182.0,337.5,0.8041052250000001,144.0
f201c0669374a768669461ddff1643e4,152.0,200.2,337.5,0.7429160520833332,110.0
f201c0669374a768669461ddff1643e4,167.2,200.2,337.5,0.7391406458333332,100.0
f201c0669374a768669461ddff1643e4,152.0,163.8,337.5,0.7363818000000001,132.0
f201c0669374a768669461ddff1643e4,136.8,200.2,337.5,0.7339389749999999,120.0
f201c0669374a768669461ddff1643e4,167.2,163.8,337.5,0.7326396,120.0
f201c0669374a768669461ddff1643e4,136.8,163.8,337.5,0.7274836800000001,144.0
f201c0669374a768669461ddff1643e4,152.0,182.0,412.5,0.49505906770833336,66.0
f201c0669374a768669461ddff1643e4,167.2,182.0,412.5,0.49254323958333324,60.0
f201c0669374a768669461ddff1643e4,136.8,182.0,412.5,0.48907698750000006,72.0
f201c0669374a768669461ddff1643e4,152.0,200.2,412.5,0.4518601961805555,55.0
f201c0669374a768669461ddff1643e4,167.2,200.2,412.5,0.44956389930555546,50.0
f201c0669374a768669461ddff1643e4,152.0,163.8,412.5,0.4478859,66.0
f201c0669374a768669461ddff1643e4,136.8,200.2,412.5,0.4464001125,60.0
f201c0669374a768669461ddff1643e4,167.2,163.8,412.5,0.4456098,60.0
f201c0669374a768669461ddff1643e4,136.8,163.8,412.5,0.44247384000000006,72.0
f324c5af11a778e41d0ca8572b5187bb,165.6,286.0,384.0,0.93714125,80.0
f324c5af11a778e41d0ca8572b5187bb,184.0,286.0,384.0,0.932310625,72.0
f324c5af11a778e41d0ca8572b5187bb,202.4,286.0,384.0,0.9077281111111111,64.0
f324c5af11a778e41d0ca8572b5187bb,165.6,257.4,384.0,0.8462862,80.0
f324c5af11a778e41d0ca8572b5187bb,165.6,286.0,345.6,0.8455732500000002,80.0
f324c5af11a778e41d0ca8572b5187bb,184.0,257.4,384.0,0.8419238999999998,72.0
f324c5af11a778e41d0ca8572b5187bb,184.0,286.0,345.6,0.841214625,72.0
f324c5af11a778e41d0ca8572b5187bb,202.4,257.4,384.0,0.81972464,64.0
f324c5af11a778e41d0ca8572b5187bb,202.4,286.0,345.6,0.8190340666666667,64.0
f324c5af11a778e41d0ca8572b5187bb,165.6,314.6,384.0,0.7709972250000001,60.0
f324c5af11a778e41d0ca8572b5187bb,184.0,314.6,384.0,0.7670230125,54.0
f324c5af11a778e41d0ca8572b5187bb,165.6,257.4,345.6,0.7635956399999999,80.0
f324c5af11a778e41d0ca8572b5187bb,184.0,257.4,345.6,0.7596595800000001,72.0
f324c5af11a778e41d0ca8572b5187bb,202.4,314.6,384.0,0.7467986866666668,48.0
f324c5af11a778e41d0ca8572b5187bb,202.4,257.4,345.6,0.7396294080000001,64.0
f324c5af11a778e41d0ca8572b5187bb,165.6,314.6,345.6,0.6956631450000001,60.0
f324c5af11a778e41d0ca8572b5187bb,184.0,314.6,345.6,0.6920772525000001,54.0
f324c5af11a778e41d0ca8572b5187bb,202.4,314.6,345.6,0.673829044,48.0
f324c5af11a778e41d0ca8572b5187bb,165.6,286.0,422.4,0.514354625,40.0
f324c5af11a778e41d0ca8572b5187bb,184.0,286.0,422.4,0.5117033125,36.0
f324c5af11a778e41d0ca8572b5187bb,202.4,286.0,422.4,0.4982110777777778,32.0
f324c5af11a778e41d0ca8572b5187bb,165.6,257.4,422.4,0.4644883799999999,40.0
f324c5af11a778e41d0ca8572b5187bb,184.0,257.4,422.4,0.46209410999999995,36.0
f324c5af11a778e41d0ca8572b5187bb,202.4,257.4,422.4,0.449909936,32.0
f324c5af11a778e41d0ca8572b5187bb,165.6,314.6,422.4,0.42316565250000004,30.0
f324c5af11a778e41d0ca8572b5187bb,184.0,314.6,422.4,0.42098438624999995,27.0
f324c5af11a778e41d0ca8572b5187bb,202.4,314.6,422.4,0.40988416466666666,24.0
f95687311339e4b9b0ef5622b26fd941,188.1,229.5,353.7,0.8880171117187499,90.0
f95687311339e4b9b0ef5622b26fd941,209.0,229.5,353.7,0.8730491249999999,80.0
f95687311339e4b9b0ef5622b26fd941,188.1,280.5,353.7,0.862326050625,72.0
f95687311339e4b9b0ef5622b26fd941,209.0,280.5,353.7,0.8477911,64.0
f95687311339e4b9b0ef5622b26fd941,229.9,229.5,353.7,0.8371559929687501,70.0
f95687311339e4b9b0ef5622b26fd941,229.9,280.5,353.7,0.8129363856249999,56.0
f95687311339e4b9b0ef5622b26fd941,188.1,255.0,353.7,0.7863698699999999,72.0
f95687311339e4b9b0ef5622b26fd941,209.0,255.0,353.7,0.7731151999999999,64.0
f95687311339e4b9b0ef5622b26fd941,229.9,255.0,353.7,0.74133059,56.0
f95687311339e4b9b0ef5622b26fd941,188.1,229.5,432.3,0.540228772265625,45.0
f95687311339e4b9b0ef5622b26fd941,209.0,229.5,432.3,0.5311229375000001,40.0
f95687311339e4b9b0ef5622b26fd941,188.1,280.5,432.3,0.5245995121875,36.0
f95687311339e4b9b0ef5622b26fd941,209.0,280.5,432.3,0.5157571166666667,32.0
f95687311339e4b9b0ef5622b26fd941,229.9,229.5,432.3,0.509287206640625,35.0
f95687311339e4b9b0ef5622b26fd941,229.9,280.5,432.3,0.4945531113541667,28.0
f95687311339e4b9b0ef5622b26fd941,188.1,229.5,393.0,0.4921186640625,45.0
f95687311339e4b9b0ef5622b26fd941,209.0,229.5,393.0,0.48382375,40.0
f95687311339e4b9b0ef5622b26fd941,188.1,255.0,432.3,0.47839126500000007,36.0
f95687311339e4b9b0ef5622b26fd941,188.1,280.5,393.0,0.47788126875,36.0
f95687311339e4b9b0ef5622b26fd941,209.0,255.0,432.3,0.4703277333333334,32.0
f95687311339e4b9b0ef5622b26fd941,209.0,280.5,393.0,0.46982633333333335,32.0
f95687311339e4b9b0ef5622b26fd941,229.9,229.5,393.0,0.4639326015625,35.0
f95687311339e4b9b0ef5622b26fd941,229.9,255.0,432.3,0.4509914383333334,28.0
f95687311339e4b9b0ef5622b26fd941,229.9,280.5,393.0,0.45051065208333335,28.0
f95687311339e4b9b0ef5622b26fd941,188.1,255.0,393.0,0.43578810000000007,36.0
f95687311339e4b9b0ef5622b26fd941,209.0,255.0,393.0,0.4284426666666667,32.0
f95687311339e4b9b0ef5622b26fd941,229.9,255.0,393.0,0.41082836666666667,28.0
fa8da38322149b23e14a120e71d38975,211.5,229.5,353.7,0.8830611562499998,80.0
fa8da38322149b23e14a120e71d38975,211.5,280.5,353.7,0.857513475,64.0
fa8da38322149b23e14a120e71d38975,235.0,229.5,353.7,0.85502746875,70.0
fa8da38322149b23e14a120e71d38975,235.0,280.5,353.7,0.830290825,56.0
fa8da38322149b23e14a120e71d38975,258.5,229.5,353.7,0.8034655078125,60.0
fa8da38322149b23e14a120e71d38975,211.5,255.0,353.7,0.7819811999999999,64.0
fa8da38322149b23e14a120e71d38975,258.5,280.5,353.7,0.78022059375,48.0
fa8da38322149b23e14a120e71d38975,235.0,255.0,353.7,0.7571564000000001,56.0
fa8da38322149b23e14a120e71d38975,258.5,255.0,353.7,0.7114965,48.0
fa8da38322149b23e14a120e71d38975,211.5,229.5,432.3,0.537213796875,40.0
fa8da38322149b23e14a120e71d38975,211.5,280.5,432.3,0.5216717625,32.0
fa8da38322149b23e14a120e71d38975,235.0,229.5,432.3,0.520159390625,35.0
fa8da38322149b23e14a120e71d38975,235.0,280.5,432.3,0.5051107541666667,28.0
fa8da38322149b23e14a120e71d38975,211.5,229.5,393.0,0.4893721875,40.0
fa8da38322149b23e14a120e71d38975,258.5,229.5,432.3,0.48879146484375,30.0
fa8da38322149b23e14a120e71d38975,211.5,255.0,432.3,0.4757214,32.0
fa8da38322149b23e14a120e71d38975,211.5,280.5,393.0,0.47521425,32.0
fa8da38322149b23e14a120e71d38975,258.5,280.5,432.3,0.474650328125,24.0
fa8da38322149b23e14a120e71d38975,235.0,229.5,393.0,0.4738365625,35.0
fa8da38322149b23e14a120e71d38975,235.0,255.0,432.3,0.4606191333333333,28.0
fa8da38322149b23e14a120e71d38975,235.0,280.5,393.0,0.4601280833333333,28.0
fa8da38322149b23e14a120e71d38975,258.5,229.5,393.0,0.445262109375,30.0
fa8da38322149b23e14a120e71d38975,211.5,255.0,393.0,0.433356,32.0
fa8da38322149b23e14a120e71d38975,258.5,255.0,432.3,0.43284175,24.0
fa8da38322149b23e14a120e71d38975,258.5,280.5,393.0,0.4323803125,24.0
fa8da38322149b23e14a120e71d38975,235.0,255.0,393.0,0.4195986666666667,28.0
fa8da38322149b23e14a120e71d38975,258.5,255.0,393.0,0.394295,24.0
fc6931875b8384c7bacd18bb4699795f,240.9,229.5,353.7,0.87570231328125,70.0
fc6931875b8384c7bacd18bb4699795f,240.9,280.5,353.7,0.850367529375,56.0
fc6931875b8384c7bacd18bb4699795f,197.1,229.5,353.7,0.82539185625,80.0
fc6931875b8384c7bacd18bb4699795f,197.1,280.5,353.7,0.8015125949999999,64.0
fc6931875b8384c7bacd18bb4699795f,219.0,229.5,353.7,0.7989600937499999,70.0
fc6931875b8384c7bacd18bb4699795f,219.0,280.5,353.7,0.775845525,56.0
fc6931875b8384c7bacd18bb4699795f,240.9,255.0,353.7,0.7754646900000001,56.0
fc6931875b8384c7bacd18bb4699795f,197.1,255.0,353.7,0.7309130399999999,64.0
fc6931875b8384c7bacd18bb4699795f,219.0,255.0,353.7,0.7075067999999999,56.0
fc6931875b8384c7bacd18bb4699795f,240.9,229.5,432.3,0.532737015234375,35.0
fc6931875b8384c7bacd18bb4699795f,240.9,280.5,432.3,0.5173244978125,28.0
fc6931875b8384c7bacd18bb4699795f,197.1,229.5,432.3,0.5021304468750001,40.0
fc6931875b8384c7bacd18bb4699795f,197.1,280.5,432.3,0.4876034025,32.0
fc6931875b8384c7bacd18bb4699795f,219.0,229.5,432.3,0.4860505781250001,35.0
fc6931875b8384c7bacd18bb4699795f,240.9,229.5,393.0,0.4852940859375,35.0
fc6931875b8384c7bacd18bb4699795f,219.0,280.5,432.3,0.4719887375,28.0
fc6931875b8384c7bacd18bb4699795f,240.9,255.0,432.3,0.47175705500000004,28.0
fc6931875b8384c7bacd18bb4699795f,240.9,280.5,393.0,0.47125413125000004,28.0
fc6931875b8384c7bacd18bb4699795f,197.1,229.5,393.0,0.4574131875,40.0
fc6931875b8384c7bacd18bb4699795f,197.1,255.0,432.3,0.44465388,32.0
fc6931875b8384c7bacd18bb4699795f,197.1,280.5,393.0,0.44417985,32.0
fc6931875b8384c7bacd18bb4699795f,219.0,229.5,393.0,0.4427653125,35.0
fc6931875b8384c7bacd18bb4699795f,219.0,255.0,432.3,0.43041460000000004,28.0
fc6931875b8384c7bacd18bb4699795f,219.0,280.5,393.0,0.42995575,28.0
fc6931875b8384c7bacd18bb4699795f,240.9,255.0,393.0,0.4297447000000001,28.0
fc6931875b8384c7bacd18bb4699795f,197.1,255.0,393.0,0.4050552,32.0
fc6931875b8384c7bacd18bb4699795f,219.0,255.0,393.0,0.392084,28.0
fe503fe59c48da80878a0b8f7ad58dcb,183.6,223.2,383.0,0.9130684499999999,90.0
fe503fe59c48da80878a0b8f7ad58dcb,204.0,223.2,383.0,0.897582,80.0
fe503fe59c48da80878a0b8f7ad58dcb,183.6,272.8,383.0,0.88648644,72.0
fe503fe59c48da80878a0b8f7ad58dcb,204.0,272.8,383.0,0.8714508444444444,64.0
fe503fe59c48da80878a0b8f7ad58dcb,224.4,223.2,383.0,0.86060415,70.0
fe503fe59c48da80878a0b8f7ad58dcb,224.4,272.8,383.0,0.8355495244444446,56.0
fe503fe59c48da80878a0b8f7ad58dcb,183.6,223.2,344.7,0.8238579356249999,90.0
fe503fe59c48da80878a0b8f7ad58dcb,204.0,223.2,344.7,0.809884575,80.0
fe503fe59c48da80878a0b8f7ad58dcb,183.6,248.0,383.0,0.8084705999999999,72.0
fe503fe59c48da80878a0b8f7ad58dcb,183.6,272.8,344.7,0.7998730964999999,72.0
fe503fe59c48da80878a0b8f7ad58dcb,204.0,248.0,383.0,0.7947582222222223,64.0
fe503fe59c48da80878a0b8f7ad58dcb,204.0,272.8,344.7,0.7863065399999999,64.0
fe503fe59c48da80878a0b8f7ad58dcb,224.4,223.2,344.7,0.7765196118749998,70.0
fe503fe59c48da80878a0b8f7ad58dcb,224.4,248.0,383.0,0.7620164222222223,56.0
fe503fe59c48da80878a0b8f7ad58dcb,224.4,272.8,344.7,0.7539129255000001,56.0
fe503fe59c48da80878a0b8f7ad58dcb,183.6,248.0,344.7,0.7294797225,72.0
fe503fe59c48da80878a0b8f7ad58dcb,204.0,248.0,344.7,0.7171071,64.0
fe503fe59c48da80878a0b8f7ad58dcb,224.4,248.0,344.7,0.6875643075,56.0
fe503fe59c48da80878a0b8f7ad58dcb,183.6,223.2,421.3,0.5011394821874999,45.0
fe503fe59c48da80878a0b8f7ad58dcb,204.0,223.2,421.3,0.49263971249999994,40.0
fe503fe59c48da80878a0b8f7ad58dcb,183.6,272.8,421.3,0.48654989175,36.0
fe503fe59c48da80878a0b8f7ad58dcb,204.0,272.8,421.3,0.47829757444444443,32.0
fe503fe59c48da80878a0b8f7ad58dcb,224.4,223.2,421.3,0.4723443440625,35.0
fe503fe59c48da80878a0b8f7ad58dcb,224.4,272.8,421.3,0.4585930616944445,28.0
fe503fe59c48da80878a0b8f7ad58dcb,183.6,248.0,421.3,0.44373073875,36.0
fe503fe59c48da80878a0b8f7ad58dcb,204.0,248.0,421.3,0.43620467222222226,32.0
fe503fe59c48da80878a0b8f7ad58dcb,224.4,248.0,421.3,0.4182342684722223,28.0
fe7802fb3f92b710413a4de88233a3f7,156.6,288.0,388.0,0.903969,80.0
fe7802fb3f92b710413a4de88233a3f7,174.0,288.0,388.0,0.899056125,72.0
fe7802fb3f92b710413a4de88233a3f7,191.4,288.0,388.0,0.8751468,64.0
fe7802fb3f92b710413a4de88233a3f7,156.6,259.2,388.0,0.8163113999999999,80.0
fe7802fb3f92b710413a4de88233a3f7,156.6,288.0,349.2,0.8156213999999999,80.0
fe7802fb3f92b710413a4de88233a3f7,174.0,259.2,388.0,0.8118749249999999,72.0
fe7802fb3f92b710413a4de88233a3f7,174.0,288.0,349.2,0.8111886749999999,72.0
fe7802fb3f92b710413a4de88233a3f7,191.4,259.2,388.0,0.79028408,64.0
fe7802fb3f92b710413a4de88233a3f7,191.4,288.0,349.2,0.78961608,64.0
fe7802fb3f92b710413a4de88233a3f7,156.6,316.8,388.0,0.7437199500000001,60.0
fe7802fb3f92b710413a4de88233a3f7,174.0,316.8,388.0,0.73967799375,54.0
fe7802fb3f92b710413a4de88233a3f7,156.6,259.2,349.2,0.73653084,80.0
fe7802fb3f92b710413a4de88233a3f7,174.0,259.2,349.2,0.7325279549999999,72.0
fe7802fb3f92b710413a4de88233a3f7,191.4,316.8,388.0,0.72000714,48.0
fe7802fb3f92b710413a4de88233a3f7,191.4,259.2,349.2,0.713047248,64.0
fe7802fb3f92b710413a4de88233a3f7,156.6,316.8,349.2,0.6710339699999999,60.0
fe7802fb3f92b710413a4de88233a3f7,174.0,316.8,349.2,0.66738704625,54.0
fe7802fb3f92b710413a4de88233a3f7,191.4,316.8,349.2,0.6496386840000001,48.0
fe7802fb3f92b710413a4de88233a3f7,156.6,288.0,426.8,0.4961583,40.0
fe7802fb3f92b710413a4de88233a3f7,174.0,288.0,426.8,0.4934617875,36.0
fe7802fb3f92b710413a4de88233a3f7,191.4,288.0,426.8,0.48033876000000003,32.0
fe7802fb3f92b710413a4de88233a3f7,156.6,259.2,426.8,0.44804597999999995,40.0
fe7802fb3f92b710413a4de88233a3f7,174.0,259.2,426.8,0.44561094749999997,36.0
fe7802fb3f92b710413a4de88233a3f7,191.4,259.2,426.8,0.433760456,32.0
fe7802fb3f92b710413a4de88233a3f7,156.6,316.8,426.8,0.4082029650000001,30.0
fe7802fb3f92b710413a4de88233a3f7,174.0,316.8,426.8,0.405984470625,27.0
fe7802fb3f92b710413a4de88233a3f7,191.4,316.8,426.8,0.3951877980000001,24.0
fea00d6f87d3f80808e9e8d1b501120a,165.6,266.4,355.5,0.811431675,80.0
fea00d6f87d3f80808e9e8d1b501120a,184.0,266.4,355.5,0.8072490375,72.0
fea00d6f87d3f80808e9e8d1b501120a,202.4,266.4,355.5,0.7859640599999999,64.0
fea00d6f87d3f80808e9e8d1b501120a,165.6,325.6,355.5,0.73939280625,60.0
fea00d6f87d3f80808e9e8d1b501120a,184.0,325.6,355.5,0.735581503125,54.0
fea00d6f87d3f80808e9e8d1b501120a,202.4,325.6,355.5,0.7161862050000002,48.0
fea00d6f87d3f80808e9e8d1b501120a,165.6,296.0,355.5,0.67398328125,60.0
fea00d6f87d3f80808e9e8d1b501120a,184.0,296.0,355.5,0.670509140625,54.0
fea00d6f87d3f80808e9e8d1b501120a,202.4,296.0,355.5,0.652829625,48.0
fea00d6f87d3f80808e9e8d1b501120a,165.6,266.4,434.5,0.49364876249999995,40.0
fea00d6f87d3f80808e9e8d1b501120a,184.0,266.4,434.5,0.49110418124999994,36.0
fea00d6f87d3f80808e9e8d1b501120a,202.4,266.4,434.5,0.47815509,32.0
fea00d6f87d3f80808e9e8d1b501120a,165.6,325.6,434.5,0.44982264687500007,30.0
fea00d6f87d3f80808e9e8d1b501120a,165.6,266.4,395.0,0.4496823,40.0
fea00d6f87d3f80808e9e8d1b501120a,184.0,325.6,434.5,0.44750397343750004,27.0
fea00d6f87d3f80808e9e8d1b501120a,184.0,266.4,395.0,0.44736434999999997,36.0
fea00d6f87d3f80808e9e8d1b501120a,202.4,325.6,434.5,0.43570450194444443,24.0
fea00d6f87d3f80808e9e8d1b501120a,202.4,266.4,395.0,0.43556856,32.0
fea00d6f87d3f80808e9e8d1b501120a,165.6,296.0,434.5,0.410029609375,30.0
fea00d6f87d3f80808e9e8d1b501120a,165.6,325.6,395.0,0.409759525,30.0
fea00d6f87d3f80808e9e8d1b501120a,184.0,296.0,434.5,0.4079160546875,27.0
fea00d6f87d3f80808e9e8d1b501120a,184.0,325.6,395.0,0.40764736250000005,27.0
fea00d6f87d3f80808e9e8d1b501120a,202.4,296.0,434.5,0.3971604097222222,24.0
fea00d6f87d3f80808e9e8d1b501120a,202.4,325.6,395.0,0.39689880222222224,24.0
fea00d6f87d3f80808e9e8d1b501120a,165.6,296.0,395.0,0.373510625,30.0
fea00d6f87d3f80808e9e8d1b501120a,184.0,296.0,395.0,0.3715853125,27.0
fea00d6f87d3f80808e9e8d1b501120a,202.4,296.0,395.0,0.36178761111111113,24.0
