caja_id,alto,ancho,largo,utilizacion,cantidad_cajas_pallet
02cf77de65b70dd77905e2e33d78478f,320.1,266.4,355.5,0.7719464912037036,40.0
02cf77de65b70dd77905e2e33d78478f,261.9,266.4,355.5,0.7630133327777777,48.0
02cf77de65b70dd77905e2e33d78478f,291.0,266.4,355.5,0.7038954675925926,40.0
02cf77de65b70dd77905e2e33d78478f,320.1,325.6,355.5,0.7029628503472223,30.0
02cf77de65b70dd77905e2e33d78478f,261.9,325.6,355.5,0.6948279879166666,36.0
02cf77de65b70dd77905e2e33d78478f,291.0,325.6,355.5,0.6409930868055557,30.0
02cf77de65b70dd77905e2e33d78478f,320.1,296.0,355.5,0.6409613593750001,30.0
02cf77de65b70dd77905e2e33d78478f,261.9,296.0,355.5,0.63354399375,36.0
02cf77de65b70dd77905e2e33d78478f,291.0,296.0,355.5,0.58445734375,30.0
02cf77de65b70dd77905e2e33d78478f,320.1,266.4,434.5,0.4693983793981481,20.0
02cf77de65b70dd77905e2e33d78478f,261.9,266.4,434.5,0.46396638361111103,24.0
02cf77de65b70dd77905e2e33d78478f,291.0,266.4,434.5,0.4280185162037037,20.0
02cf77de65b70dd77905e2e33d78478f,320.1,266.4,395.0,0.4276858125,20.0
02cf77de65b70dd77905e2e33d78478f,320.1,325.6,434.5,0.4274514185763889,15.0
02cf77de65b70dd77905e2e33d78478f,261.9,266.4,395.0,0.422736525,24.0
02cf77de65b70dd77905e2e33d78478f,261.9,325.6,434.5,0.4225048435416667,18.0
02cf77de65b70dd77905e2e33d78478f,291.0,266.4,395.0,0.389983125,20.0
02cf77de65b70dd77905e2e33d78478f,291.0,325.6,434.5,0.3897693940972222,15.0
02cf77de65b70dd77905e2e33d78478f,320.1,296.0,434.5,0.3897501015625,15.0
02cf77de65b70dd77905e2e33d78478f,320.1,325.6,395.0,0.3894664218750001,15.0
02cf77de65b70dd77905e2e33d78478f,261.9,296.0,434.5,0.385239815625,18.0
02cf77de65b70dd77905e2e33d78478f,261.9,325.6,395.0,0.38495941875,18.0
02cf77de65b70dd77905e2e33d78478f,291.0,296.0,434.5,0.355391640625,15.0
02cf77de65b70dd77905e2e33d78478f,291.0,325.6,395.0,0.35513296875,15.0
02cf77de65b70dd77905e2e33d78478f,320.1,296.0,395.0,0.355115390625,15.0
02cf77de65b70dd77905e2e33d78478f,261.9,296.0,395.0,0.35100590625,18.0
02cf77de65b70dd77905e2e33d78478f,291.0,296.0,395.0,0.32381015625,15.0
082c1cdb42b1abd201403ca33ca11ef0,189.0,223.2,383.0,0.9498891874999998,90.0
082c1cdb42b1abd201403ca33ca11ef0,207.9,223.2,383.0,0.9245375944444444,80.0
082c1cdb42b1abd201403ca33ca11ef0,189.0,272.8,383.0,0.92153915,72.0
082c1cdb42b1abd201403ca33ca11ef0,207.9,272.8,383.0,0.8969441911111111,64.0
082c1cdb42b1abd201403ca33ca11ef0,170.1,223.2,383.0,0.85967358125,90.0
082c1cdb42b1abd201403ca33ca11ef0,189.0,223.2,344.7,0.8573172895833332,90.0
082c1cdb42b1abd201403ca33ca11ef0,189.0,248.0,383.0,0.84072525,72.0
082c1cdb42b1abd201403ca33ca11ef0,207.9,223.2,344.7,0.834436347962963,80.0
082c1cdb42b1abd201403ca33ca11ef0,170.1,272.8,383.0,0.8340160849999999,72.0
082c1cdb42b1abd201403ca33ca11ef0,189.0,272.8,344.7,0.8317301183333333,72.0
082c1cdb42b1abd201403ca33ca11ef0,207.9,248.0,383.0,0.8182871333333334,64.0
082c1cdb42b1abd201403ca33ca11ef0,207.9,272.8,344.7,0.8095320727407408,64.0
082c1cdb42b1abd201403ca33ca11ef0,170.1,223.2,344.7,0.7758936877083332,90.0
082c1cdb42b1abd201403ca33ca11ef0,170.1,248.0,383.0,0.760877475,72.0
082c1cdb42b1abd201403ca33ca11ef0,189.0,248.0,344.7,0.758791975,72.0
082c1cdb42b1abd201403ca33ca11ef0,170.1,272.8,344.7,0.7527366548333332,72.0
082c1cdb42b1abd201403ca33ca11ef0,207.9,248.0,344.7,0.7385405755555555,64.0
082c1cdb42b1abd201403ca33ca11ef0,170.1,248.0,344.7,0.6867258024999999,72.0
082c1cdb42b1abd201403ca33ca11ef0,189.0,223.2,421.3,0.5212305427083334,45.0
082c1cdb42b1abd201403ca33ca11ef0,207.9,223.2,421.3,0.507319420462963,40.0
082c1cdb42b1abd201403ca33ca11ef0,189.0,272.8,421.3,0.5056740908333335,36.0
082c1cdb42b1abd201403ca33ca11ef0,207.9,272.8,421.3,0.4921781547407408,32.0
082c1cdb42b1abd201403ca33ca11ef0,170.1,223.2,421.3,0.4717267373958334,45.0
082c1cdb42b1abd201403ca33ca11ef0,189.0,248.0,421.3,0.4613292625,36.0
082c1cdb42b1abd201403ca33ca11ef0,170.1,272.8,421.3,0.4576477575833333,36.0
082c1cdb42b1abd201403ca33ca11ef0,207.9,248.0,421.3,0.44901684555555565,32.0
082c1cdb42b1abd201403ca33ca11ef0,170.1,248.0,421.3,0.41751457374999995,36.0
0835ff365412a67b720a19713ec250f3,278.0,286.0,386.0,0.937728,48.0
0835ff365412a67b720a19713ec250f3,305.8,286.0,386.0,0.8568706666666668,40.0
0835ff365412a67b720a19713ec250f3,250.2,286.0,386.0,0.8472111999999999,48.0
0835ff365412a67b720a19713ec250f3,278.0,257.4,386.0,0.8471232,48.0
0835ff365412a67b720a19713ec250f3,278.0,286.0,347.4,0.8463231999999999,48.0
0835ff365412a67b720a19713ec250f3,305.8,257.4,386.0,0.7740784333333333,40.0
0835ff365412a67b720a19713ec250f3,305.8,286.0,347.4,0.7733474148148148,40.0
0835ff365412a67b720a19713ec250f3,278.0,314.6,386.0,0.7712496000000001,36.0
0835ff365412a67b720a19713ec250f3,250.2,257.4,386.0,0.76535228,48.0
0835ff365412a67b720a19713ec250f3,250.2,286.0,347.4,0.7646295022222221,48.0
0835ff365412a67b720a19713ec250f3,278.0,257.4,347.4,0.76455008,48.0
0835ff365412a67b720a19713ec250f3,305.8,314.6,386.0,0.7047471750000001,30.0
0835ff365412a67b720a19713ec250f3,305.8,257.4,347.4,0.6986253335185185,40.0
0835ff365412a67b720a19713ec250f3,250.2,314.6,386.0,0.69680259,36.0
0835ff365412a67b720a19713ec250f3,278.0,314.6,347.4,0.69607224,36.0
0835ff365412a67b720a19713ec250f3,250.2,257.4,347.4,0.6907497597777777,48.0
0835ff365412a67b720a19713ec250f3,305.8,314.6,347.4,0.6360521220833334,30.0
0835ff365412a67b720a19713ec250f3,250.2,314.6,347.4,0.6288819334999999,36.0
0835ff365412a67b720a19713ec250f3,278.0,286.0,424.6,0.5145664,24.0
0835ff365412a67b720a19713ec250f3,305.8,286.0,424.6,0.47019695925925925,20.0
0835ff365412a67b720a19713ec250f3,250.2,286.0,424.6,0.4648964488888889,24.0
0835ff365412a67b720a19713ec250f3,278.0,257.4,424.6,0.46484816,24.0
0835ff365412a67b720a19713ec250f3,305.8,257.4,424.6,0.42476576657407406,20.0
0835ff365412a67b720a19713ec250f3,278.0,314.6,424.6,0.42321348000000003,18.0
0835ff365412a67b720a19713ec250f3,250.2,257.4,424.6,0.41997740011111107,24.0
0835ff365412a67b720a19713ec250f3,305.8,314.6,424.6,0.38672111395833336,15.0
0835ff365412a67b720a19713ec250f3,250.2,314.6,424.6,0.38236162325000006,18.0
0b72571a5bb7429ce7de424547e8d27d,156.6,286.0,386.0,0.9040826666666665,80.0
0b72571a5bb7429ce7de424547e8d27d,174.0,286.0,386.0,0.898656,72.0
0b72571a5bb7429ce7de424547e8d27d,191.4,286.0,386.0,0.8743445333333334,64.0
0b72571a5bb7429ce7de424547e8d27d,156.6,257.4,386.0,0.8167287333333332,80.0
0b72571a5bb7429ce7de424547e8d27d,156.6,286.0,347.4,0.8159574370370369,80.0
0b72571a5bb7429ce7de424547e8d27d,174.0,257.4,386.0,0.8118263999999998,72.0
0b72571a5bb7429ce7de424547e8d27d,174.0,286.0,347.4,0.8110597333333333,72.0
0b72571a5bb7429ce7de424547e8d27d,191.4,257.4,386.0,0.7898639466666666,64.0
0b72571a5bb7429ce7de424547e8d27d,191.4,286.0,347.4,0.7891180207407407,64.0
0b72571a5bb7429ce7de424547e8d27d,156.6,314.6,386.0,0.74357745,60.0
0b72571a5bb7429ce7de424547e8d27d,174.0,314.6,386.0,0.7391142,54.0
0b72571a5bb7429ce7de424547e8d27d,156.6,257.4,347.4,0.7371183062962962,80.0
0b72571a5bb7429ce7de424547e8d27d,174.0,257.4,347.4,0.7326938266666667,72.0
0b72571a5bb7429ce7de424547e8d27d,191.4,314.6,386.0,0.71911884,48.0
0b72571a5bb7429ce7de424547e8d27d,191.4,257.4,347.4,0.7128721579259257,64.0
0b72571a5bb7429ce7de424547e8d27d,156.6,314.6,347.4,0.6710974258333333,60.0
0b72571a5bb7429ce7de424547e8d27d,174.0,314.6,347.4,0.6670692300000001,54.0
0b72571a5bb7429ce7de424547e8d27d,191.4,314.6,347.4,0.6490229126666667,48.0
0b72571a5bb7429ce7de424547e8d27d,156.6,286.0,424.6,0.4961039481481481,40.0
0b72571a5bb7429ce7de424547e8d27d,174.0,286.0,424.6,0.4931261333333334,36.0
0b72571a5bb7429ce7de424547e8d27d,191.4,286.0,424.6,0.479785522962963,32.0
0b72571a5bb7429ce7de424547e8d27d,156.6,257.4,424.6,0.44816958018518516,40.0
0b72571a5bb7429ce7de424547e8d27d,174.0,257.4,424.6,0.4454794866666667,36.0
0b72571a5bb7429ce7de424547e8d27d,191.4,257.4,424.6,0.4334278677037037,32.0
0b72571a5bb7429ce7de424547e8d27d,156.6,314.6,424.6,0.40802873708333337,30.0
0b72571a5bb7429ce7de424547e8d27d,174.0,314.6,424.6,0.405579585,27.0
0b72571a5bb7429ce7de424547e8d27d,191.4,314.6,424.6,0.3946073836666667,24.0
10c5f9edbe2c87186bcdeb991fe8d902,205.2,226.8,380.0,0.9200995555555556,80.0
10c5f9edbe2c87186bcdeb991fe8d902,205.2,277.2,380.0,0.8927452444444444,64.0
10c5f9edbe2c87186bcdeb991fe8d902,228.0,226.8,380.0,0.8903844444444444,70.0
10c5f9edbe2c87186bcdeb991fe8d902,228.0,277.2,380.0,0.8639135555555554,56.0
10c5f9edbe2c87186bcdeb991fe8d902,250.8,226.8,380.0,0.8362986666666666,60.0
10c5f9edbe2c87186bcdeb991fe8d902,205.2,226.8,342.0,0.8304488296296296,80.0
10c5f9edbe2c87186bcdeb991fe8d902,205.2,252.0,380.0,0.8144124444444443,64.0
10c5f9edbe2c87186bcdeb991fe8d902,250.8,277.2,380.0,0.8114357333333332,48.0
10c5f9edbe2c87186bcdeb991fe8d902,205.2,277.2,342.0,0.8057598103703704,64.0
10c5f9edbe2c87186bcdeb991fe8d902,228.0,226.8,342.0,0.803629037037037,70.0
10c5f9edbe2c87186bcdeb991fe8d902,228.0,252.0,380.0,0.7881105555555555,56.0
10c5f9edbe2c87186bcdeb991fe8d902,228.0,277.2,342.0,0.7797373629629628,56.0
10c5f9edbe2c87186bcdeb991fe8d902,250.8,226.8,342.0,0.7548131555555556,60.0
10c5f9edbe2c87186bcdeb991fe8d902,250.8,252.0,380.0,0.7402373333333335,48.0
10c5f9edbe2c87186bcdeb991fe8d902,205.2,252.0,342.0,0.7350594370370369,64.0
10c5f9edbe2c87186bcdeb991fe8d902,250.8,277.2,342.0,0.7323727644444444,48.0
10c5f9edbe2c87186bcdeb991fe8d902,228.0,252.0,342.0,0.7113202962962963,56.0
10c5f9edbe2c87186bcdeb991fe8d902,250.8,252.0,342.0,0.6681116444444445,48.0
10c5f9edbe2c87186bcdeb991fe8d902,205.2,226.8,418.0,0.5048751407407408,40.0
10c5f9edbe2c87186bcdeb991fe8d902,205.2,277.2,418.0,0.4898653392592592,32.0
10c5f9edbe2c87186bcdeb991fe8d902,228.0,226.8,418.0,0.4885699259259259,35.0
10c5f9edbe2c87186bcdeb991fe8d902,228.0,277.2,418.0,0.474044874074074,28.0
10c5f9edbe2c87186bcdeb991fe8d902,250.8,226.8,418.0,0.4588920888888889,30.0
10c5f9edbe2c87186bcdeb991fe8d902,205.2,252.0,418.0,0.4468827259259259,32.0
10c5f9edbe2c87186bcdeb991fe8d902,250.8,277.2,418.0,0.4452493511111111,24.0
10c5f9edbe2c87186bcdeb991fe8d902,228.0,252.0,418.0,0.4324504074074074,28.0
10c5f9edbe2c87186bcdeb991fe8d902,250.8,252.0,418.0,0.4061815111111111,24.0
116dda17a7b7fb82c62f462ef4a94218,164.0,286.0,386.0,0.94424,80.0
116dda17a7b7fb82c62f462ef4a94218,147.6,286.0,386.0,0.9407669333333332,88.0
116dda17a7b7fb82c62f462ef4a94218,180.4,286.0,386.0,0.9299136000000001,72.0
116dda17a7b7fb82c62f462ef4a94218,164.0,257.4,386.0,0.8530059999999998,80.0
116dda17a7b7fb82c62f462ef4a94218,164.0,286.0,347.4,0.8522004444444443,80.0
116dda17a7b7fb82c62f462ef4a94218,147.6,257.4,386.0,0.8498685066666667,88.0
116dda17a7b7fb82c62f462ef4a94218,147.6,286.0,347.4,0.8490659140740741,88.0
116dda17a7b7fb82c62f462ef4a94218,180.4,257.4,386.0,0.84006384,72.0
116dda17a7b7fb82c62f462ef4a94218,180.4,286.0,347.4,0.8392705066666667,72.0
116dda17a7b7fb82c62f462ef4a94218,164.0,314.6,386.0,0.7766055000000002,60.0
116dda17a7b7fb82c62f462ef4a94218,147.6,314.6,386.0,0.77374902,66.0
116dda17a7b7fb82c62f462ef4a94218,164.0,257.4,347.4,0.7698594555555555,80.0
116dda17a7b7fb82c62f462ef4a94218,147.6,257.4,347.4,0.7670277885925925,88.0
116dda17a7b7fb82c62f462ef4a94218,180.4,314.6,386.0,0.76482252,54.0
116dda17a7b7fb82c62f462ef4a94218,180.4,257.4,347.4,0.7581788293333332,72.0
116dda17a7b7fb82c62f462ef4a94218,164.0,314.6,347.4,0.7009060750000001,60.0
116dda17a7b7fb82c62f462ef4a94218,147.6,314.6,347.4,0.6983280296666665,66.0
116dda17a7b7fb82c62f462ef4a94218,180.4,314.6,347.4,0.690271638,54.0
116dda17a7b7fb82c62f462ef4a94218,164.0,286.0,424.6,0.5181397777777779,40.0
116dda17a7b7fb82c62f462ef4a94218,147.6,286.0,424.6,0.5162339762962963,44.0
116dda17a7b7fb82c62f462ef4a94218,180.4,286.0,424.6,0.5102783466666666,36.0
116dda17a7b7fb82c62f462ef4a94218,164.0,257.4,424.6,0.46807627222222226,40.0
116dda17a7b7fb82c62f462ef4a94218,147.6,257.4,424.6,0.46635461237037035,44.0
116dda17a7b7fb82c62f462ef4a94218,180.4,257.4,424.6,0.4609744253333334,36.0
116dda17a7b7fb82c62f462ef4a94218,164.0,314.6,424.6,0.42615246250000005,30.0
116dda17a7b7fb82c62f462ef4a94218,147.6,314.6,424.6,0.42458500516666664,33.0
116dda17a7b7fb82c62f462ef4a94218,180.4,314.6,424.6,0.41968670100000005,27.0
11b35a29e8327acfb5f714e16d96040c,326.7,268.0,379.0,0.8428567453703704,40.0
11b35a29e8327acfb5f714e16d96040c,399.3,268.0,379.0,0.8196763074074075,32.0
11b35a29e8327acfb5f714e16d96040c,326.7,241.2,379.0,0.7616029296296295,40.0
11b35a29e8327acfb5f714e16d96040c,326.7,268.0,341.1,0.7607377976851852,40.0
11b35a29e8327acfb5f714e16d96040c,363.0,268.0,379.0,0.7469808518518518,32.0
11b35a29e8327acfb5f714e16d96040c,399.3,241.2,379.0,0.7406571525925927,32.0
11b35a29e8327acfb5f714e16d96040c,399.3,268.0,341.1,0.7398158137037038,32.0
11b35a29e8327acfb5f714e16d96040c,326.7,294.8,379.0,0.6930829208333333,30.0
11b35a29e8327acfb5f714e16d96040c,326.7,241.2,341.1,0.6874004848148149,40.0
11b35a29e8327acfb5f714e16d96040c,363.0,241.2,379.0,0.6749697481481481,32.0
11b35a29e8327acfb5f714e16d96040c,363.0,268.0,341.1,0.6742030259259261,32.0
11b35a29e8327acfb5f714e16d96040c,399.3,294.8,379.0,0.6740215966666668,24.0
11b35a29e8327acfb5f714e16d96040c,399.3,241.2,341.1,0.6684954402962963,32.0
11b35a29e8327acfb5f714e16d96040c,326.7,294.8,341.1,0.6255563329166667,30.0
11b35a29e8327acfb5f714e16d96040c,363.0,294.8,379.0,0.6142439666666667,24.0
11b35a29e8327acfb5f714e16d96040c,363.0,241.2,341.1,0.609207914074074,32.0
11b35a29e8327acfb5f714e16d96040c,399.3,294.8,341.1,0.6083521403333335,24.0
11b35a29e8327acfb5f714e16d96040c,363.0,294.8,341.1,0.5543986033333335,24.0
11b35a29e8327acfb5f714e16d96040c,326.7,268.0,416.9,0.46248784652777775,20.0
11b35a29e8327acfb5f714e16d96040c,399.3,268.0,416.9,0.44976840055555556,16.0
11b35a29e8327acfb5f714e16d96040c,326.7,241.2,416.9,0.41790268722222224,20.0
11b35a29e8327acfb5f714e16d96040c,363.0,268.0,416.9,0.40987933888888883,16.0
11b35a29e8327acfb5f714e16d96040c,399.3,241.2,416.9,0.4064094324444444,16.0
11b35a29e8327acfb5f714e16d96040c,326.7,294.8,416.9,0.38030475437499994,15.0
11b35a29e8327acfb5f714e16d96040c,363.0,241.2,416.9,0.37036579111111106,16.0
11b35a29e8327acfb5f714e16d96040c,399.3,294.8,416.9,0.3698455265,12.0
11b35a29e8327acfb5f714e16d96040c,363.0,294.8,416.9,0.337044665,12.0
125888817c4da192ce9335454b8d4432,243.9,281.0,379.0,0.9314286236111113,56.0
125888817c4da192ce9335454b8d4432,271.0,281.0,379.0,0.8835810833333333,48.0
125888817c4da192ce9335454b8d4432,243.9,252.9,379.0,0.8414865468981482,56.0
125888817c4da192ce9335454b8d4432,243.9,281.0,341.1,0.8406801793055556,56.0
125888817c4da192ce9335454b8d4432,298.1,281.0,379.0,0.8073289791666668,40.0
125888817c4da192ce9335454b8d4432,271.0,252.9,379.0,0.7982593361111111,48.0
125888817c4da192ce9335454b8d4432,271.0,281.0,341.1,0.7974943916666668,48.0
125888817c4da192ce9335454b8d4432,243.9,309.1,379.0,0.7660280252430556,42.0
125888817c4da192ce9335454b8d4432,243.9,252.9,341.1,0.7595010966990742,56.0
125888817c4da192ce9335454b8d4432,298.1,252.9,379.0,0.7293704076388889,40.0
125888817c4da192ce9335454b8d4432,298.1,281.0,341.1,0.7286714770833334,40.0
125888817c4da192ce9335454b8d4432,271.0,309.1,379.0,0.7266771229166668,36.0
125888817c4da192ce9335454b8d4432,271.0,252.9,341.1,0.7204854830555556,48.0
125888817c4da192ce9335454b8d4432,243.9,309.1,341.1,0.6913944464340279,42.0
125888817c4da192ce9335454b8d4432,298.1,309.1,379.0,0.6639656630208334,30.0
125888817c4da192ce9335454b8d4432,298.1,252.9,341.1,0.6583083550694445,40.0
125888817c4da192ce9335454b8d4432,271.0,309.1,341.1,0.6558774752083334,36.0
125888817c4da192ce9335454b8d4432,298.1,309.1,341.1,0.5992759493229168,30.0
125888817c4da192ce9335454b8d4432,243.9,281.0,416.9,0.5110885339583334,28.0
125888817c4da192ce9335454b8d4432,271.0,281.0,416.9,0.48483388749999995,24.0
125888817c4da192ce9335454b8d4432,243.9,252.9,416.9,0.4617359985486111,28.0
125888817c4da192ce9335454b8d4432,298.1,281.0,416.9,0.44299324062500006,20.0
125888817c4da192ce9335454b8d4432,271.0,252.9,416.9,0.43801659458333325,24.0
125888817c4da192ce9335454b8d4432,243.9,309.1,416.9,0.42033080202604167,21.0
125888817c4da192ce9335454b8d4432,298.1,252.9,416.9,0.40021623010416674,20.0
125888817c4da192ce9335454b8d4432,271.0,309.1,416.9,0.39873838531250005,18.0
125888817c4da192ce9335454b8d4432,298.1,309.1,416.9,0.36432768835937507,15.0
1333ec917a8a6111a3fac88649307892,240.9,287.0,380.0,0.941815875,56.0
1333ec917a8a6111a3fac88649307892,197.1,287.0,380.0,0.888459,64.0
1333ec917a8a6111a3fac88649307892,219.0,287.0,380.0,0.85960875,56.0
1333ec917a8a6111a3fac88649307892,240.9,258.3,380.0,0.8508053847222222,56.0
1333ec917a8a6111a3fac88649307892,240.9,287.0,342.0,0.8500492000000001,56.0
1333ec917a8a6111a3fac88649307892,197.1,258.3,380.0,0.8026045444444444,64.0
1333ec917a8a6111a3fac88649307892,197.1,287.0,342.0,0.8018911999999999,64.0
1333ec917a8a6111a3fac88649307892,219.0,258.3,380.0,0.7765421805555556,56.0
1333ec917a8a6111a3fac88649307892,219.0,287.0,342.0,0.775852,56.0
1333ec917a8a6111a3fac88649307892,240.9,315.7,380.0,0.7746197739583334,42.0
1333ec917a8a6111a3fac88649307892,240.9,258.3,342.0,0.7679063985185186,56.0
1333ec917a8a6111a3fac88649307892,197.1,315.7,380.0,0.7307350916666667,48.0
1333ec917a8a6111a3fac88649307892,197.1,258.3,342.0,0.7244020503703703,64.0
1333ec917a8a6111a3fac88649307892,219.0,315.7,380.0,0.7070064895833333,42.0
1333ec917a8a6111a3fac88649307892,219.0,258.3,342.0,0.7008790962962963,56.0
1333ec917a8a6111a3fac88649307892,240.9,315.7,342.0,0.6991440011111112,42.0
1333ec917a8a6111a3fac88649307892,197.1,315.7,342.0,0.6595352622222223,48.0
1333ec917a8a6111a3fac88649307892,219.0,315.7,342.0,0.6381186777777778,42.0
1333ec917a8a6111a3fac88649307892,240.9,287.0,418.0,0.516791275,28.0
1333ec917a8a6111a3fac88649307892,197.1,287.0,418.0,0.4875134,32.0
1333ec917a8a6111a3fac88649307892,219.0,287.0,418.0,0.47168275,28.0
1333ec917a8a6111a3fac88649307892,240.9,258.3,418.0,0.466852185462963,28.0
1333ec917a8a6111a3fac88649307892,197.1,258.3,418.0,0.44040351925925925,32.0
1333ec917a8a6111a3fac88649307892,219.0,258.3,418.0,0.4261026324074074,28.0
1333ec917a8a6111a3fac88649307892,240.9,315.7,418.0,0.42504777340277783,21.0
1333ec917a8a6111a3fac88649307892,197.1,315.7,418.0,0.4009674605555556,24.0
1333ec917a8a6111a3fac88649307892,219.0,315.7,418.0,0.3879471506944445,21.0
1416893384452893b004453859dc1ae4,239.0,223.2,383.0,0.9244315208333334,70.0
1416893384452893b004453859dc1ae4,239.0,272.8,383.0,0.8968412833333332,56.0
1416893384452893b004453859dc1ae4,262.9,223.2,383.0,0.8684246541666665,60.0
1416893384452893b004453859dc1ae4,262.9,272.8,383.0,0.8425059766666666,48.0
1416893384452893b004453859dc1ae4,215.1,223.2,383.0,0.8357009451388889,70.0
1416893384452893b004453859dc1ae4,239.0,223.2,344.7,0.8343406118055554,70.0
1416893384452893b004453859dc1ae4,239.0,248.0,383.0,0.81819325,56.0
1416893384452893b004453859dc1ae4,215.1,272.8,383.0,0.8107589272222222,56.0
1416893384452893b004453859dc1ae4,239.0,272.8,344.7,0.8094391938888889,56.0
1416893384452893b004453859dc1ae4,262.9,223.2,344.7,0.7837919206944444,60.0
1416893384452893b004453859dc1ae4,262.9,248.0,383.0,0.76862285,48.0
1416893384452893b004453859dc1ae4,262.9,272.8,344.7,0.7603991601111111,48.0
1416893384452893b004453859dc1ae4,215.1,223.2,344.7,0.7542573161342593,70.0
1416893384452893b004453859dc1ae4,215.1,248.0,383.0,0.7396598416666665,56.0
1416893384452893b004453859dc1ae4,239.0,248.0,344.7,0.7384558416666666,56.0
1416893384452893b004453859dc1ae4,215.1,272.8,344.7,0.7317460343148147,56.0
1416893384452893b004453859dc1ae4,262.9,248.0,344.7,0.6937163483333334,48.0
1416893384452893b004453859dc1ae4,215.1,248.0,344.7,0.6675759436111111,56.0
1416893384452893b004453859dc1ae4,239.0,223.2,421.3,0.5072612149305555,35.0
1416893384452893b004453859dc1ae4,239.0,272.8,421.3,0.49212168638888887,28.0
1416893384452893b004453859dc1ae4,262.9,223.2,421.3,0.4765286938194444,30.0
1416893384452893b004453859dc1ae4,262.9,272.8,421.3,0.4623063966111111,24.0
1416893384452893b004453859dc1ae4,215.1,223.2,421.3,0.4585722870717593,35.0
1416893384452893b004453859dc1ae4,239.0,248.0,421.3,0.4489653291666667,28.0
1416893384452893b004453859dc1ae4,215.1,272.8,421.3,0.4448859100648148,28.0
1416893384452893b004453859dc1ae4,262.9,248.0,421.3,0.4217646758333334,24.0
1416893384452893b004453859dc1ae4,215.1,248.0,421.3,0.4058718698611111,28.0
161332db17a4c8bcba8a5651098cbe91,189.0,288.0,388.0,0.9834248333333333,72.0
161332db17a4c8bcba8a5651098cbe91,207.9,288.0,388.0,0.9571782074074074,64.0
161332db17a4c8bcba8a5651098cbe91,170.1,288.0,388.0,0.8900241833333333,72.0
161332db17a4c8bcba8a5651098cbe91,189.0,259.2,388.0,0.8883824333333333,72.0
161332db17a4c8bcba8a5651098cbe91,189.0,288.0,349.2,0.8875532666666667,72.0
161332db17a4c8bcba8a5651098cbe91,207.9,259.2,388.0,0.8646723940740741,64.0
161332db17a4c8bcba8a5651098cbe91,207.9,288.0,349.2,0.863865357037037,64.0
161332db17a4c8bcba8a5651098cbe91,189.0,316.8,388.0,0.808850425,54.0
161332db17a4c8bcba8a5651098cbe91,170.1,259.2,388.0,0.8040084233333333,72.0
161332db17a4c8bcba8a5651098cbe91,170.1,288.0,349.2,0.8032580066666665,72.0
161332db17a4c8bcba8a5651098cbe91,189.0,259.2,349.2,0.8017763066666667,72.0
161332db17a4c8bcba8a5651098cbe91,207.9,316.8,388.0,0.7872630155555554,48.0
161332db17a4c8bcba8a5651098cbe91,207.9,259.2,349.2,0.7803776983703703,64.0
161332db17a4c8bcba8a5651098cbe91,170.1,316.8,388.0,0.7320299575,54.0
161332db17a4c8bcba8a5651098cbe91,189.0,316.8,349.2,0.72999767,54.0
161332db17a4c8bcba8a5651098cbe91,170.1,259.2,349.2,0.7256277026666667,72.0
161332db17a4c8bcba8a5651098cbe91,207.9,316.8,349.2,0.7105147617777777,48.0
161332db17a4c8bcba8a5651098cbe91,170.1,316.8,349.2,0.660666233,54.0
161332db17a4c8bcba8a5651098cbe91,189.0,288.0,426.8,0.5396482,36.0
161332db17a4c8bcba8a5651098cbe91,207.9,288.0,426.8,0.525245528888889,32.0
161332db17a4c8bcba8a5651098cbe91,170.1,288.0,426.8,0.48839517999999993,36.0
161332db17a4c8bcba8a5651098cbe91,189.0,259.2,426.8,0.48749427999999995,36.0
161332db17a4c8bcba8a5651098cbe91,207.9,259.2,426.8,0.47448354488888894,32.0
161332db17a4c8bcba8a5651098cbe91,189.0,316.8,426.8,0.4438515900000001,27.0
161332db17a4c8bcba8a5651098cbe91,170.1,259.2,426.8,0.441194572,36.0
161332db17a4c8bcba8a5651098cbe91,207.9,316.8,426.8,0.43200563466666664,24.0
161332db17a4c8bcba8a5651098cbe91,170.1,316.8,426.8,0.401696841,27.0
162c41fa859810e889efa37f867819bb,214.0,266.4,355.5,0.8381266962962962,64.0
162c41fa859810e889efa37f867819bb,235.4,266.4,355.5,0.8034230127777777,56.0
162c41fa859810e889efa37f867819bb,214.0,325.6,355.5,0.7632289777777779,48.0
162c41fa859810e889efa37f867819bb,192.6,266.4,355.5,0.7580556637037036,64.0
162c41fa859810e889efa37f867819bb,235.4,325.6,355.5,0.7316265279166667,42.0
162c41fa859810e889efa37f867819bb,214.0,296.0,355.5,0.695912,48.0
162c41fa859810e889efa37f867819bb,192.6,325.6,355.5,0.6903133522222221,48.0
162c41fa859810e889efa37f867819bb,235.4,296.0,355.5,0.66709689375,42.0
162c41fa859810e889efa37f867819bb,192.6,296.0,355.5,0.6294275500000001,48.0
162c41fa859810e889efa37f867819bb,214.0,266.4,434.5,0.5096406518518518,32.0
162c41fa859810e889efa37f867819bb,235.4,266.4,434.5,0.4885383436111111,28.0
162c41fa859810e889efa37f867819bb,214.0,266.4,395.0,0.46435199999999993,32.0
162c41fa859810e889efa37f867819bb,214.0,325.6,434.5,0.46409751111111114,24.0
162c41fa859810e889efa37f867819bb,192.6,266.4,434.5,0.4609517681481481,32.0
162c41fa859810e889efa37f867819bb,235.4,266.4,395.0,0.445124925,28.0
162c41fa859810e889efa37f867819bb,235.4,325.6,434.5,0.44488097354166667,21.0
162c41fa859810e889efa37f867819bb,214.0,296.0,434.5,0.423164,24.0
162c41fa859810e889efa37f867819bb,214.0,325.6,395.0,0.42285600000000007,24.0
162c41fa859810e889efa37f867819bb,192.6,266.4,395.0,0.4199897999999999,32.0
162c41fa859810e889efa37f867819bb,192.6,325.6,434.5,0.4197596238888888,24.0
162c41fa859810e889efa37f867819bb,235.4,296.0,434.5,0.40564236562500006,21.0
162c41fa859810e889efa37f867819bb,235.4,325.6,395.0,0.40534711875,21.0
162c41fa859810e889efa37f867819bb,214.0,296.0,395.0,0.38556,24.0
162c41fa859810e889efa37f867819bb,192.6,296.0,434.5,0.382736725,24.0
162c41fa859810e889efa37f867819bb,192.6,325.6,395.0,0.38245815000000005,24.0
162c41fa859810e889efa37f867819bb,235.4,296.0,395.0,0.3695954062500001,21.0
162c41fa859810e889efa37f867819bb,192.6,296.0,395.0,0.34872525,24.0
170f5916eaeb0e271ae012eedb1ad645,327.8,286.0,386.0,0.9165640000000002,40.0
170f5916eaeb0e271ae012eedb1ad645,268.2,286.0,386.0,0.9058191999999999,48.0
170f5916eaeb0e271ae012eedb1ad645,298.0,286.0,386.0,0.8357066666666667,40.0
170f5916eaeb0e271ae012eedb1ad645,327.8,257.4,386.0,0.8280041,40.0
170f5916eaeb0e271ae012eedb1ad645,327.8,286.0,347.4,0.8272221555555556,40.0
170f5916eaeb0e271ae012eedb1ad645,268.2,257.4,386.0,0.8182974799999999,48.0
170f5916eaeb0e271ae012eedb1ad645,268.2,286.0,347.4,0.8175247022222221,48.0
170f5916eaeb0e271ae012eedb1ad645,298.0,257.4,386.0,0.7549593333333333,40.0
170f5916eaeb0e271ae012eedb1ad645,298.0,286.0,347.4,0.7542463703703703,40.0
170f5916eaeb0e271ae012eedb1ad645,327.8,314.6,386.0,0.753842925,30.0
170f5916eaeb0e271ae012eedb1ad645,327.8,257.4,347.4,0.7472946094444444,40.0
170f5916eaeb0e271ae012eedb1ad645,268.2,314.6,386.0,0.7450056899999999,36.0
170f5916eaeb0e271ae012eedb1ad645,268.2,257.4,347.4,0.7385341397777776,48.0
170f5916eaeb0e271ae012eedb1ad645,298.0,314.6,386.0,0.6873405000000001,30.0
170f5916eaeb0e271ae012eedb1ad645,298.0,257.4,347.4,0.6813698629629629,40.0
170f5916eaeb0e271ae012eedb1ad645,327.8,314.6,347.4,0.6803622762499999,30.0
170f5916eaeb0e271ae012eedb1ad645,268.2,314.6,347.4,0.6723864485,36.0
170f5916eaeb0e271ae012eedb1ad645,298.0,314.6,347.4,0.6203421583333334,30.0
170f5916eaeb0e271ae012eedb1ad645,327.8,286.0,424.6,0.5029529222222223,20.0
170f5916eaeb0e271ae012eedb1ad645,268.2,286.0,424.6,0.4970568488888888,24.0
170f5916eaeb0e271ae012eedb1ad645,298.0,286.0,424.6,0.45858348148148154,20.0
170f5916eaeb0e271ae012eedb1ad645,327.8,257.4,424.6,0.4543567952777778,20.0
170f5916eaeb0e271ae012eedb1ad645,268.2,257.4,424.6,0.44903041011111106,24.0
170f5916eaeb0e271ae012eedb1ad645,298.0,257.4,424.6,0.4142744018518518,20.0
170f5916eaeb0e271ae012eedb1ad645,327.8,314.6,424.6,0.413661786875,15.0
170f5916eaeb0e271ae012eedb1ad645,268.2,314.6,424.6,0.4088124657500001,18.0
170f5916eaeb0e271ae012eedb1ad645,298.0,314.6,424.6,0.3771694208333334,15.0
1a3ffa8018de4637afcdd1e390e2602a,179.1,223.2,383.0,0.9026333937499997,90.0
1a3ffa8018de4637afcdd1e390e2602a,199.0,223.2,383.0,0.8867753888888888,80.0
1a3ffa8018de4637afcdd1e390e2602a,179.1,272.8,383.0,0.8756937349999999,72.0
1a3ffa8018de4637afcdd1e390e2602a,199.0,272.8,383.0,0.8603090222222223,64.0
1a3ffa8018de4637afcdd1e390e2602a,218.9,223.2,383.0,0.8498087354166665,70.0
1a3ffa8018de4637afcdd1e390e2602a,218.9,272.8,383.0,0.8244456616666668,56.0
1a3ffa8018de4637afcdd1e390e2602a,179.1,223.2,344.7,0.8146668314583332,90.0
1a3ffa8018de4637afcdd1e390e2602a,199.0,223.2,344.7,0.8003542759259259,80.0
1a3ffa8018de4637afcdd1e390e2602a,179.1,248.0,383.0,0.798900225,72.0
1a3ffa8018de4637afcdd1e390e2602a,179.1,272.8,344.7,0.7903525898333332,72.0
1a3ffa8018de4637afcdd1e390e2602a,199.0,248.0,383.0,0.7848646666666667,64.0
1a3ffa8018de4637afcdd1e390e2602a,199.0,272.8,344.7,0.7764672014814815,64.0
1a3ffa8018de4637afcdd1e390e2602a,218.9,223.2,344.7,0.7669902250694444,70.0
1a3ffa8018de4637afcdd1e390e2602a,218.9,248.0,383.0,0.7521463250000001,56.0
1a3ffa8018de4637afcdd1e390e2602a,218.9,272.8,344.7,0.744098921611111,56.0
1a3ffa8018de4637afcdd1e390e2602a,179.1,248.0,344.7,0.7210430274999998,72.0
1a3ffa8018de4637afcdd1e390e2602a,199.0,248.0,344.7,0.7083753111111111,64.0
1a3ffa8018de4637afcdd1e390e2602a,218.9,248.0,344.7,0.6788455508333334,56.0
1a3ffa8018de4637afcdd1e390e2602a,179.1,223.2,421.3,0.4952999780208333,45.0
1a3ffa8018de4637afcdd1e390e2602a,199.0,223.2,421.3,0.48659825092592585,40.0
1a3ffa8018de4637afcdd1e390e2602a,179.1,272.8,421.3,0.4805174400833334,36.0
1a3ffa8018de4637afcdd1e390e2602a,199.0,272.8,421.3,0.4720754214814815,32.0
1a3ffa8018de4637afcdd1e390e2602a,218.9,223.2,421.3,0.46631362288194445,35.0
1a3ffa8018de4637afcdd1e390e2602a,218.9,272.8,421.3,0.45239620086111115,28.0
1a3ffa8018de4637afcdd1e390e2602a,179.1,248.0,421.3,0.4383787112499999,36.0
1a3ffa8018de4637afcdd1e390e2602a,199.0,248.0,421.3,0.4306770111111111,32.0
1a3ffa8018de4637afcdd1e390e2602a,218.9,248.0,421.3,0.41272354958333335,28.0
1aef9680c5b131e489d3ac61e5ace43f,148.0,286.0,384.0,0.9383912592592593,88.0
1aef9680c5b131e489d3ac61e5ace43f,162.8,286.0,384.0,0.9329920000000002,80.0
1aef9680c5b131e489d3ac61e5ace43f,133.2,286.0,384.0,0.9278087111111111,96.0
1aef9680c5b131e489d3ac61e5ace43f,148.0,257.4,384.0,0.847722374074074,88.0
1aef9680c5b131e489d3ac61e5ace43f,148.0,286.0,345.6,0.8469338370370371,88.0
1aef9680c5b131e489d3ac61e5ace43f,162.8,257.4,384.0,0.8428448000000001,80.0
1aef9680c5b131e489d3ac61e5ace43f,162.8,286.0,345.6,0.8420608,80.0
1aef9680c5b131e489d3ac61e5ace43f,133.2,257.4,384.0,0.8381623288888888,96.0
1aef9680c5b131e489d3ac61e5ace43f,133.2,286.0,345.6,0.8373826844444444,96.0
1aef9680c5b131e489d3ac61e5ace43f,148.0,314.6,384.0,0.7717951083333335,66.0
1aef9680c5b131e489d3ac61e5ace43f,162.8,314.6,384.0,0.7673544,60.0
1aef9680c5b131e489d3ac61e5ace43f,148.0,257.4,345.6,0.7651017162962963,88.0
1aef9680c5b131e489d3ac61e5ace43f,133.2,314.6,384.0,0.76309132,72.0
1aef9680c5b131e489d3ac61e5ace43f,162.8,257.4,345.6,0.7606995200000001,80.0
1aef9680c5b131e489d3ac61e5ace43f,133.2,257.4,345.6,0.7564734115555554,96.0
1aef9680c5b131e489d3ac61e5ace43f,148.0,314.6,345.6,0.6965744683333335,66.0
1aef9680c5b131e489d3ac61e5ace43f,162.8,314.6,345.6,0.6925665600000002,60.0
1aef9680c5b131e489d3ac61e5ace43f,133.2,314.6,345.6,0.688718968,72.0
1aef9680c5b131e489d3ac61e5ace43f,148.0,286.0,422.4,0.5149243407407407,44.0
1aef9680c5b131e489d3ac61e5ace43f,162.8,286.0,422.4,0.5119616,40.0
1aef9680c5b131e489d3ac61e5ace43f,133.2,286.0,422.4,0.5091173688888888,48.0
1aef9680c5b131e489d3ac61e5ace43f,148.0,257.4,422.4,0.4651715159259259,44.0
1aef9680c5b131e489d3ac61e5ace43f,162.8,257.4,422.4,0.46249504,40.0
1aef9680c5b131e489d3ac61e5ace43f,133.2,257.4,422.4,0.459925623111111,48.0
1aef9680c5b131e489d3ac61e5ace43f,148.0,314.6,422.4,0.4235078741666667,33.0
1aef9680c5b131e489d3ac61e5ace43f,162.8,314.6,422.4,0.42107112,30.0
1aef9680c5b131e489d3ac61e5ace43f,133.2,314.6,422.4,0.41873183599999997,36.0
1c01c33ced1f5bfdb36a399ac98e0c68,214.0,223.2,383.0,0.9504195555555556,80.0
1c01c33ced1f5bfdb36a399ac98e0c68,214.0,272.8,383.0,0.922053688888889,64.0
1c01c33ced1f5bfdb36a399ac98e0c68,235.4,223.2,383.0,0.9110662458333333,70.0
1c01c33ced1f5bfdb36a399ac98e0c68,235.4,272.8,383.0,0.8838749033333335,56.0
1c01c33ced1f5bfdb36a399ac98e0c68,192.6,223.2,383.0,0.8596205444444446,80.0
1c01c33ced1f5bfdb36a399ac98e0c68,214.0,223.2,344.7,0.8577959703703703,80.0
1c01c33ced1f5bfdb36a399ac98e0c68,214.0,248.0,383.0,0.8411946666666666,64.0
1c01c33ced1f5bfdb36a399ac98e0c68,192.6,272.8,383.0,0.8339646311111111,64.0
1c01c33ced1f5bfdb36a399ac98e0c68,214.0,272.8,344.7,0.8321945125925926,64.0
1c01c33ced1f5bfdb36a399ac98e0c68,235.4,223.2,344.7,0.8222778559722221,70.0
1c01c33ced1f5bfdb36a399ac98e0c68,235.4,248.0,383.0,0.80636395,56.0
1c01c33ced1f5bfdb36a399ac98e0c68,235.4,272.8,344.7,0.7977364585555557,56.0
1c01c33ced1f5bfdb36a399ac98e0c68,192.6,223.2,344.7,0.7758458196296296,80.0
1c01c33ced1f5bfdb36a399ac98e0c68,192.6,248.0,383.0,0.7608305333333333,64.0
1c01c33ced1f5bfdb36a399ac98e0c68,214.0,248.0,344.7,0.7592156444444443,64.0
1c01c33ced1f5bfdb36a399ac98e0c68,192.6,272.8,344.7,0.7526902154074074,64.0
1c01c33ced1f5bfdb36a399ac98e0c68,235.4,248.0,344.7,0.7277793716666666,56.0
1c01c33ced1f5bfdb36a399ac98e0c68,192.6,248.0,344.7,0.6866834355555554,64.0
1c01c33ced1f5bfdb36a399ac98e0c68,214.0,223.2,421.3,0.5215215703703704,40.0
1c01c33ced1f5bfdb36a399ac98e0c68,214.0,272.8,421.3,0.5059564325925926,32.0
1c01c33ced1f5bfdb36a399ac98e0c68,235.4,223.2,421.3,0.4999273178472222,35.0
1c01c33ced1f5bfdb36a399ac98e0c68,235.4,272.8,421.3,0.48500667405555564,28.0
1c01c33ced1f5bfdb36a399ac98e0c68,192.6,223.2,421.3,0.4716976346296296,40.0
1c01c33ced1f5bfdb36a399ac98e0c68,214.0,248.0,421.3,0.4615868444444445,32.0
1c01c33ced1f5bfdb36a399ac98e0c68,192.6,272.8,421.3,0.45761952340740736,32.0
1c01c33ced1f5bfdb36a399ac98e0c68,235.4,248.0,421.3,0.44247426416666674,28.0
1c01c33ced1f5bfdb36a399ac98e0c68,192.6,248.0,421.3,0.41748881555555556,32.0
1cbc364190e4feb6cfbe064584c400ab,246.4,223.2,383.0,0.951904586111111,70.0
1cbc364190e4feb6cfbe064584c400ab,246.4,272.8,383.0,0.9234943977777778,56.0
1cbc364190e4feb6cfbe064584c400ab,201.6,223.2,383.0,0.8978070444444443,80.0
1cbc364190e4feb6cfbe064584c400ab,201.6,272.8,383.0,0.8710114311111111,64.0
1cbc364190e4feb6cfbe064584c400ab,224.0,223.2,383.0,0.868742875,70.0
1cbc364190e4feb6cfbe064584c400ab,246.4,223.2,344.7,0.8591362765740739,70.0
1cbc364190e4feb6cfbe064584c400ab,224.0,272.8,383.0,0.8428146999999999,56.0
1cbc364190e4feb6cfbe064584c400ab,246.4,248.0,383.0,0.8425090333333333,56.0
1cbc364190e4feb6cfbe064584c400ab,246.4,272.8,344.7,0.8334948165185184,56.0
1cbc364190e4feb6cfbe064584c400ab,201.6,223.2,344.7,0.8103108362962962,80.0
1cbc364190e4feb6cfbe064584c400ab,201.6,248.0,383.0,0.7946285333333333,64.0
1cbc364190e4feb6cfbe064584c400ab,201.6,272.8,344.7,0.7861266020740741,64.0
1cbc364190e4feb6cfbe064584c400ab,224.0,223.2,344.7,0.7840791291666667,70.0
1cbc364190e4feb6cfbe064584c400ab,224.0,248.0,383.0,0.7689045,56.0
1cbc364190e4feb6cfbe064584c400ab,224.0,272.8,344.7,0.7606777966666666,56.0
1cbc364190e4feb6cfbe064584c400ab,246.4,248.0,344.7,0.7604019188888889,56.0
1cbc364190e4feb6cfbe064584c400ab,201.6,248.0,344.7,0.7171876355555554,64.0
1cbc364190e4feb6cfbe064584c400ab,224.0,248.0,344.7,0.69397055,56.0
1cbc364190e4feb6cfbe064584c400ab,246.4,223.2,421.3,0.522336447824074,35.0
1cbc364190e4feb6cfbe064584c400ab,246.4,272.8,421.3,0.5067469895185185,28.0
1cbc364190e4feb6cfbe064584c400ab,201.6,223.2,421.3,0.4926516262962962,40.0
1cbc364190e4feb6cfbe064584c400ab,201.6,272.8,421.3,0.47794813007407405,32.0
1cbc364190e4feb6cfbe064584c400ab,224.0,223.2,421.3,0.4767033104166666,35.0
1cbc364190e4feb6cfbe064584c400ab,224.0,272.8,421.3,0.46247580166666663,28.0
1cbc364190e4feb6cfbe064584c400ab,246.4,248.0,421.3,0.46230807388888884,28.0
1cbc364190e4feb6cfbe064584c400ab,201.6,248.0,421.3,0.43603471555555556,32.0
1cbc364190e4feb6cfbe064584c400ab,224.0,248.0,421.3,0.42191922500000006,28.0
1d004a15dfa567347fd4f43b42afd3a4,163.0,266.4,355.5,0.8091290092592591,80.0
1d004a15dfa567347fd4f43b42afd3a4,146.7,266.4,355.5,0.8061824700925924,88.0
1d004a15dfa567347fd4f43b42afd3a4,179.3,266.4,355.5,0.7968283774999999,72.0
1d004a15dfa567347fd4f43b42afd3a4,163.0,325.6,355.5,0.7368226180555557,60.0
1d004a15dfa567347fd4f43b42afd3a4,146.7,325.6,355.5,0.7341393911805555,66.0
1d004a15dfa567347fd4f43b42afd3a4,179.3,325.6,355.5,0.7256212106250001,54.0
1d004a15dfa567347fd4f43b42afd3a4,163.0,296.0,355.5,0.6718346875,60.0
1d004a15dfa567347fd4f43b42afd3a4,146.7,296.0,355.5,0.669388121875,66.0
1d004a15dfa567347fd4f43b42afd3a4,179.3,296.0,355.5,0.6616212468750001,54.0
1d004a15dfa567347fd4f43b42afd3a4,163.0,266.4,434.5,0.4920079953703704,40.0
1d004a15dfa567347fd4f43b42afd3a4,146.7,266.4,434.5,0.4902162899537036,44.0
1d004a15dfa567347fd4f43b42afd3a4,179.3,266.4,434.5,0.4845283362499999,36.0
1d004a15dfa567347fd4f43b42afd3a4,163.0,266.4,395.0,0.44828625,40.0
1d004a15dfa567347fd4f43b42afd3a4,163.0,325.6,434.5,0.44804056597222225,30.0
1d004a15dfa567347fd4f43b42afd3a4,146.7,266.4,395.0,0.4466537624999999,44.0
1d004a15dfa567347fd4f43b42afd3a4,146.7,325.6,434.5,0.44640897315972217,33.0
1d004a15dfa567347fd4f43b42afd3a4,179.3,266.4,395.0,0.44147126249999996,36.0
1d004a15dfa567347fd4f43b42afd3a4,179.3,325.6,434.5,0.44122931343750005,27.0
1d004a15dfa567347fd4f43b42afd3a4,163.0,296.0,434.5,0.40852328125,30.0
1d004a15dfa567347fd4f43b42afd3a4,163.0,325.6,395.0,0.4082259375,30.0
1d004a15dfa567347fd4f43b42afd3a4,146.7,296.0,434.5,0.40703559531249994,33.0
1d004a15dfa567347fd4f43b42afd3a4,146.7,325.6,395.0,0.406739334375,33.0
1d004a15dfa567347fd4f43b42afd3a4,179.3,296.0,434.5,0.40231278281250005,27.0
1d004a15dfa567347fd4f43b42afd3a4,179.3,325.6,395.0,0.40201995937500007,27.0
1d004a15dfa567347fd4f43b42afd3a4,163.0,296.0,395.0,0.3722203125,30.0
1d004a15dfa567347fd4f43b42afd3a4,146.7,296.0,395.0,0.370864828125,33.0
1d004a15dfa567347fd4f43b42afd3a4,179.3,296.0,395.0,0.366561703125,27.0
1e4959b0a5703ba491bdc303578ad11c,168.0,229.5,353.7,0.8972739988425926,100.0
1e4959b0a5703ba491bdc303578ad11c,151.2,229.5,353.7,0.8938462105324072,110.0
1e4959b0a5703ba491bdc303578ad11c,184.8,229.5,353.7,0.8837644802083334,90.0
1e4959b0a5703ba491bdc303578ad11c,168.0,280.5,353.7,0.8706742268518518,80.0
1e4959b0a5703ba491bdc303578ad11c,151.2,280.5,353.7,0.8673480556481482,88.0
1e4959b0a5703ba491bdc303578ad11c,184.8,280.5,353.7,0.8575651991666667,72.0
1e4959b0a5703ba491bdc303578ad11c,168.0,255.0,353.7,0.794246712962963,80.0
1e4959b0a5703ba491bdc303578ad11c,151.2,255.0,353.7,0.791212512037037,88.0
1e4959b0a5703ba491bdc303578ad11c,184.8,255.0,353.7,0.7822883916666666,72.0
1e4959b0a5703ba491bdc303578ad11c,168.0,229.5,432.3,0.5455929195601852,50.0
1e4959b0a5703ba491bdc303578ad11c,151.2,229.5,432.3,0.5435086320023148,55.0
1e4959b0a5703ba491bdc303578ad11c,184.8,229.5,432.3,0.5373783744791667,45.0
1e4959b0a5703ba491bdc303578ad11c,168.0,280.5,432.3,0.5294187662037037,40.0
1e4959b0a5703ba491bdc303578ad11c,151.2,280.5,432.3,0.5273962675462963,44.0
1e4959b0a5703ba491bdc303578ad11c,184.8,280.5,432.3,0.5214477420833333,36.0
1e4959b0a5703ba491bdc303578ad11c,168.0,229.5,393.0,0.49711495949074075,50.0
1e4959b0a5703ba491bdc303578ad11c,151.2,229.5,393.0,0.4952158686342592,55.0
1e4959b0a5703ba491bdc303578ad11c,184.8,229.5,393.0,0.4896303072916667,45.0
1e4959b0a5703ba491bdc303578ad11c,168.0,255.0,432.3,0.4829465509259259,40.0
1e4959b0a5703ba491bdc303578ad11c,168.0,280.5,393.0,0.4823779398148148,40.0
1e4959b0a5703ba491bdc303578ad11c,151.2,255.0,432.3,0.48110158657407415,44.0
1e4959b0a5703ba491bdc303578ad11c,151.2,280.5,393.0,0.48053514768518524,44.0
1e4959b0a5703ba491bdc303578ad11c,184.8,255.0,432.3,0.47567522083333336,36.0
1e4959b0a5703ba491bdc303578ad11c,184.8,280.5,393.0,0.47511517083333327,36.0
1e4959b0a5703ba491bdc303578ad11c,168.0,255.0,393.0,0.4400349537037037,40.0
1e4959b0a5703ba491bdc303578ad11c,151.2,255.0,393.0,0.4383539212962963,44.0
1e4959b0a5703ba491bdc303578ad11c,184.8,255.0,393.0,0.4334097083333333,36.0
1e68edd4dd3edf793634e204ec225c3b,215.0,282.0,380.0,0.949,64.0
1e68edd4dd3edf793634e204ec225c3b,236.5,282.0,380.0,0.9097219444444444,56.0
1e68edd4dd3edf793634e204ec225c3b,193.5,282.0,380.0,0.8583177777777777,64.0
1e68edd4dd3edf793634e204ec225c3b,215.0,253.8,380.0,0.85735,64.0
1e68edd4dd3edf793634e204ec225c3b,215.0,282.0,342.0,0.8565333333333334,64.0
1e68edd4dd3edf793634e204ec225c3b,236.5,253.8,380.0,0.8218652361111111,56.0
1e68edd4dd3edf793634e204ec225c3b,236.5,282.0,342.0,0.8210823703703704,56.0
1e68edd4dd3edf793634e204ec225c3b,215.0,310.2,380.0,0.7804875,48.0
1e68edd4dd3edf793634e204ec225c3b,193.5,253.8,380.0,0.7754254444444444,64.0
1e68edd4dd3edf793634e204ec225c3b,193.5,282.0,342.0,0.7746868148148148,64.0
1e68edd4dd3edf793634e204ec225c3b,215.0,253.8,342.0,0.7738133333333334,64.0
1e68edd4dd3edf793634e204ec225c3b,236.5,310.2,380.0,0.7481839895833333,42.0
1e68edd4dd3edf793634e204ec225c3b,236.5,253.8,342.0,0.7417860592592593,56.0
1e68edd4dd3edf793634e204ec225c3b,193.5,310.2,380.0,0.7059075833333334,48.0
1e68edd4dd3edf793634e204ec225c3b,215.0,310.2,342.0,0.70444,48.0
1e68edd4dd3edf793634e204ec225c3b,193.5,253.8,342.0,0.6998711703703704,64.0
1e68edd4dd3edf793634e204ec225c3b,236.5,310.2,342.0,0.6752840111111111,42.0
1e68edd4dd3edf793634e204ec225c3b,193.5,310.2,342.0,0.6371268444444443,48.0
1e68edd4dd3edf793634e204ec225c3b,215.0,282.0,418.0,0.5207333333333334,32.0
1e68edd4dd3edf793634e204ec225c3b,236.5,282.0,418.0,0.49918075925925925,28.0
1e68edd4dd3edf793634e204ec225c3b,193.5,282.0,418.0,0.4709743703703704,32.0
1e68edd4dd3edf793634e204ec225c3b,215.0,253.8,418.0,0.4704433333333333,32.0
1e68edd4dd3edf793634e204ec225c3b,236.5,253.8,418.0,0.4509722064814815,28.0
1e68edd4dd3edf793634e204ec225c3b,215.0,310.2,418.0,0.4282675,24.0
1e68edd4dd3edf793634e204ec225c3b,193.5,253.8,418.0,0.4254898592592593,32.0
1e68edd4dd3edf793634e204ec225c3b,236.5,310.2,418.0,0.41054198402777775,21.0
1e68edd4dd3edf793634e204ec225c3b,193.5,310.2,418.0,0.3873441611111111,24.0
1f3654aef5539d7393e1c6a4a8be552f,185.4,285.0,383.0,0.943904125,72.0
1f3654aef5539d7393e1c6a4a8be552f,206.0,285.0,383.0,0.92748,64.0
1f3654aef5539d7393e1c6a4a8be552f,226.6,285.0,383.0,0.8889423472222222,56.0
1f3654aef5539d7393e1c6a4a8be552f,185.4,256.5,383.0,0.8527133875,72.0
1f3654aef5539d7393e1c6a4a8be552f,185.4,285.0,344.7,0.8519155041666665,72.0
1f3654aef5539d7393e1c6a4a8be552f,206.0,256.5,383.0,0.837876,64.0
1f3654aef5539d7393e1c6a4a8be552f,206.0,285.0,344.7,0.837092,64.0
1f3654aef5539d7393e1c6a4a8be552f,226.6,256.5,383.0,0.8030614763888889,56.0
1f3654aef5539d7393e1c6a4a8be552f,226.6,285.0,344.7,0.8023100523148148,56.0
1f3654aef5539d7393e1c6a4a8be552f,185.4,313.5,383.0,0.776321146875,54.0
1f3654aef5539d7393e1c6a4a8be552f,185.4,256.5,344.7,0.7696118029166668,72.0
1f3654aef5539d7393e1c6a4a8be552f,206.0,313.5,383.0,0.762813,48.0
1f3654aef5539d7393e1c6a4a8be552f,206.0,256.5,344.7,0.7562204,64.0
1f3654aef5539d7393e1c6a4a8be552f,226.6,313.5,383.0,0.7311174135416666,42.0
1f3654aef5539d7393e1c6a4a8be552f,226.6,256.5,344.7,0.724798742175926,56.0
1f3654aef5539d7393e1c6a4a8be552f,185.4,313.5,344.7,0.7006644040625,54.0
1f3654aef5539d7393e1c6a4a8be552f,206.0,313.5,344.7,0.6884726999999999,48.0
1f3654aef5539d7393e1c6a4a8be552f,226.6,313.5,344.7,0.6598660218402777,42.0
1f3654aef5539d7393e1c6a4a8be552f,185.4,285.0,421.3,0.5179463729166667,36.0
1f3654aef5539d7393e1c6a4a8be552f,206.0,285.0,421.3,0.508934,32.0
1f3654aef5539d7393e1c6a4a8be552f,226.6,285.0,421.3,0.48778732106481487,28.0
1f3654aef5539d7393e1c6a4a8be552f,185.4,256.5,421.3,0.4679074860416666,36.0
1f3654aef5539d7393e1c6a4a8be552f,206.0,256.5,421.3,0.4597658,32.0
1f3654aef5539d7393e1c6a4a8be552f,226.6,256.5,421.3,0.4406621053009259,28.0
1f3654aef5539d7393e1c6a4a8be552f,185.4,313.5,421.3,0.42598894484375005,27.0
1f3654aef5539d7393e1c6a4a8be552f,206.0,313.5,421.3,0.41857665000000005,24.0
1f3654aef5539d7393e1c6a4a8be552f,226.6,313.5,421.3,0.40118440262152777,21.0
1fe6b9010b30d1d429fc0c7a240159aa,280.5,266.4,355.5,0.8152091694444444,48.0
1fe6b9010b30d1d429fc0c7a240159aa,229.5,266.4,355.5,0.7841068115740738,56.0
1fe6b9010b30d1d429fc0c7a240159aa,255.0,266.4,355.5,0.7436503611111112,48.0
1fe6b9010b30d1d429fc0c7a240159aa,280.5,325.6,355.5,0.7423594354166666,36.0
1fe6b9010b30d1d429fc0c7a240159aa,229.5,325.6,355.5,0.7140364850694446,42.0
1fe6b9010b30d1d429fc0c7a240159aa,255.0,325.6,355.5,0.6771953541666667,36.0
1fe6b9010b30d1d429fc0c7a240159aa,280.5,296.0,355.5,0.67688315625,36.0
1fe6b9010b30d1d429fc0c7a240159aa,229.5,296.0,355.5,0.651058296875,42.0
1fe6b9010b30d1d429fc0c7a240159aa,255.0,296.0,355.5,0.6174665625,36.0
1fe6b9010b30d1d429fc0c7a240159aa,280.5,266.4,434.5,0.49570516527777775,24.0
1fe6b9010b30d1d429fc0c7a240159aa,229.5,266.4,434.5,0.47679271921296285,28.0
1fe6b9010b30d1d429fc0c7a240159aa,255.0,266.4,434.5,0.45219231944444443,24.0
1fe6b9010b30d1d429fc0c7a240159aa,280.5,266.4,395.0,0.451654875,24.0
1fe6b9010b30d1d429fc0c7a240159aa,280.5,325.6,434.5,0.4514073447916667,18.0
1fe6b9010b30d1d429fc0c7a240159aa,229.5,266.4,395.0,0.43442306249999996,28.0
1fe6b9010b30d1d429fc0c7a240159aa,229.5,325.6,434.5,0.43418497621527785,21.0
1fe6b9010b30d1d429fc0c7a240159aa,255.0,266.4,395.0,0.41200875,24.0
1fe6b9010b30d1d429fc0c7a240159aa,255.0,325.6,434.5,0.41178294791666664,18.0
1fe6b9010b30d1d429fc0c7a240159aa,280.5,296.0,434.5,0.411593109375,18.0
1fe6b9010b30d1d429fc0c7a240159aa,280.5,325.6,395.0,0.41129353125,18.0
1fe6b9010b30d1d429fc0c7a240159aa,229.5,296.0,434.5,0.3958897578125,21.0
1fe6b9010b30d1d429fc0c7a240159aa,229.5,325.6,395.0,0.39560160937500005,21.0
1fe6b9010b30d1d429fc0c7a240159aa,255.0,296.0,434.5,0.37546359375,18.0
1fe6b9010b30d1d429fc0c7a240159aa,255.0,325.6,395.0,0.3751903125,18.0
1fe6b9010b30d1d429fc0c7a240159aa,280.5,296.0,395.0,0.37501734375,18.0
1fe6b9010b30d1d429fc0c7a240159aa,229.5,296.0,395.0,0.360709453125,21.0
1fe6b9010b30d1d429fc0c7a240159aa,255.0,296.0,395.0,0.3420984375,18.0
2060590a59a5c59ff1bb32dbffe1028b,288.0,286.0,386.0,0.970288,48.0
2060590a59a5c59ff1bb32dbffe1028b,316.8,286.0,386.0,0.8867173333333335,40.0
2060590a59a5c59ff1bb32dbffe1028b,288.0,257.4,386.0,0.8765371999999999,48.0
2060590a59a5c59ff1bb32dbffe1028b,259.2,286.0,386.0,0.8765151999999999,48.0
2060590a59a5c59ff1bb32dbffe1028b,288.0,286.0,347.4,0.8757094222222221,48.0
2060590a59a5c59ff1bb32dbffe1028b,316.8,257.4,386.0,0.8010412666666666,40.0
2060590a59a5c59ff1bb32dbffe1028b,316.8,286.0,347.4,0.8002847851851852,40.0
2060590a59a5c59ff1bb32dbffe1028b,288.0,314.6,386.0,0.7980291000000002,36.0
2060590a59a5c59ff1bb32dbffe1028b,259.2,257.4,386.0,0.79182488,48.0
2060590a59a5c59ff1bb32dbffe1028b,288.0,257.4,347.4,0.7910969577777778,48.0
2060590a59a5c59ff1bb32dbffe1028b,259.2,286.0,347.4,0.7910771022222222,48.0
2060590a59a5c59ff1bb32dbffe1028b,316.8,314.6,386.0,0.7292950500000001,30.0
2060590a59a5c59ff1bb32dbffe1028b,316.8,257.4,347.4,0.7229599714814814,40.0
2060590a59a5c59ff1bb32dbffe1028b,259.2,314.6,386.0,0.7209041400000001,36.0
2060590a59a5c59ff1bb32dbffe1028b,288.0,314.6,347.4,0.720241415,36.0
2060590a59a5c59ff1bb32dbffe1028b,259.2,257.4,347.4,0.7146419497777775,48.0
2060590a59a5c59ff1bb32dbffe1028b,316.8,314.6,347.4,0.6582071991666667,30.0
2060590a59a5c59ff1bb32dbffe1028b,259.2,314.6,347.4,0.6506341910000001,36.0
2060590a59a5c59ff1bb32dbffe1028b,288.0,286.0,424.6,0.532433288888889,24.0
2060590a59a5c59ff1bb32dbffe1028b,316.8,286.0,424.6,0.48657494074074076,20.0
2060590a59a5c59ff1bb32dbffe1028b,288.0,257.4,424.6,0.48098872111111113,24.0
2060590a59a5c59ff1bb32dbffe1028b,259.2,286.0,424.6,0.48097664888888886,24.0
2060590a59a5c59ff1bb32dbffe1028b,316.8,257.4,424.6,0.4395612809259259,20.0
2060590a59a5c59ff1bb32dbffe1028b,288.0,314.6,424.6,0.4379083925000001,18.0
2060590a59a5c59ff1bb32dbffe1028b,259.2,257.4,424.6,0.4345039051111111,24.0
2060590a59a5c59ff1bb32dbffe1028b,316.8,314.6,424.6,0.4001914504166667,15.0
2060590a59a5c59ff1bb32dbffe1028b,259.2,314.6,424.6,0.3955870445000001,18.0
225c1760c0e9639bbb73f58d280b7a0e,246.4,264.6,353.7,0.8298625069259259,56.0
225c1760c0e9639bbb73f58d280b7a0e,201.6,264.6,353.7,0.7827007197037037,64.0
225c1760c0e9639bbb73f58d280b7a0e,224.0,264.6,353.7,0.7573628183333334,56.0
225c1760c0e9639bbb73f58d280b7a0e,246.4,323.4,353.7,0.7556705020277776,42.0
225c1760c0e9639bbb73f58d280b7a0e,201.6,323.4,353.7,0.7127251091111109,48.0
225c1760c0e9639bbb73f58d280b7a0e,224.0,323.4,353.7,0.6896524862499999,42.0
225c1760c0e9639bbb73f58d280b7a0e,246.4,294.0,353.7,0.689033691111111,42.0
225c1760c0e9639bbb73f58d280b7a0e,201.6,294.0,353.7,0.6498753244444444,48.0
225c1760c0e9639bbb73f58d280b7a0e,224.0,294.0,353.7,0.6288372999999999,42.0
225c1760c0e9639bbb73f58d280b7a0e,246.4,264.6,432.3,0.5046029513518518,28.0
225c1760c0e9639bbb73f58d280b7a0e,201.6,264.6,432.3,0.4759259394074074,32.0
225c1760c0e9639bbb73f58d280b7a0e,224.0,264.6,432.3,0.46051907416666676,28.0
225c1760c0e9639bbb73f58d280b7a0e,246.4,264.6,393.0,0.4597671024074074,28.0
225c1760c0e9639bbb73f58d280b7a0e,246.4,323.4,432.3,0.4594900509305555,21.0
225c1760c0e9639bbb73f58d280b7a0e,201.6,264.6,393.0,0.43363814962962965,32.0
225c1760c0e9639bbb73f58d280b7a0e,201.6,323.4,432.3,0.43337684322222214,24.0
225c1760c0e9639bbb73f58d280b7a0e,224.0,264.6,393.0,0.41960024166666676,28.0
225c1760c0e9639bbb73f58d280b7a0e,224.0,323.4,432.3,0.41934739437499996,21.0
225c1760c0e9639bbb73f58d280b7a0e,246.4,294.0,432.3,0.41897113222222215,21.0
225c1760c0e9639bbb73f58d280b7a0e,246.4,323.4,393.0,0.41866265097222216,21.0
225c1760c0e9639bbb73f58d280b7a0e,201.6,294.0,432.3,0.39516064888888897,24.0
225c1760c0e9639bbb73f58d280b7a0e,201.6,323.4,393.0,0.39486969888888884,24.0
225c1760c0e9639bbb73f58d280b7a0e,224.0,294.0,432.3,0.38236835,21.0
225c1760c0e9639bbb73f58d280b7a0e,224.0,323.4,393.0,0.38208681874999995,21.0
225c1760c0e9639bbb73f58d280b7a0e,246.4,294.0,393.0,0.3817439888888889,21.0
225c1760c0e9639bbb73f58d280b7a0e,201.6,294.0,393.0,0.36004915555555556,24.0
225c1760c0e9639bbb73f58d280b7a0e,224.0,294.0,393.0,0.3483935,21.0
228ba4e5ea3c7574cbd9ce77434d4525,166.5,282.0,380.0,0.9305472222222222,80.0
228ba4e5ea3c7574cbd9ce77434d4525,185.0,282.0,380.0,0.925275,72.0
228ba4e5ea3c7574cbd9ce77434d4525,203.5,282.0,380.0,0.9004955555555556,64.0
228ba4e5ea3c7574cbd9ce77434d4525,166.5,253.8,380.0,0.8406793055555556,80.0
228ba4e5ea3c7574cbd9ce77434d4525,166.5,282.0,342.0,0.8398785185185185,80.0
228ba4e5ea3c7574cbd9ce77434d4525,185.0,253.8,380.0,0.83591625,72.0
228ba4e5ea3c7574cbd9ce77434d4525,185.0,282.0,342.0,0.83512,72.0
228ba4e5ea3c7574cbd9ce77434d4525,203.5,253.8,380.0,0.8135298888888889,64.0
228ba4e5ea3c7574cbd9ce77434d4525,203.5,282.0,342.0,0.812754962962963,64.0
228ba4e5ea3c7574cbd9ce77434d4525,166.5,310.2,380.0,0.7653113541666666,60.0
228ba4e5ea3c7574cbd9ce77434d4525,185.0,310.2,380.0,0.7609753125,54.0
228ba4e5ea3c7574cbd9ce77434d4525,166.5,253.8,342.0,0.7587669629629631,80.0
228ba4e5ea3c7574cbd9ce77434d4525,185.0,253.8,342.0,0.754468,72.0
228ba4e5ea3c7574cbd9ce77434d4525,203.5,310.2,380.0,0.7405959166666667,48.0
228ba4e5ea3c7574cbd9ce77434d4525,203.5,253.8,342.0,0.7342628740740741,64.0
228ba4e5ea3c7574cbd9ce77434d4525,166.5,310.2,342.0,0.6907425555555554,60.0
228ba4e5ea3c7574cbd9ce77434d4525,185.0,310.2,342.0,0.686829,54.0
228ba4e5ea3c7574cbd9ce77434d4525,203.5,310.2,342.0,0.6684352888888888,48.0
228ba4e5ea3c7574cbd9ce77434d4525,166.5,282.0,418.0,0.510607962962963,40.0
228ba4e5ea3c7574cbd9ce77434d4525,185.0,282.0,418.0,0.507715,36.0
228ba4e5ea3c7574cbd9ce77434d4525,203.5,282.0,418.0,0.4941180740740741,32.0
228ba4e5ea3c7574cbd9ce77434d4525,166.5,253.8,418.0,0.4612958240740741,40.0
228ba4e5ea3c7574cbd9ce77434d4525,185.0,253.8,418.0,0.45868225,36.0
228ba4e5ea3c7574cbd9ce77434d4525,203.5,253.8,418.0,0.4463984518518519,32.0
228ba4e5ea3c7574cbd9ce77434d4525,166.5,310.2,418.0,0.4199400763888889,30.0
228ba4e5ea3c7574cbd9ce77434d4525,185.0,310.2,418.0,0.4175608125,27.0
228ba4e5ea3c7574cbd9ce77434d4525,203.5,310.2,418.0,0.4063782722222222,24.0
2358aed8ccfb64eb89ff5dcd9e30de7d,316.8,266.4,355.5,0.7642293648148147,40.0
2358aed8ccfb64eb89ff5dcd9e30de7d,387.2,266.4,355.5,0.7430891155555555,32.0
2358aed8ccfb64eb89ff5dcd9e30de7d,316.8,325.6,355.5,0.6959353513888891,30.0
2358aed8ccfb64eb89ff5dcd9e30de7d,352.0,266.4,355.5,0.6772363037037037,32.0
2358aed8ccfb64eb89ff5dcd9e30de7d,387.2,325.6,355.5,0.6766842633333333,24.0
2358aed8ccfb64eb89ff5dcd9e30de7d,316.8,296.0,355.5,0.6345536875,30.0
2358aed8ccfb64eb89ff5dcd9e30de7d,387.2,296.0,355.5,0.6170005500000001,24.0
2358aed8ccfb64eb89ff5dcd9e30de7d,352.0,325.6,355.5,0.6167162722222223,24.0
2358aed8ccfb64eb89ff5dcd9e30de7d,352.0,296.0,355.5,0.56232175,24.0
2358aed8ccfb64eb89ff5dcd9e30de7d,316.8,266.4,434.5,0.4647058175925925,20.0
2358aed8ccfb64eb89ff5dcd9e30de7d,387.2,266.4,434.5,0.45185104222222217,16.0
2358aed8ccfb64eb89ff5dcd9e30de7d,316.8,266.4,395.0,0.42341024999999993,20.0
2358aed8ccfb64eb89ff5dcd9e30de7d,316.8,325.6,434.5,0.4231781993055556,15.0
2358aed8ccfb64eb89ff5dcd9e30de7d,352.0,266.4,434.5,0.4118078481481481,16.0
2358aed8ccfb64eb89ff5dcd9e30de7d,387.2,266.4,395.0,0.4116978,16.0
2358aed8ccfb64eb89ff5dcd9e30de7d,387.2,325.6,434.5,0.41147216833333333,12.0
2358aed8ccfb64eb89ff5dcd9e30de7d,316.8,296.0,434.5,0.38585378125,15.0
2358aed8ccfb64eb89ff5dcd9e30de7d,316.8,325.6,395.0,0.38557293750000005,15.0
2358aed8ccfb64eb89ff5dcd9e30de7d,352.0,266.4,395.0,0.3752129999999999,16.0
2358aed8ccfb64eb89ff5dcd9e30de7d,387.2,296.0,434.5,0.375180225,12.0
2358aed8ccfb64eb89ff5dcd9e30de7d,352.0,325.6,434.5,0.37500736388888894,12.0
2358aed8ccfb64eb89ff5dcd9e30de7d,387.2,325.6,395.0,0.37490715,12.0
2358aed8ccfb64eb89ff5dcd9e30de7d,316.8,296.0,395.0,0.3515653125,15.0
2358aed8ccfb64eb89ff5dcd9e30de7d,352.0,296.0,434.5,0.341931625,12.0
2358aed8ccfb64eb89ff5dcd9e30de7d,387.2,296.0,395.0,0.34184025,12.0
2358aed8ccfb64eb89ff5dcd9e30de7d,352.0,325.6,395.0,0.3416827500000001,12.0
2358aed8ccfb64eb89ff5dcd9e30de7d,352.0,296.0,395.0,0.31154625,12.0
2361696c0cf9b4a8490d7098c11e6a51,275.0,229.5,353.7,0.8619879427083333,60.0
2361696c0cf9b4a8490d7098c11e6a51,275.0,280.5,353.7,0.8364342291666667,48.0
2361696c0cf9b4a8490d7098c11e6a51,225.0,229.5,353.7,0.8292223191550926,70.0
2361696c0cf9b4a8490d7098c11e6a51,225.0,280.5,353.7,0.8046399456018518,56.0
2361696c0cf9b4a8490d7098c11e6a51,250.0,229.5,353.7,0.7863749652777777,60.0
2361696c0cf9b4a8490d7098c11e6a51,250.0,280.5,353.7,0.7630628055555555,48.0
2361696c0cf9b4a8490d7098c11e6a51,275.0,255.0,353.7,0.7630122916666666,48.0
2361696c0cf9b4a8490d7098c11e6a51,225.0,255.0,353.7,0.734008900462963,56.0
2361696c0cf9b4a8490d7098c11e6a51,250.0,255.0,353.7,0.6960813888888889,48.0
2361696c0cf9b4a8490d7098c11e6a51,275.0,229.5,432.3,0.5241370182291667,30.0
2361696c0cf9b4a8490d7098c11e6a51,275.0,280.5,432.3,0.5085989270833333,24.0
2361696c0cf9b4a8490d7098c11e6a51,225.0,229.5,432.3,0.5042136812789352,35.0
2361696c0cf9b4a8490d7098c11e6a51,225.0,280.5,432.3,0.4892662193287037,28.0
2361696c0cf9b4a8490d7098c11e6a51,250.0,229.5,432.3,0.47816008680555555,30.0
2361696c0cf9b4a8490d7098c11e6a51,275.0,229.5,393.0,0.47756549479166666,30.0
2361696c0cf9b4a8490d7098c11e6a51,250.0,280.5,432.3,0.4639849861111111,24.0
2361696c0cf9b4a8490d7098c11e6a51,275.0,255.0,432.3,0.46395427083333335,24.0
2361696c0cf9b4a8490d7098c11e6a51,275.0,280.5,393.0,0.4634080208333333,24.0
2361696c0cf9b4a8490d7098c11e6a51,225.0,229.5,393.0,0.45941242042824076,35.0
2361696c0cf9b4a8490d7098c11e6a51,225.0,255.0,432.3,0.4463185821759259,28.0
2361696c0cf9b4a8490d7098c11e6a51,225.0,280.5,393.0,0.4457930960648148,28.0
2361696c0cf9b4a8490d7098c11e6a51,250.0,229.5,393.0,0.43567378472222223,30.0
2361696c0cf9b4a8490d7098c11e6a51,250.0,255.0,432.3,0.4232565277777778,24.0
2361696c0cf9b4a8490d7098c11e6a51,250.0,280.5,393.0,0.42275819444444446,24.0
2361696c0cf9b4a8490d7098c11e6a51,275.0,255.0,393.0,0.42273020833333336,24.0
2361696c0cf9b4a8490d7098c11e6a51,225.0,255.0,393.0,0.4066615162037037,28.0
2361696c0cf9b4a8490d7098c11e6a51,250.0,255.0,393.0,0.3856486111111111,24.0
25a862538c3d2488d1284dc2bd9244f3,183.6,266.4,355.5,0.8149285466666666,72.0
25a862538c3d2488d1284dc2bd9244f3,204.0,266.4,355.5,0.800710325925926,64.0
25a862538c3d2488d1284dc2bd9244f3,224.4,266.4,355.5,0.7674097562962964,56.0
25a862538c3d2488d1284dc2bd9244f3,183.6,325.6,355.5,0.7421038900000001,54.0
25a862538c3d2488d1284dc2bd9244f3,204.0,325.6,355.5,0.7291562555555556,48.0
25a862538c3d2488d1284dc2bd9244f3,224.4,325.6,355.5,0.698831532777778,42.0
25a862538c3d2488d1284dc2bd9244f3,183.6,296.0,355.5,0.6766501500000001,54.0
25a862538c3d2488d1284dc2bd9244f3,204.0,296.0,355.5,0.6648445,48.0
25a862538c3d2488d1284dc2bd9244f3,224.4,296.0,355.5,0.637194425,42.0
25a862538c3d2488d1284dc2bd9244f3,183.6,266.4,434.5,0.49553452666666664,36.0
25a862538c3d2488d1284dc2bd9244f3,204.0,266.4,434.5,0.486888837037037,32.0
25a862538c3d2488d1284dc2bd9244f3,224.4,266.4,434.5,0.4666397218518518,28.0
25a862538c3d2488d1284dc2bd9244f3,183.6,266.4,395.0,0.45149939999999994,36.0
25a862538c3d2488d1284dc2bd9244f3,183.6,325.6,434.5,0.451251955,27.0
25a862538c3d2488d1284dc2bd9244f3,204.0,266.4,395.0,0.443622,32.0
25a862538c3d2488d1284dc2bd9244f3,204.0,325.6,434.5,0.4433788722222223,24.0
25a862538c3d2488d1284dc2bd9244f3,224.4,266.4,395.0,0.4251722999999999,28.0
25a862538c3d2488d1284dc2bd9244f3,224.4,325.6,434.5,0.42493928361111116,21.0
25a862538c3d2488d1284dc2bd9244f3,183.6,296.0,434.5,0.411451425,27.0
25a862538c3d2488d1284dc2bd9244f3,183.6,325.6,395.0,0.41115195,27.0
25a862538c3d2488d1284dc2bd9244f3,204.0,296.0,434.5,0.40427275,24.0
25a862538c3d2488d1284dc2bd9244f3,204.0,325.6,395.0,0.4039785000000001,24.0
25a862538c3d2488d1284dc2bd9244f3,224.4,296.0,434.5,0.38745953750000006,21.0
25a862538c3d2488d1284dc2bd9244f3,224.4,325.6,395.0,0.3871775250000001,21.0
25a862538c3d2488d1284dc2bd9244f3,183.6,296.0,395.0,0.37488825,27.0
25a862538c3d2488d1284dc2bd9244f3,204.0,296.0,395.0,0.3683475,24.0
25a862538c3d2488d1284dc2bd9244f3,224.4,296.0,395.0,0.35302837500000006,21.0
25b51ca97d24c6dd7fdc2fd6f9551dac,144.0,226.8,380.0,0.905348888888889,110.0
25b51ca97d24c6dd7fdc2fd6f9551dac,158.4,226.8,380.0,0.9000044444444445,100.0
25b51ca97d24c6dd7fdc2fd6f9551dac,129.6,226.8,380.0,0.8953013333333333,120.0
25b51ca97d24c6dd7fdc2fd6f9551dac,144.0,277.2,380.0,0.8784331111111111,88.0
25b51ca97d24c6dd7fdc2fd6f9551dac,158.4,277.2,380.0,0.8732475555555557,80.0
25b51ca97d24c6dd7fdc2fd6f9551dac,129.6,277.2,380.0,0.8686842666666666,96.0
25b51ca97d24c6dd7fdc2fd6f9551dac,144.0,226.8,342.0,0.8171354074074075,110.0
25b51ca97d24c6dd7fdc2fd6f9551dac,158.4,226.8,342.0,0.8123117037037038,100.0
25b51ca97d24c6dd7fdc2fd6f9551dac,129.6,226.8,342.0,0.8080668444444443,120.0
25b51ca97d24c6dd7fdc2fd6f9551dac,144.0,252.0,380.0,0.8013561111111112,88.0
25b51ca97d24c6dd7fdc2fd6f9551dac,158.4,252.0,380.0,0.7966255555555556,80.0
25b51ca97d24c6dd7fdc2fd6f9551dac,144.0,277.2,342.0,0.7928421925925925,88.0
25b51ca97d24c6dd7fdc2fd6f9551dac,129.6,252.0,380.0,0.7924626666666665,96.0
25b51ca97d24c6dd7fdc2fd6f9551dac,158.4,277.2,342.0,0.7881618962962964,80.0
25b51ca97d24c6dd7fdc2fd6f9551dac,129.6,277.2,342.0,0.7840432355555556,96.0
25b51ca97d24c6dd7fdc2fd6f9551dac,144.0,252.0,342.0,0.7232752592592593,88.0
25b51ca97d24c6dd7fdc2fd6f9551dac,158.4,252.0,342.0,0.7190056296296297,80.0
25b51ca97d24c6dd7fdc2fd6f9551dac,129.6,252.0,342.0,0.7152483555555554,96.0
25b51ca97d24c6dd7fdc2fd6f9551dac,144.0,226.8,418.0,0.49678118518518527,55.0
25b51ca97d24c6dd7fdc2fd6f9551dac,158.4,226.8,418.0,0.4938485925925926,50.0
25b51ca97d24c6dd7fdc2fd6f9551dac,129.6,226.8,418.0,0.4912679111111111,60.0
25b51ca97d24c6dd7fdc2fd6f9551dac,144.0,277.2,418.0,0.48201201481481476,44.0
25b51ca97d24c6dd7fdc2fd6f9551dac,158.4,277.2,418.0,0.4791666074074074,40.0
25b51ca97d24c6dd7fdc2fd6f9551dac,129.6,277.2,418.0,0.4766626488888889,48.0
25b51ca97d24c6dd7fdc2fd6f9551dac,144.0,252.0,418.0,0.43971848148148146,44.0
25b51ca97d24c6dd7fdc2fd6f9551dac,158.4,252.0,418.0,0.4371227407407408,40.0
25b51ca97d24c6dd7fdc2fd6f9551dac,129.6,252.0,418.0,0.4348384888888889,48.0
27cfee279bf2517d910cfab7c0b51213,183.6,286.0,386.0,0.9455423999999999,72.0
27cfee279bf2517d910cfab7c0b51213,204.0,286.0,386.0,0.9290453333333333,64.0
27cfee279bf2517d910cfab7c0b51213,224.4,286.0,386.0,0.8904074666666667,56.0
27cfee279bf2517d910cfab7c0b51213,183.6,257.4,386.0,0.8541825599999999,72.0
27cfee279bf2517d910cfab7c0b51213,183.6,286.0,347.4,0.8533758933333332,72.0
27cfee279bf2517d910cfab7c0b51213,204.0,257.4,386.0,0.8392794666666665,64.0
27cfee279bf2517d910cfab7c0b51213,204.0,286.0,347.4,0.838486874074074,64.0
27cfee279bf2517d910cfab7c0b51213,224.4,257.4,386.0,0.8043748533333333,56.0
27cfee279bf2517d910cfab7c0b51213,224.4,286.0,347.4,0.8036152237037039,56.0
27cfee279bf2517d910cfab7c0b51213,183.6,314.6,386.0,0.7776766800000001,54.0
27cfee279bf2517d910cfab7c0b51213,183.6,257.4,347.4,0.7709213306666665,72.0
27cfee279bf2517d910cfab7c0b51213,204.0,314.6,386.0,0.7641084,48.0
27cfee279bf2517d910cfab7c0b51213,204.0,257.4,347.4,0.7574709125925925,64.0
27cfee279bf2517d910cfab7c0b51213,224.4,314.6,386.0,0.73233006,42.0
27cfee279bf2517d910cfab7c0b51213,224.4,257.4,347.4,0.7259686176296296,56.0
27cfee279bf2517d910cfab7c0b51213,183.6,314.6,347.4,0.701872842,54.0
27cfee279bf2517d910cfab7c0b51213,204.0,314.6,347.4,0.6896271266666667,48.0
27cfee279bf2517d910cfab7c0b51213,224.4,314.6,347.4,0.6609463723333333,42.0
27cfee279bf2517d910cfab7c0b51213,183.6,286.0,424.6,0.5188544533333334,36.0
27cfee279bf2517d910cfab7c0b51213,204.0,286.0,424.6,0.5098018962962964,32.0
27cfee279bf2517d910cfab7c0b51213,224.4,286.0,424.6,0.4885998548148149,28.0
27cfee279bf2517d910cfab7c0b51213,183.6,257.4,424.6,0.46872189466666664,36.0
27cfee279bf2517d910cfab7c0b51213,204.0,257.4,424.6,0.4605440103703704,32.0
27cfee279bf2517d910cfab7c0b51213,224.4,257.4,424.6,0.4413905445185185,28.0
27cfee279bf2517d910cfab7c0b51213,183.6,314.6,424.6,0.4267402590000001,27.0
27cfee279bf2517d910cfab7c0b51213,204.0,314.6,424.6,0.4192948366666667,24.0
27cfee279bf2517d910cfab7c0b51213,224.4,314.6,424.6,0.4018568738333334,21.0
27f597341f2223c1757e942d65f52be3,162.0,286.0,386.0,0.9333866666666667,80.0
27f597341f2223c1757e942d65f52be3,145.8,286.0,386.0,0.9300221333333334,88.0
27f597341f2223c1757e942d65f52be3,178.2,286.0,386.0,0.9191687999999999,72.0
27f597341f2223c1757e942d65f52be3,162.0,257.4,386.0,0.8432013333333332,80.0
27f597341f2223c1757e942d65f52be3,162.0,286.0,347.4,0.842405037037037,80.0
27f597341f2223c1757e942d65f52be3,145.8,257.4,386.0,0.8401618866666666,88.0
27f597341f2223c1757e942d65f52be3,145.8,286.0,347.4,0.8393684607407408,88.0
27f597341f2223c1757e942d65f52be3,178.2,257.4,386.0,0.8303572199999999,72.0
27f597341f2223c1757e942d65f52be3,178.2,286.0,347.4,0.8295730533333332,72.0
27f597341f2223c1757e942d65f52be3,162.0,314.6,386.0,0.7676790000000001,60.0
27f597341f2223c1757e942d65f52be3,145.8,314.6,386.0,0.764911785,66.0
27f597341f2223c1757e942d65f52be3,162.0,257.4,347.4,0.7610104962962961,80.0
27f597341f2223c1757e942d65f52be3,145.8,257.4,347.4,0.7582673189259258,88.0
27f597341f2223c1757e942d65f52be3,178.2,314.6,386.0,0.7559852850000001,54.0
27f597341f2223c1757e942d65f52be3,178.2,257.4,347.4,0.7494183596666665,72.0
27f597341f2223c1757e942d65f52be3,162.0,314.6,347.4,0.6928496833333333,60.0
27f597341f2223c1757e942d65f52be3,145.8,314.6,347.4,0.6903522019166668,66.0
27f597341f2223c1757e942d65f52be3,178.2,314.6,347.4,0.68229581025,54.0
27f597341f2223c1757e942d65f52be3,162.0,286.0,424.6,0.5121841481481482,40.0
27f597341f2223c1757e942d65f52be3,145.8,286.0,424.6,0.510337902962963,44.0
27f597341f2223c1757e942d65f52be3,178.2,286.0,424.6,0.5043822733333334,36.0
27f597341f2223c1757e942d65f52be3,162.0,257.4,424.6,0.4626960851851851,40.0
27f597341f2223c1757e942d65f52be3,145.8,257.4,424.6,0.4610282272037037,44.0
27f597341f2223c1757e942d65f52be3,178.2,257.4,424.6,0.45564804016666666,36.0
27f597341f2223c1757e942d65f52be3,162.0,314.6,424.6,0.4212541583333334,30.0
27f597341f2223c1757e942d65f52be3,145.8,314.6,424.6,0.4197356840416668,33.0
27f597341f2223c1757e942d65f52be3,178.2,314.6,424.6,0.414837379875,27.0
3068e6f2a2ce79314e458b7a6ab57b4d,144.0,288.0,388.0,0.9301628518518519,88.0
3068e6f2a2ce79314e458b7a6ab57b4d,158.4,288.0,388.0,0.924671925925926,80.0
3068e6f2a2ce79314e458b7a6ab57b4d,129.6,288.0,388.0,0.9198399111111111,96.0
3068e6f2a2ce79314e458b7a6ab57b4d,144.0,259.2,388.0,0.8402679185185185,88.0
3068e6f2a2ce79314e458b7a6ab57b4d,144.0,288.0,349.2,0.8394836592592593,88.0
3068e6f2a2ce79314e458b7a6ab57b4d,158.4,259.2,388.0,0.8353076592592593,80.0
3068e6f2a2ce79314e458b7a6ab57b4d,158.4,288.0,349.2,0.8345280296296297,80.0
3068e6f2a2ce79314e458b7a6ab57b4d,129.6,259.2,388.0,0.8309426311111111,96.0
3068e6f2a2ce79314e458b7a6ab57b4d,129.6,288.0,349.2,0.8301670755555554,96.0
3068e6f2a2ce79314e458b7a6ab57b4d,144.0,316.8,388.0,0.765043338888889,66.0
3068e6f2a2ce79314e458b7a6ab57b4d,158.4,316.8,388.0,0.7605271444444446,60.0
3068e6f2a2ce79314e458b7a6ab57b4d,144.0,259.2,349.2,0.7583523525925926,88.0
3068e6f2a2ce79314e458b7a6ab57b4d,129.6,316.8,388.0,0.7565528933333334,72.0
3068e6f2a2ce79314e458b7a6ab57b4d,158.4,259.2,349.2,0.7538756562962963,80.0
3068e6f2a2ce79314e458b7a6ab57b4d,129.6,259.2,349.2,0.7499361635555556,96.0
3068e6f2a2ce79314e458b7a6ab57b4d,144.0,316.8,349.2,0.6904612244444446,66.0
3068e6f2a2ce79314e458b7a6ab57b4d,158.4,316.8,349.2,0.6863853022222223,60.0
3068e6f2a2ce79314e458b7a6ab57b4d,129.6,316.8,349.2,0.6827984906666666,72.0
3068e6f2a2ce79314e458b7a6ab57b4d,144.0,288.0,426.8,0.5104210222222223,44.0
3068e6f2a2ce79314e458b7a6ab57b4d,158.4,288.0,426.8,0.5074079111111112,40.0
3068e6f2a2ce79314e458b7a6ab57b4d,129.6,288.0,426.8,0.5047563733333332,48.0
3068e6f2a2ce79314e458b7a6ab57b4d,144.0,259.2,426.8,0.4610917422222222,44.0
3068e6f2a2ce79314e458b7a6ab57b4d,158.4,259.2,426.8,0.45836983111111107,40.0
3068e6f2a2ce79314e458b7a6ab57b4d,129.6,259.2,426.8,0.45597454933333337,48.0
3068e6f2a2ce79314e458b7a6ab57b4d,144.0,316.8,426.8,0.4198127266666667,33.0
3068e6f2a2ce79314e458b7a6ab57b4d,158.4,316.8,426.8,0.4173344933333334,30.0
3068e6f2a2ce79314e458b7a6ab57b4d,129.6,316.8,426.8,0.415153648,36.0
3249c6671a2e400c91ae940376aa4946,241.2,288.0,388.0,0.9655244148148147,56.0
3249c6671a2e400c91ae940376aa4946,268.0,288.0,388.0,0.9158864444444444,48.0
3249c6671a2e400c91ae940376aa4946,241.2,259.2,388.0,0.8722119881481482,56.0
3249c6671a2e400c91ae940376aa4946,241.2,288.0,349.2,0.871397914074074,56.0
3249c6671a2e400c91ae940376aa4946,294.8,288.0,388.0,0.8368171111111111,40.0
3249c6671a2e400c91ae940376aa4946,268.0,259.2,388.0,0.8273712444444443,48.0
3249c6671a2e400c91ae940376aa4946,268.0,288.0,349.2,0.8265990222222223,48.0
3249c6671a2e400c91ae940376aa4946,241.2,316.8,388.0,0.7941276311111111,42.0
3249c6671a2e400c91ae940376aa4946,241.2,259.2,349.2,0.7871822767407407,56.0
3249c6671a2e400c91ae940376aa4946,294.8,259.2,388.0,0.7559435111111111,40.0
3249c6671a2e400c91ae940376aa4946,294.8,288.0,349.2,0.7552379555555556,40.0
3249c6671a2e400c91ae940376aa4946,268.0,316.8,388.0,0.7533012333333333,36.0
3249c6671a2e400c91ae940376aa4946,268.0,259.2,349.2,0.7467129422222222,48.0
3249c6671a2e400c91ae940376aa4946,241.2,316.8,349.2,0.7167101635555556,42.0
3249c6671a2e400c91ae940376aa4946,294.8,316.8,388.0,0.6882680333333334,30.0
3249c6671a2e400c91ae940376aa4946,294.8,259.2,349.2,0.6822485155555557,40.0
3249c6671a2e400c91ae940376aa4946,268.0,316.8,349.2,0.6798638266666667,36.0
3249c6671a2e400c91ae940376aa4946,294.8,316.8,349.2,0.6211705466666667,30.0
3249c6671a2e400c91ae940376aa4946,241.2,288.0,426.8,0.5298254577777777,28.0
3249c6671a2e400c91ae940376aa4946,268.0,288.0,426.8,0.5025869333333334,24.0
3249c6671a2e400c91ae940376aa4946,241.2,259.2,426.8,0.4786208497777777,28.0
3249c6671a2e400c91ae940376aa4946,294.8,288.0,426.8,0.45919813333333337,20.0
3249c6671a2e400c91ae940376aa4946,268.0,259.2,426.8,0.4540147733333333,24.0
3249c6671a2e400c91ae940376aa4946,241.2,316.8,426.8,0.4357725493333334,21.0
3249c6671a2e400c91ae940376aa4946,294.8,259.2,426.8,0.4148192533333334,20.0
3249c6671a2e400c91ae940376aa4946,268.0,316.8,426.8,0.4133693200000001,18.0
3249c6671a2e400c91ae940376aa4946,294.8,316.8,426.8,0.37768276000000006,15.0
3256a5fed07b421a92abee44a3d93243,286.0,266.4,355.5,0.8306434222222222,48.0
3256a5fed07b421a92abee44a3d93243,234.0,266.4,355.5,0.7988395074074073,56.0
3256a5fed07b421a92abee44a3d93243,260.0,266.4,355.5,0.7576815,48.0
3256a5fed07b421a92abee44a3d93243,286.0,325.6,355.5,0.7564144333333335,36.0
3256a5fed07b421a92abee44a3d93243,234.0,325.6,355.5,0.7274526194444445,42.0
3256a5fed07b421a92abee44a3d93243,260.0,325.6,355.5,0.689972625,36.0
3256a5fed07b421a92abee44a3d93243,286.0,296.0,355.5,0.6896985,36.0
3256a5fed07b421a92abee44a3d93243,234.0,296.0,355.5,0.663291125,42.0
3256a5fed07b421a92abee44a3d93243,260.0,296.0,355.5,0.629116875,36.0
3256a5fed07b421a92abee44a3d93243,286.0,266.4,434.5,0.5050902888888888,24.0
3256a5fed07b421a92abee44a3d93243,234.0,266.4,434.5,0.48575124629629624,28.0
3256a5fed07b421a92abee44a3d93243,260.0,266.4,434.5,0.46072425,24.0
3256a5fed07b421a92abee44a3d93243,286.0,266.4,395.0,0.46020599999999995,24.0
3256a5fed07b421a92abee44a3d93243,286.0,325.6,434.5,0.45995378333333337,18.0
3256a5fed07b421a92abee44a3d93243,234.0,266.4,395.0,0.4425854999999999,28.0
3256a5fed07b421a92abee44a3d93243,234.0,325.6,434.5,0.4423429402777778,21.0
3256a5fed07b421a92abee44a3d93243,260.0,266.4,395.0,0.4197825,24.0
3256a5fed07b421a92abee44a3d93243,260.0,325.6,434.5,0.4195524375,18.0
3256a5fed07b421a92abee44a3d93243,286.0,296.0,434.5,0.41938575,18.0
3256a5fed07b421a92abee44a3d93243,286.0,325.6,395.0,0.4190805,18.0
3256a5fed07b421a92abee44a3d93243,234.0,296.0,434.5,0.4033281875,21.0
3256a5fed07b421a92abee44a3d93243,234.0,325.6,395.0,0.4030346250000001,21.0
3256a5fed07b421a92abee44a3d93243,260.0,296.0,434.5,0.3825478125,18.0
3256a5fed07b421a92abee44a3d93243,260.0,325.6,395.0,0.382269375,18.0
3256a5fed07b421a92abee44a3d93243,286.0,296.0,395.0,0.3821175,18.0
3256a5fed07b421a92abee44a3d93243,234.0,296.0,395.0,0.367486875,21.0
3256a5fed07b421a92abee44a3d93243,260.0,296.0,395.0,0.348553125,18.0
32afd4b4cbf80746743543d141a1b52c,211.5,266.4,355.5,0.8287726037037038,64.0
32afd4b4cbf80746743543d141a1b52c,235.0,266.4,355.5,0.8021134398148149,56.0
32afd4b4cbf80746743543d141a1b52c,211.5,325.6,355.5,0.7547107972222223,48.0
32afd4b4cbf80746743543d141a1b52c,258.5,266.4,355.5,0.7534721583333333,48.0
32afd4b4cbf80746743543d141a1b52c,235.0,325.6,355.5,0.7304339826388889,42.0
32afd4b4cbf80746743543d141a1b52c,211.5,296.0,355.5,0.688145125,48.0
32afd4b4cbf80746743543d141a1b52c,258.5,325.6,355.5,0.68613944375,36.0
32afd4b4cbf80746743543d141a1b52c,235.0,296.0,355.5,0.66600953125,42.0
32afd4b4cbf80746743543d141a1b52c,258.5,296.0,355.5,0.62562178125,36.0
32afd4b4cbf80746743543d141a1b52c,211.5,266.4,434.5,0.5039526981481481,32.0
32afd4b4cbf80746743543d141a1b52c,235.0,266.4,434.5,0.4877420300925926,28.0
32afd4b4cbf80746743543d141a1b52c,211.5,266.4,395.0,0.4591695,32.0
32afd4b4cbf80746743543d141a1b52c,211.5,325.6,434.5,0.4589178513888889,24.0
32afd4b4cbf80746743543d141a1b52c,258.5,266.4,434.5,0.4581646708333333,24.0
32afd4b4cbf80746743543d141a1b52c,235.0,266.4,395.0,0.444399375,28.0
32afd4b4cbf80746743543d141a1b52c,235.0,325.6,434.5,0.4441558211805556,21.0
32afd4b4cbf80746743543d141a1b52c,211.5,296.0,434.5,0.4184411875,24.0
32afd4b4cbf80746743543d141a1b52c,211.5,325.6,395.0,0.4181366250000001,24.0
32afd4b4cbf80746743543d141a1b52c,258.5,266.4,395.0,0.41745037499999993,24.0
32afd4b4cbf80746743543d141a1b52c,258.5,325.6,434.5,0.417221590625,18.0
32afd4b4cbf80746743543d141a1b52c,235.0,296.0,434.5,0.404981171875,21.0
32afd4b4cbf80746743543d141a1b52c,235.0,325.6,395.0,0.40468640625,21.0
32afd4b4cbf80746743543d141a1b52c,211.5,296.0,395.0,0.381256875,24.0
32afd4b4cbf80746743543d141a1b52c,258.5,296.0,434.5,0.380422546875,18.0
32afd4b4cbf80746743543d141a1b52c,258.5,325.6,395.0,0.38014565625,18.0
32afd4b4cbf80746743543d141a1b52c,235.0,296.0,395.0,0.36899296875,21.0
32afd4b4cbf80746743543d141a1b52c,258.5,296.0,395.0,0.34661671875,18.0
3479d784dc4ed4c42784cabde22ac149,272.8,223.2,383.0,0.8999285166666667,60.0
3479d784dc4ed4c42784cabde22ac149,272.8,272.8,383.0,0.8730695866666668,48.0
3479d784dc4ed4c42784cabde22ac149,223.2,223.2,383.0,0.8657728138888889,70.0
3479d784dc4ed4c42784cabde22ac149,223.2,272.8,383.0,0.8399332822222223,56.0
3479d784dc4ed4c42784cabde22ac149,248.0,223.2,383.0,0.82100975,60.0
3479d784dc4ed4c42784cabde22ac149,272.8,223.2,344.7,0.8122255594444444,60.0
3479d784dc4ed4c42784cabde22ac149,248.0,272.8,383.0,0.7965062,48.0
3479d784dc4ed4c42784cabde22ac149,272.8,248.0,383.0,0.7965062,48.0
3479d784dc4ed4c42784cabde22ac149,272.8,272.8,344.7,0.7879841791111112,48.0
3479d784dc4ed4c42784cabde22ac149,223.2,223.2,344.7,0.7813985167592592,70.0
3479d784dc4ed4c42784cabde22ac149,223.2,248.0,383.0,0.7662757666666666,56.0
3479d784dc4ed4c42784cabde22ac149,223.2,272.8,344.7,0.7580771888148149,56.0
3479d784dc4ed4c42784cabde22ac149,248.0,223.2,344.7,0.7409978583333333,60.0
3479d784dc4ed4c42784cabde22ac149,248.0,248.0,383.0,0.726657,48.0
3479d784dc4ed4c42784cabde22ac149,248.0,272.8,344.7,0.7188823133333334,48.0
3479d784dc4ed4c42784cabde22ac149,272.8,248.0,344.7,0.7188823133333334,48.0
3479d784dc4ed4c42784cabde22ac149,223.2,248.0,344.7,0.6915980011111111,56.0
3479d784dc4ed4c42784cabde22ac149,248.0,248.0,344.7,0.6558403,48.0
3479d784dc4ed4c42784cabde22ac149,272.8,223.2,421.3,0.49381573694444447,30.0
3479d784dc4ed4c42784cabde22ac149,272.8,272.8,421.3,0.4790774971111112,24.0
3479d784dc4ed4c42784cabde22ac149,223.2,223.2,421.3,0.4750735555092592,35.0
3479d784dc4ed4c42784cabde22ac149,223.2,272.8,421.3,0.46089468781481485,28.0
3479d784dc4ed4c42784cabde22ac149,248.0,223.2,421.3,0.4505108208333334,30.0
3479d784dc4ed4c42784cabde22ac149,248.0,272.8,421.3,0.4370650433333334,24.0
3479d784dc4ed4c42784cabde22ac149,272.8,248.0,421.3,0.4370650433333334,24.0
3479d784dc4ed4c42784cabde22ac149,223.2,248.0,421.3,0.4204767661111111,28.0
3479d784dc4ed4c42784cabde22ac149,248.0,248.0,421.3,0.39873685,24.0
34dbd33aabcf7123c6ee197304f6312d,207.0,220.5,355.5,0.8463778587962963,80.0
34dbd33aabcf7123c6ee197304f6312d,207.0,269.5,355.5,0.8210416018518518,64.0
34dbd33aabcf7123c6ee197304f6312d,230.0,220.5,355.5,0.8190753472222222,70.0
34dbd33aabcf7123c6ee197304f6312d,230.0,269.5,355.5,0.7945563888888889,56.0
34dbd33aabcf7123c6ee197304f6312d,253.0,220.5,355.5,0.7693457725694445,60.0
34dbd33aabcf7123c6ee197304f6312d,207.0,245.0,355.5,0.7490719444444445,64.0
34dbd33aabcf7123c6ee197304f6312d,253.0,269.5,355.5,0.7463154652777778,48.0
34dbd33aabcf7123c6ee197304f6312d,230.0,245.0,355.5,0.7249083333333334,56.0
34dbd33aabcf7123c6ee197304f6312d,253.0,245.0,355.5,0.6808960416666666,48.0
34dbd33aabcf7123c6ee197304f6312d,207.0,220.5,434.5,0.5146579456018519,40.0
34dbd33aabcf7123c6ee197304f6312d,207.0,269.5,434.5,0.4992516990740741,32.0
34dbd33aabcf7123c6ee197304f6312d,230.0,220.5,434.5,0.4980560763888889,35.0
34dbd33aabcf7123c6ee197304f6312d,230.0,269.5,434.5,0.48314680555555556,28.0
34dbd33aabcf7123c6ee197304f6312d,207.0,220.5,395.0,0.4689234375,40.0
34dbd33aabcf7123c6ee197304f6312d,253.0,220.5,434.5,0.4678169574652778,30.0
34dbd33aabcf7123c6ee197304f6312d,207.0,245.0,434.5,0.4554890277777778,32.0
34dbd33aabcf7123c6ee197304f6312d,207.0,269.5,395.0,0.45488625,32.0
34dbd33aabcf7123c6ee197304f6312d,253.0,269.5,434.5,0.4538128923611111,24.0
34dbd33aabcf7123c6ee197304f6312d,230.0,220.5,395.0,0.453796875,35.0
34dbd33aabcf7123c6ee197304f6312d,230.0,245.0,434.5,0.44079583333333333,28.0
34dbd33aabcf7123c6ee197304f6312d,230.0,269.5,395.0,0.4402125,28.0
34dbd33aabcf7123c6ee197304f6312d,253.0,220.5,395.0,0.426244921875,30.0
34dbd33aabcf7123c6ee197304f6312d,207.0,245.0,395.0,0.4150125,32.0
34dbd33aabcf7123c6ee197304f6312d,253.0,245.0,434.5,0.4140332291666667,24.0
34dbd33aabcf7123c6ee197304f6312d,253.0,269.5,395.0,0.4134853125,24.0
34dbd33aabcf7123c6ee197304f6312d,230.0,245.0,395.0,0.401625,28.0
34dbd33aabcf7123c6ee197304f6312d,253.0,245.0,395.0,0.377240625,24.0
35174969e008414733b7133a380c2f8c,240.0,229.5,351.9,0.8777855179398149,70.0
35174969e008414733b7133a380c2f8c,240.0,280.5,351.9,0.8517634837962963,56.0
35174969e008414733b7133a380c2f8c,264.0,229.5,351.9,0.8246167951388889,60.0
35174969e008414733b7133a380c2f8c,264.0,280.5,351.9,0.8001709527777777,48.0
35174969e008414733b7133a380c2f8c,216.0,229.5,351.9,0.7935181082175925,70.0
35174969e008414733b7133a380c2f8c,240.0,255.0,351.9,0.7769959490740741,56.0
35174969e008414733b7133a380c2f8c,216.0,280.5,351.9,0.7699941893518519,56.0
35174969e008414733b7133a380c2f8c,264.0,255.0,351.9,0.7299321944444445,48.0
35174969e008414733b7133a380c2f8c,216.0,255.0,351.9,0.702404337962963,56.0
35174969e008414733b7133a380c2f8c,240.0,229.5,430.1,0.5337294921875,35.0
35174969e008414733b7133a380c2f8c,240.0,280.5,430.1,0.51790703125,28.0
35174969e008414733b7133a380c2f8c,264.0,229.5,430.1,0.501400734375,30.0
35174969e008414733b7133a380c2f8c,264.0,280.5,430.1,0.48653666250000005,24.0
35174969e008414733b7133a380c2f8c,240.0,229.5,391.0,0.4863111255787037,35.0
35174969e008414733b7133a380c2f8c,216.0,229.5,430.1,0.48249146093750006,35.0
35174969e008414733b7133a380c2f8c,240.0,255.0,430.1,0.4724453125,28.0
35174969e008414733b7133a380c2f8c,240.0,280.5,391.0,0.47189438657407407,28.0
35174969e008414733b7133a380c2f8c,216.0,280.5,430.1,0.46818795625,28.0
35174969e008414733b7133a380c2f8c,264.0,229.5,391.0,0.45685456597222224,30.0
35174969e008414733b7133a380c2f8c,264.0,255.0,430.1,0.443828625,24.0
35174969e008414733b7133a380c2f8c,264.0,280.5,391.0,0.4433110694444444,24.0
35174969e008414733b7133a380c2f8c,216.0,229.5,391.0,0.4396252575231481,35.0
35174969e008414733b7133a380c2f8c,240.0,255.0,391.0,0.4304716435185185,28.0
35174969e008414733b7133a380c2f8c,216.0,255.0,430.1,0.4270905625,28.0
35174969e008414733b7133a380c2f8c,216.0,280.5,391.0,0.42659252546296295,28.0
35174969e008414733b7133a380c2f8c,264.0,255.0,391.0,0.40439736111111113,24.0
35174969e008414733b7133a380c2f8c,216.0,255.0,391.0,0.38914636574074074,28.0
3665e3bea9deb6de2f6ad8e308473be4,212.0,282.0,380.0,0.9363466666666667,64.0
3665e3bea9deb6de2f6ad8e308473be4,233.2,282.0,380.0,0.897543111111111,56.0
3665e3bea9deb6de2f6ad8e308473be4,190.8,282.0,380.0,0.8469297777777779,64.0
3665e3bea9deb6de2f6ad8e308473be4,212.0,253.8,380.0,0.8459186666666668,64.0
3665e3bea9deb6de2f6ad8e308473be4,212.0,282.0,342.0,0.8451128888888889,64.0
3665e3bea9deb6de2f6ad8e308473be4,233.2,253.8,380.0,0.8108625777777777,56.0
3665e3bea9deb6de2f6ad8e308473be4,233.2,282.0,342.0,0.8100901925925924,56.0
3665e3bea9deb6de2f6ad8e308473be4,212.0,310.2,380.0,0.7700809999999999,48.0
3665e3bea9deb6de2f6ad8e308473be4,190.8,253.8,380.0,0.7651372444444445,64.0
3665e3bea9deb6de2f6ad8e308473be4,190.8,282.0,342.0,0.7644084148148149,64.0
3665e3bea9deb6de2f6ad8e308473be4,212.0,253.8,342.0,0.7634958222222223,64.0
3665e3bea9deb6de2f6ad8e308473be4,233.2,310.2,380.0,0.7381677333333334,42.0
3665e3bea9deb6de2f6ad8e308473be4,233.2,253.8,342.0,0.7318554548148148,56.0
3665e3bea9deb6de2f6ad8e308473be4,190.8,310.2,380.0,0.6965417333333334,48.0
3665e3bea9deb6de2f6ad8e308473be4,212.0,310.2,342.0,0.6950474666666666,48.0
3665e3bea9deb6de2f6ad8e308473be4,190.8,253.8,342.0,0.6905854103703705,64.0
3665e3bea9deb6de2f6ad8e308473be4,233.2,310.2,342.0,0.6662436977777778,42.0
3665e3bea9deb6de2f6ad8e308473be4,190.8,310.2,342.0,0.6286735644444446,48.0
3665e3bea9deb6de2f6ad8e308473be4,212.0,282.0,418.0,0.5137902222222223,32.0
3665e3bea9deb6de2f6ad8e308473be4,233.2,282.0,418.0,0.4924980148148148,28.0
3665e3bea9deb6de2f6ad8e308473be4,190.8,282.0,418.0,0.4647255703703704,32.0
3665e3bea9deb6de2f6ad8e308473be4,212.0,253.8,418.0,0.4641707555555556,32.0
3665e3bea9deb6de2f6ad8e308473be4,233.2,253.8,418.0,0.44493485037037034,28.0
3665e3bea9deb6de2f6ad8e308473be4,212.0,310.2,418.0,0.42255726666666665,24.0
3665e3bea9deb6de2f6ad8e308473be4,190.8,253.8,418.0,0.41984453925925935,32.0
3665e3bea9deb6de2f6ad8e308473be4,233.2,310.2,418.0,0.4050458844444444,21.0
3665e3bea9deb6de2f6ad8e308473be4,190.8,310.2,418.0,0.3822049511111111,24.0
37070e9f43f02e356af14131f16a3112,245.0,229.5,353.7,0.8997944314236112,70.0
37070e9f43f02e356af14131f16a3112,245.0,280.5,353.7,0.8731199409722222,56.0
37070e9f43f02e356af14131f16a3112,269.5,229.5,353.7,0.8453530876736111,60.0
37070e9f43f02e356af14131f16a3112,269.5,280.5,353.7,0.8202925159722222,48.0
37070e9f43f02e356af14131f16a3112,220.5,229.5,353.7,0.8133435938946759,70.0
37070e9f43f02e356af14131f16a3112,245.0,255.0,353.7,0.7964777430555555,56.0
37070e9f43f02e356af14131f16a3112,220.5,280.5,353.7,0.7892319466435185,56.0
37070e9f43f02e356af14131f16a3112,269.5,255.0,353.7,0.7482874930555555,48.0
37070e9f43f02e356af14131f16a3112,220.5,255.0,353.7,0.7199534108796296,56.0
37070e9f43f02e356af14131f16a3112,245.0,229.5,432.3,0.5471254839409723,35.0
37070e9f43f02e356af14131f16a3112,245.0,280.5,432.3,0.5309058975694444,28.0
37070e9f43f02e356af14131f16a3112,269.5,229.5,432.3,0.5140220933159723,30.0
37070e9f43f02e356af14131f16a3112,269.5,280.5,432.3,0.4987838600694445,24.0
37070e9f43f02e356af14131f16a3112,245.0,229.5,393.0,0.4985113498263889,35.0
37070e9f43f02e356af14131f16a3112,220.5,229.5,432.3,0.4945585256799769,35.0
37070e9f43f02e356af14131f16a3112,245.0,255.0,432.3,0.4843031423611111,28.0
37070e9f43f02e356af14131f16a3112,245.0,280.5,393.0,0.4837329340277778,28.0
37070e9f43f02e356af14131f16a3112,220.5,280.5,432.3,0.47989729172453705,28.0
37070e9f43f02e356af14131f16a3112,269.5,229.5,393.0,0.4683493185763889,30.0
37070e9f43f02e356af14131f16a3112,269.5,255.0,432.3,0.4550007673611111,24.0
37070e9f43f02e356af14131f16a3112,269.5,280.5,393.0,0.4544650590277778,24.0
37070e9f43f02e356af14131f16a3112,220.5,229.5,393.0,0.4506151613136574,35.0
37070e9f43f02e356af14131f16a3112,245.0,255.0,393.0,0.44127100694444443,28.0
37070e9f43f02e356af14131f16a3112,220.5,255.0,432.3,0.43777205613425924,28.0
37070e9f43f02e356af14131f16a3112,220.5,280.5,393.0,0.43725663252314817,28.0
37070e9f43f02e356af14131f16a3112,269.5,255.0,393.0,0.41457225694444444,24.0
37070e9f43f02e356af14131f16a3112,220.5,255.0,393.0,0.398874380787037,28.0
371bc8e13ebaec61128f288334956fa5,207.0,229.5,351.9,0.8707632337962962,80.0
371bc8e13ebaec61128f288334956fa5,207.0,280.5,351.9,0.8449493759259259,64.0
371bc8e13ebaec61128f288334956fa5,230.0,229.5,351.9,0.8426740972222222,70.0
371bc8e13ebaec61128f288334956fa5,230.0,280.5,351.9,0.8176929444444444,56.0
371bc8e13ebaec61128f288334956fa5,253.0,229.5,351.9,0.7915117413194445,60.0
371bc8e13ebaec61128f288334956fa5,207.0,255.0,351.9,0.7707799814814815,64.0
371bc8e13ebaec61128f288334956fa5,253.0,280.5,351.9,0.7680473013888889,48.0
371bc8e13ebaec61128f288334956fa5,230.0,255.0,351.9,0.7459161111111111,56.0
371bc8e13ebaec61128f288334956fa5,253.0,255.0,351.9,0.7006283472222222,48.0
371bc8e13ebaec61128f288334956fa5,207.0,229.5,430.1,0.52945965625,40.0
371bc8e13ebaec61128f288334956fa5,207.0,280.5,430.1,0.513763775,32.0
371bc8e13ebaec61128f288334956fa5,230.0,229.5,430.1,0.5123803125,35.0
371bc8e13ebaec61128f288334956fa5,230.0,280.5,430.1,0.49719075,28.0
371bc8e13ebaec61128f288334956fa5,207.0,229.5,391.0,0.4824206365740741,40.0
371bc8e13ebaec61128f288334956fa5,253.0,229.5,430.1,0.4812715078125,30.0
371bc8e13ebaec61128f288334956fa5,207.0,255.0,430.1,0.46866575,32.0
371bc8e13ebaec61128f288334956fa5,207.0,280.5,391.0,0.4681192314814815,32.0
371bc8e13ebaec61128f288334956fa5,253.0,280.5,430.1,0.46700416874999995,24.0
371bc8e13ebaec61128f288334956fa5,230.0,229.5,391.0,0.46685868055555557,35.0
371bc8e13ebaec61128f288334956fa5,230.0,255.0,430.1,0.4535475,28.0
371bc8e13ebaec61128f288334956fa5,230.0,280.5,391.0,0.45301861111111114,28.0
371bc8e13ebaec61128f288334956fa5,253.0,229.5,391.0,0.4385136892361111,30.0
371bc8e13ebaec61128f288334956fa5,207.0,255.0,391.0,0.4270278703703704,32.0
371bc8e13ebaec61128f288334956fa5,253.0,255.0,430.1,0.4260106875,24.0
371bc8e13ebaec61128f288334956fa5,253.0,280.5,391.0,0.42551390972222225,24.0
371bc8e13ebaec61128f288334956fa5,230.0,255.0,391.0,0.4132527777777778,28.0
371bc8e13ebaec61128f288334956fa5,253.0,255.0,391.0,0.38816243055555555,24.0
3826faf22304dbe5bef22f8c36155874,246.4,229.5,353.7,0.9047344792824075,70.0
3826faf22304dbe5bef22f8c36155874,246.4,280.5,353.7,0.8779135406481482,56.0
3826faf22304dbe5bef22f8c36155874,201.6,229.5,353.7,0.8533176546296296,80.0
3826faf22304dbe5bef22f8c36155874,201.6,280.5,353.7,0.8280209725925926,64.0
3826faf22304dbe5bef22f8c36155874,224.0,229.5,353.7,0.8256937135416665,70.0
3826faf22304dbe5bef22f8c36155874,224.0,280.5,353.7,0.8012159458333332,56.0
3826faf22304dbe5bef22f8c36155874,246.4,255.0,353.7,0.8008505620370371,56.0
3826faf22304dbe5bef22f8c36155874,201.6,255.0,353.7,0.7553375481481481,64.0
3826faf22304dbe5bef22f8c36155874,224.0,255.0,353.7,0.7308854583333333,56.0
3826faf22304dbe5bef22f8c36155874,246.4,229.5,432.3,0.5501293101273147,35.0
3826faf22304dbe5bef22f8c36155874,246.4,280.5,432.3,0.5338206750462963,28.0
3826faf22304dbe5bef22f8c36155874,201.6,229.5,432.3,0.5188649967592592,40.0
3826faf22304dbe5bef22f8c36155874,201.6,280.5,432.3,0.5034831951851851,32.0
3826faf22304dbe5bef22f8c36155874,224.0,229.5,432.3,0.5020680911458334,35.0
3826faf22304dbe5bef22f8c36155874,246.4,229.5,393.0,0.5012482748842593,35.0
3826faf22304dbe5bef22f8c36155874,224.0,280.5,432.3,0.4871842354166667,28.0
3826faf22304dbe5bef22f8c36155874,246.4,255.0,432.3,0.48696206157407407,28.0
3826faf22304dbe5bef22f8c36155874,246.4,280.5,393.0,0.4863887226851852,28.0
3826faf22304dbe5bef22f8c36155874,201.6,229.5,393.0,0.472761912037037,40.0
3826faf22304dbe5bef22f8c36155874,201.6,255.0,432.3,0.4592875962962963,32.0
3826faf22304dbe5bef22f8c36155874,201.6,280.5,393.0,0.45874684074074074,32.0
3826faf22304dbe5bef22f8c36155874,224.0,229.5,393.0,0.45745747395833336,35.0
3826faf22304dbe5bef22f8c36155874,224.0,255.0,432.3,0.44441935416666667,28.0
3826faf22304dbe5bef22f8c36155874,224.0,280.5,393.0,0.4438961041666667,28.0
3826faf22304dbe5bef22f8c36155874,246.4,255.0,393.0,0.4436936712962963,28.0
3826faf22304dbe5bef22f8c36155874,201.6,255.0,393.0,0.4184781851851852,32.0
3826faf22304dbe5bef22f8c36155874,224.0,255.0,393.0,0.40493104166666666,28.0
3b9cad8a30970ffa68683f11cb2734ba,165.6,223.2,383.0,0.9313263055555554,100.0
3b9cad8a30970ffa68683f11cb2734ba,184.0,223.2,383.0,0.9260226249999999,90.0
3b9cad8a30970ffa68683f11cb2734ba,165.6,272.8,383.0,0.9035302888888888,80.0
3b9cad8a30970ffa68683f11cb2734ba,202.4,223.2,383.0,0.9012013999999999,80.0
3b9cad8a30970ffa68683f11cb2734ba,184.0,272.8,383.0,0.8983849,72.0
3b9cad8a30970ffa68683f11cb2734ba,202.4,272.8,383.0,0.87430448,64.0
3b9cad8a30970ffa68683f11cb2734ba,165.6,223.2,344.7,0.8405634620370371,100.0
3b9cad8a30970ffa68683f11cb2734ba,184.0,223.2,344.7,0.8357766541666666,90.0
3b9cad8a30970ffa68683f11cb2734ba,165.6,248.0,383.0,0.8242956666666666,80.0
3b9cad8a30970ffa68683f11cb2734ba,184.0,248.0,383.0,0.8196015,72.0
3b9cad8a30970ffa68683f11cb2734ba,165.6,272.8,344.7,0.8154763192592591,80.0
3b9cad8a30970ffa68683f11cb2734ba,202.4,223.2,344.7,0.8133743933333333,80.0
3b9cad8a30970ffa68683f11cb2734ba,184.0,272.8,344.7,0.8108323766666666,72.0
3b9cad8a30970ffa68683f11cb2734ba,202.4,248.0,383.0,0.7976328,64.0
3b9cad8a30970ffa68683f11cb2734ba,202.4,272.8,344.7,0.7890987253333333,64.0
3b9cad8a30970ffa68683f11cb2734ba,165.6,248.0,344.7,0.7439635444444445,80.0
3b9cad8a30970ffa68683f11cb2734ba,184.0,248.0,344.7,0.7397268499999999,72.0
3b9cad8a30970ffa68683f11cb2734ba,202.4,248.0,344.7,0.7198991200000001,64.0
3b9cad8a30970ffa68683f11cb2734ba,165.6,223.2,421.3,0.511044574537037,50.0
3b9cad8a30970ffa68683f11cb2734ba,184.0,223.2,421.3,0.5081342979166666,45.0
3b9cad8a30970ffa68683f11cb2734ba,165.6,272.8,421.3,0.49579212925925925,40.0
3b9cad8a30970ffa68683f11cb2734ba,202.4,223.2,421.3,0.4945142033333333,40.0
3b9cad8a30970ffa68683f11cb2734ba,184.0,272.8,421.3,0.4929687116666667,36.0
3b9cad8a30970ffa68683f11cb2734ba,202.4,272.8,421.3,0.47975511733333337,32.0
3b9cad8a30970ffa68683f11cb2734ba,165.6,248.0,421.3,0.45231389444444436,40.0
3b9cad8a30970ffa68683f11cb2734ba,184.0,248.0,421.3,0.449738075,36.0
3b9cad8a30970ffa68683f11cb2734ba,202.4,248.0,421.3,0.43768324000000003,32.0
3bbb0a264f46985b05693bd22a6944d3,169.2,283.0,381.0,0.9504485925925924,80.0
3bbb0a264f46985b05693bd22a6944d3,188.0,283.0,381.0,0.94514475,72.0
3bbb0a264f46985b05693bd22a6944d3,206.8,283.0,381.0,0.9198984592592594,64.0
3bbb0a264f46985b05693bd22a6944d3,169.2,254.7,381.0,0.8586475851851852,80.0
3bbb0a264f46985b05693bd22a6944d3,169.2,283.0,342.9,0.8578345481481481,80.0
3bbb0a264f46985b05693bd22a6944d3,188.0,254.7,381.0,0.8538560249999999,72.0
3bbb0a264f46985b05693bd22a6944d3,188.0,283.0,342.9,0.8530475249999999,72.0
3bbb0a264f46985b05693bd22a6944d3,206.8,254.7,381.0,0.8310481985185185,64.0
3bbb0a264f46985b05693bd22a6944d3,206.8,283.0,342.9,0.8302612948148148,64.0
3bbb0a264f46985b05693bd22a6944d3,169.2,311.3,381.0,0.7816871999999999,60.0
3bbb0a264f46985b05693bd22a6944d3,188.0,311.3,381.0,0.7773251062500001,54.0
3bbb0a264f46985b05693bd22a6944d3,169.2,254.7,342.9,0.7749788562962961,80.0
3bbb0a264f46985b05693bd22a6944d3,188.0,254.7,342.9,0.7706541975,72.0
3bbb0a264f46985b05693bd22a6944d3,206.8,311.3,381.0,0.7565615400000002,48.0
3bbb0a264f46985b05693bd22a6944d3,206.8,254.7,342.9,0.7500688216296295,64.0
3bbb0a264f46985b05693bd22a6944d3,169.2,311.3,342.9,0.7055176799999998,60.0
3bbb0a264f46985b05693bd22a6944d3,188.0,311.3,342.9,0.701580639375,54.0
3bbb0a264f46985b05693bd22a6944d3,206.8,311.3,342.9,0.682840326,48.0
3bbb0a264f46985b05693bd22a6944d3,169.2,283.0,419.1,0.5215313185185185,40.0
3bbb0a264f46985b05693bd22a6944d3,188.0,283.0,419.1,0.5186209875000001,36.0
3bbb0a264f46985b05693bd22a6944d3,206.8,283.0,419.1,0.5047678118518519,32.0
3bbb0a264f46985b05693bd22a6944d3,169.2,254.7,419.1,0.47115815703703706,40.0
3bbb0a264f46985b05693bd22a6944d3,188.0,254.7,419.1,0.46852892625000003,36.0
3bbb0a264f46985b05693bd22a6944d3,206.8,254.7,419.1,0.45601378770370377,32.0
3bbb0a264f46985b05693bd22a6944d3,169.2,311.3,419.1,0.42892836,30.0
3bbb0a264f46985b05693bd22a6944d3,188.0,311.3,419.1,0.42653478656250005,27.0
3bbb0a264f46985b05693bd22a6944d3,206.8,311.3,419.1,0.41514137700000003,24.0
3cdb44bb6e06ba2151d665a0c599b894,155.7,266.4,355.5,0.7749865712962962,80.0
3cdb44bb6e06ba2151d665a0c599b894,173.0,266.4,355.5,0.7703095249999999,72.0
3cdb44bb6e06ba2151d665a0c599b894,190.3,266.4,355.5,0.7494498985185184,64.0
3cdb44bb6e06ba2151d665a0c599b894,155.7,325.6,355.5,0.7057312590277777,60.0
3cdb44bb6e06ba2151d665a0c599b894,173.0,325.6,355.5,0.7014721687500001,54.0
3cdb44bb6e06ba2151d665a0c599b894,190.3,325.6,355.5,0.6824766261111112,48.0
3cdb44bb6e06ba2151d665a0c599b894,155.7,296.0,355.5,0.6434855937499998,60.0
3cdb44bb6e06ba2151d665a0c599b894,173.0,296.0,355.5,0.63960215625,54.0
3cdb44bb6e06ba2151d665a0c599b894,190.3,296.0,355.5,0.6222820250000001,48.0
3cdb44bb6e06ba2151d665a0c599b894,155.7,266.4,434.5,0.4712469643518518,40.0
3cdb44bb6e06ba2151d665a0c599b894,173.0,266.4,434.5,0.4684029875,36.0
3cdb44bb6e06ba2151d665a0c599b894,190.3,266.4,434.5,0.4557188507407407,32.0
3cdb44bb6e06ba2151d665a0c599b894,155.7,266.4,395.0,0.429370125,40.0
3cdb44bb6e06ba2151d665a0c599b894,155.7,325.6,434.5,0.4291348079861111,30.0
3cdb44bb6e06ba2151d665a0c599b894,173.0,266.4,395.0,0.426778875,36.0
3cdb44bb6e06ba2151d665a0c599b894,173.0,325.6,434.5,0.42654497812500003,27.0
3cdb44bb6e06ba2151d665a0c599b894,190.3,266.4,395.0,0.4152219,32.0
3cdb44bb6e06ba2151d665a0c599b894,190.3,325.6,434.5,0.41499433694444443,24.0
3cdb44bb6e06ba2151d665a0c599b894,155.7,296.0,434.5,0.391285015625,30.0
3cdb44bb6e06ba2151d665a0c599b894,155.7,325.6,395.0,0.3910002187499999,30.0
3cdb44bb6e06ba2151d665a0c599b894,173.0,296.0,434.5,0.388923609375,27.0
3cdb44bb6e06ba2151d665a0c599b894,173.0,325.6,395.0,0.38864053125,27.0
3cdb44bb6e06ba2151d665a0c599b894,190.3,296.0,434.5,0.37839173750000005,24.0
3cdb44bb6e06ba2151d665a0c599b894,190.3,325.6,395.0,0.37811632500000003,24.0
3cdb44bb6e06ba2151d665a0c599b894,155.7,296.0,395.0,0.35651390625,30.0
3cdb44bb6e06ba2151d665a0c599b894,173.0,296.0,395.0,0.35436234375,27.0
3cdb44bb6e06ba2151d665a0c599b894,190.3,296.0,395.0,0.344766375,24.0
3ee40e049bab5e95db9b552be527cd7d,287.1,282.0,380.0,0.9398263333333337,48.0
3ee40e049bab5e95db9b552be527cd7d,234.9,282.0,380.0,0.9038170555555556,56.0
3ee40e049bab5e95db9b552be527cd7d,261.0,282.0,380.0,0.8572633333333334,48.0
3ee40e049bab5e95db9b552be527cd7d,287.1,253.8,380.0,0.8490622833333334,48.0
3ee40e049bab5e95db9b552be527cd7d,287.1,282.0,342.0,0.8482535111111112,48.0
3ee40e049bab5e95db9b552be527cd7d,234.9,253.8,380.0,0.8165306138888888,56.0
3ee40e049bab5e95db9b552be527cd7d,234.9,282.0,342.0,0.8157528296296297,56.0
3ee40e049bab5e95db9b552be527cd7d,261.0,253.8,380.0,0.7744728333333334,48.0
3ee40e049bab5e95db9b552be527cd7d,261.0,282.0,342.0,0.7737351111111112,48.0
3ee40e049bab5e95db9b552be527cd7d,287.1,310.2,380.0,0.7729427875,36.0
3ee40e049bab5e95db9b552be527cd7d,287.1,253.8,342.0,0.7663331377777779,48.0
3ee40e049bab5e95db9b552be527cd7d,234.9,310.2,380.0,0.7433276229166665,42.0
3ee40e049bab5e95db9b552be527cd7d,234.9,253.8,342.0,0.7369712207407407,56.0
3ee40e049bab5e95db9b552be527cd7d,261.0,310.2,380.0,0.705040375,36.0
3ee40e049bab5e95db9b552be527cd7d,261.0,253.8,342.0,0.6990113777777779,48.0
3ee40e049bab5e95db9b552be527cd7d,287.1,310.2,342.0,0.6976304133333333,36.0
3ee40e049bab5e95db9b552be527cd7d,234.9,310.2,342.0,0.6709008288888888,42.0
3ee40e049bab5e95db9b552be527cd7d,261.0,310.2,342.0,0.6363441333333333,36.0
3ee40e049bab5e95db9b552be527cd7d,287.1,282.0,418.0,0.5156995777777779,24.0
3ee40e049bab5e95db9b552be527cd7d,234.9,282.0,418.0,0.4959406407407408,28.0
3ee40e049bab5e95db9b552be527cd7d,261.0,282.0,418.0,0.4703957777777778,24.0
3ee40e049bab5e95db9b552be527cd7d,287.1,253.8,418.0,0.46589571444444455,24.0
3ee40e049bab5e95db9b552be527cd7d,234.9,253.8,418.0,0.44804500351851845,28.0
3ee40e049bab5e95db9b552be527cd7d,261.0,253.8,418.0,0.42496714444444444,24.0
3ee40e049bab5e95db9b552be527cd7d,287.1,310.2,418.0,0.4241275808333333,18.0
3ee40e049bab5e95db9b552be527cd7d,234.9,310.2,418.0,0.40787720847222225,21.0
3ee40e049bab5e95db9b552be527cd7d,261.0,310.2,418.0,0.38686830833333335,18.0
3ef63ea58bdc563a0f889a62b3874119,148.0,229.5,353.7,0.876102365162037,110.0
3ef63ea58bdc563a0f889a62b3874119,162.8,229.5,353.7,0.8710615000000002,100.0
3ef63ea58bdc563a0f889a62b3874119,133.2,229.5,353.7,0.8662222694444442,120.0
3ef63ea58bdc563a0f889a62b3874119,148.0,280.5,353.7,0.8501302282407407,88.0
3ef63ea58bdc563a0f889a62b3874119,162.8,280.5,353.7,0.8452388,80.0
3ef63ea58bdc563a0f889a62b3874119,133.2,280.5,353.7,0.840543028888889,96.0
3ef63ea58bdc563a0f889a62b3874119,148.0,255.0,353.7,0.7755060601851852,88.0
3ef63ea58bdc563a0f889a62b3874119,162.8,255.0,353.7,0.771044,80.0
3ef63ea58bdc563a0f889a62b3874119,133.2,255.0,353.7,0.7667604222222222,96.0
3ef63ea58bdc563a0f889a62b3874119,148.0,229.5,432.3,0.532719378761574,55.0
3ef63ea58bdc563a0f889a62b3874119,162.8,229.5,432.3,0.5296542500000001,50.0
3ef63ea58bdc563a0f889a62b3874119,133.2,229.5,432.3,0.5267117263888887,60.0
3ef63ea58bdc563a0f889a62b3874119,148.0,280.5,432.3,0.5169268627314815,44.0
3ef63ea58bdc563a0f889a62b3874119,162.8,280.5,432.3,0.5139526,40.0
3ef63ea58bdc563a0f889a62b3874119,133.2,280.5,432.3,0.5110973077777777,48.0
3ef63ea58bdc563a0f889a62b3874119,148.0,229.5,393.0,0.48538528067129627,55.0
3ef63ea58bdc563a0f889a62b3874119,162.8,229.5,393.0,0.4825925000000001,50.0
3ef63ea58bdc563a0f889a62b3874119,133.2,229.5,393.0,0.47991143055555546,60.0
3ef63ea58bdc563a0f889a62b3874119,148.0,255.0,432.3,0.47155118287037034,44.0
3ef63ea58bdc563a0f889a62b3874119,148.0,280.5,393.0,0.47099598842592594,44.0
3ef63ea58bdc563a0f889a62b3874119,162.8,255.0,432.3,0.468838,40.0
3ef63ea58bdc563a0f889a62b3874119,162.8,280.5,393.0,0.468286,40.0
3ef63ea58bdc563a0f889a62b3874119,133.2,255.0,432.3,0.4662333444444445,48.0
3ef63ea58bdc563a0f889a62b3874119,133.2,280.5,393.0,0.4656844111111111,48.0
3ef63ea58bdc563a0f889a62b3874119,148.0,255.0,393.0,0.4296521064814815,44.0
3ef63ea58bdc563a0f889a62b3874119,162.8,255.0,393.0,0.42718,40.0
3ef63ea58bdc563a0f889a62b3874119,133.2,255.0,393.0,0.42480677777777776,48.0
3f4b03b56bb388655f2cb1495b69f5d7,278.0,288.0,388.0,0.948832,48.0
3f4b03b56bb388655f2cb1495b69f5d7,305.8,288.0,388.0,0.8670172037037037,40.0
3f4b03b56bb388655f2cb1495b69f5d7,250.2,288.0,388.0,0.8572433555555554,48.0
3f4b03b56bb388655f2cb1495b69f5d7,278.0,259.2,388.0,0.8571327999999999,48.0
3f4b03b56bb388655f2cb1495b69f5d7,278.0,288.0,349.2,0.8563328,48.0
3f4b03b56bb388655f2cb1495b69f5d7,305.8,259.2,388.0,0.7832249370370371,40.0
3f4b03b56bb388655f2cb1495b69f5d7,305.8,288.0,349.2,0.7824939185185186,40.0
3f4b03b56bb388655f2cb1495b69f5d7,278.0,316.8,388.0,0.7803984,36.0
3f4b03b56bb388655f2cb1495b69f5d7,250.2,259.2,388.0,0.7743956755555557,48.0
3f4b03b56bb388655f2cb1495b69f5d7,250.2,288.0,349.2,0.7736728977777777,48.0
3f4b03b56bb388655f2cb1495b69f5d7,278.0,259.2,349.2,0.7735731199999999,48.0
3f4b03b56bb388655f2cb1495b69f5d7,305.8,316.8,388.0,0.7131071027777777,30.0
3f4b03b56bb388655f2cb1495b69f5d7,305.8,259.2,349.2,0.7068703451851852,40.0
3f4b03b56bb388655f2cb1495b69f5d7,250.2,316.8,388.0,0.7050682766666666,36.0
3f4b03b56bb388655f2cb1495b69f5d7,278.0,316.8,349.2,0.70431936,36.0
3f4b03b56bb388655f2cb1495b69f5d7,250.2,259.2,349.2,0.6989018257777776,48.0
3f4b03b56bb388655f2cb1495b69f5d7,305.8,316.8,349.2,0.6435881188888889,30.0
3f4b03b56bb388655f2cb1495b69f5d7,250.2,316.8,349.2,0.6363329773333334,36.0
3f4b03b56bb388655f2cb1495b69f5d7,278.0,288.0,426.8,0.5206656000000001,24.0
3f4b03b56bb388655f2cb1495b69f5d7,305.8,288.0,426.8,0.4757702444444445,20.0
3f4b03b56bb388655f2cb1495b69f5d7,250.2,288.0,426.8,0.47040690666666657,24.0
3f4b03b56bb388655f2cb1495b69f5d7,278.0,259.2,426.8,0.47034623999999986,24.0
3f4b03b56bb388655f2cb1495b69f5d7,305.8,259.2,426.8,0.42978976444444444,20.0
3f4b03b56bb388655f2cb1495b69f5d7,278.0,316.8,426.8,0.4282387200000001,18.0
3f4b03b56bb388655f2cb1495b69f5d7,250.2,259.2,426.8,0.4249447626666667,24.0
3f4b03b56bb388655f2cb1495b69f5d7,305.8,316.8,426.8,0.39131304333333333,15.0
3f4b03b56bb388655f2cb1495b69f5d7,250.2,316.8,426.8,0.386901788,18.0
414d4cf5c1bc8a346f7e4445ede7acbd,206.1,286.0,386.0,0.9381621333333332,64.0
414d4cf5c1bc8a346f7e4445ede7acbd,229.0,286.0,386.0,0.9078813333333333,56.0
414d4cf5c1bc8a346f7e4445ede7acbd,251.9,286.0,386.0,0.8527463999999999,48.0
414d4cf5c1bc8a346f7e4445ede7acbd,206.1,257.4,386.0,0.8475153866666666,64.0
414d4cf5c1bc8a346f7e4445ede7acbd,206.1,286.0,347.4,0.8467150162962962,64.0
414d4cf5c1bc8a346f7e4445ede7acbd,229.0,257.4,386.0,0.8201603666666666,56.0
414d4cf5c1bc8a346f7e4445ede7acbd,229.0,286.0,347.4,0.8193858296296296,56.0
414d4cf5c1bc8a346f7e4445ede7acbd,206.1,314.6,386.0,0.77160666,48.0
414d4cf5c1bc8a346f7e4445ede7acbd,251.9,257.4,386.0,0.7703526599999999,48.0
414d4cf5c1bc8a346f7e4445ede7acbd,251.9,286.0,347.4,0.76962516,48.0
414d4cf5c1bc8a346f7e4445ede7acbd,206.1,257.4,347.4,0.7649040383703701,64.0
414d4cf5c1bc8a346f7e4445ede7acbd,229.0,314.6,386.0,0.7467017250000001,42.0
414d4cf5c1bc8a346f7e4445ede7acbd,229.0,257.4,347.4,0.740215442037037,56.0
414d4cf5c1bc8a346f7e4445ede7acbd,251.9,314.6,386.0,0.701355105,36.0
414d4cf5c1bc8a346f7e4445ede7acbd,206.1,314.6,347.4,0.6963944956666666,48.0
414d4cf5c1bc8a346f7e4445ede7acbd,251.9,257.4,347.4,0.6952627289999997,48.0
414d4cf5c1bc8a346f7e4445ede7acbd,229.0,314.6,347.4,0.6739171629166667,42.0
414d4cf5c1bc8a346f7e4445ede7acbd,251.9,314.6,347.4,0.63299069325,36.0
414d4cf5c1bc8a346f7e4445ede7acbd,206.1,286.0,424.6,0.5148046251851852,32.0
414d4cf5c1bc8a346f7e4445ede7acbd,229.0,286.0,424.6,0.4981884185185185,28.0
414d4cf5c1bc8a346f7e4445ede7acbd,251.9,286.0,424.6,0.46793382,24.0
414d4cf5c1bc8a346f7e4445ede7acbd,206.1,257.4,424.6,0.4650633674814814,32.0
414d4cf5c1bc8a346f7e4445ede7acbd,229.0,257.4,424.6,0.4500526456481481,28.0
414d4cf5c1bc8a346f7e4445ede7acbd,206.1,314.6,424.6,0.42340941216666667,24.0
414d4cf5c1bc8a346f7e4445ede7acbd,251.9,257.4,424.6,0.4227212954999999,24.0
414d4cf5c1bc8a346f7e4445ede7acbd,229.0,314.6,424.6,0.4097431435416667,21.0
414d4cf5c1bc8a346f7e4445ede7acbd,251.9,314.6,424.6,0.3848597583750001,18.0
4472825c5f9816d7befa089cf8451878,349.8,223.2,383.0,0.9541321319444445,50.0
4472825c5f9816d7befa089cf8451878,286.2,223.2,383.0,0.9425701083333332,60.0
4472825c5f9816d7befa089cf8451878,349.8,272.8,383.0,0.9256554611111112,40.0
4472825c5f9816d7befa089cf8451878,286.2,272.8,383.0,0.9144385133333333,48.0
4472825c5f9816d7befa089cf8451878,318.0,223.2,383.0,0.8698036111111109,50.0
4472825c5f9816d7befa089cf8451878,349.8,223.2,344.7,0.8611467358796295,50.0
4472825c5f9816d7befa089cf8451878,286.2,223.2,344.7,0.8507114947222222,60.0
4472825c5f9816d7befa089cf8451878,349.8,248.0,383.0,0.8444805833333333,40.0
4472825c5f9816d7befa089cf8451878,318.0,272.8,383.0,0.8438437777777777,40.0
4472825c5f9816d7befa089cf8451878,349.8,272.8,344.7,0.8354452724074074,40.0
4472825c5f9816d7befa089cf8451878,286.2,248.0,383.0,0.8342472999999999,48.0
4472825c5f9816d7befa089cf8451878,286.2,272.8,344.7,0.8253214775555555,48.0
4472825c5f9816d7befa089cf8451878,318.0,223.2,344.7,0.7850364907407406,50.0
4472825c5f9816d7befa089cf8451878,318.0,248.0,383.0,0.7698433333333333,40.0
4472825c5f9816d7befa089cf8451878,349.8,248.0,344.7,0.7621813305555556,40.0
4472825c5f9816d7befa089cf8451878,318.0,272.8,344.7,0.7616065851851852,40.0
4472825c5f9816d7befa089cf8451878,286.2,248.0,344.7,0.7529453366666665,48.0
4472825c5f9816d7befa089cf8451878,318.0,248.0,344.7,0.6948178888888888,40.0
4472825c5f9816d7befa089cf8451878,349.8,223.2,421.3,0.5235587640046296,25.0
4472825c5f9816d7befa089cf8451878,286.2,223.2,421.3,0.5172143609722222,30.0
4472825c5f9816d7befa089cf8451878,349.8,272.8,421.3,0.5079328249074074,20.0
4472825c5f9816d7befa089cf8451878,286.2,272.8,421.3,0.5017777745555555,24.0
4472825c5f9816d7befa089cf8451878,318.0,223.2,421.3,0.47728536574074065,25.0
4472825c5f9816d7befa089cf8451878,349.8,248.0,421.3,0.4633899180555556,20.0
4472825c5f9816d7befa089cf8451878,318.0,272.8,421.3,0.46304048518518526,20.0
4472825c5f9816d7befa089cf8451878,286.2,248.0,421.3,0.45777463166666665,24.0
4472825c5f9816d7befa089cf8451878,318.0,248.0,421.3,0.4224343888888889,20.0
457aead6b645a6fdaad21f23a4e8ca12,238.5,229.5,353.7,0.8768584949363426,70.0
457aead6b645a6fdaad21f23a4e8ca12,238.5,280.5,353.7,0.8508639424768518,56.0
457aead6b645a6fdaad21f23a4e8ca12,265.0,229.5,353.7,0.8317427517361111,60.0
457aead6b645a6fdaad21f23a4e8ca12,265.0,280.5,353.7,0.8070856597222222,48.0
457aead6b645a6fdaad21f23a4e8ca12,238.5,255.0,353.7,0.7761753692129629,56.0
457aead6b645a6fdaad21f23a4e8ca12,291.5,229.5,353.7,0.7599104231770833,50.0
457aead6b645a6fdaad21f23a4e8ca12,291.5,280.5,353.7,0.7373828072916667,40.0
457aead6b645a6fdaad21f23a4e8ca12,265.0,255.0,353.7,0.7362399305555556,48.0
457aead6b645a6fdaad21f23a4e8ca12,291.5,255.0,353.7,0.6726555729166667,40.0
457aead6b645a6fdaad21f23a4e8ca12,238.5,229.5,432.3,0.5331791480758102,35.0
457aead6b645a6fdaad21f23a4e8ca12,238.5,280.5,432.3,0.5173730021412037,28.0
457aead6b645a6fdaad21f23a4e8ca12,265.0,229.5,432.3,0.5057462456597223,30.0
457aead6b645a6fdaad21f23a4e8ca12,265.0,280.5,432.3,0.4907533506944444,24.0
457aead6b645a6fdaad21f23a4e8ca12,238.5,229.5,393.0,0.48580419777199074,35.0
457aead6b645a6fdaad21f23a4e8ca12,238.5,255.0,432.3,0.4719581603009259,28.0
457aead6b645a6fdaad21f23a4e8ca12,238.5,280.5,393.0,0.4714024866898148,28.0
457aead6b645a6fdaad21f23a4e8ca12,291.5,229.5,432.3,0.4620681608072917,25.0
457aead6b645a6fdaad21f23a4e8ca12,265.0,229.5,393.0,0.4608088107638889,30.0
457aead6b645a6fdaad21f23a4e8ca12,291.5,280.5,432.3,0.44837010677083333,20.0
457aead6b645a6fdaad21f23a4e8ca12,265.0,255.0,432.3,0.4476751736111111,24.0
457aead6b645a6fdaad21f23a4e8ca12,265.0,280.5,393.0,0.4471480902777778,24.0
457aead6b645a6fdaad21f23a4e8ca12,238.5,255.0,393.0,0.4300229224537037,28.0
457aead6b645a6fdaad21f23a4e8ca12,291.5,229.5,393.0,0.4210116861979167,25.0
457aead6b645a6fdaad21f23a4e8ca12,291.5,255.0,432.3,0.40901231770833335,20.0
457aead6b645a6fdaad21f23a4e8ca12,291.5,280.5,393.0,0.4085307552083333,20.0
457aead6b645a6fdaad21f23a4e8ca12,265.0,255.0,393.0,0.40789756944444444,24.0
457aead6b645a6fdaad21f23a4e8ca12,291.5,255.0,393.0,0.3726700520833333,20.0
48d2fa87ef6ac189e633680672b6132e,179.1,286.0,386.0,0.9235643999999998,72.0
48d2fa87ef6ac189e633680672b6132e,199.0,286.0,386.0,0.9073386666666666,64.0
48d2fa87ef6ac189e633680672b6132e,218.9,286.0,386.0,0.8695148,56.0
48d2fa87ef6ac189e633680672b6132e,179.1,257.4,386.0,0.8343281099999998,72.0
48d2fa87ef6ac189e633680672b6132e,179.1,286.0,347.4,0.8335401933333332,72.0
48d2fa87ef6ac189e633680672b6132e,199.0,257.4,386.0,0.8196701333333333,64.0
48d2fa87ef6ac189e633680672b6132e,199.0,286.0,347.4,0.8188960592592591,64.0
48d2fa87ef6ac189e633680672b6132e,218.9,257.4,386.0,0.7855008699999999,56.0
48d2fa87ef6ac189e633680672b6132e,218.9,286.0,347.4,0.7847590644444445,56.0
48d2fa87ef6ac189e633680672b6132e,179.1,314.6,386.0,0.7596005175,54.0
48d2fa87ef6ac189e633680672b6132e,179.1,257.4,347.4,0.7530021881666666,72.0
48d2fa87ef6ac189e633680672b6132e,199.0,314.6,386.0,0.7462554,48.0
48d2fa87ef6ac189e633680672b6132e,199.0,257.4,347.4,0.739772994074074,64.0
48d2fa87ef6ac189e633680672b6132e,218.9,314.6,386.0,0.7151465475000001,42.0
48d2fa87ef6ac189e633680672b6132e,218.9,257.4,347.4,0.7089343710555555,56.0
48d2fa87ef6ac189e633680672b6132e,179.1,314.6,347.4,0.6855586488750001,54.0
48d2fa87ef6ac189e633680672b6132e,199.0,314.6,347.4,0.6735143433333335,48.0
48d2fa87ef6ac189e633680672b6132e,218.9,314.6,347.4,0.6454378183749999,42.0
48d2fa87ef6ac189e633680672b6132e,179.1,286.0,424.6,0.5067943033333334,36.0
48d2fa87ef6ac189e633680672b6132e,199.0,286.0,424.6,0.49789063703703706,32.0
48d2fa87ef6ac189e633680672b6132e,218.9,286.0,424.6,0.47713526777777787,28.0
48d2fa87ef6ac189e633680672b6132e,179.1,257.4,424.6,0.45782701591666664,36.0
48d2fa87ef6ac189e633680672b6132e,199.0,257.4,424.6,0.4497836362962963,32.0
48d2fa87ef6ac189e633680672b6132e,218.9,257.4,424.6,0.43103368447222223,28.0
48d2fa87ef6ac189e633680672b6132e,179.1,314.6,424.6,0.41682119306250004,27.0
48d2fa87ef6ac189e633680672b6132e,199.0,314.6,424.6,0.40949822833333344,24.0
48d2fa87ef6ac189e633680672b6132e,218.9,314.6,424.6,0.39242763831250005,21.0
4910b652fb2cf1c609d243a1e78d1919,238.7,286.0,386.0,0.9447284,56.0
4910b652fb2cf1c609d243a1e78d1919,195.3,286.0,386.0,0.8912757333333333,64.0
4910b652fb2cf1c609d243a1e78d1919,217.0,286.0,386.0,0.8622973333333334,56.0
4910b652fb2cf1c609d243a1e78d1919,238.7,257.4,386.0,0.8534472099999999,56.0
4910b652fb2cf1c609d243a1e78d1919,238.7,286.0,347.4,0.8526412377777777,56.0
4910b652fb2cf1c609d243a1e78d1919,195.3,257.4,386.0,0.8051592266666667,64.0
4910b652fb2cf1c609d243a1e78d1919,195.3,286.0,347.4,0.8043988562962964,64.0
4910b652fb2cf1c609d243a1e78d1919,217.0,257.4,386.0,0.7789807666666665,56.0
4910b652fb2cf1c609d243a1e78d1919,217.0,286.0,347.4,0.7782451185185184,56.0
4910b652fb2cf1c609d243a1e78d1919,238.7,314.6,386.0,0.7770071925,42.0
4910b652fb2cf1c609d243a1e78d1919,238.7,257.4,347.4,0.7702576587222222,56.0
4910b652fb2cf1c609d243a1e78d1919,195.3,314.6,386.0,0.7330441799999999,48.0
4910b652fb2cf1c609d243a1e78d1919,195.3,257.4,347.4,0.7266765343703704,64.0
4910b652fb2cf1c609d243a1e78d1919,217.0,314.6,386.0,0.7092104250000001,42.0
4910b652fb2cf1c609d243a1e78d1919,217.0,257.4,347.4,0.7030498131481481,56.0
4910b652fb2cf1c609d243a1e78d1919,238.7,314.6,347.4,0.701268612625,42.0
4910b652fb2cf1c609d243a1e78d1919,195.3,314.6,347.4,0.6615908836666665,48.0
4910b652fb2cf1c609d243a1e78d1919,217.0,314.6,347.4,0.6400803179166668,42.0
4910b652fb2cf1c609d243a1e78d1919,238.7,286.0,424.6,0.5184077811111111,28.0
4910b652fb2cf1c609d243a1e78d1919,195.3,286.0,424.6,0.48907630518518524,32.0
4910b652fb2cf1c609d243a1e78d1919,217.0,286.0,424.6,0.47317477407407416,28.0
4910b652fb2cf1c609d243a1e78d1919,238.7,257.4,424.6,0.46831838063888886,28.0
4910b652fb2cf1c609d243a1e78d1919,195.3,257.4,424.6,0.44182095948148153,32.0
4910b652fb2cf1c609d243a1e78d1919,217.0,257.4,424.6,0.4274558600925926,28.0
4910b652fb2cf1c609d243a1e78d1919,238.7,314.6,424.6,0.4263728861875001,21.0
4910b652fb2cf1c609d243a1e78d1919,195.3,314.6,424.6,0.4022487381666667,24.0
4910b652fb2cf1c609d243a1e78d1919,217.0,314.6,424.6,0.38917026604166677,21.0
4989f7c44b56191eebb2c0b95763c0db,275.0,266.4,355.5,0.7997749166666667,48.0
4989f7c44b56191eebb2c0b95763c0db,225.0,266.4,355.5,0.7693741157407405,56.0
4989f7c44b56191eebb2c0b95763c0db,250.0,266.4,355.5,0.7296192222222222,48.0
4989f7c44b56191eebb2c0b95763c0db,275.0,325.6,355.5,0.7283044375,36.0
4989f7c44b56191eebb2c0b95763c0db,225.0,325.6,355.5,0.7006203506944444,42.0
4989f7c44b56191eebb2c0b95763c0db,250.0,325.6,355.5,0.6644180833333333,36.0
4989f7c44b56191eebb2c0b95763c0db,275.0,296.0,355.5,0.6640678125,36.0
4989f7c44b56191eebb2c0b95763c0db,225.0,296.0,355.5,0.63882546875,42.0
4989f7c44b56191eebb2c0b95763c0db,250.0,296.0,355.5,0.60581625,36.0
4989f7c44b56191eebb2c0b95763c0db,275.0,266.4,434.5,0.48632004166666665,24.0
4989f7c44b56191eebb2c0b95763c0db,225.0,266.4,434.5,0.46783419212962957,28.0
4989f7c44b56191eebb2c0b95763c0db,250.0,266.4,434.5,0.44366038888888887,24.0
4989f7c44b56191eebb2c0b95763c0db,275.0,266.4,395.0,0.44310375,24.0
4989f7c44b56191eebb2c0b95763c0db,275.0,325.6,434.5,0.44286090625,18.0
4989f7c44b56191eebb2c0b95763c0db,225.0,266.4,395.0,0.42626062499999995,28.0
4989f7c44b56191eebb2c0b95763c0db,225.0,325.6,434.5,0.4260270121527778,21.0
4989f7c44b56191eebb2c0b95763c0db,250.0,266.4,395.0,0.404235,24.0
4989f7c44b56191eebb2c0b95763c0db,250.0,325.6,434.5,0.40401345833333335,18.0
4989f7c44b56191eebb2c0b95763c0db,275.0,296.0,434.5,0.40380046875,18.0
4989f7c44b56191eebb2c0b95763c0db,275.0,325.6,395.0,0.4035065625,18.0
4989f7c44b56191eebb2c0b95763c0db,225.0,296.0,434.5,0.388451328125,21.0
4989f7c44b56191eebb2c0b95763c0db,225.0,325.6,395.0,0.38816859375,21.0
4989f7c44b56191eebb2c0b95763c0db,250.0,296.0,434.5,0.368379375,18.0
4989f7c44b56191eebb2c0b95763c0db,250.0,325.6,395.0,0.36811125,18.0
4989f7c44b56191eebb2c0b95763c0db,275.0,296.0,395.0,0.3679171875,18.0
4989f7c44b56191eebb2c0b95763c0db,225.0,296.0,395.0,0.35393203125,21.0
4989f7c44b56191eebb2c0b95763c0db,250.0,296.0,395.0,0.33564375,18.0
4b244c7cfb71e51bf24fcc396d19c509,168.0,225.0,353.7,0.8804149884259259,100.0
4b244c7cfb71e51bf24fcc396d19c509,151.2,225.0,353.7,0.8770516053240741,110.0
4b244c7cfb71e51bf24fcc396d19c509,184.8,225.0,353.7,0.8671593020833334,90.0
4b244c7cfb71e51bf24fcc396d19c509,168.0,275.0,353.7,0.8541898611111111,80.0
4b244c7cfb71e51bf24fcc396d19c509,151.2,275.0,353.7,0.8509266638888889,88.0
4b244c7cfb71e51bf24fcc396d19c509,184.8,275.0,353.7,0.8413290249999998,72.0
4b244c7cfb71e51bf24fcc396d19c509,168.0,250.0,353.7,0.7792609259259259,80.0
4b244c7cfb71e51bf24fcc396d19c509,151.2,250.0,353.7,0.7762839740740741,88.0
4b244c7cfb71e51bf24fcc396d19c509,184.8,250.0,353.7,0.7675282333333332,72.0
4b244c7cfb71e51bf24fcc396d19c509,168.0,225.0,432.3,0.5353416956018519,50.0
4b244c7cfb71e51bf24fcc396d19c509,151.2,225.0,432.3,0.5332965700231481,55.0
4b244c7cfb71e51bf24fcc396d19c509,184.8,225.0,432.3,0.5272814947916667,45.0
4b244c7cfb71e51bf24fcc396d19c509,168.0,275.0,432.3,0.5193953472222222,40.0
4b244c7cfb71e51bf24fcc396d19c509,151.2,275.0,432.3,0.5174111402777778,44.0
4b244c7cfb71e51bf24fcc396d19c509,184.8,275.0,432.3,0.5115752375,36.0
4b244c7cfb71e51bf24fcc396d19c509,168.0,225.0,393.0,0.48777459490740743,50.0
4b244c7cfb71e51bf24fcc396d19c509,151.2,225.0,393.0,0.4859111863425926,55.0
4b244c7cfb71e51bf24fcc396d19c509,184.8,225.0,393.0,0.4804305729166667,45.0
4b244c7cfb71e51bf24fcc396d19c509,168.0,250.0,432.3,0.47383435185185185,40.0
4b244c7cfb71e51bf24fcc396d19c509,168.0,275.0,393.0,0.4732451388888889,40.0
4b244c7cfb71e51bf24fcc396d19c509,151.2,250.0,432.3,0.4720241981481482,44.0
4b244c7cfb71e51bf24fcc396d19c509,151.2,275.0,393.0,0.4714372361111111,44.0
4b244c7cfb71e51bf24fcc396d19c509,184.8,250.0,432.3,0.4667002166666667,36.0
4b244c7cfb71e51bf24fcc396d19c509,184.8,275.0,393.0,0.466119875,36.0
4b244c7cfb71e51bf24fcc396d19c509,168.0,250.0,393.0,0.4317324074074074,40.0
4b244c7cfb71e51bf24fcc396d19c509,151.2,250.0,393.0,0.4300830925925926,44.0
4b244c7cfb71e51bf24fcc396d19c509,184.8,250.0,393.0,0.4252321666666667,36.0
4c00c9ca639e09b29ebaf3d4ce15c111,148.0,266.4,355.5,0.8128706462962962,88.0
4c00c9ca639e09b29ebaf3d4ce15c111,162.8,266.4,355.5,0.8081935999999998,80.0
4c00c9ca639e09b29ebaf3d4ce15c111,133.2,266.4,355.5,0.8037036355555555,96.0
4c00c9ca639e09b29ebaf3d4ce15c111,148.0,325.6,355.5,0.7402298902777779,66.0
4c00c9ca639e09b29ebaf3d4ce15c111,162.8,325.6,355.5,0.7359708,60.0
4c00c9ca639e09b29ebaf3d4ce15c111,133.2,325.6,355.5,0.7318820733333332,72.0
4c00c9ca639e09b29ebaf3d4ce15c111,148.0,296.0,355.5,0.6749414375,66.0
4c00c9ca639e09b29ebaf3d4ce15c111,162.8,296.0,355.5,0.6710580000000002,60.0
4c00c9ca639e09b29ebaf3d4ce15c111,133.2,296.0,355.5,0.6673299,72.0
4c00c9ca639e09b29ebaf3d4ce15c111,148.0,266.4,434.5,0.4942831768518518,44.0
4c00c9ca639e09b29ebaf3d4ce15c111,162.8,266.4,434.5,0.49143919999999996,40.0
4c00c9ca639e09b29ebaf3d4ce15c111,133.2,266.4,434.5,0.4887089822222222,48.0
4c00c9ca639e09b29ebaf3d4ce15c111,148.0,266.4,395.0,0.45035925,44.0
4c00c9ca639e09b29ebaf3d4ce15c111,148.0,325.6,434.5,0.45011242986111116,33.0
4c00c9ca639e09b29ebaf3d4ce15c111,162.8,266.4,395.0,0.44776799999999994,40.0
4c00c9ca639e09b29ebaf3d4ce15c111,162.8,325.6,434.5,0.44752260000000005,30.0
4c00c9ca639e09b29ebaf3d4ce15c111,133.2,266.4,395.0,0.44528039999999997,48.0
4c00c9ca639e09b29ebaf3d4ce15c111,133.2,325.6,434.5,0.4450363633333333,36.0
4c00c9ca639e09b29ebaf3d4ce15c111,148.0,296.0,434.5,0.41041240625,33.0
4c00c9ca639e09b29ebaf3d4ce15c111,148.0,325.6,395.0,0.4101136875,33.0
4c00c9ca639e09b29ebaf3d4ce15c111,162.8,296.0,434.5,0.408051,30.0
4c00c9ca639e09b29ebaf3d4ce15c111,162.8,325.6,395.0,0.40775400000000006,30.0
4c00c9ca639e09b29ebaf3d4ce15c111,133.2,296.0,434.5,0.40578405,36.0
4c00c9ca639e09b29ebaf3d4ce15c111,133.2,325.6,395.0,0.4054886999999999,36.0
4c00c9ca639e09b29ebaf3d4ce15c111,148.0,296.0,395.0,0.3739415625,33.0
4c00c9ca639e09b29ebaf3d4ce15c111,162.8,296.0,395.0,0.37179,30.0
4c00c9ca639e09b29ebaf3d4ce15c111,133.2,296.0,395.0,0.3697245,36.0
4d0dc68792c8a76defd00faaff677665,289.0,281.0,379.0,0.9401805833333333,48.0
4d0dc68792c8a76defd00faaff677665,317.9,281.0,379.0,0.8592118541666666,40.0
4d0dc68792c8a76defd00faaff677665,289.0,252.9,379.0,0.849393386111111,48.0
4d0dc68792c8a76defd00faaff677665,260.1,281.0,379.0,0.8493069416666666,48.0
4d0dc68792c8a76defd00faaff677665,289.0,281.0,341.1,0.8485794416666667,48.0
4d0dc68792c8a76defd00faaff677665,317.9,252.9,379.0,0.7762432868055555,40.0
4d0dc68792c8a76defd00faaff677665,317.9,281.0,341.1,0.7754994395833332,40.0
4d0dc68792c8a76defd00faaff677665,289.0,309.1,379.0,0.7732258354166668,36.0
4d0dc68792c8a76defd00faaff677665,260.1,252.9,379.0,0.7672948280555555,48.0
4d0dc68792c8a76defd00faaff677665,289.0,252.9,341.1,0.7666375780555554,48.0
4d0dc68792c8a76defd00faaff677665,260.1,281.0,341.1,0.7665595558333335,48.0
4d0dc68792c8a76defd00faaff677665,317.9,309.1,379.0,0.7066353161458333,30.0
4d0dc68792c8a76defd00faaff677665,317.9,252.9,341.1,0.7006144421527778,40.0
4d0dc68792c8a76defd00faaff677665,260.1,309.1,379.0,0.6984892914583334,36.0
4d0dc68792c8a76defd00faaff677665,289.0,309.1,341.1,0.6978909789583334,36.0
4d0dc68792c8a76defd00faaff677665,260.1,252.9,341.1,0.6925378255277779,48.0
4d0dc68792c8a76defd00faaff677665,317.9,309.1,341.1,0.6377883277604167,30.0
4d0dc68792c8a76defd00faaff677665,260.1,309.1,341.1,0.6304359646041667,36.0
4d0dc68792c8a76defd00faaff677665,289.0,281.0,416.9,0.5158908625,24.0
4d0dc68792c8a76defd00faaff677665,317.9,281.0,416.9,0.47146213437499995,20.0
4d0dc68792c8a76defd00faaff677665,289.0,252.9,416.9,0.46607459708333326,24.0
4d0dc68792c8a76defd00faaff677665,260.1,281.0,416.9,0.46602716375000003,24.0
4d0dc68792c8a76defd00faaff677665,317.9,252.9,416.9,0.42593606572916665,20.0
4d0dc68792c8a76defd00faaff677665,289.0,309.1,416.9,0.42428034593749997,18.0
4d0dc68792c8a76defd00faaff677665,260.1,252.9,416.9,0.42102591529166666,24.0
4d0dc68792c8a76defd00faaff677665,317.9,309.1,416.9,0.387741152265625,15.0
4d0dc68792c8a76defd00faaff677665,260.1,309.1,416.9,0.3832713091562501,18.0
4e08f8e3d25dca0ebe2ef18b5cff3f24,335.5,282.0,380.0,0.9107763888888889,40.0
4e08f8e3d25dca0ebe2ef18b5cff3f24,274.5,282.0,380.0,0.8999683333333334,48.0
4e08f8e3d25dca0ebe2ef18b5cff3f24,305.0,282.0,380.0,0.830375,40.0
4e08f8e3d25dca0ebe2ef18b5cff3f24,335.5,253.8,380.0,0.8228178472222222,40.0
4e08f8e3d25dca0ebe2ef18b5cff3f24,335.5,282.0,342.0,0.822034074074074,40.0
4e08f8e3d25dca0ebe2ef18b5cff3f24,274.5,253.8,380.0,0.8130535833333334,48.0
4e08f8e3d25dca0ebe2ef18b5cff3f24,274.5,282.0,342.0,0.8122791111111111,48.0
4e08f8e3d25dca0ebe2ef18b5cff3f24,305.0,253.8,380.0,0.75018125,40.0
4e08f8e3d25dca0ebe2ef18b5cff3f24,305.0,282.0,342.0,0.7494666666666666,40.0
4e08f8e3d25dca0ebe2ef18b5cff3f24,335.5,310.2,380.0,0.7490511979166666,30.0
4e08f8e3d25dca0ebe2ef18b5cff3f24,335.5,253.8,342.0,0.742645851851852,40.0
4e08f8e3d25dca0ebe2ef18b5cff3f24,274.5,310.2,380.0,0.7401623125,36.0
4e08f8e3d25dca0ebe2ef18b5cff3f24,274.5,253.8,342.0,0.7338329777777779,48.0
4e08f8e3d25dca0ebe2ef18b5cff3f24,305.0,310.2,380.0,0.6829265625,30.0
4e08f8e3d25dca0ebe2ef18b5cff3f24,305.0,253.8,342.0,0.6770866666666666,40.0
4e08f8e3d25dca0ebe2ef18b5cff3f24,335.5,310.2,342.0,0.6760667222222221,30.0
4e08f8e3d25dca0ebe2ef18b5cff3f24,274.5,310.2,342.0,0.6680439333333333,36.0
4e08f8e3d25dca0ebe2ef18b5cff3f24,305.0,310.2,342.0,0.616385,30.0
4e08f8e3d25dca0ebe2ef18b5cff3f24,335.5,282.0,418.0,0.49975935185185183,20.0
4e08f8e3d25dca0ebe2ef18b5cff3f24,274.5,282.0,418.0,0.4938287777777778,24.0
4e08f8e3d25dca0ebe2ef18b5cff3f24,305.0,282.0,418.0,0.45564166666666667,20.0
4e08f8e3d25dca0ebe2ef18b5cff3f24,335.5,253.8,418.0,0.4514949212962963,20.0
4e08f8e3d25dca0ebe2ef18b5cff3f24,274.5,253.8,418.0,0.4461370944444445,24.0
4e08f8e3d25dca0ebe2ef18b5cff3f24,305.0,253.8,418.0,0.41163791666666666,20.0
4e08f8e3d25dca0ebe2ef18b5cff3f24,335.5,310.2,418.0,0.41101783680555554,15.0
4e08f8e3d25dca0ebe2ef18b5cff3f24,274.5,310.2,418.0,0.4061403458333333,18.0
4e08f8e3d25dca0ebe2ef18b5cff3f24,305.0,310.2,418.0,0.3747340625,15.0
4e4ab9c5dd0e741b2d59dd243d6a270a,203.4,285.0,383.0,0.9163158888888889,64.0
4e4ab9c5dd0e741b2d59dd243d6a270a,226.0,285.0,383.0,0.8866880555555555,56.0
4e4ab9c5dd0e741b2d59dd243d6a270a,248.6,285.0,383.0,0.83279975,48.0
4e4ab9c5dd0e741b2d59dd243d6a270a,203.4,256.5,383.0,0.8277904555555556,64.0
4e4ab9c5dd0e741b2d59dd243d6a270a,203.4,285.0,344.7,0.8270158925925926,64.0
4e4ab9c5dd0e741b2d59dd243d6a270a,226.0,256.5,383.0,0.8010249722222222,56.0
4e4ab9c5dd0e741b2d59dd243d6a270a,226.0,285.0,344.7,0.8002754537037037,56.0
4e4ab9c5dd0e741b2d59dd243d6a270a,203.4,313.5,383.0,0.7536309916666667,48.0
4e4ab9c5dd0e741b2d59dd243d6a270a,248.6,256.5,383.0,0.752342825,48.0
4e4ab9c5dd0e741b2d59dd243d6a270a,248.6,285.0,344.7,0.7516388583333332,48.0
4e4ab9c5dd0e741b2d59dd243d6a270a,203.4,256.5,344.7,0.7471177470370369,64.0
4e4ab9c5dd0e741b2d59dd243d6a270a,226.0,313.5,383.0,0.7292633541666667,42.0
4e4ab9c5dd0e741b2d59dd243d6a270a,226.0,256.5,344.7,0.7229607064814815,56.0
4e4ab9c5dd0e741b2d59dd243d6a270a,248.6,313.5,383.0,0.68494250625,36.0
4e4ab9c5dd0e741b2d59dd243d6a270a,203.4,313.5,344.7,0.6801855286111111,48.0
4e4ab9c5dd0e741b2d59dd243d6a270a,248.6,256.5,344.7,0.6790229008333334,48.0
4e4ab9c5dd0e741b2d59dd243d6a270a,226.0,313.5,344.7,0.6581926506944443,42.0
4e4ab9c5dd0e741b2d59dd243d6a270a,248.6,313.5,344.7,0.618191111875,36.0
4e4ab9c5dd0e741b2d59dd243d6a270a,203.4,285.0,421.3,0.5028079425925926,32.0
4e4ab9c5dd0e741b2d59dd243d6a270a,226.0,285.0,421.3,0.4865503287037037,28.0
4e4ab9c5dd0e741b2d59dd243d6a270a,248.6,285.0,421.3,0.4569803208333334,24.0
4e4ab9c5dd0e741b2d59dd243d6a270a,203.4,256.5,421.3,0.454231582037037,32.0
4e4ab9c5dd0e741b2d59dd243d6a270a,226.0,256.5,421.3,0.4395446189814815,28.0
4e4ab9c5dd0e741b2d59dd243d6a270a,203.4,313.5,421.3,0.4135382273611112,24.0
4e4ab9c5dd0e741b2d59dd243d6a270a,248.6,256.5,421.3,0.41283137458333347,24.0
4e4ab9c5dd0e741b2d59dd243d6a270a,226.0,313.5,421.3,0.4001670288194445,21.0
4e4ab9c5dd0e741b2d59dd243d6a270a,248.6,313.5,421.3,0.37584695031250004,18.0
4f08f853cf7f9be28571df66a50bc322,164.0,288.0,388.0,0.9554211111111112,80.0
4f08f853cf7f9be28571df66a50bc322,147.6,288.0,388.0,0.9519069185185184,88.0
4f08f853cf7f9be28571df66a50bc322,180.4,288.0,388.0,0.9409250666666666,72.0
4f08f853cf7f9be28571df66a50bc322,164.0,259.2,388.0,0.8630851111111111,80.0
4f08f853cf7f9be28571df66a50bc322,164.0,288.0,349.2,0.8622795555555556,80.0
4f08f853cf7f9be28571df66a50bc322,147.6,259.2,388.0,0.8599105451851852,88.0
4f08f853cf7f9be28571df66a50bc322,147.6,288.0,349.2,0.8591079525925924,88.0
4f08f853cf7f9be28571df66a50bc322,180.4,259.2,388.0,0.8499900266666667,72.0
4f08f853cf7f9be28571df66a50bc322,180.4,288.0,349.2,0.8491966933333333,72.0
4f08f853cf7f9be28571df66a50bc322,164.0,316.8,388.0,0.7858178333333333,60.0
4f08f853cf7f9be28571df66a50bc322,147.6,316.8,388.0,0.7829274688888889,66.0
4f08f853cf7f9be28571df66a50bc322,164.0,259.2,349.2,0.7789451555555555,80.0
4f08f853cf7f9be28571df66a50bc322,147.6,259.2,349.2,0.7760800699259259,88.0
4f08f853cf7f9be28571df66a50bc322,180.4,316.8,388.0,0.77389508,54.0
4f08f853cf7f9be28571df66a50bc322,180.4,259.2,349.2,0.7671266773333334,72.0
4f08f853cf7f9be28571df66a50bc322,164.0,316.8,349.2,0.7092104666666668,60.0
4f08f853cf7f9be28571df66a50bc322,147.6,316.8,349.2,0.7066018764444444,66.0
4f08f853cf7f9be28571df66a50bc322,180.4,316.8,349.2,0.698450032,54.0
4f08f853cf7f9be28571df66a50bc322,164.0,288.0,426.8,0.5242813333333334,40.0
4f08f853cf7f9be28571df66a50bc322,147.6,288.0,426.8,0.5223529422222222,44.0
4f08f853cf7f9be28571df66a50bc322,180.4,288.0,426.8,0.51632672,36.0
4f08f853cf7f9be28571df66a50bc322,164.0,259.2,426.8,0.47361253333333325,40.0
4f08f853cf7f9be28571df66a50bc322,147.6,259.2,426.8,0.47187051022222215,44.0
4f08f853cf7f9be28571df66a50bc322,180.4,259.2,426.8,0.466426688,36.0
4f08f853cf7f9be28571df66a50bc322,164.0,316.8,426.8,0.43121260000000006,30.0
4f08f853cf7f9be28571df66a50bc322,147.6,316.8,426.8,0.42962653066666673,33.0
4f08f853cf7f9be28571df66a50bc322,180.4,316.8,426.8,0.424670064,27.0
4f15606db1c337e2b9460243b25326d4,322.2,268.0,379.0,0.8315919537037038,40.0
4f15606db1c337e2b9460243b25326d4,393.8,268.0,379.0,0.8086618444444444,32.0
4f15606db1c337e2b9460243b25326d4,322.2,241.2,379.0,0.7514240962962964,40.0
4f15606db1c337e2b9460243b25326d4,322.2,268.0,341.1,0.7505705268518518,40.0
4f15606db1c337e2b9460243b25326d4,358.0,268.0,379.0,0.7369677037037037,32.0
4f15606db1c337e2b9460243b25326d4,393.8,241.2,379.0,0.7307045155555555,32.0
4f15606db1c337e2b9460243b25326d4,393.8,268.0,341.1,0.7298744822222224,32.0
4f15606db1c337e2b9460243b25326d4,322.2,294.8,379.0,0.6838198583333333,30.0
4f15606db1c337e2b9460243b25326d4,322.2,241.2,341.1,0.6782133681481481,40.0
4f15606db1c337e2b9460243b25326d4,358.0,241.2,379.0,0.6659218962962963,32.0
4f15606db1c337e2b9460243b25326d4,358.0,268.0,341.1,0.6651654518518519,32.0
4f15606db1c337e2b9460243b25326d4,393.8,294.8,379.0,0.6649643799999999,24.0
4f15606db1c337e2b9460243b25326d4,393.8,241.2,341.1,0.6595124817777779,32.0
4f15606db1c337e2b9460243b25326d4,322.2,294.8,341.1,0.6171957641666667,30.0
4f15606db1c337e2b9460243b25326d4,358.0,294.8,379.0,0.6060101333333334,24.0
4f15606db1c337e2b9460243b25326d4,358.0,241.2,341.1,0.6010415881481481,32.0
4f15606db1c337e2b9460243b25326d4,393.8,294.8,341.1,0.600177362,24.0
4f15606db1c337e2b9460243b25326d4,358.0,294.8,341.1,0.5469669866666668,24.0
4f15606db1c337e2b9460243b25326d4,322.2,268.0,416.9,0.4563066902777777,20.0
4f15606db1c337e2b9460243b25326d4,393.8,268.0,416.9,0.44372460333333336,16.0
4f15606db1c337e2b9460243b25326d4,322.2,241.2,416.9,0.41231741222222223,20.0
4f15606db1c337e2b9460243b25326d4,358.0,268.0,416.9,0.4043849777777777,16.0
4f15606db1c337e2b9460243b25326d4,393.8,241.2,416.9,0.40094827466666666,16.0
4f15606db1c337e2b9460243b25326d4,322.2,294.8,416.9,0.37522197625,15.0
4f15606db1c337e2b9460243b25326d4,358.0,241.2,416.9,0.36540110222222216,16.0
4f15606db1c337e2b9460243b25326d4,393.8,294.8,416.9,0.364875699,12.0
4f15606db1c337e2b9460243b25326d4,358.0,294.8,416.9,0.33252664000000004,12.0
519a80871f454928779db9ed3e039e2b,167.0,282.0,380.0,0.9331833333333334,80.0
519a80871f454928779db9ed3e039e2b,150.3,282.0,380.0,0.9296509444444446,88.0
519a80871f454928779db9ed3e039e2b,183.7,282.0,380.0,0.9191064999999998,72.0
519a80871f454928779db9ed3e039e2b,167.0,253.8,380.0,0.8430608333333334,80.0
519a80871f454928779db9ed3e039e2b,167.0,282.0,342.0,0.8422577777777778,80.0
519a80871f454928779db9ed3e039e2b,150.3,253.8,380.0,0.8398695861111112,88.0
519a80871f454928779db9ed3e039e2b,150.3,282.0,342.0,0.8390695703703706,88.0
519a80871f454928779db9ed3e039e2b,183.7,253.8,380.0,0.8303434749999999,72.0
519a80871f454928779db9ed3e039e2b,183.7,282.0,342.0,0.8295525333333332,72.0
519a80871f454928779db9ed3e039e2b,167.0,310.2,380.0,0.767479375,60.0
519a80871f454928779db9ed3e039e2b,150.3,310.2,380.0,0.7645742270833333,66.0
519a80871f454928779db9ed3e039e2b,167.0,253.8,342.0,0.7609164444444444,80.0
519a80871f454928779db9ed3e039e2b,150.3,253.8,342.0,0.7580361392592595,88.0
519a80871f454928779db9ed3e039e2b,183.7,310.2,380.0,0.7559021437499999,54.0
519a80871f454928779db9ed3e039e2b,183.7,253.8,342.0,0.7494382133333333,72.0
519a80871f454928779db9ed3e039e2b,167.0,310.2,342.0,0.6926993333333333,60.0
519a80871f454928779db9ed3e039e2b,150.3,310.2,342.0,0.6900772511111112,66.0
519a80871f454928779db9ed3e039e2b,183.7,310.2,342.0,0.68225014,54.0
519a80871f454928779db9ed3e039e2b,167.0,282.0,418.0,0.5120544444444445,40.0
519a80871f454928779db9ed3e039e2b,150.3,282.0,418.0,0.5101161592592592,44.0
519a80871f454928779db9ed3e039e2b,183.7,282.0,418.0,0.5043302333333333,36.0
519a80871f454928779db9ed3e039e2b,167.0,253.8,418.0,0.4626026111111111,40.0
519a80871f454928779db9ed3e039e2b,150.3,253.8,418.0,0.4608515164814815,44.0
519a80871f454928779db9ed3e039e2b,183.7,253.8,418.0,0.45562436833333336,36.0
519a80871f454928779db9ed3e039e2b,167.0,310.2,418.0,0.42112970833333335,30.0
519a80871f454928779db9ed3e039e2b,150.3,310.2,418.0,0.4195356015277778,33.0
519a80871f454928779db9ed3e039e2b,183.7,310.2,418.0,0.4147770737499999,27.0
5229dfb764d843b66341f7ca5cdec3dd,214.0,288.0,388.0,0.9839739259259259,64.0
5229dfb764d843b66341f7ca5cdec3dd,235.4,288.0,388.0,0.9432312555555555,56.0
5229dfb764d843b66341f7ca5cdec3dd,192.6,288.0,388.0,0.889969274074074,64.0
5229dfb764d843b66341f7ca5cdec3dd,214.0,259.2,388.0,0.8888784592592592,64.0
5229dfb764d843b66341f7ca5cdec3dd,214.0,288.0,349.2,0.8880488296296296,64.0
5229dfb764d843b66341f7ca5cdec3dd,235.4,259.2,388.0,0.8520733355555555,56.0
5229dfb764d843b66341f7ca5cdec3dd,235.4,288.0,349.2,0.8512780577777778,56.0
5229dfb764d843b66341f7ca5cdec3dd,214.0,316.8,388.0,0.8093020444444444,48.0
5229dfb764d843b66341f7ca5cdec3dd,192.6,259.2,388.0,0.8039588207407408,64.0
5229dfb764d843b66341f7ca5cdec3dd,192.6,288.0,349.2,0.8032084503703703,64.0
5229dfb764d843b66341f7ca5cdec3dd,214.0,259.2,349.2,0.8022239762962963,64.0
5229dfb764d843b66341f7ca5cdec3dd,235.4,316.8,388.0,0.7757918816666667,42.0
5229dfb764d843b66341f7ca5cdec3dd,235.4,259.2,349.2,0.7690068897777776,56.0
5229dfb764d843b66341f7ca5cdec3dd,192.6,316.8,388.0,0.7319847955555557,48.0
5229dfb764d843b66341f7ca5cdec3dd,214.0,316.8,349.2,0.7304052622222221,48.0
5229dfb764d843b66341f7ca5cdec3dd,192.6,259.2,349.2,0.7255829357037037,64.0
5229dfb764d843b66341f7ca5cdec3dd,235.4,316.8,349.2,0.7001619193333334,42.0
5229dfb764d843b66341f7ca5cdec3dd,192.6,316.8,349.2,0.6606254737777779,48.0
5229dfb764d843b66341f7ca5cdec3dd,214.0,288.0,426.8,0.5399495111111111,32.0
5229dfb764d843b66341f7ca5cdec3dd,235.4,288.0,426.8,0.5175922266666666,28.0
5229dfb764d843b66341f7ca5cdec3dd,192.6,288.0,426.8,0.4883650488888889,32.0
5229dfb764d843b66341f7ca5cdec3dd,214.0,259.2,426.8,0.48776647111111104,32.0
5229dfb764d843b66341f7ca5cdec3dd,235.4,259.2,426.8,0.4675698906666666,28.0
5229dfb764d843b66341f7ca5cdec3dd,214.0,316.8,426.8,0.44409941333333336,24.0
5229dfb764d843b66341f7ca5cdec3dd,192.6,259.2,426.8,0.44116735288888886,32.0
5229dfb764d843b66341f7ca5cdec3dd,235.4,316.8,426.8,0.42571092200000005,21.0
5229dfb764d843b66341f7ca5cdec3dd,192.6,316.8,426.8,0.4016720586666667,24.0
5291917030874f6b0d887d1710a073f8,203.4,226.8,380.0,0.9124035555555555,80.0
5291917030874f6b0d887d1710a073f8,203.4,277.2,380.0,0.8852780444444445,64.0
5291917030874f6b0d887d1710a073f8,226.0,226.8,380.0,0.8829022222222223,70.0
5291917030874f6b0d887d1710a073f8,226.0,277.2,380.0,0.8566537777777777,56.0
5291917030874f6b0d887d1710a073f8,248.6,226.8,380.0,0.8292440000000001,60.0
5291917030874f6b0d887d1710a073f8,203.4,226.8,342.0,0.8235026962962965,80.0
5291917030874f6b0d887d1710a073f8,203.4,252.0,380.0,0.8076004444444445,64.0
5291917030874f6b0d887d1710a073f8,248.6,277.2,380.0,0.8045908,48.0
5291917030874f6b0d887d1710a073f8,203.4,277.2,342.0,0.7990201837037036,64.0
5291917030874f6b0d887d1710a073f8,226.0,226.8,342.0,0.7968758518518518,70.0
5291917030874f6b0d887d1710a073f8,226.0,252.0,380.0,0.7814877777777778,56.0
5291917030874f6b0d887d1710a073f8,226.0,277.2,342.0,0.7731849481481481,56.0
5291917030874f6b0d887d1710a073f8,248.6,226.8,342.0,0.7484458666666669,60.0
5291917030874f6b0d887d1710a073f8,248.6,252.0,380.0,0.7339930000000001,48.0
5291917030874f6b0d887d1710a073f8,203.4,252.0,342.0,0.7289111703703705,64.0
5291917030874f6b0d887d1710a073f8,248.6,277.2,342.0,0.7261947733333333,48.0
5291917030874f6b0d887d1710a073f8,226.0,252.0,342.0,0.7053428148148149,56.0
5291917030874f6b0d887d1710a073f8,248.6,252.0,342.0,0.6624757333333335,48.0
5291917030874f6b0d887d1710a073f8,203.4,226.8,418.0,0.5006522074074073,40.0
5291917030874f6b0d887d1710a073f8,203.4,277.2,418.0,0.48576795259259253,32.0
5291917030874f6b0d887d1710a073f8,226.0,226.8,418.0,0.4844642962962964,35.0
5291917030874f6b0d887d1710a073f8,226.0,277.2,418.0,0.4700613037037037,28.0
5291917030874f6b0d887d1710a073f8,248.6,226.8,418.0,0.45502106666666675,30.0
5291917030874f6b0d887d1710a073f8,203.4,252.0,418.0,0.4431448592592593,32.0
5291917030874f6b0d887d1710a073f8,248.6,277.2,418.0,0.44149341333333336,24.0
5291917030874f6b0d887d1710a073f8,226.0,252.0,418.0,0.42881637037037035,28.0
5291917030874f6b0d887d1710a073f8,248.6,252.0,418.0,0.4027551333333334,24.0
537ef1ac28efdb45dee0d50d3e1f8274,276.1,282.0,380.0,0.9050296666666668,48.0
537ef1ac28efdb45dee0d50d3e1f8274,225.9,282.0,380.0,0.8706020555555556,56.0
537ef1ac28efdb45dee0d50d3e1f8274,251.0,282.0,380.0,0.82563,48.0
537ef1ac28efdb45dee0d50d3e1f8274,276.1,253.8,380.0,0.8176261166666667,48.0
537ef1ac28efdb45dee0d50d3e1f8274,276.1,282.0,342.0,0.816847288888889,48.0
537ef1ac28efdb45dee0d50d3e1f8274,225.9,253.8,380.0,0.7865233638888889,56.0
537ef1ac28efdb45dee0d50d3e1f8274,225.9,282.0,342.0,0.7857741629629631,56.0
537ef1ac28efdb45dee0d50d3e1f8274,251.0,253.8,380.0,0.7458945,48.0
537ef1ac28efdb45dee0d50d3e1f8274,251.0,282.0,342.0,0.745184,48.0
537ef1ac28efdb45dee0d50d3e1f8274,276.1,310.2,380.0,0.7443249125,36.0
537ef1ac28efdb45dee0d50d3e1f8274,276.1,253.8,342.0,0.7379599822222224,48.0
537ef1ac28efdb45dee0d50d3e1f8274,225.9,310.2,380.0,0.7160105604166666,42.0
537ef1ac28efdb45dee0d50d3e1f8274,225.9,253.8,342.0,0.7098877540740742,56.0
537ef1ac28efdb45dee0d50d3e1f8274,251.0,310.2,380.0,0.679024125,36.0
537ef1ac28efdb45dee0d50d3e1f8274,251.0,253.8,342.0,0.6732176000000001,48.0
537ef1ac28efdb45dee0d50d3e1f8274,276.1,310.2,342.0,0.6718009466666668,36.0
537ef1ac28efdb45dee0d50d3e1f8274,225.9,310.2,342.0,0.6462454288888888,42.0
537ef1ac28efdb45dee0d50d3e1f8274,251.0,310.2,342.0,0.6128628,36.0
537ef1ac28efdb45dee0d50d3e1f8274,276.1,282.0,418.0,0.4966060222222223,24.0
537ef1ac28efdb45dee0d50d3e1f8274,225.9,282.0,418.0,0.4777149740740741,28.0
537ef1ac28efdb45dee0d50d3e1f8274,251.0,282.0,418.0,0.453038,24.0
537ef1ac28efdb45dee0d50d3e1f8274,276.1,253.8,418.0,0.44864612555555555,24.0
537ef1ac28efdb45dee0d50d3e1f8274,225.9,253.8,418.0,0.4315794868518519,28.0
537ef1ac28efdb45dee0d50d3e1f8274,251.0,253.8,418.0,0.40928570000000003,24.0
537ef1ac28efdb45dee0d50d3e1f8274,276.1,310.2,418.0,0.4084244391666667,18.0
537ef1ac28efdb45dee0d50d3e1f8274,225.9,310.2,418.0,0.39288784597222215,21.0
537ef1ac28efdb45dee0d50d3e1f8274,251.0,310.2,418.0,0.37259272500000007,18.0
55b52b97c05b19dbbbefa191622fe36a,161.1,286.0,386.0,0.9285026666666665,80.0
55b52b97c05b19dbbbefa191622fe36a,179.0,286.0,386.0,0.923076,72.0
55b52b97c05b19dbbbefa191622fe36a,196.9,286.0,386.0,0.8982218666666667,64.0
55b52b97c05b19dbbbefa191622fe36a,161.1,257.4,386.0,0.8387892333333332,80.0
55b52b97c05b19dbbbefa191622fe36a,161.1,286.0,347.4,0.8379971037037036,80.0
55b52b97c05b19dbbbefa191622fe36a,179.0,257.4,386.0,0.8338868999999999,72.0
55b52b97c05b19dbbbefa191622fe36a,179.0,286.0,347.4,0.8330993999999999,72.0
55b52b97c05b19dbbbefa191622fe36a,196.9,257.4,386.0,0.8114342133333332,64.0
55b52b97c05b19dbbbefa191622fe36a,196.9,286.0,347.4,0.810667917037037,64.0
55b52b97c05b19dbbbefa191622fe36a,161.1,314.6,386.0,0.763662075,60.0
55b52b97c05b19dbbbefa191622fe36a,179.0,314.6,386.0,0.7591988250000001,54.0
55b52b97c05b19dbbbefa191622fe36a,161.1,257.4,347.4,0.7570284646296295,80.0
55b52b97c05b19dbbbefa191622fe36a,179.0,257.4,347.4,0.7526039849999998,72.0
55b52b97c05b19dbbbefa191622fe36a,196.9,314.6,386.0,0.73875714,48.0
55b52b97c05b19dbbbefa191622fe36a,196.9,257.4,347.4,0.7323398682962963,64.0
55b52b97c05b19dbbbefa191622fe36a,161.1,314.6,347.4,0.6892243070833333,60.0
55b52b97c05b19dbbbefa191622fe36a,179.0,314.6,347.4,0.68519611125,54.0
55b52b97c05b19dbbbefa191622fe36a,196.9,314.6,347.4,0.6667469743333333,48.0
55b52b97c05b19dbbbefa191622fe36a,161.1,286.0,424.6,0.5095041148148148,40.0
55b52b97c05b19dbbbefa191622fe36a,179.0,286.0,424.6,0.5065263000000001,36.0
55b52b97c05b19dbbbefa191622fe36a,196.9,286.0,424.6,0.4928879081481482,32.0
55b52b97c05b19dbbbefa191622fe36a,161.1,257.4,424.6,0.4602750010185184,40.0
55b52b97c05b19dbbbefa191622fe36a,179.0,257.4,424.6,0.45758490749999997,36.0
55b52b97c05b19dbbbefa191622fe36a,196.9,257.4,424.6,0.4452642791851852,32.0
55b52b97c05b19dbbbefa191622fe36a,161.1,314.6,424.6,0.41904992145833336,30.0
55b52b97c05b19dbbbefa191622fe36a,179.0,314.6,424.6,0.416600769375,27.0
55b52b97c05b19dbbbefa191622fe36a,196.9,314.6,424.6,0.4053836528333334,24.0
563a3fa61d441769163b35905be8987d,210.6,223.2,383.0,0.9359935444444444,80.0
563a3fa61d441769163b35905be8987d,210.6,272.8,383.0,0.9080582311111111,64.0
563a3fa61d441769163b35905be8987d,234.0,223.2,383.0,0.9058686388888889,70.0
563a3fa61d441769163b35905be8987d,234.0,272.8,383.0,0.8788324222222221,56.0
563a3fa61d441769163b35905be8987d,257.4,223.2,383.0,0.8509225083333333,60.0
563a3fa61d441769163b35905be8987d,210.6,223.2,344.7,0.8447758529629629,80.0
563a3fa61d441769163b35905be8987d,210.6,248.0,383.0,0.8284265333333333,64.0
563a3fa61d441769163b35905be8987d,257.4,272.8,383.0,0.8255261933333333,48.0
563a3fa61d441769163b35905be8987d,210.6,272.8,344.7,0.8195629887407407,64.0
563a3fa61d441769163b35905be8987d,234.0,223.2,344.7,0.8175867842592591,70.0
563a3fa61d441769163b35905be8987d,234.0,248.0,383.0,0.8017636666666667,56.0
563a3fa61d441769163b35905be8987d,234.0,272.8,344.7,0.7931853948148149,56.0
563a3fa61d441769163b35905be8987d,257.4,223.2,344.7,0.7679954547222221,60.0
563a3fa61d441769163b35905be8987d,257.4,248.0,383.0,0.7531321,48.0
563a3fa61d441769163b35905be8987d,210.6,248.0,344.7,0.7476918355555555,64.0
563a3fa61d441769163b35905be8987d,257.4,272.8,344.7,0.7450741495555555,48.0
563a3fa61d441769163b35905be8987d,234.0,248.0,344.7,0.7236274111111111,56.0
563a3fa61d441769163b35905be8987d,257.4,248.0,344.7,0.6797352566666667,48.0
563a3fa61d441769163b35905be8987d,210.6,223.2,421.3,0.5136056179629629,40.0
563a3fa61d441769163b35905be8987d,210.6,272.8,421.3,0.4982767367407408,32.0
563a3fa61d441769163b35905be8987d,234.0,223.2,421.3,0.49707524675925924,35.0
563a3fa61d441769163b35905be8987d,234.0,272.8,421.3,0.4822397248148148,28.0
563a3fa61d441769163b35905be8987d,257.4,223.2,421.3,0.4669247809722221,30.0
563a3fa61d441769163b35905be8987d,210.6,248.0,421.3,0.4545806155555555,32.0
563a3fa61d441769163b35905be8987d,257.4,272.8,421.3,0.4529891185555556,24.0
563a3fa61d441769163b35905be8987d,234.0,248.0,421.3,0.4399499611111112,28.0
563a3fa61d441769163b35905be8987d,257.4,248.0,421.3,0.41326447166666663,24.0
5752498adef915345dabc54b32edf146,240.9,266.4,355.5,0.8214296410185185,56.0
5752498adef915345dabc54b32edf146,197.1,266.4,355.5,0.7748930303703703,64.0
5752498adef915345dabc54b32edf146,219.0,266.4,355.5,0.7497305212962961,56.0
5752498adef915345dabc54b32edf146,240.9,325.6,355.5,0.7480240254861112,42.0
5752498adef915345dabc54b32edf146,197.1,325.6,355.5,0.7056460772222224,48.0
5752498adef915345dabc54b32edf146,219.0,325.6,355.5,0.6827321715277779,42.0
5752498adef915345dabc54b32edf146,240.9,296.0,355.5,0.682048128125,42.0
5752498adef915345dabc54b32edf146,197.1,296.0,355.5,0.6434079250000001,48.0
5752498adef915345dabc54b32edf146,219.0,296.0,355.5,0.62251503125,42.0
5752498adef915345dabc54b32edf146,240.9,266.4,434.5,0.4994876544907407,28.0
5752498adef915345dabc54b32edf146,197.1,266.4,434.5,0.4711900848148148,32.0
5752498adef915345dabc54b32edf146,219.0,266.4,434.5,0.4558894893518518,28.0
5752498adef915345dabc54b32edf146,240.9,266.4,395.0,0.4551012374999999,28.0
5752498adef915345dabc54b32edf146,240.9,325.6,434.5,0.45485181850694445,21.0
5752498adef915345dabc54b32edf146,197.1,266.4,395.0,0.4293183,32.0
5752498adef915345dabc54b32edf146,197.1,325.6,434.5,0.42908301138888894,24.0
5752498adef915345dabc54b32edf146,219.0,266.4,395.0,0.41537737499999994,28.0
5752498adef915345dabc54b32edf146,219.0,325.6,434.5,0.41514972673611117,21.0
5752498adef915345dabc54b32edf146,240.9,296.0,434.5,0.4147337796875,21.0
5752498adef915345dabc54b32edf146,240.9,325.6,395.0,0.41443191562500004,21.0
5752498adef915345dabc54b32edf146,197.1,296.0,434.5,0.3912377875,24.0
5752498adef915345dabc54b32edf146,197.1,325.6,395.0,0.390953025,24.0
5752498adef915345dabc54b32edf146,219.0,296.0,434.5,0.378533421875,21.0
5752498adef915345dabc54b32edf146,219.0,325.6,395.0,0.37825790625000005,21.0
5752498adef915345dabc54b32edf146,240.9,296.0,395.0,0.37787892187500005,21.0
5752498adef915345dabc54b32edf146,197.1,296.0,395.0,0.356470875,24.0
5752498adef915345dabc54b32edf146,219.0,296.0,395.0,0.34489546875,21.0
584c93c412f45cd05fb6c4c753038aa1,289.0,285.0,379.0,0.9531040277777778,48.0
584c93c412f45cd05fb6c4c753038aa1,317.9,285.0,379.0,0.8710223263888889,40.0
584c93c412f45cd05fb6c4c753038aa1,289.0,256.5,379.0,0.8610244861111112,48.0
584c93c412f45cd05fb6c4c753038aa1,260.1,285.0,379.0,0.8609812638888888,48.0
584c93c412f45cd05fb6c4c753038aa1,289.0,285.0,341.1,0.860243763888889,48.0
584c93c412f45cd05fb6c4c753038aa1,317.9,256.5,379.0,0.7868727118055555,40.0
584c93c412f45cd05fb6c4c753038aa1,317.9,285.0,341.1,0.7861592256944446,40.0
584c93c412f45cd05fb6c4c753038aa1,289.0,313.5,379.0,0.7838876770833333,36.0
584c93c412f45cd05fb6c4c753038aa1,260.1,256.5,379.0,0.7778017180555556,48.0
584c93c412f45cd05fb6c4c753038aa1,289.0,256.5,341.1,0.7771354680555557,48.0
584c93c412f45cd05fb6c4c753038aa1,260.1,285.0,341.1,0.7770964569444445,48.0
584c93c412f45cd05fb6c4c753038aa1,317.9,313.5,379.0,0.7163789557291665,30.0
584c93c412f45cd05fb6c4c753038aa1,317.9,256.5,341.1,0.7102082496527777,40.0
584c93c412f45cd05fb6c4c753038aa1,260.1,313.5,379.0,0.7081206072916667,36.0
584c93c412f45cd05fb6c4c753038aa1,289.0,313.5,341.1,0.7075140447916666,36.0
584c93c412f45cd05fb6c4c753038aa1,260.1,256.5,341.1,0.702021036527778,48.0
584c93c412f45cd05fb6c4c753038aa1,317.9,313.5,341.1,0.6465826513020834,30.0
584c93c412f45cd05fb6c4c753038aa1,260.1,313.5,341.1,0.6391289080208334,36.0
584c93c412f45cd05fb6c4c753038aa1,289.0,285.0,416.9,0.5229821458333334,24.0
584c93c412f45cd05fb6c4c753038aa1,317.9,285.0,416.9,0.4779427135416666,20.0
584c93c412f45cd05fb6c4c753038aa1,289.0,256.5,416.9,0.47245675208333326,24.0
584c93c412f45cd05fb6c4c753038aa1,260.1,285.0,416.9,0.47243303541666665,24.0
584c93c412f45cd05fb6c4c753038aa1,317.9,256.5,416.9,0.4317685869791666,20.0
584c93c412f45cd05fb6c4c753038aa1,289.0,313.5,416.9,0.43013065468750006,18.0
584c93c412f45cd05fb6c4c753038aa1,260.1,256.5,416.9,0.4267911997916667,24.0
584c93c412f45cd05fb6c4c753038aa1,317.9,313.5,416.9,0.3930876300781249,15.0
584c93c412f45cd05fb6c4c753038aa1,260.1,313.5,416.9,0.3885561532812501,18.0
5914abeae491eab8612131985b15994f,239.0,286.0,386.0,0.945868,56.0
5914abeae491eab8612131985b15994f,262.9,286.0,386.0,0.8885623999999999,48.0
5914abeae491eab8612131985b15994f,215.1,286.0,386.0,0.8550798666666666,56.0
5914abeae491eab8612131985b15994f,239.0,257.4,386.0,0.8544767,56.0
5914abeae491eab8612131985b15994f,239.0,286.0,347.4,0.8536697555555555,56.0
5914abeae491eab8612131985b15994f,262.9,257.4,386.0,0.80270806,48.0
5914abeae491eab8612131985b15994f,262.9,286.0,347.4,0.8019500044444443,48.0
5914abeae491eab8612131985b15994f,239.0,314.6,386.0,0.7779444750000001,42.0
5914abeae491eab8612131985b15994f,215.1,257.4,386.0,0.7724606633333332,56.0
5914abeae491eab8612131985b15994f,215.1,286.0,347.4,0.7717311725925925,56.0
5914abeae491eab8612131985b15994f,239.0,257.4,347.4,0.7711867994444442,56.0
5914abeae491eab8612131985b15994f,262.9,314.6,386.0,0.730812555,36.0
5914abeae491eab8612131985b15994f,262.9,257.4,347.4,0.7244642945555554,48.0
5914abeae491eab8612131985b15994f,215.1,314.6,386.0,0.7032743025000001,42.0
5914abeae491eab8612131985b15994f,239.0,314.6,347.4,0.70211453375,42.0
5914abeae491eab8612131985b15994f,215.1,257.4,347.4,0.6971652552407406,56.0
5914abeae491eab8612131985b15994f,262.9,314.6,347.4,0.65957678575,36.0
5914abeae491eab8612131985b15994f,215.1,314.6,347.4,0.6347228174583334,42.0
5914abeae491eab8612131985b15994f,239.0,286.0,424.6,0.5190331222222222,28.0
5914abeae491eab8612131985b15994f,262.9,286.0,424.6,0.48758739777777776,24.0
5914abeae491eab8612131985b15994f,215.1,286.0,424.6,0.46921428037037033,28.0
5914abeae491eab8612131985b15994f,239.0,257.4,424.6,0.4688833002777777,28.0
5914abeae491eab8612131985b15994f,262.9,257.4,424.6,0.44047591272222225,24.0
5914abeae491eab8612131985b15994f,239.0,314.6,424.6,0.4268872081250001,21.0
5914abeae491eab8612131985b15994f,215.1,257.4,424.6,0.4238780357129629,28.0
5914abeae491eab8612131985b15994f,262.9,314.6,424.6,0.401024162125,18.0
5914abeae491eab8612131985b15994f,215.1,314.6,424.6,0.3859128937708334,21.0
5a779fb14ea37232001ecf933514d159,189.0,266.4,355.5,0.8376589916666668,72.0
5a779fb14ea37232001ecf933514d159,207.9,266.4,355.5,0.8153027103703704,64.0
5a779fb14ea37232001ecf933514d159,189.0,325.6,355.5,0.7628030687500001,54.0
5a779fb14ea37232001ecf933514d159,170.1,266.4,355.5,0.7581024341666666,72.0
5a779fb14ea37232001ecf933514d159,207.9,325.6,355.5,0.7424446172222223,48.0
5a779fb14ea37232001ecf933514d159,189.0,296.0,355.5,0.69552365625,54.0
5a779fb14ea37232001ecf933514d159,170.1,325.6,355.5,0.6903559431250001,54.0
5a779fb14ea37232001ecf933514d159,207.9,296.0,355.5,0.6769608250000001,48.0
5a779fb14ea37232001ecf933514d159,170.1,296.0,355.5,0.629466384375,54.0
5a779fb14ea37232001ecf933514d159,189.0,266.4,434.5,0.5093562541666666,36.0
5a779fb14ea37232001ecf933514d159,207.9,266.4,434.5,0.4957620448148148,32.0
5a779fb14ea37232001ecf933514d159,189.0,266.4,395.0,0.464092875,36.0
5a779fb14ea37232001ecf933514d159,189.0,325.6,434.5,0.4638385281250001,27.0
5a779fb14ea37232001ecf933514d159,170.1,266.4,434.5,0.4609802079166666,36.0
5a779fb14ea37232001ecf933514d159,207.9,266.4,395.0,0.4517067,32.0
5a779fb14ea37232001ecf933514d159,207.9,325.6,434.5,0.45145914138888893,24.0
5a779fb14ea37232001ecf933514d159,189.0,296.0,434.5,0.422927859375,27.0
5a779fb14ea37232001ecf933514d159,189.0,325.6,395.0,0.4226200312500001,27.0
5a779fb14ea37232001ecf933514d159,170.1,266.4,395.0,0.4200157124999999,36.0
5a779fb14ea37232001ecf933514d159,170.1,325.6,434.5,0.41978552218750004,27.0
5a779fb14ea37232001ecf933514d159,207.9,296.0,434.5,0.4116403375,24.0
5a779fb14ea37232001ecf933514d159,207.9,325.6,395.0,0.411340725,24.0
5a779fb14ea37232001ecf933514d159,189.0,296.0,395.0,0.38534484375,27.0
5a779fb14ea37232001ecf933514d159,170.1,296.0,434.5,0.3827603390625,27.0
5a779fb14ea37232001ecf933514d159,170.1,325.6,395.0,0.38248174687500003,27.0
5a779fb14ea37232001ecf933514d159,207.9,296.0,395.0,0.37506037500000006,24.0
5a779fb14ea37232001ecf933514d159,170.1,296.0,395.0,0.348746765625,27.0
5c09a821f787019adf0ee74c5cc31985,349.8,229.5,385.0,0.984895240162037,50.0
5c09a821f787019adf0ee74c5cc31985,286.2,229.5,385.0,0.9729604340277777,60.0
5c09a821f787019adf0ee74c5cc31985,349.8,280.5,385.0,0.9556979282407407,40.0
5c09a821f787019adf0ee74c5cc31985,286.2,280.5,385.0,0.9441169305555556,48.0
5c09a821f787019adf0ee74c5cc31985,318.0,229.5,385.0,0.897847800925926,50.0
5c09a821f787019adf0ee74c5cc31985,349.8,229.5,346.5,0.8888991218171296,50.0
5c09a821f787019adf0ee74c5cc31985,286.2,229.5,346.5,0.878127581597222,60.0
5c09a821f787019adf0ee74c5cc31985,349.8,255.0,385.0,0.8718070601851852,40.0
5c09a821f787019adf0ee74c5cc31985,318.0,280.5,385.0,0.8712310185185185,40.0
5c09a821f787019adf0ee74c5cc31985,349.8,280.5,346.5,0.8625476238425926,40.0
5c09a821f787019adf0ee74c5cc31985,286.2,255.0,385.0,0.8612426388888889,48.0
5c09a821f787019adf0ee74c5cc31985,286.2,280.5,346.5,0.8520954069444443,48.0
5c09a821f787019adf0ee74c5cc31985,318.0,229.5,346.5,0.8103360532407408,50.0
5c09a821f787019adf0ee74c5cc31985,318.0,255.0,385.0,0.7947546296296296,40.0
5c09a821f787019adf0ee74c5cc31985,349.8,255.0,346.5,0.7868334606481482,40.0
5c09a821f787019adf0ee74c5cc31985,318.0,280.5,346.5,0.7863135648148148,40.0
5c09a821f787019adf0ee74c5cc31985,286.2,255.0,346.5,0.7772987361111111,48.0
5c09a821f787019adf0ee74c5cc31985,318.0,255.0,346.5,0.7172912037037037,40.0
5c09a821f787019adf0ee74c5cc31985,349.8,229.5,423.5,0.5404456792534722,25.0
5c09a821f787019adf0ee74c5cc31985,286.2,229.5,423.5,0.5338966432291666,30.0
5c09a821f787019adf0ee74c5cc31985,349.8,280.5,423.5,0.5244241163194445,20.0
5c09a821f787019adf0ee74c5cc31985,286.2,280.5,423.5,0.5180692270833333,24.0
5c09a821f787019adf0ee74c5cc31985,318.0,229.5,423.5,0.49267977430555554,25.0
5c09a821f787019adf0ee74c5cc31985,349.8,255.0,423.5,0.47839032986111113,20.0
5c09a821f787019adf0ee74c5cc31985,318.0,280.5,423.5,0.4780742361111111,20.0
5c09a821f787019adf0ee74c5cc31985,286.2,255.0,423.5,0.47259327083333336,24.0
5c09a821f787019adf0ee74c5cc31985,318.0,255.0,423.5,0.43610902777777777,20.0
5de73c5764aabd7851aff9fdd3125d98,170.0,285.0,385.0,0.9710416666666667,80.0
5de73c5764aabd7851aff9fdd3125d98,153.0,285.0,385.0,0.9672653935185185,88.0
5de73c5764aabd7851aff9fdd3125d98,187.0,285.0,385.0,0.9564760416666667,72.0
5de73c5764aabd7851aff9fdd3125d98,170.0,256.5,385.0,0.8772291666666666,80.0
5de73c5764aabd7851aff9fdd3125d98,170.0,285.0,346.5,0.8763958333333334,80.0
5de73c5764aabd7851aff9fdd3125d98,153.0,256.5,385.0,0.8738177199074074,88.0
5de73c5764aabd7851aff9fdd3125d98,153.0,285.0,346.5,0.8729876273148148,88.0
5de73c5764aabd7851aff9fdd3125d98,187.0,256.5,385.0,0.8640707291666667,72.0
5de73c5764aabd7851aff9fdd3125d98,187.0,285.0,346.5,0.8632498958333333,72.0
5de73c5764aabd7851aff9fdd3125d98,170.0,313.5,385.0,0.798640625,60.0
5de73c5764aabd7851aff9fdd3125d98,153.0,313.5,385.0,0.7955348003472222,66.0
5de73c5764aabd7851aff9fdd3125d98,170.0,256.5,346.5,0.7917270833333333,80.0
5de73c5764aabd7851aff9fdd3125d98,153.0,256.5,346.5,0.7886481446759259,88.0
5de73c5764aabd7851aff9fdd3125d98,187.0,313.5,385.0,0.786661015625,54.0
5de73c5764aabd7851aff9fdd3125d98,187.0,256.5,346.5,0.7798511770833333,72.0
5de73c5764aabd7851aff9fdd3125d98,170.0,313.5,346.5,0.7207984375,60.0
5de73c5764aabd7851aff9fdd3125d98,153.0,313.5,346.5,0.7179953324652778,66.0
5de73c5764aabd7851aff9fdd3125d98,187.0,313.5,346.5,0.7099864609375,54.0
5de73c5764aabd7851aff9fdd3125d98,170.0,285.0,423.5,0.53284375,40.0
5de73c5764aabd7851aff9fdd3125d98,153.0,285.0,423.5,0.5307715798611111,44.0
5de73c5764aabd7851aff9fdd3125d98,187.0,285.0,423.5,0.52485109375,36.0
5de73c5764aabd7851aff9fdd3125d98,170.0,256.5,423.5,0.481365625,40.0
5de73c5764aabd7851aff9fdd3125d98,153.0,256.5,423.5,0.47949364756944446,44.0
5de73c5764aabd7851aff9fdd3125d98,187.0,256.5,423.5,0.474145140625,36.0
5de73c5764aabd7851aff9fdd3125d98,170.0,313.5,423.5,0.43824140625,30.0
5de73c5764aabd7851aff9fdd3125d98,153.0,313.5,423.5,0.43653713411458334,33.0
5de73c5764aabd7851aff9fdd3125d98,187.0,313.5,423.5,0.43166778515625,27.0
5e09543a8b7a6614f447c98559a39851,160.2,266.4,355.5,0.7960332796296296,80.0
5e09543a8b7a6614f447c98559a39851,178.0,266.4,355.5,0.7913562333333333,72.0
5e09543a8b7a6614f447c98559a39851,195.8,266.4,355.5,0.7700289022222222,64.0
5e09543a8b7a6614f447c98559a39851,160.2,325.6,355.5,0.7248971652777777,60.0
5e09543a8b7a6614f447c98559a39851,178.0,325.6,355.5,0.7206380750000001,54.0
5e09543a8b7a6614f447c98559a39851,195.8,325.6,355.5,0.7012166233333336,48.0
5e09543a8b7a6614f447c98559a39851,160.2,296.0,355.5,0.6609610624999999,60.0
5e09543a8b7a6614f447c98559a39851,178.0,296.0,355.5,0.657077625,54.0
5e09543a8b7a6614f447c98559a39851,195.8,296.0,355.5,0.63936915,48.0
5e09543a8b7a6614f447c98559a39851,160.2,266.4,434.5,0.4840448601851851,40.0
5e09543a8b7a6614f447c98559a39851,178.0,266.4,434.5,0.48120088333333333,36.0
5e09543a8b7a6614f447c98559a39851,195.8,266.4,434.5,0.4682323488888888,32.0
5e09543a8b7a6614f447c98559a39851,160.2,266.4,395.0,0.44103074999999986,40.0
5e09543a8b7a6614f447c98559a39851,160.2,325.6,434.5,0.44078904236111116,30.0
5e09543a8b7a6614f447c98559a39851,178.0,266.4,395.0,0.4384395,36.0
5e09543a8b7a6614f447c98559a39851,178.0,325.6,434.5,0.43819921250000005,27.0
5e09543a8b7a6614f447c98559a39851,195.8,266.4,395.0,0.4266234,32.0
5e09543a8b7a6614f447c98559a39851,195.8,325.6,434.5,0.4263895883333334,24.0
5e09543a8b7a6614f447c98559a39851,160.2,296.0,434.5,0.40191134375,30.0
5e09543a8b7a6614f447c98559a39851,160.2,325.6,395.0,0.4016188125,30.0
5e09543a8b7a6614f447c98559a39851,178.0,296.0,434.5,0.3995499375,27.0
5e09543a8b7a6614f447c98559a39851,178.0,325.6,395.0,0.399259125,27.0
5e09543a8b7a6614f447c98559a39851,195.8,296.0,434.5,0.38878192500000003,24.0
5e09543a8b7a6614f447c98559a39851,195.8,325.6,395.0,0.38849895000000007,24.0
5e09543a8b7a6614f447c98559a39851,160.2,296.0,395.0,0.3661959375,30.0
5e09543a8b7a6614f447c98559a39851,178.0,296.0,395.0,0.364044375,27.0
5e09543a8b7a6614f447c98559a39851,195.8,296.0,395.0,0.35423325,24.0
5e55b0f0e0122b55ba8d4d91fb921c5a,347.6,262.8,351.9,0.8172345377777779,40.0
5e55b0f0e0122b55ba8d4d91fb921c5a,284.4,262.8,351.9,0.8073619057777777,48.0
5e55b0f0e0122b55ba8d4d91fb921c5a,316.0,262.8,351.9,0.7450180629629629,40.0
5e55b0f0e0122b55ba8d4d91fb921c5a,347.6,321.2,351.9,0.74413878,30.0
5e55b0f0e0122b55ba8d4d91fb921c5a,284.4,321.2,351.9,0.735149184,36.0
5e55b0f0e0122b55ba8d4d91fb921c5a,347.6,292.0,351.9,0.6785323416666668,30.0
5e55b0f0e0122b55ba8d4d91fb921c5a,316.0,321.2,351.9,0.6783815499999999,30.0
5e55b0f0e0122b55ba8d4d91fb921c5a,284.4,292.0,351.9,0.6703353066666665,36.0
5e55b0f0e0122b55ba8d4d91fb921c5a,316.0,292.0,351.9,0.618572548611111,30.0
5e55b0f0e0122b55ba8d4d91fb921c5a,347.6,262.8,430.1,0.49691202,20.0
5e55b0f0e0122b55ba8d4d91fb921c5a,284.4,262.8,430.1,0.49090905599999995,24.0
5e55b0f0e0122b55ba8d4d91fb921c5a,316.0,262.8,430.1,0.45300145,20.0
5e55b0f0e0122b55ba8d4d91fb921c5a,347.6,262.8,391.0,0.45276464444444453,20.0
5e55b0f0e0122b55ba8d4d91fb921c5a,347.6,321.2,430.1,0.4524668100000001,15.0
5e55b0f0e0122b55ba8d4d91fb921c5a,284.4,262.8,391.0,0.4472950044444444,24.0
5e55b0f0e0122b55ba8d4d91fb921c5a,284.4,321.2,430.1,0.44700076799999994,18.0
5e55b0f0e0122b55ba8d4d91fb921c5a,316.0,262.8,391.0,0.4127552407407408,20.0
5e55b0f0e0122b55ba8d4d91fb921c5a,347.6,292.0,430.1,0.4125754125000001,15.0
5e55b0f0e0122b55ba8d4d91fb921c5a,316.0,321.2,430.1,0.412483725,15.0
5e55b0f0e0122b55ba8d4d91fb921c5a,347.6,321.2,391.0,0.4122681,15.0
5e55b0f0e0122b55ba8d4d91fb921c5a,284.4,292.0,430.1,0.40759127999999994,18.0
5e55b0f0e0122b55ba8d4d91fb921c5a,284.4,321.2,391.0,0.40728767999999993,18.0
5e55b0f0e0122b55ba8d4d91fb921c5a,316.0,292.0,430.1,0.37611740625,15.0
5e55b0f0e0122b55ba8d4d91fb921c5a,347.6,292.0,391.0,0.37592079166666664,15.0
5e55b0f0e0122b55ba8d4d91fb921c5a,316.0,321.2,391.0,0.37583724999999996,15.0
5e55b0f0e0122b55ba8d4d91fb921c5a,284.4,292.0,391.0,0.37137946666666666,18.0
5e55b0f0e0122b55ba8d4d91fb921c5a,316.0,292.0,391.0,0.3427018402777778,15.0
600cd59259a79d7fa6a1bffb6451bb8a,240.9,286.0,386.0,0.9530854666666667,56.0
600cd59259a79d7fa6a1bffb6451bb8a,197.1,286.0,386.0,0.8990901333333332,64.0
600cd59259a79d7fa6a1bffb6451bb8a,219.0,286.0,386.0,0.8698946666666667,56.0
600cd59259a79d7fa6a1bffb6451bb8a,240.9,257.4,386.0,0.8609968033333333,56.0
600cd59259a79d7fa6a1bffb6451bb8a,240.9,286.0,347.4,0.8601837014814815,56.0
600cd59259a79d7fa6a1bffb6451bb8a,197.1,257.4,386.0,0.8122185866666666,64.0
600cd59259a79d7fa6a1bffb6451bb8a,197.1,286.0,347.4,0.8114515496296296,64.0
600cd59259a79d7fa6a1bffb6451bb8a,219.0,257.4,386.0,0.7858440333333333,56.0
600cd59259a79d7fa6a1bffb6451bb8a,219.0,286.0,347.4,0.7851019037037037,56.0
600cd59259a79d7fa6a1bffb6451bb8a,240.9,314.6,386.0,0.7838805975000002,42.0
600cd59259a79d7fa6a1bffb6451bb8a,240.9,257.4,347.4,0.7770713573518517,56.0
600cd59259a79d7fa6a1bffb6451bb8a,197.1,314.6,386.0,0.7394712600000001,48.0
600cd59259a79d7fa6a1bffb6451bb8a,197.1,257.4,347.4,0.7330477850370368,64.0
600cd59259a79d7fa6a1bffb6451bb8a,219.0,314.6,386.0,0.7154589750000001,42.0
600cd59259a79d7fa6a1bffb6451bb8a,219.0,257.4,347.4,0.7092440846296295,56.0
600cd59259a79d7fa6a1bffb6451bb8a,240.9,314.6,347.4,0.7074720342083335,42.0
600cd59259a79d7fa6a1bffb6451bb8a,197.1,314.6,347.4,0.6673914856666667,48.0
600cd59259a79d7fa6a1bffb6451bb8a,219.0,314.6,347.4,0.6457197920833333,42.0
600cd59259a79d7fa6a1bffb6451bb8a,240.9,286.0,424.6,0.522993615925926,28.0
600cd59259a79d7fa6a1bffb6451bb8a,197.1,286.0,424.6,0.4933643585185185,32.0
600cd59259a79d7fa6a1bffb6451bb8a,219.0,286.0,424.6,0.47734371481481486,28.0
600cd59259a79d7fa6a1bffb6451bb8a,240.9,257.4,424.6,0.47246112465740736,28.0
600cd59259a79d7fa6a1bffb6451bb8a,197.1,257.4,424.6,0.4456946941481481,32.0
600cd59259a79d7fa6a1bffb6451bb8a,219.0,257.4,424.6,0.43122199101851844,28.0
600cd59259a79d7fa6a1bffb6451bb8a,240.9,314.6,424.6,0.4301445803958334,21.0
600cd59259a79d7fa6a1bffb6451bb8a,197.1,314.6,424.6,0.4057755171666667,24.0
600cd59259a79d7fa6a1bffb6451bb8a,219.0,314.6,424.6,0.39259907895833335,21.0
60eb77c934f99a121f410ec2037a2a46,336.6,266.4,355.5,0.8105321231481482,40.0
60eb77c934f99a121f410ec2037a2a46,275.4,266.4,355.5,0.8008974077777775,48.0
60eb77c934f99a121f410ec2037a2a46,306.0,266.4,355.5,0.7389733148148148,40.0
60eb77c934f99a121f410ec2037a2a46,336.6,325.6,355.5,0.7381003451388891,30.0
60eb77c934f99a121f410ec2037a2a46,275.4,325.6,355.5,0.7293266191666667,36.0
60eb77c934f99a121f410ec2037a2a46,336.6,296.0,355.5,0.6729997187500001,30.0
60eb77c934f99a121f410ec2037a2a46,306.0,325.6,355.5,0.672936263888889,30.0
60eb77c934f99a121f410ec2037a2a46,275.4,296.0,355.5,0.6649998375,36.0
60eb77c934f99a121f410ec2037a2a46,306.0,296.0,355.5,0.613583125,30.0
60eb77c934f99a121f410ec2037a2a46,336.6,266.4,434.5,0.49286118842592597,20.0
60eb77c934f99a121f410ec2037a2a46,275.4,266.4,434.5,0.4870025961111111,24.0
60eb77c934f99a121f410ec2037a2a46,306.0,266.4,434.5,0.4493483425925926,20.0
60eb77c934f99a121f410ec2037a2a46,336.6,266.4,395.0,0.449063625,20.0
60eb77c934f99a121f410ec2037a2a46,336.6,325.6,434.5,0.4488175149305556,15.0
60eb77c934f99a121f410ec2037a2a46,275.4,266.4,395.0,0.4437256499999999,24.0
60eb77c934f99a121f410ec2037a2a46,275.4,325.6,434.5,0.4434824654166667,18.0
60eb77c934f99a121f410ec2037a2a46,306.0,266.4,395.0,0.4094175,20.0
60eb77c934f99a121f410ec2037a2a46,336.6,296.0,434.5,0.409231703125,15.0
60eb77c934f99a121f410ec2037a2a46,306.0,325.6,434.5,0.4091931180555556,15.0
60eb77c934f99a121f410ec2037a2a46,336.6,325.6,395.0,0.40893384375000014,15.0
60eb77c934f99a121f410ec2037a2a46,275.4,296.0,434.5,0.40436720625,18.0
60eb77c934f99a121f410ec2037a2a46,275.4,325.6,395.0,0.40407288750000003,18.0
60eb77c934f99a121f410ec2037a2a46,306.0,296.0,434.5,0.3731021875,15.0
60eb77c934f99a121f410ec2037a2a46,336.6,296.0,395.0,0.37286578125,15.0
60eb77c934f99a121f410ec2037a2a46,306.0,325.6,395.0,0.372830625,15.0
60eb77c934f99a121f410ec2037a2a46,275.4,296.0,395.0,0.3684335625,18.0
60eb77c934f99a121f410ec2037a2a46,306.0,296.0,395.0,0.339946875,15.0
60f9d051a89c1302333f9987840f1831,328.0,229.5,385.0,0.9252212094907407,50.0
60f9d051a89c1302333f9987840f1831,328.0,280.5,385.0,0.8977929398148148,40.0
60f9d051a89c1302333f9987840f1831,295.2,229.5,385.0,0.835436429398148,50.0
60f9d051a89c1302333f9987840f1831,328.0,229.5,346.5,0.8350414207175926,50.0
60f9d051a89c1302333f9987840f1831,328.0,255.0,385.0,0.8189849537037037,40.0
60f9d051a89c1302333f9987840f1831,360.8,229.5,385.0,0.8120047916666666,40.0
60f9d051a89c1302333f9987840f1831,295.2,280.5,385.0,0.810669837962963,40.0
60f9d051a89c1302333f9987840f1831,328.0,280.5,346.5,0.8102865393518518,40.0
60f9d051a89c1302333f9987840f1831,360.8,280.5,385.0,0.7879328333333333,32.0
60f9d051a89c1302333f9987840f1831,295.2,229.5,346.5,0.7540078153935185,50.0
60f9d051a89c1302333f9987840f1831,295.2,255.0,385.0,0.7395094907407408,40.0
60f9d051a89c1302333f9987840f1831,328.0,255.0,346.5,0.7391598379629629,40.0
60f9d051a89c1302333f9987840f1831,360.8,229.5,346.5,0.7328600208333333,40.0
60f9d051a89c1302333f9987840f1831,295.2,280.5,346.5,0.7316551828703703,40.0
60f9d051a89c1302333f9987840f1831,360.8,255.0,385.0,0.7187683333333333,32.0
60f9d051a89c1302333f9987840f1831,360.8,280.5,346.5,0.7111343166666667,32.0
60f9d051a89c1302333f9987840f1831,295.2,255.0,346.5,0.6674307175925925,40.0
60f9d051a89c1302333f9987840f1831,360.8,255.0,346.5,0.6487111666666666,32.0
60f9d051a89c1302333f9987840f1831,328.0,229.5,423.5,0.5077004991319445,25.0
60f9d051a89c1302333f9987840f1831,328.0,280.5,423.5,0.4926496701388889,20.0
60f9d051a89c1302333f9987840f1831,295.2,229.5,423.5,0.4584325217013889,25.0
60f9d051a89c1302333f9987840f1831,328.0,255.0,423.5,0.4494050347222222,20.0
60f9d051a89c1302333f9987840f1831,360.8,229.5,423.5,0.44557478125,20.0
60f9d051a89c1302333f9987840f1831,295.2,280.5,423.5,0.4448422465277777,20.0
60f9d051a89c1302333f9987840f1831,360.8,280.5,423.5,0.43236567500000006,16.0
60f9d051a89c1302333f9987840f1831,295.2,255.0,423.5,0.40579413194444447,20.0
60f9d051a89c1302333f9987840f1831,360.8,255.0,423.5,0.39441275,16.0
614801e8bbdec32546c0d92055dfb596,213.4,288.0,388.0,0.9813382814814814,64.0
614801e8bbdec32546c0d92055dfb596,174.6,288.0,388.0,0.9122624333333333,72.0
614801e8bbdec32546c0d92055dfb596,194.0,288.0,388.0,0.8961191111111111,64.0
614801e8bbdec32546c0d92055dfb596,213.4,259.2,388.0,0.8864975348148149,64.0
614801e8bbdec32546c0d92055dfb596,213.4,288.0,349.2,0.8856701274074074,64.0
614801e8bbdec32546c0d92055dfb596,174.6,259.2,388.0,0.8240974733333334,72.0
614801e8bbdec32546c0d92055dfb596,174.6,288.0,349.2,0.8233283066666667,72.0
614801e8bbdec32546c0d92055dfb596,194.0,259.2,388.0,0.809514311111111,64.0
614801e8bbdec32546c0d92055dfb596,194.0,288.0,349.2,0.8087587555555555,64.0
614801e8bbdec32546c0d92055dfb596,213.4,316.8,388.0,0.8071342711111112,48.0
614801e8bbdec32546c0d92055dfb596,213.4,259.2,349.2,0.800075162074074,64.0
614801e8bbdec32546c0d92055dfb596,174.6,316.8,388.0,0.750320545,54.0
614801e8bbdec32546c0d92055dfb596,174.6,259.2,349.2,0.7437583226666665,72.0
614801e8bbdec32546c0d92055dfb596,194.0,316.8,388.0,0.7370429333333333,48.0
614801e8bbdec32546c0d92055dfb596,194.0,259.2,349.2,0.7305968355555555,64.0
614801e8bbdec32546c0d92055dfb596,213.4,316.8,349.2,0.7284488195555556,48.0
614801e8bbdec32546c0d92055dfb596,174.6,316.8,349.2,0.677173718,54.0
614801e8bbdec32546c0d92055dfb596,194.0,316.8,349.2,0.6651905066666667,48.0
614801e8bbdec32546c0d92055dfb596,213.4,288.0,426.8,0.5385032177777778,32.0
614801e8bbdec32546c0d92055dfb596,174.6,288.0,426.8,0.50059828,36.0
614801e8bbdec32546c0d92055dfb596,194.0,288.0,426.8,0.4917397333333334,32.0
614801e8bbdec32546c0d92055dfb596,213.4,259.2,426.8,0.4864599537777778,32.0
614801e8bbdec32546c0d92055dfb596,174.6,259.2,426.8,0.452218312,36.0
614801e8bbdec32546c0d92055dfb596,194.0,259.2,426.8,0.4442158933333333,32.0
614801e8bbdec32546c0d92055dfb596,213.4,316.8,426.8,0.44290986133333343,24.0
614801e8bbdec32546c0d92055dfb596,174.6,316.8,426.8,0.411733686,27.0
614801e8bbdec32546c0d92055dfb596,194.0,316.8,426.8,0.40444768,24.0
6317bf81cd9d3fe0f209963e7fd234f7,189.2,282.0,380.0,0.9452039999999998,72.0
6317bf81cd9d3fe0f209963e7fd234f7,154.8,282.0,380.0,0.8688622222222223,80.0
6317bf81cd9d3fe0f209963e7fd234f7,172.0,282.0,380.0,0.86359,72.0
6317bf81cd9d3fe0f209963e7fd234f7,189.2,253.8,380.0,0.8539205999999999,72.0
6317bf81cd9d3fe0f209963e7fd234f7,189.2,282.0,342.0,0.8531072,72.0
6317bf81cd9d3fe0f209963e7fd234f7,154.8,253.8,380.0,0.7849515555555555,80.0
6317bf81cd9d3fe0f209963e7fd234f7,154.8,282.0,342.0,0.784203851851852,80.0
6317bf81cd9d3fe0f209963e7fd234f7,172.0,253.8,380.0,0.7801885,72.0
6317bf81cd9d3fe0f209963e7fd234f7,172.0,282.0,342.0,0.7794453333333333,72.0
6317bf81cd9d3fe0f209963e7fd234f7,189.2,310.2,380.0,0.77736555,54.0
6317bf81cd9d3fe0f209963e7fd234f7,189.2,253.8,342.0,0.7707180799999999,72.0
6317bf81cd9d3fe0f209963e7fd234f7,154.8,310.2,380.0,0.7145796666666666,60.0
6317bf81cd9d3fe0f209963e7fd234f7,172.0,310.2,380.0,0.710243625,54.0
6317bf81cd9d3fe0f209963e7fd234f7,154.8,253.8,342.0,0.7084690962962964,80.0
6317bf81cd9d3fe0f209963e7fd234f7,172.0,253.8,342.0,0.7041701333333332,72.0
6317bf81cd9d3fe0f209963e7fd234f7,189.2,310.2,342.0,0.7016222400000001,54.0
6317bf81cd9d3fe0f209963e7fd234f7,154.8,310.2,342.0,0.6449539555555555,60.0
6317bf81cd9d3fe0f209963e7fd234f7,172.0,310.2,342.0,0.6410404000000001,54.0
6317bf81cd9d3fe0f209963e7fd234f7,189.2,282.0,418.0,0.5186504,36.0
6317bf81cd9d3fe0f209963e7fd234f7,154.8,282.0,418.0,0.4767602962962963,40.0
6317bf81cd9d3fe0f209963e7fd234f7,172.0,282.0,418.0,0.4738673333333333,36.0
6317bf81cd9d3fe0f209963e7fd234f7,189.2,253.8,418.0,0.46856156,36.0
6317bf81cd9d3fe0f209963e7fd234f7,154.8,253.8,418.0,0.4307170074074074,40.0
6317bf81cd9d3fe0f209963e7fd234f7,172.0,253.8,418.0,0.4281034333333334,36.0
6317bf81cd9d3fe0f209963e7fd234f7,189.2,310.2,418.0,0.42655443,27.0
6317bf81cd9d3fe0f209963e7fd234f7,154.8,310.2,418.0,0.3921026888888889,30.0
6317bf81cd9d3fe0f209963e7fd234f7,172.0,310.2,418.0,0.389723425,27.0
631adf6ff70b5781bcd77a8f20a140e0,211.2,286.0,386.0,0.9603029333333333,64.0
631adf6ff70b5781bcd77a8f20a140e0,172.8,286.0,386.0,0.8927952000000001,72.0
631adf6ff70b5781bcd77a8f20a140e0,192.0,286.0,386.0,0.8769493333333334,64.0
631adf6ff70b5781bcd77a8f20a140e0,211.2,257.4,386.0,0.8675169066666666,64.0
631adf6ff70b5781bcd77a8f20a140e0,211.2,286.0,347.4,0.8666976474074073,64.0
631adf6ff70b5781bcd77a8f20a140e0,172.8,257.4,386.0,0.8065318800000001,72.0
631adf6ff70b5781bcd77a8f20a140e0,172.8,286.0,347.4,0.8057702133333334,72.0
631adf6ff70b5781bcd77a8f20a140e0,192.0,257.4,386.0,0.7922170666666666,64.0
631adf6ff70b5781bcd77a8f20a140e0,192.0,286.0,347.4,0.7914689185185184,64.0
631adf6ff70b5781bcd77a8f20a140e0,211.2,314.6,386.0,0.78981672,48.0
631adf6ff70b5781bcd77a8f20a140e0,211.2,257.4,347.4,0.782955915259259,64.0
631adf6ff70b5781bcd77a8f20a140e0,172.8,314.6,386.0,0.73429389,54.0
631adf6ff70b5781bcd77a8f20a140e0,172.8,257.4,347.4,0.7279153886666666,72.0
631adf6ff70b5781bcd77a8f20a140e0,192.0,314.6,386.0,0.7212612,48.0
631adf6ff70b5781bcd77a8f20a140e0,192.0,257.4,347.4,0.714995908148148,64.0
631adf6ff70b5781bcd77a8f20a140e0,211.2,314.6,347.4,0.7128295346666667,48.0
631adf6ff70b5781bcd77a8f20a140e0,172.8,314.6,347.4,0.6627187785,54.0
631adf6ff70b5781bcd77a8f20a140e0,192.0,314.6,347.4,0.6509564466666667,48.0
631adf6ff70b5781bcd77a8f20a140e0,211.2,286.0,424.6,0.5269541096296296,32.0
631adf6ff70b5781bcd77a8f20a140e0,172.8,286.0,424.6,0.48991009333333346,36.0
631adf6ff70b5781bcd77a8f20a140e0,192.0,286.0,424.6,0.48121487407407415,32.0
631adf6ff70b5781bcd77a8f20a140e0,211.2,257.4,424.6,0.476038949037037,32.0
631adf6ff70b5781bcd77a8f20a140e0,172.8,257.4,424.6,0.4425741856666667,36.0
631adf6ff70b5781bcd77a8f20a140e0,192.0,257.4,424.6,0.43471911259259255,32.0
631adf6ff70b5781bcd77a8f20a140e0,211.2,314.6,424.6,0.4334019526666667,24.0
631adf6ff70b5781bcd77a8f20a140e0,172.8,314.6,424.6,0.4029345007500001,27.0
631adf6ff70b5781bcd77a8f20a140e0,192.0,314.6,424.6,0.3957829766666668,24.0
63849e2a342c002e41cdca735b7ffa35,206.1,283.0,381.0,0.9169283074074073,64.0
63849e2a342c002e41cdca735b7ffa35,229.0,283.0,381.0,0.8873328657407408,56.0
63849e2a342c002e41cdca735b7ffa35,251.9,283.0,381.0,0.833445825,48.0
63849e2a342c002e41cdca735b7ffa35,206.1,254.7,381.0,0.8283649248148147,64.0
63849e2a342c002e41cdca735b7ffa35,206.1,283.0,342.9,0.8275805618518518,64.0
63849e2a342c002e41cdca735b7ffa35,229.0,254.7,381.0,0.8016280189814813,56.0
63849e2a342c002e41cdca735b7ffa35,229.0,283.0,342.9,0.800868972685185,56.0
63849e2a342c002e41cdca735b7ffa35,206.1,311.3,381.0,0.7541187675000002,48.0
63849e2a342c002e41cdca735b7ffa35,251.9,254.7,381.0,0.7529457675,48.0
63849e2a342c002e41cdca735b7ffa35,251.9,283.0,342.9,0.7522328174999999,48.0
63849e2a342c002e41cdca735b7ffa35,206.1,254.7,342.9,0.7476470127037036,64.0
63849e2a342c002e41cdca735b7ffa35,229.0,311.3,381.0,0.7297782843749999,42.0
63849e2a342c002e41cdca735b7ffa35,229.0,254.7,342.9,0.7235154166203702,56.0
63849e2a342c002e41cdca735b7ffa35,251.9,311.3,381.0,0.685459411875,36.0
63849e2a342c002e41cdca735b7ffa35,206.1,311.3,342.9,0.68063558325,48.0
63849e2a342c002e41cdca735b7ffa35,251.9,254.7,342.9,0.6795768832499999,48.0
63849e2a342c002e41cdca735b7ffa35,229.0,311.3,342.9,0.6586668965625,42.0
63849e2a342c002e41cdca735b7ffa35,251.9,311.3,342.9,0.6186665638125,36.0
63849e2a342c002e41cdca735b7ffa35,206.1,283.0,419.1,0.5031380264814814,32.0
63849e2a342c002e41cdca735b7ffa35,229.0,283.0,419.1,0.48689837939814823,28.0
63849e2a342c002e41cdca735b7ffa35,251.9,283.0,419.1,0.45732941625,24.0
63849e2a342c002e41cdca735b7ffa35,206.1,254.7,419.1,0.4545414184629629,32.0
63849e2a342c002e41cdca735b7ffa35,229.0,254.7,419.1,0.43987031067129634,28.0
63849e2a342c002e41cdca735b7ffa35,206.1,311.3,419.1,0.41380097587500003,24.0
63849e2a342c002e41cdca735b7ffa35,251.9,254.7,419.1,0.413157325875,24.0
63849e2a342c002e41cdca735b7ffa35,229.0,311.3,419.1,0.40044483609375,21.0
63849e2a342c002e41cdca735b7ffa35,251.9,311.3,419.1,0.37612612996875006,18.0
6606e81b2f59d36618cddb9ed77287c3,179.1,229.5,353.7,0.8579048419270833,90.0
6606e81b2f59d36618cddb9ed77287c3,199.0,229.5,353.7,0.8428326550925924,80.0
6606e81b2f59d36618cddb9ed77287c3,179.1,280.5,353.7,0.8324721722916666,72.0
6606e81b2f59d36618cddb9ed77287c3,199.0,280.5,353.7,0.8178468018518518,64.0
6606e81b2f59d36618cddb9ed77287c3,218.9,229.5,353.7,0.8076978249131944,70.0
6606e81b2f59d36618cddb9ed77287c3,218.9,280.5,353.7,0.7837535470138889,56.0
6606e81b2f59d36618cddb9ed77287c3,179.1,255.0,353.7,0.7593980229166668,72.0
6606e81b2f59d36618cddb9ed77287c3,199.0,255.0,353.7,0.746056462962963,64.0
6606e81b2f59d36618cddb9ed77287c3,218.9,255.0,353.7,0.7149559034722223,56.0
6606e81b2f59d36618cddb9ed77287c3,179.1,229.5,432.3,0.5216542639322916,45.0
6606e81b2f59d36618cddb9ed77287c3,199.0,229.5,432.3,0.5124895289351853,40.0
6606e81b2f59d36618cddb9ed77287c3,179.1,280.5,432.3,0.5061897742708333,36.0
6606e81b2f59d36618cddb9ed77287c3,199.0,280.5,432.3,0.4972967287037037,32.0
6606e81b2f59d36618cddb9ed77287c3,218.9,229.5,432.3,0.49112558146701396,35.0
6606e81b2f59d36618cddb9ed77287c3,218.9,280.5,432.3,0.47656611746527777,28.0
6606e81b2f59d36618cddb9ed77287c3,179.1,229.5,393.0,0.4753033424479166,45.0
6606e81b2f59d36618cddb9ed77287c3,199.0,229.5,393.0,0.46695292824074075,40.0
6606e81b2f59d36618cddb9ed77287c3,179.1,255.0,432.3,0.4617565927083333,36.0
6606e81b2f59d36618cddb9ed77287c3,179.1,280.5,393.0,0.4612129302083333,36.0
6606e81b2f59d36618cddb9ed77287c3,199.0,255.0,432.3,0.45364417592592593,32.0
6606e81b2f59d36618cddb9ed77287c3,199.0,280.5,393.0,0.4531100648148148,32.0
6606e81b2f59d36618cddb9ed77287c3,218.9,229.5,393.0,0.44748724696180564,35.0
6606e81b2f59d36618cddb9ed77287c3,218.9,255.0,432.3,0.43473329131944444,28.0
6606e81b2f59d36618cddb9ed77287c3,218.9,280.5,393.0,0.4342214454861111,28.0
6606e81b2f59d36618cddb9ed77287c3,179.1,255.0,393.0,0.4207278020833333,36.0
6606e81b2f59d36618cddb9ed77287c3,199.0,255.0,393.0,0.4133362037037037,32.0
6606e81b2f59d36618cddb9ed77287c3,218.9,255.0,393.0,0.3961056215277778,28.0
67894c5a8355ca9b7e57b96362fa45f1,169.0,288.0,388.0,0.9828757407407407,80.0
67894c5a8355ca9b7e57b96362fa45f1,152.1,288.0,388.0,0.9790870018518517,88.0
67894c5a8355ca9b7e57b96362fa45f1,185.9,288.0,388.0,0.9681051500000001,72.0
67894c5a8355ca9b7e57b96362fa45f1,169.0,259.2,388.0,0.8878864074074074,80.0
67894c5a8355ca9b7e57b96362fa45f1,169.0,288.0,349.2,0.8870577037037037,80.0
67894c5a8355ca9b7e57b96362fa45f1,152.1,259.2,388.0,0.8844638285185185,88.0
67894c5a8355ca9b7e57b96362fa45f1,152.1,288.0,349.2,0.8836383192592592,88.0
67894c5a8355ca9b7e57b96362fa45f1,185.9,259.2,388.0,0.8745433100000001,72.0
67894c5a8355ca9b7e57b96362fa45f1,185.9,288.0,349.2,0.87372706,72.0
67894c5a8355ca9b7e57b96362fa45f1,169.0,316.8,388.0,0.8083988055555555,60.0
67894c5a8355ca9b7e57b96362fa45f1,152.1,316.8,388.0,0.805282631388889,66.0
67894c5a8355ca9b7e57b96362fa45f1,169.0,259.2,349.2,0.801328637037037,80.0
67894c5a8355ca9b7e57b96362fa45f1,152.1,259.2,349.2,0.7982397165925925,88.0
67894c5a8355ca9b7e57b96362fa45f1,185.9,316.8,388.0,0.7962502425000001,54.0
67894c5a8355ca9b7e57b96362fa45f1,185.9,259.2,349.2,0.789286324,72.0
67894c5a8355ca9b7e57b96362fa45f1,169.0,316.8,349.2,0.7295900777777778,60.0
67894c5a8355ca9b7e57b96362fa45f1,152.1,316.8,349.2,0.7267776914444445,66.0
67894c5a8355ca9b7e57b96362fa45f1,185.9,316.8,349.2,0.718625847,54.0
67894c5a8355ca9b7e57b96362fa45f1,169.0,288.0,426.8,0.5393468888888889,40.0
67894c5a8355ca9b7e57b96362fa45f1,152.1,288.0,426.8,0.5372678422222221,44.0
67894c5a8355ca9b7e57b96362fa45f1,185.9,288.0,426.8,0.53124162,36.0
67894c5a8355ca9b7e57b96362fa45f1,169.0,259.2,426.8,0.48722208888888885,40.0
67894c5a8355ca9b7e57b96362fa45f1,152.1,259.2,426.8,0.4853439702222223,44.0
67894c5a8355ca9b7e57b96362fa45f1,185.9,259.2,426.8,0.47990014799999997,36.0
67894c5a8355ca9b7e57b96362fa45f1,169.0,316.8,426.8,0.44360376666666673,30.0
67894c5a8355ca9b7e57b96362fa45f1,152.1,316.8,426.8,0.44189378566666665,33.0
67894c5a8355ca9b7e57b96362fa45f1,185.9,316.8,426.8,0.436937319,27.0
689d55a5924317429c37f70116fcf10b,275.0,229.5,353.7,0.8619879427083333,60.0
689d55a5924317429c37f70116fcf10b,275.0,280.5,353.7,0.8364342291666667,48.0
689d55a5924317429c37f70116fcf10b,302.5,229.5,353.7,0.787635181568287,50.0
689d55a5924317429c37f70116fcf10b,247.5,229.5,353.7,0.7788136675347223,60.0
689d55a5924317429c37f70116fcf10b,302.5,280.5,353.7,0.7642856626157407,40.0
689d55a5924317429c37f70116fcf10b,275.0,255.0,353.7,0.7630122916666666,48.0
689d55a5924317429c37f70116fcf10b,247.5,280.5,353.7,0.7557256631944445,48.0
689d55a5924317429c37f70116fcf10b,302.5,255.0,353.7,0.6971969039351852,40.0
689d55a5924317429c37f70116fcf10b,247.5,255.0,353.7,0.6893882986111111,48.0
689d55a5924317429c37f70116fcf10b,275.0,229.5,432.3,0.5241370182291667,30.0
689d55a5924317429c37f70116fcf10b,275.0,280.5,432.3,0.5085989270833333,24.0
689d55a5924317429c37f70116fcf10b,302.5,229.5,432.3,0.4789263689959491,25.0
689d55a5924317429c37f70116fcf10b,275.0,229.5,393.0,0.47756549479166666,30.0
689d55a5924317429c37f70116fcf10b,247.5,229.5,432.3,0.47356239366319447,30.0
689d55a5924317429c37f70116fcf10b,302.5,280.5,432.3,0.4647285517939815,20.0
689d55a5924317429c37f70116fcf10b,275.0,255.0,432.3,0.46395427083333335,24.0
689d55a5924317429c37f70116fcf10b,275.0,280.5,393.0,0.4634080208333333,24.0
689d55a5924317429c37f70116fcf10b,247.5,280.5,432.3,0.45952359201388887,24.0
689d55a5924317429c37f70116fcf10b,302.5,229.5,393.0,0.4363719798900463,25.0
689d55a5924317429c37f70116fcf10b,247.5,229.5,393.0,0.4314846137152778,30.0
689d55a5924317429c37f70116fcf10b,302.5,255.0,432.3,0.42393482349537037,20.0
689d55a5924317429c37f70116fcf10b,302.5,280.5,393.0,0.4234356915509259,20.0
689d55a5924317429c37f70116fcf10b,275.0,255.0,393.0,0.42273020833333336,24.0
689d55a5924317429c37f70116fcf10b,247.5,255.0,432.3,0.41918675347222223,24.0
689d55a5924317429c37f70116fcf10b,247.5,280.5,393.0,0.4186932118055556,24.0
689d55a5924317429c37f70116fcf10b,302.5,255.0,393.0,0.38626663773148145,20.0
689d55a5924317429c37f70116fcf10b,247.5,255.0,393.0,0.3819404513888889,24.0
6a29db0cef2137d2bb15a27d61f064bd,243.0,229.5,353.7,0.8927372201967593,70.0
6a29db0cef2137d2bb15a27d61f064bd,243.0,280.5,353.7,0.8662719414351852,56.0
6a29db0cef2137d2bb15a27d61f064bd,270.0,229.5,353.7,0.8468653472222222,60.0
6a29db0cef2137d2bb15a27d61f064bd,270.0,280.5,353.7,0.8217599444444444,48.0
6a29db0cef2137d2bb15a27d61f064bd,243.0,255.0,353.7,0.7902308587962963,56.0
6a29db0cef2137d2bb15a27d61f064bd,297.0,229.5,353.7,0.7737728023726852,50.0
6a29db0cef2137d2bb15a27d61f064bd,297.0,280.5,353.7,0.7508342349537037,40.0
6a29db0cef2137d2bb15a27d61f064bd,270.0,255.0,353.7,0.7496261111111111,48.0
6a29db0cef2137d2bb15a27d61f064bd,297.0,255.0,353.7,0.6849262384259259,40.0
6a29db0cef2137d2bb15a27d61f064bd,243.0,229.5,432.3,0.5428343036747685,35.0
6a29db0cef2137d2bb15a27d61f064bd,243.0,280.5,432.3,0.5267419297453704,28.0
6a29db0cef2137d2bb15a27d61f064bd,270.0,229.5,432.3,0.5149416319444444,30.0
6a29db0cef2137d2bb15a27d61f064bd,270.0,280.5,432.3,0.4996761388888889,24.0
6a29db0cef2137d2bb15a27d61f064bd,243.0,229.5,393.0,0.4946014568865741,35.0
6a29db0cef2137d2bb15a27d61f064bd,243.0,255.0,432.3,0.4805046863425926,28.0
6a29db0cef2137d2bb15a27d61f064bd,243.0,280.5,393.0,0.4799389502314815,28.0
6a29db0cef2137d2bb15a27d61f064bd,297.0,229.5,432.3,0.47049726490162036,25.0
6a29db0cef2137d2bb15a27d61f064bd,270.0,229.5,393.0,0.4691871527777778,30.0
6a29db0cef2137d2bb15a27d61f064bd,297.0,280.5,432.3,0.4565493292824075,20.0
6a29db0cef2137d2bb15a27d61f064bd,270.0,255.0,432.3,0.45581472222222225,24.0
6a29db0cef2137d2bb15a27d61f064bd,270.0,280.5,393.0,0.45527805555555556,24.0
6a29db0cef2137d2bb15a27d61f064bd,243.0,255.0,393.0,0.43781005787037036,28.0
6a29db0cef2137d2bb15a27d61f064bd,297.0,229.5,393.0,0.4286918330439815,25.0
6a29db0cef2137d2bb15a27d61f064bd,297.0,255.0,432.3,0.41647357060185186,20.0
6a29db0cef2137d2bb15a27d61f064bd,297.0,280.5,393.0,0.4159832233796296,20.0
6a29db0cef2137d2bb15a27d61f064bd,270.0,255.0,393.0,0.41531388888888887,24.0
6a29db0cef2137d2bb15a27d61f064bd,297.0,255.0,393.0,0.3794683449074074,20.0
6bd5fa9e984e7243519003fc969aa30d,244.0,286.0,386.0,0.9648613333333333,56.0
6bd5fa9e984e7243519003fc969aa30d,268.4,286.0,386.0,0.9064703999999999,48.0
6bd5fa9e984e7243519003fc969aa30d,219.6,286.0,386.0,0.8721738666666666,56.0
6bd5fa9e984e7243519003fc969aa30d,244.0,257.4,386.0,0.8716348666666666,56.0
6bd5fa9e984e7243519003fc969aa30d,244.0,286.0,347.4,0.8708117185185185,56.0
6bd5fa9e984e7243519003fc969aa30d,268.4,257.4,386.0,0.8188857599999998,48.0
6bd5fa9e984e7243519003fc969aa30d,268.4,286.0,347.4,0.8181124266666665,48.0
6bd5fa9e984e7243519003fc969aa30d,244.0,314.6,386.0,0.7935658500000001,42.0
6bd5fa9e984e7243519003fc969aa30d,219.6,257.4,386.0,0.7879030133333331,56.0
6bd5fa9e984e7243519003fc969aa30d,219.6,286.0,347.4,0.7871589392592591,56.0
6bd5fa9e984e7243519003fc969aa30d,244.0,257.4,347.4,0.786672478148148,56.0
6bd5fa9e984e7243519003fc969aa30d,268.4,314.6,386.0,0.74554128,36.0
6bd5fa9e984e7243519003fc969aa30d,268.4,257.4,347.4,0.7390650773333332,48.0
6bd5fa9e984e7243519003fc969aa30d,219.6,314.6,386.0,0.71733354,42.0
6bd5fa9e984e7243519003fc969aa30d,244.0,314.6,347.4,0.7162132191666667,42.0
6bd5fa9e984e7243519003fc969aa30d,219.6,257.4,347.4,0.711102366074074,56.0
6bd5fa9e984e7243519003fc969aa30d,268.4,314.6,347.4,0.672869832,36.0
6bd5fa9e984e7243519003fc969aa30d,219.6,314.6,347.4,0.6474116343333334,42.0
6bd5fa9e984e7243519003fc969aa30d,244.0,286.0,424.6,0.5294554740740741,28.0
6bd5fa9e984e7243519003fc969aa30d,268.4,286.0,424.6,0.49741418666666665,24.0
6bd5fa9e984e7243519003fc969aa30d,219.6,286.0,424.6,0.478594397037037,28.0
6bd5fa9e984e7243519003fc969aa30d,244.0,257.4,424.6,0.47829862759259256,28.0
6bd5fa9e984e7243519003fc969aa30d,268.4,257.4,424.6,0.44935322133333333,24.0
6bd5fa9e984e7243519003fc969aa30d,244.0,314.6,424.6,0.4354592404166668,21.0
6bd5fa9e984e7243519003fc969aa30d,219.6,257.4,424.6,0.43235183029629626,28.0
6bd5fa9e984e7243519003fc969aa30d,268.4,314.6,424.6,0.409106364,18.0
6bd5fa9e984e7243519003fc969aa30d,219.6,314.6,424.6,0.3936277228333334,21.0
6bf7838d3709d8f15fdad06ed6484d8e,286.0,229.5,353.7,0.8952576527777778,60.0
6bf7838d3709d8f15fdad06ed6484d8e,286.0,280.5,353.7,0.8687176555555556,48.0
6bf7838d3709d8f15fdad06ed6484d8e,234.0,229.5,353.7,0.8609797696759258,70.0
6bf7838d3709d8f15fdad06ed6484d8e,234.0,280.5,353.7,0.8354559435185185,56.0
6bf7838d3709d8f15fdad06ed6484d8e,260.0,229.5,353.7,0.81662015625,60.0
6bf7838d3709d8f15fdad06ed6484d8e,286.0,255.0,353.7,0.7924618888888889,48.0
6bf7838d3709d8f15fdad06ed6484d8e,260.0,280.5,353.7,0.792411375,48.0
6bf7838d3709d8f15fdad06ed6484d8e,234.0,255.0,353.7,0.7621198796296297,56.0
6bf7838d3709d8f15fdad06ed6484d8e,260.0,255.0,353.7,0.72285375,48.0
6bf7838d3709d8f15fdad06ed6484d8e,286.0,229.5,432.3,0.5443668680555556,30.0
6bf7838d3709d8f15fdad06ed6484d8e,286.0,280.5,432.3,0.528229061111111,24.0
6bf7838d3709d8f15fdad06ed6484d8e,234.0,229.5,432.3,0.5235239924768519,35.0
6bf7838d3709d8f15fdad06ed6484d8e,234.0,280.5,432.3,0.5080040745370371,28.0
6bf7838d3709d8f15fdad06ed6484d8e,260.0,229.5,432.3,0.496550859375,30.0
6bf7838d3709d8f15fdad06ed6484d8e,286.0,229.5,393.0,0.49599784722222223,30.0
6bf7838d3709d8f15fdad06ed6484d8e,286.0,255.0,432.3,0.48186127777777776,24.0
6bf7838d3709d8f15fdad06ed6484d8e,260.0,280.5,432.3,0.4818305625,24.0
6bf7838d3709d8f15fdad06ed6484d8e,286.0,280.5,393.0,0.48129394444444445,24.0
6bf7838d3709d8f15fdad06ed6484d8e,234.0,229.5,393.0,0.4770069386574074,35.0
6bf7838d3709d8f15fdad06ed6484d8e,234.0,255.0,432.3,0.46341163425925924,28.0
6bf7838d3709d8f15fdad06ed6484d8e,234.0,280.5,393.0,0.4628660231481482,28.0
6bf7838d3709d8f15fdad06ed6484d8e,260.0,229.5,393.0,0.45243046875,30.0
6bf7838d3709d8f15fdad06ed6484d8e,260.0,255.0,432.3,0.439535625,24.0
6bf7838d3709d8f15fdad06ed6484d8e,286.0,255.0,393.0,0.43904611111111114,24.0
6bf7838d3709d8f15fdad06ed6484d8e,260.0,280.5,393.0,0.439018125,24.0
6bf7838d3709d8f15fdad06ed6484d8e,234.0,255.0,393.0,0.422235787037037,28.0
6bf7838d3709d8f15fdad06ed6484d8e,260.0,255.0,393.0,0.40048125,24.0
6d3b65a1af8cc152d64aed67c4b13230,210.1,285.0,383.0,0.9450849444444445,64.0
6d3b65a1af8cc152d64aed67c4b13230,171.9,285.0,383.0,0.8786906875,72.0
6d3b65a1af8cc152d64aed67c4b13230,191.0,285.0,383.0,0.8630716666666667,64.0
6d3b65a1af8cc152d64aed67c4b13230,210.1,256.5,383.0,0.8537801277777778,64.0
6d3b65a1af8cc152d64aed67c4b13230,210.1,285.0,344.7,0.8529812462962962,64.0
6d3b65a1af8cc152d64aed67c4b13230,171.9,256.5,383.0,0.7938002312500001,72.0
6d3b65a1af8cc152d64aed67c4b13230,171.9,285.0,344.7,0.7930574729166665,72.0
6d3b65a1af8cc152d64aed67c4b13230,191.0,256.5,383.0,0.7796901666666667,64.0
6d3b65a1af8cc152d64aed67c4b13230,191.0,285.0,344.7,0.7789606111111111,64.0
6d3b65a1af8cc152d64aed67c4b13230,210.1,313.5,383.0,0.7772923208333332,48.0
6d3b65a1af8cc152d64aed67c4b13230,210.1,256.5,344.7,0.7705745835185185,64.0
6d3b65a1af8cc152d64aed67c4b13230,171.9,313.5,383.0,0.7226858578124999,54.0
6d3b65a1af8cc152d64aed67c4b13230,171.9,256.5,344.7,0.7164400560416666,72.0
6d3b65a1af8cc152d64aed67c4b13230,191.0,313.5,383.0,0.709839875,48.0
6d3b65a1af8cc152d64aed67c4b13230,191.0,256.5,344.7,0.7037050944444445,64.0
6d3b65a1af8cc152d64aed67c4b13230,210.1,313.5,344.7,0.7015409318055554,48.0
6d3b65a1af8cc152d64aed67c4b13230,171.9,313.5,344.7,0.65225616734375,54.0
6d3b65a1af8cc152d64aed67c4b13230,191.0,313.5,344.7,0.6406620958333332,48.0
6d3b65a1af8cc152d64aed67c4b13230,210.1,285.0,421.3,0.5185943212962963,32.0
6d3b65a1af8cc152d64aed67c4b13230,171.9,285.0,421.3,0.4821619510416667,36.0
6d3b65a1af8cc152d64aed67c4b13230,191.0,285.0,421.3,0.4735913611111111,32.0
6d3b65a1af8cc152d64aed67c4b13230,210.1,256.5,421.3,0.4684928360185185,32.0
6d3b65a1af8cc152d64aed67c4b13230,171.9,256.5,421.3,0.43558020322916663,36.0
6d3b65a1af8cc152d64aed67c4b13230,191.0,256.5,421.3,0.42783761944444443,32.0
6d3b65a1af8cc152d64aed67c4b13230,210.1,313.5,421.3,0.4265218549305555,24.0
6d3b65a1af8cc152d64aed67c4b13230,171.9,313.5,421.3,0.39655777414062504,27.0
6d3b65a1af8cc152d64aed67c4b13230,191.0,313.5,421.3,0.38950882708333334,24.0
6d3c3bcdfc4034e3424078243e7668a1,286.0,286.0,386.0,0.963776,48.0
6d3c3bcdfc4034e3424078243e7668a1,314.6,286.0,386.0,0.880748,40.0
6d3c3bcdfc4034e3424078243e7668a1,257.4,286.0,386.0,0.8706543999999999,48.0
6d3c3bcdfc4034e3424078243e7668a1,286.0,257.4,386.0,0.8706543999999999,48.0
6d3c3bcdfc4034e3424078243e7668a1,286.0,286.0,347.4,0.8698321777777777,48.0
6d3c3bcdfc4034e3424078243e7668a1,314.6,257.4,386.0,0.7956487,40.0
6d3c3bcdfc4034e3424078243e7668a1,314.6,286.0,347.4,0.7948973111111112,40.0
6d3c3bcdfc4034e3424078243e7668a1,286.0,314.6,386.0,0.7926732000000001,36.0
6d3c3bcdfc4034e3424078243e7668a1,257.4,257.4,386.0,0.78653036,48.0
6d3c3bcdfc4034e3424078243e7668a1,257.4,286.0,347.4,0.7857875822222222,48.0
6d3c3bcdfc4034e3424078243e7668a1,286.0,257.4,347.4,0.7857875822222222,48.0
6d3c3bcdfc4034e3424078243e7668a1,314.6,314.6,386.0,0.7243854750000001,30.0
6d3c3bcdfc4034e3424078243e7668a1,314.6,257.4,347.4,0.7180930438888888,40.0
6d3c3bcdfc4034e3424078243e7668a1,257.4,314.6,386.0,0.7160838299999999,36.0
6d3c3bcdfc4034e3424078243e7668a1,286.0,314.6,347.4,0.7154075800000002,36.0
6d3c3bcdfc4034e3424078243e7668a1,257.4,257.4,347.4,0.7098635117777776,48.0
6d3c3bcdfc4034e3424078243e7668a1,314.6,314.6,347.4,0.65377618375,30.0
6d3c3bcdfc4034e3424078243e7668a1,257.4,314.6,347.4,0.6462837395,36.0
6d3c3bcdfc4034e3424078243e7668a1,286.0,286.0,424.6,0.5288599111111112,24.0
6d3c3bcdfc4034e3424078243e7668a1,314.6,286.0,424.6,0.48329934444444456,20.0
6d3c3bcdfc4034e3424078243e7668a1,257.4,286.0,424.6,0.4777606088888888,24.0
6d3c3bcdfc4034e3424078243e7668a1,286.0,257.4,424.6,0.4777606088888888,24.0
6d3c3bcdfc4034e3424078243e7668a1,314.6,257.4,424.6,0.43660217805555557,20.0
6d3c3bcdfc4034e3424078243e7668a1,286.0,314.6,424.6,0.43496941000000006,18.0
6d3c3bcdfc4034e3424078243e7668a1,257.4,257.4,424.6,0.4315986041111111,24.0
6d3c3bcdfc4034e3424078243e7668a1,314.6,314.6,424.6,0.3974973831250001,15.0
6d3c3bcdfc4034e3424078243e7668a1,257.4,314.6,424.6,0.39294196025,18.0
6d5c1314ab281dbdd56dc5dde84579b9,245.0,266.4,355.5,0.8348527638888888,56.0
6d5c1314ab281dbdd56dc5dde84579b9,269.5,266.4,355.5,0.7843406638888888,48.0
6d5c1314ab281dbdd56dc5dde84579b9,245.0,325.6,355.5,0.7602476145833333,42.0
6d5c1314ab281dbdd56dc5dde84579b9,220.5,266.4,355.5,0.7546414199074074,56.0
6d5c1314ab281dbdd56dc5dde84579b9,269.5,325.6,355.5,0.7142494395833334,36.0
6d5c1314ab281dbdd56dc5dde84579b9,245.0,296.0,355.5,0.69319359375,42.0
6d5c1314ab281dbdd56dc5dde84579b9,220.5,325.6,355.5,0.6872042163194445,42.0
6d5c1314ab281dbdd56dc5dde84579b9,269.5,296.0,355.5,0.65125246875,36.0
6d5c1314ab281dbdd56dc5dde84579b9,220.5,296.0,355.5,0.626592640625,42.0
6d5c1314ab281dbdd56dc5dde84579b9,245.0,266.4,434.5,0.5076498680555556,28.0
6d5c1314ab281dbdd56dc5dde84579b9,269.5,266.4,434.5,0.4769349180555555,24.0
6d5c1314ab281dbdd56dc5dde84579b9,245.0,266.4,395.0,0.462538125,28.0
6d5c1314ab281dbdd56dc5dde84579b9,245.0,325.6,434.5,0.4622846302083333,21.0
6d5c1314ab281dbdd56dc5dde84579b9,220.5,266.4,434.5,0.45887566504629623,28.0
6d5c1314ab281dbdd56dc5dde84579b9,269.5,266.4,395.0,0.4345526249999999,24.0
6d5c1314ab281dbdd56dc5dde84579b9,269.5,325.6,434.5,0.4343144677083334,18.0
6d5c1314ab281dbdd56dc5dde84579b9,245.0,296.0,434.5,0.421511015625,21.0
6d5c1314ab281dbdd56dc5dde84579b9,245.0,325.6,395.0,0.42120421875,21.0
6d5c1314ab281dbdd56dc5dde84579b9,220.5,266.4,395.0,0.4180981875,28.0
6d5c1314ab281dbdd56dc5dde84579b9,220.5,325.6,434.5,0.4178690480902778,21.0
6d5c1314ab281dbdd56dc5dde84579b9,269.5,296.0,434.5,0.396007828125,18.0
6d5c1314ab281dbdd56dc5dde84579b9,269.5,325.6,395.0,0.39571959375000004,18.0
6d5c1314ab281dbdd56dc5dde84579b9,245.0,296.0,395.0,0.38405390625,21.0
6d5c1314ab281dbdd56dc5dde84579b9,220.5,296.0,434.5,0.3810128984375,21.0
6d5c1314ab281dbdd56dc5dde84579b9,220.5,325.6,395.0,0.380735578125,21.0
6d5c1314ab281dbdd56dc5dde84579b9,269.5,296.0,395.0,0.36081703125,18.0
6d5c1314ab281dbdd56dc5dde84579b9,220.5,296.0,395.0,0.347154609375,21.0
6e24cdcd39a5b66463bacc58cc283eb7,204.3,288.0,388.0,0.9413643407407407,64.0
6e24cdcd39a5b66463bacc58cc283eb7,227.0,288.0,388.0,0.9109446111111111,56.0
6e24cdcd39a5b66463bacc58cc283eb7,249.7,288.0,388.0,0.8555960777777777,48.0
6e24cdcd39a5b66463bacc58cc283eb7,204.3,259.2,388.0,0.8503868474074073,64.0
6e24cdcd39a5b66463bacc58cc283eb7,204.3,288.0,349.2,0.8495931437037036,64.0
6e24cdcd39a5b66463bacc58cc283eb7,227.0,259.2,388.0,0.8229070111111111,56.0
6e24cdcd39a5b66463bacc58cc283eb7,227.0,288.0,349.2,0.8221389555555556,56.0
6e24cdcd39a5b66463bacc58cc283eb7,204.3,316.8,388.0,0.7742563755555556,48.0
6e24cdcd39a5b66463bacc58cc283eb7,249.7,259.2,388.0,0.7729075977777776,48.0
6e24cdcd39a5b66463bacc58cc283eb7,249.7,288.0,349.2,0.7721862088888888,48.0
6e24cdcd39a5b66463bacc58cc283eb7,204.3,259.2,349.2,0.767484813037037,64.0
6e24cdcd39a5b66463bacc58cc283eb7,227.0,316.8,388.0,0.7492366583333334,42.0
6e24cdcd39a5b66463bacc58cc283eb7,227.0,259.2,349.2,0.7426839155555554,56.0
6e24cdcd39a5b66463bacc58cc283eb7,249.7,316.8,388.0,0.7037134183333335,36.0
6e24cdcd39a5b66463bacc58cc283eb7,204.3,316.8,349.2,0.6987761057777778,48.0
6e24cdcd39a5b66463bacc58cc283eb7,249.7,259.2,349.2,0.6975588168888888,48.0
6e24cdcd39a5b66463bacc58cc283eb7,227.0,316.8,349.2,0.6761954966666667,42.0
6e24cdcd39a5b66463bacc58cc283eb7,249.7,316.8,349.2,0.6351102006666667,36.0
6e24cdcd39a5b66463bacc58cc283eb7,204.3,288.0,426.8,0.5165677688888889,32.0
6e24cdcd39a5b66463bacc58cc283eb7,227.0,288.0,426.8,0.49987513333333333,28.0
6e24cdcd39a5b66463bacc58cc283eb7,249.7,288.0,426.8,0.4695029733333333,24.0
6e24cdcd39a5b66463bacc58cc283eb7,204.3,259.2,426.8,0.46664444088888885,32.0
6e24cdcd39a5b66463bacc58cc283eb7,227.0,259.2,426.8,0.4515650533333333,28.0
6e24cdcd39a5b66463bacc58cc283eb7,204.3,316.8,426.8,0.4248683226666667,24.0
6e24cdcd39a5b66463bacc58cc283eb7,249.7,259.2,426.8,0.42412818933333324,24.0
6e24cdcd39a5b66463bacc58cc283eb7,227.0,316.8,426.8,0.41113891,21.0
6e24cdcd39a5b66463bacc58cc283eb7,249.7,316.8,426.8,0.38615831800000006,18.0
6f0bc5eabea0d399e9342acf41bcb33b,213.4,266.4,355.5,0.835881714074074,64.0
6f0bc5eabea0d399e9342acf41bcb33b,174.6,266.4,355.5,0.7770444716666665,72.0
6f0bc5eabea0d399e9342acf41bcb33b,194.0,266.4,355.5,0.7632939555555556,64.0
6f0bc5eabea0d399e9342acf41bcb33b,213.4,325.6,355.5,0.7611846144444446,48.0
6f0bc5eabea0d399e9342acf41bcb33b,174.6,325.6,355.5,0.70760525875,54.0
6f0bc5eabea0d399e9342acf41bcb33b,194.0,325.6,355.5,0.6950835333333334,48.0
6f0bc5eabea0d399e9342acf41bcb33b,213.4,296.0,355.5,0.6940479500000001,48.0
6f0bc5eabea0d399e9342acf41bcb33b,174.6,296.0,355.5,0.6451943062500001,54.0
6f0bc5eabea0d399e9342acf41bcb33b,194.0,296.0,355.5,0.633777,48.0
6f0bc5eabea0d399e9342acf41bcb33b,213.4,266.4,434.5,0.5082755429629628,32.0
6f0bc5eabea0d399e9342acf41bcb33b,174.6,266.4,434.5,0.4724983141666666,36.0
6f0bc5eabea0d399e9342acf41bcb33b,194.0,266.4,434.5,0.4641370222222222,32.0
6f0bc5eabea0d399e9342acf41bcb33b,213.4,266.4,395.0,0.46310819999999997,32.0
6f0bc5eabea0d399e9342acf41bcb33b,213.4,325.6,434.5,0.46285439277777785,24.0
6f0bc5eabea0d399e9342acf41bcb33b,174.6,266.4,395.0,0.43051027499999994,36.0
6f0bc5eabea0d399e9342acf41bcb33b,174.6,325.6,434.5,0.430274333125,27.0
6f0bc5eabea0d399e9342acf41bcb33b,194.0,266.4,395.0,0.422892,32.0
6f0bc5eabea0d399e9342acf41bcb33b,194.0,325.6,434.5,0.42266023333333336,24.0
6f0bc5eabea0d399e9342acf41bcb33b,213.4,296.0,434.5,0.42203052500000005,24.0
6f0bc5eabea0d399e9342acf41bcb33b,213.4,325.6,395.0,0.42172335000000005,24.0
6f0bc5eabea0d399e9342acf41bcb33b,174.6,296.0,434.5,0.39232403437499996,27.0
6f0bc5eabea0d399e9342acf41bcb33b,174.6,325.6,395.0,0.39203848125,27.0
6f0bc5eabea0d399e9342acf41bcb33b,194.0,296.0,434.5,0.3853815,24.0
6f0bc5eabea0d399e9342acf41bcb33b,194.0,325.6,395.0,0.3851010000000001,24.0
6f0bc5eabea0d399e9342acf41bcb33b,213.4,296.0,395.0,0.38452725000000004,24.0
6f0bc5eabea0d399e9342acf41bcb33b,174.6,296.0,395.0,0.35746059375,27.0
6f0bc5eabea0d399e9342acf41bcb33b,194.0,296.0,395.0,0.351135,24.0
72188210fb21e6ddf6d4aba9a9301c48,239.0,288.0,388.0,0.9570683888888889,56.0
72188210fb21e6ddf6d4aba9a9301c48,262.9,288.0,388.0,0.899084211111111,48.0
72188210fb21e6ddf6d4aba9a9301c48,215.1,288.0,388.0,0.8652051981481482,56.0
72188210fb21e6ddf6d4aba9a9301c48,239.0,259.2,388.0,0.8645731888888889,56.0
72188210fb21e6ddf6d4aba9a9301c48,239.0,288.0,349.2,0.8637662444444444,56.0
72188210fb21e6ddf6d4aba9a9301c48,262.9,259.2,388.0,0.812192851111111,48.0
72188210fb21e6ddf6d4aba9a9301c48,262.9,288.0,349.2,0.8114347955555554,48.0
72188210fb21e6ddf6d4aba9a9301c48,239.0,316.8,388.0,0.7871726916666666,42.0
72188210fb21e6ddf6d4aba9a9301c48,215.1,259.2,388.0,0.7815880514814815,56.0
72188210fb21e6ddf6d4aba9a9301c48,215.1,288.0,349.2,0.7808585607407408,56.0
72188210fb21e6ddf6d4aba9a9301c48,239.0,259.2,349.2,0.7802881644444444,56.0
72188210fb21e6ddf6d4aba9a9301c48,262.9,316.8,388.0,0.7394816783333333,36.0
72188210fb21e6ddf6d4aba9a9301c48,262.9,259.2,349.2,0.7330142515555556,48.0
72188210fb21e6ddf6d4aba9a9301c48,215.1,316.8,388.0,0.7116167586111112,42.0
72188210fb21e6ddf6d4aba9a9301c48,239.0,316.8,349.2,0.7104332433333334,42.0
72188210fb21e6ddf6d4aba9a9301c48,215.1,259.2,349.2,0.7053930354074073,56.0
72188210fb21e6ddf6d4aba9a9301c48,262.9,316.8,349.2,0.6673915046666666,36.0
72188210fb21e6ddf6d4aba9a9301c48,215.1,316.8,349.2,0.6422430645555556,42.0
72188210fb21e6ddf6d4aba9a9301c48,239.0,288.0,426.8,0.5251852666666668,28.0
72188210fb21e6ddf6d4aba9a9301c48,262.9,288.0,426.8,0.4933668133333334,24.0
72188210fb21e6ddf6d4aba9a9301c48,215.1,288.0,426.8,0.47477591777777783,28.0
72188210fb21e6ddf6d4aba9a9301c48,239.0,259.2,426.8,0.4744291066666667,28.0
72188210fb21e6ddf6d4aba9a9301c48,262.9,259.2,426.8,0.4456857253333333,24.0
72188210fb21e6ddf6d4aba9a9301c48,239.0,316.8,426.8,0.43195606999999997,21.0
72188210fb21e6ddf6d4aba9a9301c48,215.1,259.2,426.8,0.4288915337777778,28.0
72188210fb21e6ddf6d4aba9a9301c48,262.9,316.8,426.8,0.405785926,18.0
72188210fb21e6ddf6d4aba9a9301c48,215.1,316.8,426.8,0.3904952263333334,21.0
74199034c698427710e01bb0d15604d8,155.7,229.5,353.7,0.835271357349537,100.0
74199034c698427710e01bb0d15604d8,173.0,229.5,353.7,0.8302304921875,90.0
74199034c698427710e01bb0d15604d8,155.7,280.5,353.7,0.8105096594907407,80.0
74199034c698427710e01bb0d15604d8,190.3,229.5,353.7,0.8077482335648148,80.0
74199034c698427710e01bb0d15604d8,173.0,280.5,353.7,0.8056182312500001,72.0
74199034c698427710e01bb0d15604d8,190.3,280.5,353.7,0.7838024612962963,64.0
74199034c698427710e01bb0d15604d8,155.7,255.0,353.7,0.7393633726851851,80.0
74199034c698427710e01bb0d15604d8,173.0,255.0,353.7,0.7349013125,72.0
74199034c698427710e01bb0d15604d8,190.3,255.0,353.7,0.715000524074074,64.0
74199034c698427710e01bb0d15604d8,155.7,229.5,432.3,0.507891835792824,50.0
74199034c698427710e01bb0d15604d8,173.0,229.5,432.3,0.50482670703125,45.0
74199034c698427710e01bb0d15604d8,155.7,280.5,432.3,0.49283533460648143,40.0
74199034c698427710e01bb0d15604d8,190.3,229.5,432.3,0.49115623275462966,40.0
74199034c698427710e01bb0d15604d8,173.0,280.5,432.3,0.48986107187499994,36.0
74199034c698427710e01bb0d15604d8,190.3,280.5,432.3,0.4765958600925926,32.0
74199034c698427710e01bb0d15604d8,155.7,229.5,393.0,0.4627637572337962,50.0
74199034c698427710e01bb0d15604d8,173.0,229.5,393.0,0.4599709765625,45.0
74199034c698427710e01bb0d15604d8,155.7,255.0,432.3,0.44957440162037043,40.0
74199034c698427710e01bb0d15604d8,155.7,280.5,393.0,0.4490450821759259,40.0
74199034c698427710e01bb0d15604d8,190.3,229.5,393.0,0.44751517476851854,40.0
74199034c698427710e01bb0d15604d8,173.0,255.0,432.3,0.44686121875,36.0
74199034c698427710e01bb0d15604d8,173.0,280.5,393.0,0.44633509375,36.0
74199034c698427710e01bb0d15604d8,190.3,255.0,432.3,0.43476042314814817,32.0
74199034c698427710e01bb0d15604d8,190.3,280.5,393.0,0.43424854537037033,32.0
74199034c698427710e01bb0d15604d8,155.7,255.0,393.0,0.4096280439814815,40.0
74199034c698427710e01bb0d15604d8,173.0,255.0,393.0,0.4071559375,36.0
74199034c698427710e01bb0d15604d8,190.3,255.0,393.0,0.3961303425925926,32.0
746ba2b15e87d0070b74ecc07f6ca350,206.1,288.0,388.0,0.949271274074074,64.0
746ba2b15e87d0070b74ecc07f6ca350,229.0,288.0,388.0,0.9186319074074074,56.0
746ba2b15e87d0070b74ecc07f6ca350,251.9,288.0,388.0,0.8628441,48.0
746ba2b15e87d0070b74ecc07f6ca350,206.1,259.2,388.0,0.8575296207407407,64.0
746ba2b15e87d0070b74ecc07f6ca350,206.1,288.0,349.2,0.8567292503703703,64.0
746ba2b15e87d0070b74ecc07f6ca350,229.0,259.2,388.0,0.8298513740740739,56.0
746ba2b15e87d0070b74ecc07f6ca350,229.0,288.0,349.2,0.8290768370370369,56.0
746ba2b15e87d0070b74ecc07f6ca350,206.1,316.8,388.0,0.7807596955555556,48.0
746ba2b15e87d0070b74ecc07f6ca350,251.9,259.2,388.0,0.77945514,48.0
746ba2b15e87d0070b74ecc07f6ca350,251.9,288.0,349.2,0.77872764,48.0
746ba2b15e87d0070b74ecc07f6ca350,206.1,259.2,349.2,0.7739312557037037,64.0
746ba2b15e87d0070b74ecc07f6ca350,229.0,316.8,388.0,0.7555593305555555,42.0
746ba2b15e87d0070b74ecc07f6ca350,229.0,259.2,349.2,0.7489512903703702,56.0
746ba2b15e87d0070b74ecc07f6ca350,251.9,316.8,388.0,0.7096747949999999,36.0
746ba2b15e87d0070b74ecc07f6ca350,206.1,316.8,349.2,0.7046454337777777,48.0
746ba2b15e87d0070b74ecc07f6ca350,251.9,259.2,349.2,0.703468056,48.0
746ba2b15e87d0070b74ecc07f6ca350,229.0,316.8,349.2,0.6819017877777778,42.0
746ba2b15e87d0070b74ecc07f6ca350,251.9,316.8,349.2,0.640490418,36.0
746ba2b15e87d0070b74ecc07f6ca350,206.1,288.0,426.8,0.5209066488888888,32.0
746ba2b15e87d0070b74ecc07f6ca350,229.0,288.0,426.8,0.5040934888888889,28.0
746ba2b15e87d0070b74ecc07f6ca350,251.9,288.0,426.8,0.47348028,24.0
746ba2b15e87d0070b74ecc07f6ca350,206.1,259.2,426.8,0.4705639928888889,32.0
746ba2b15e87d0070b74ecc07f6ca350,229.0,259.2,426.8,0.4553757288888889,28.0
746ba2b15e87d0070b74ecc07f6ca350,206.1,316.8,426.8,0.42843697866666663,24.0
746ba2b15e87d0070b74ecc07f6ca350,251.9,259.2,426.8,0.427721112,24.0
746ba2b15e87d0070b74ecc07f6ca350,229.0,316.8,426.8,0.41460843666666664,21.0
746ba2b15e87d0070b74ecc07f6ca350,251.9,316.8,426.8,0.38942958599999994,18.0
76707310f2a6b601d4f7815c21f6e7bd,282.7,267.3,353.7,0.8199991313055557,48.0
76707310f2a6b601d4f7815c21f6e7bd,231.3,267.3,353.7,0.7886690198657408,56.0
76707310f2a6b601d4f7815c21f6e7bd,257.0,267.3,353.7,0.7480005741666668,48.0
76707310f2a6b601d4f7815c21f6e7bd,282.7,326.7,353.7,0.7467373986041668,36.0
76707310f2a6b601d4f7815c21f6e7bd,231.3,326.7,353.7,0.7182064343368056,42.0
76707310f2a6b601d4f7815c21f6e7bd,257.0,326.7,353.7,0.6811714568749999,36.0
76707310f2a6b601d4f7815c21f6e7bd,282.7,297.0,353.7,0.6808683735416665,36.0
76707310f2a6b601d4f7815c21f6e7bd,231.3,297.0,353.7,0.6548540996180556,42.0
76707310f2a6b601d4f7815c21f6e7bd,257.0,297.0,353.7,0.62108594375,36.0
76707310f2a6b601d4f7815c21f6e7bd,282.7,267.3,432.3,0.4986054657361112,24.0
76707310f2a6b601d4f7815c21f6e7bd,231.3,267.3,432.3,0.47955500066898155,28.0
76707310f2a6b601d4f7815c21f6e7bd,257.0,267.3,432.3,0.45482630458333334,24.0
76707310f2a6b601d4f7815c21f6e7bd,282.7,267.3,393.0,0.4543025156944445,24.0
76707310f2a6b601d4f7815c21f6e7bd,282.7,326.7,432.3,0.4540582229895833,18.0
76707310f2a6b601d4f7815c21f6e7bd,231.3,267.3,393.0,0.43694475530092597,28.0
76707310f2a6b601d4f7815c21f6e7bd,231.3,326.7,432.3,0.43670979640798624,21.0
76707310f2a6b601d4f7815c21f6e7bd,257.0,267.3,393.0,0.41441329583333336,24.0
76707310f2a6b601d4f7815c21f6e7bd,257.0,326.7,432.3,0.4141904528125,18.0
76707310f2a6b601d4f7815c21f6e7bd,282.7,297.0,432.3,0.41400616114583333,18.0
76707310f2a6b601d4f7815c21f6e7bd,282.7,326.7,393.0,0.4137134611458333,18.0
76707310f2a6b601d4f7815c21f6e7bd,231.3,297.0,432.3,0.39818802345486115,21.0
76707310f2a6b601d4f7815c21f6e7bd,231.3,326.7,393.0,0.39790650678819445,21.0
76707310f2a6b601d4f7815c21f6e7bd,257.0,297.0,432.3,0.377655090625,18.0
76707310f2a6b601d4f7815c21f6e7bd,257.0,326.7,393.0,0.37738809062499995,18.0
76707310f2a6b601d4f7815c21f6e7bd,282.7,297.0,393.0,0.3772201739583333,18.0
76707310f2a6b601d4f7815c21f6e7bd,231.3,297.0,393.0,0.3628075366319445,21.0
76707310f2a6b601d4f7815c21f6e7bd,257.0,297.0,393.0,0.34409903125,18.0
78476d2a5588a720c7742ab9b866c42e,286.0,229.5,353.7,0.8952576527777778,60.0
78476d2a5588a720c7742ab9b866c42e,286.0,280.5,353.7,0.8687176555555556,48.0
78476d2a5588a720c7742ab9b866c42e,314.6,229.5,353.7,0.8181324157986113,50.0
78476d2a5588a720c7742ab9b866c42e,257.4,229.5,353.7,0.8087564065972221,60.0
78476d2a5588a720c7742ab9b866c42e,314.6,280.5,353.7,0.7938788034722223,40.0
78476d2a5588a720c7742ab9b866c42e,286.0,255.0,353.7,0.7924618888888889,48.0
78476d2a5588a720c7742ab9b866c42e,257.4,280.5,353.7,0.7847807469444443,48.0
78476d2a5588a720c7742ab9b866c42e,314.6,255.0,353.7,0.7241923680555555,40.0
78476d2a5588a720c7742ab9b866c42e,257.4,255.0,353.7,0.715892936111111,48.0
78476d2a5588a720c7742ab9b866c42e,286.0,229.5,432.3,0.5443668680555556,30.0
78476d2a5588a720c7742ab9b866c42e,286.0,280.5,432.3,0.528229061111111,24.0
78476d2a5588a720c7742ab9b866c42e,314.6,229.5,432.3,0.4974703980034723,25.0
78476d2a5588a720c7742ab9b866c42e,286.0,229.5,393.0,0.49599784722222223,30.0
78476d2a5588a720c7742ab9b866c42e,257.4,229.5,432.3,0.4917692585069444,30.0
78476d2a5588a720c7742ab9b866c42e,314.6,280.5,432.3,0.4827228413194445,20.0
78476d2a5588a720c7742ab9b866c42e,286.0,255.0,432.3,0.48186127777777776,24.0
78476d2a5588a720c7742ab9b866c42e,286.0,280.5,393.0,0.48129394444444445,24.0
78476d2a5588a720c7742ab9b866c42e,257.4,280.5,432.3,0.4771907126388889,24.0
78476d2a5588a720c7742ab9b866c42e,314.6,229.5,393.0,0.453268302951389,25.0
78476d2a5588a720c7742ab9b866c42e,257.4,229.5,393.0,0.4480737309027778,30.0
78476d2a5588a720c7742ab9b866c42e,314.6,255.0,432.3,0.4403495798611111,20.0
78476d2a5588a720c7742ab9b866c42e,314.6,280.5,393.0,0.43983112152777776,20.0
78476d2a5588a720c7742ab9b866c42e,286.0,255.0,393.0,0.43904611111111114,24.0
78476d2a5588a720c7742ab9b866c42e,257.4,255.0,432.3,0.4353030597222223,24.0
78476d2a5588a720c7742ab9b866c42e,257.4,280.5,393.0,0.43479054305555553,24.0
78476d2a5588a720c7742ab9b866c42e,314.6,255.0,393.0,0.40122288194444444,20.0
78476d2a5588a720c7742ab9b866c42e,257.4,255.0,393.0,0.3966247638888889,24.0
79637c70988d89fe3abe191b59c1ed0c,240.9,288.0,388.0,0.9643713203703703,56.0
79637c70988d89fe3abe191b59c1ed0c,197.1,288.0,388.0,0.9097366074074074,64.0
79637c70988d89fe3abe191b59c1ed0c,219.0,288.0,388.0,0.8801954259259259,56.0
79637c70988d89fe3abe191b59c1ed0c,240.9,259.2,388.0,0.8711703337037038,56.0
79637c70988d89fe3abe191b59c1ed0c,240.9,288.0,349.2,0.8703572318518518,56.0
79637c70988d89fe3abe191b59c1ed0c,197.1,259.2,388.0,0.821815754074074,64.0
79637c70988d89fe3abe191b59c1ed0c,197.1,288.0,349.2,0.821048717037037,64.0
79637c70988d89fe3abe191b59c1ed0c,219.0,259.2,388.0,0.7951295592592592,56.0
79637c70988d89fe3abe191b59c1ed0c,219.0,288.0,349.2,0.7943874296296295,56.0
79637c70988d89fe3abe191b59c1ed0c,240.9,316.8,388.0,0.7931792302777779,42.0
79637c70988d89fe3abe191b59c1ed0c,240.9,259.2,349.2,0.7862421705185184,56.0
79637c70988d89fe3abe191b59c1ed0c,197.1,316.8,388.0,0.7482430955555557,48.0
79637c70988d89fe3abe191b59c1ed0c,197.1,259.2,349.2,0.7416990423703703,64.0
79637c70988d89fe3abe191b59c1ed0c,219.0,316.8,388.0,0.7239459694444443,42.0
79637c70988d89fe3abe191b59c1ed0c,219.0,259.2,349.2,0.7176144162962962,56.0
79637c70988d89fe3abe191b59c1ed0c,240.9,316.8,349.2,0.715854219888889,42.0
79637c70988d89fe3abe191b59c1ed0c,197.1,316.8,349.2,0.6752987937777777,48.0
79637c70988d89fe3abe191b59c1ed0c,219.0,316.8,349.2,0.6533703322222222,42.0
79637c70988d89fe3abe191b59c1ed0c,240.9,288.0,426.8,0.5291927044444444,28.0
79637c70988d89fe3abe191b59c1ed0c,197.1,288.0,426.8,0.4992122488888888,32.0
79637c70988d89fe3abe191b59c1ed0c,219.0,288.0,426.8,0.4830017111111112,28.0
79637c70988d89fe3abe191b59c1ed0c,240.9,259.2,426.8,0.47804924844444446,28.0
79637c70988d89fe3abe191b59c1ed0c,197.1,259.2,426.8,0.45096623288888893,32.0
79637c70988d89fe3abe191b59c1ed0c,219.0,259.2,426.8,0.43632235111111106,28.0
79637c70988d89fe3abe191b59c1ed0c,240.9,316.8,426.8,0.4352521203333334,21.0
79637c70988d89fe3abe191b59c1ed0c,197.1,316.8,426.8,0.4105936986666667,24.0
79637c70988d89fe3abe191b59c1ed0c,219.0,316.8,426.8,0.3972608033333333,21.0
7a36a62f118b7544b9313b676a30ea35,179.1,288.0,388.0,0.9345006833333334,72.0
7a36a62f118b7544b9313b676a30ea35,199.0,288.0,388.0,0.9180828148148148,64.0
7a36a62f118b7544b9313b676a30ea35,218.9,288.0,388.0,0.8798110611111111,56.0
7a36a62f118b7544b9313b676a30ea35,179.1,259.2,388.0,0.8441865233333333,72.0
7a36a62f118b7544b9313b676a30ea35,179.1,288.0,349.2,0.8433986066666667,72.0
7a36a62f118b7544b9313b676a30ea35,199.0,259.2,388.0,0.829355348148148,64.0
7a36a62f118b7544b9313b676a30ea35,199.0,288.0,349.2,0.828581274074074,64.0
7a36a62f118b7544b9313b676a30ea35,218.9,259.2,388.0,0.794782341111111,56.0
7a36a62f118b7544b9313b676a30ea35,218.9,288.0,349.2,0.7940405355555554,56.0
7a36a62f118b7544b9313b676a30ea35,179.1,316.8,388.0,0.7686111324999999,54.0
7a36a62f118b7544b9313b676a30ea35,179.1,259.2,349.2,0.7618889426666666,72.0
7a36a62f118b7544b9313b676a30ea35,199.0,316.8,388.0,0.7551077111111111,48.0
7a36a62f118b7544b9313b676a30ea35,199.0,259.2,349.2,0.7485036207407406,64.0
7a36a62f118b7544b9313b676a30ea35,218.9,316.8,388.0,0.7236298358333333,42.0
7a36a62f118b7544b9313b676a30ea35,218.9,259.2,349.2,0.7173010475555555,56.0
7a36a62f118b7544b9313b676a30ea35,179.1,316.8,349.2,0.6936812029999999,54.0
7a36a62f118b7544b9313b676a30ea35,199.0,316.8,349.2,0.6814941955555556,48.0
7a36a62f118b7544b9313b676a30ea35,218.9,316.8,349.2,0.6530850176666666,42.0
7a36a62f118b7544b9313b676a30ea35,179.1,288.0,426.8,0.51280138,36.0
7a36a62f118b7544b9313b676a30ea35,199.0,288.0,426.8,0.5037921777777778,32.0
7a36a62f118b7544b9313b676a30ea35,218.9,288.0,426.8,0.48279079333333336,28.0
7a36a62f118b7544b9313b676a30ea35,179.1,259.2,426.8,0.46324205199999996,36.0
7a36a62f118b7544b9313b676a30ea35,199.0,259.2,426.8,0.45510353777777773,32.0
7a36a62f118b7544b9313b676a30ea35,218.9,259.2,426.8,0.43613181733333334,28.0
7a36a62f118b7544b9313b676a30ea35,179.1,316.8,426.8,0.42177053100000006,27.0
7a36a62f118b7544b9313b676a30ea35,199.0,316.8,426.8,0.41436061333333335,24.0
7a36a62f118b7544b9313b676a30ea35,218.9,316.8,426.8,0.39708732700000005,21.0
8044f4664ac51a293ecacbd7a3d0fb38,189.0,282.0,380.0,0.944255,72.0
8044f4664ac51a293ecacbd7a3d0fb38,210.0,282.0,380.0,0.9279111111111111,64.0
8044f4664ac51a293ecacbd7a3d0fb38,231.0,282.0,380.0,0.8894238888888889,56.0
8044f4664ac51a293ecacbd7a3d0fb38,189.0,253.8,380.0,0.85306325,72.0
8044f4664ac51a293ecacbd7a3d0fb38,189.0,282.0,342.0,0.8522506666666667,72.0
8044f4664ac51a293ecacbd7a3d0fb38,210.0,253.8,380.0,0.8382977777777778,64.0
8044f4664ac51a293ecacbd7a3d0fb38,210.0,282.0,342.0,0.8374992592592593,64.0
8044f4664ac51a293ecacbd7a3d0fb38,231.0,253.8,380.0,0.8035274722222222,56.0
8044f4664ac51a293ecacbd7a3d0fb38,231.0,282.0,342.0,0.8027620740740741,56.0
8044f4664ac51a293ecacbd7a3d0fb38,189.0,310.2,380.0,0.7765850625,54.0
8044f4664ac51a293ecacbd7a3d0fb38,189.0,253.8,342.0,0.7699442666666668,72.0
8044f4664ac51a293ecacbd7a3d0fb38,210.0,310.2,380.0,0.7631433333333333,48.0
8044f4664ac51a293ecacbd7a3d0fb38,210.0,253.8,342.0,0.7566174814814814,64.0
8044f4664ac51a293ecacbd7a3d0fb38,231.0,310.2,380.0,0.7314902291666666,42.0
8044f4664ac51a293ecacbd7a3d0fb38,231.0,253.8,342.0,0.7252350518518519,56.0
8044f4664ac51a293ecacbd7a3d0fb38,189.0,310.2,342.0,0.7009177999999999,54.0
8044f4664ac51a293ecacbd7a3d0fb38,210.0,310.2,342.0,0.6887857777777778,48.0
8044f4664ac51a293ecacbd7a3d0fb38,231.0,310.2,342.0,0.6602168222222222,42.0
8044f4664ac51a293ecacbd7a3d0fb38,189.0,282.0,418.0,0.5181296666666667,36.0
8044f4664ac51a293ecacbd7a3d0fb38,210.0,282.0,418.0,0.5091614814814814,32.0
8044f4664ac51a293ecacbd7a3d0fb38,231.0,282.0,418.0,0.48804285185185187,28.0
8044f4664ac51a293ecacbd7a3d0fb38,189.0,253.8,418.0,0.4680911166666667,36.0
8044f4664ac51a293ecacbd7a3d0fb38,210.0,253.8,418.0,0.45998903703703703,32.0
8044f4664ac51a293ecacbd7a3d0fb38,231.0,253.8,418.0,0.4409099462962963,28.0
8044f4664ac51a293ecacbd7a3d0fb38,189.0,310.2,418.0,0.42612616249999996,27.0
8044f4664ac51a293ecacbd7a3d0fb38,210.0,310.2,418.0,0.4187504444444444,24.0
8044f4664ac51a293ecacbd7a3d0fb38,231.0,310.2,418.0,0.4013818180555555,21.0
83d3c7c10fbc6fe2e476fd8c600855e2,213.4,229.5,353.7,0.9009034217592592,80.0
83d3c7c10fbc6fe2e476fd8c600855e2,213.4,280.5,353.7,0.8741960551851853,64.0
83d3c7c10fbc6fe2e476fd8c600855e2,174.6,229.5,353.7,0.8374893380208333,90.0
83d3c7c10fbc6fe2e476fd8c600855e2,194.0,229.5,353.7,0.8226691944444443,80.0
83d3c7c10fbc6fe2e476fd8c600855e2,174.6,280.5,353.7,0.8126618879166666,72.0
83d3c7c10fbc6fe2e476fd8c600855e2,194.0,280.5,353.7,0.7982810888888888,64.0
83d3c7c10fbc6fe2e476fd8c600855e2,213.4,255.0,353.7,0.7974593962962963,64.0
83d3c7c10fbc6fe2e476fd8c600855e2,174.6,255.0,353.7,0.7413266791666667,72.0
83d3c7c10fbc6fe2e476fd8c600855e2,194.0,255.0,353.7,0.7282082222222223,64.0
83d3c7c10fbc6fe2e476fd8c600855e2,213.4,229.5,432.3,0.5477998122685185,40.0
83d3c7c10fbc6fe2e476fd8c600855e2,213.4,280.5,432.3,0.5315602353703703,32.0
83d3c7c10fbc6fe2e476fd8c600855e2,174.6,229.5,432.3,0.5092404924479167,45.0
83d3c7c10fbc6fe2e476fd8c600855e2,194.0,229.5,432.3,0.500229013888889,40.0
83d3c7c10fbc6fe2e476fd8c600855e2,213.4,229.5,393.0,0.4991257615740741,40.0
83d3c7c10fbc6fe2e476fd8c600855e2,174.6,280.5,432.3,0.4941440102083333,36.0
83d3c7c10fbc6fe2e476fd8c600855e2,194.0,280.5,432.3,0.4853996777777778,32.0
83d3c7c10fbc6fe2e476fd8c600855e2,213.4,255.0,432.3,0.4849000425925926,32.0
83d3c7c10fbc6fe2e476fd8c600855e2,213.4,280.5,393.0,0.4843291314814815,32.0
83d3c7c10fbc6fe2e476fd8c600855e2,174.6,229.5,393.0,0.4639925807291666,45.0
83d3c7c10fbc6fe2e476fd8c600855e2,194.0,229.5,393.0,0.45578180555555553,40.0
83d3c7c10fbc6fe2e476fd8c600855e2,174.6,255.0,432.3,0.4507682020833333,36.0
83d3c7c10fbc6fe2e476fd8c600855e2,174.6,280.5,393.0,0.45023747708333334,36.0
83d3c7c10fbc6fe2e476fd8c600855e2,194.0,255.0,432.3,0.44279144444444446,32.0
83d3c7c10fbc6fe2e476fd8c600855e2,194.0,280.5,393.0,0.4422701111111111,32.0
83d3c7c10fbc6fe2e476fd8c600855e2,213.4,255.0,393.0,0.44181487037037037,32.0
83d3c7c10fbc6fe2e476fd8c600855e2,174.6,255.0,393.0,0.4107157708333333,36.0
83d3c7c10fbc6fe2e476fd8c600855e2,194.0,255.0,393.0,0.4034477777777778,32.0
845990194eeb50cd131954a55fecd655,330.0,264.0,355.5,0.7881939814814815,40.0
845990194eeb50cd131954a55fecd655,330.0,237.6,355.5,0.7122512037037037,40.0
845990194eeb50cd131954a55fecd655,297.0,264.0,355.5,0.7116928009259259,40.0
845990194eeb50cd131954a55fecd655,363.0,264.0,355.5,0.6917561296296296,32.0
845990194eeb50cd131954a55fecd655,330.0,290.4,355.5,0.6481025694444443,30.0
845990194eeb50cd131954a55fecd655,297.0,237.6,355.5,0.6431209398148148,40.0
845990194eeb50cd131954a55fecd655,363.0,237.6,355.5,0.6251051740740741,32.0
845990194eeb50cd131954a55fecd655,297.0,290.4,355.5,0.5851984965277778,30.0
845990194eeb50cd131954a55fecd655,363.0,290.4,355.5,0.568805313888889,24.0
845990194eeb50cd131954a55fecd655,330.0,264.0,434.5,0.4792780092592593,20.0
845990194eeb50cd131954a55fecd655,330.0,264.0,395.0,0.4366875,20.0
845990194eeb50cd131954a55fecd655,330.0,237.6,434.5,0.43309939814814813,20.0
845990194eeb50cd131954a55fecd655,297.0,264.0,434.5,0.43275984953703706,20.0
845990194eeb50cd131954a55fecd655,363.0,264.0,434.5,0.4206369351851852,16.0
845990194eeb50cd131954a55fecd655,330.0,237.6,395.0,0.3946125,20.0
845990194eeb50cd131954a55fecd655,297.0,264.0,395.0,0.394303125,20.0
845990194eeb50cd131954a55fecd655,330.0,290.4,434.5,0.3940924652777777,15.0
845990194eeb50cd131954a55fecd655,297.0,237.6,434.5,0.3910632800925926,20.0
845990194eeb50cd131954a55fecd655,363.0,264.0,395.0,0.3832575,16.0
845990194eeb50cd131954a55fecd655,363.0,237.6,434.5,0.380108412962963,16.0
845990194eeb50cd131954a55fecd655,330.0,290.4,395.0,0.35907187499999993,15.0
845990194eeb50cd131954a55fecd655,297.0,237.6,395.0,0.356311875,20.0
845990194eeb50cd131954a55fecd655,297.0,290.4,434.5,0.35584231423611107,15.0
845990194eeb50cd131954a55fecd655,363.0,237.6,395.0,0.3463305,16.0
845990194eeb50cd131954a55fecd655,363.0,290.4,434.5,0.34587409305555555,12.0
845990194eeb50cd131954a55fecd655,297.0,290.4,395.0,0.3242207812499999,15.0
845990194eeb50cd131954a55fecd655,363.0,290.4,395.0,0.315138375,12.0
8850d576186653964c356b848cd2153a,213.4,286.0,386.0,0.9698538666666667,64.0
8850d576186653964c356b848cd2153a,174.6,286.0,386.0,0.9015863999999999,72.0
8850d576186653964c356b848cd2153a,194.0,286.0,386.0,0.885632,64.0
8850d576186653964c356b848cd2153a,213.4,257.4,386.0,0.8761450133333333,64.0
8850d576186653964c356b848cd2153a,213.4,286.0,347.4,0.875317605925926,64.0
8850d576186653964c356b848cd2153a,174.6,257.4,386.0,0.8144736599999999,72.0
8850d576186653964c356b848cd2153a,174.6,286.0,347.4,0.8137044933333334,72.0
8850d576186653964c356b848cd2153a,194.0,257.4,386.0,0.8000607999999999,64.0
8850d576186653964c356b848cd2153a,194.0,286.0,347.4,0.7993052444444444,64.0
8850d576186653964c356b848cd2153a,213.4,314.6,386.0,0.7976720400000002,48.0
8850d576186653964c356b848cd2153a,213.4,257.4,347.4,0.7907429994074073,64.0
8850d576186653964c356b848cd2153a,174.6,314.6,386.0,0.741524355,54.0
8850d576186653964c356b848cd2153a,174.6,257.4,347.4,0.7350830456666665,72.0
8850d576186653964c356b848cd2153a,194.0,314.6,386.0,0.7284024,48.0
8850d576186653964c356b848cd2153a,194.0,257.4,347.4,0.7220750755555555,64.0
8850d576186653964c356b848cd2153a,213.4,314.6,347.4,0.7199191593333335,48.0
8850d576186653964c356b848cd2153a,174.6,314.6,347.4,0.66924445575,54.0
8850d576186653964c356b848cd2153a,194.0,314.6,347.4,0.65740156,48.0
8850d576186653964c356b848cd2153a,213.4,286.0,424.6,0.5321950637037038,32.0
8850d576186653964c356b848cd2153a,174.6,286.0,424.6,0.49473415333333337,36.0
8850d576186653964c356b848cd2153a,194.0,286.0,424.6,0.48597937777777783,32.0
8850d576186653964c356b848cd2153a,213.4,257.4,424.6,0.48077351362962967,32.0
8850d576186653964c356b848cd2153a,174.6,257.4,424.6,0.44693213716666663,36.0
8850d576186653964c356b848cd2153a,194.0,257.4,424.6,0.4390232622222222,32.0
8850d576186653964c356b848cd2153a,213.4,314.6,424.6,0.43771246033333344,24.0
8850d576186653964c356b848cd2153a,174.6,314.6,424.6,0.406902127125,27.0
8850d576186653964c356b848cd2153a,194.0,314.6,424.6,0.3997016200000001,24.0
8b92b5a6728066959f3f11c35d1cd62f,239.8,226.8,380.0,0.9345295555555555,70.0
8b92b5a6728066959f3f11c35d1cd62f,239.8,277.2,380.0,0.9067462444444444,56.0
8b92b5a6728066959f3f11c35d1cd62f,196.2,226.8,380.0,0.8816195555555556,80.0
8b92b5a6728066959f3f11c35d1cd62f,196.2,277.2,380.0,0.8554092444444443,64.0
8b92b5a6728066959f3f11c35d1cd62f,218.0,226.8,380.0,0.8529733333333334,70.0
8b92b5a6728066959f3f11c35d1cd62f,239.8,226.8,342.0,0.8434728296296297,70.0
8b92b5a6728066959f3f11c35d1cd62f,218.0,277.2,380.0,0.8276146666666667,56.0
8b92b5a6728066959f3f11c35d1cd62f,239.8,252.0,380.0,0.8271849444444446,56.0
8b92b5a6728066959f3f11c35d1cd62f,239.8,277.2,342.0,0.8183966103703703,56.0
8b92b5a6728066959f3f11c35d1cd62f,196.2,226.8,342.0,0.7957181629629629,80.0
8b92b5a6728066959f3f11c35d1cd62f,196.2,252.0,380.0,0.7803524444444443,64.0
8b92b5a6728066959f3f11c35d1cd62f,196.2,277.2,342.0,0.772061677037037,64.0
8b92b5a6728066959f3f11c35d1cd62f,218.0,226.8,342.0,0.7698631111111112,70.0
8b92b5a6728066959f3f11c35d1cd62f,218.0,252.0,380.0,0.7549966666666666,56.0
8b92b5a6728066959f3f11c35d1cd62f,218.0,277.2,342.0,0.7469752888888889,56.0
8b92b5a6728066959f3f11c35d1cd62f,239.8,252.0,342.0,0.7465874370370372,56.0
8b92b5a6728066959f3f11c35d1cd62f,196.2,252.0,342.0,0.7043181037037036,64.0
8b92b5a6728066959f3f11c35d1cd62f,218.0,252.0,342.0,0.6814328888888889,56.0
8b92b5a6728066959f3f11c35d1cd62f,239.8,226.8,418.0,0.5127931407407408,35.0
8b92b5a6728066959f3f11c35d1cd62f,239.8,277.2,418.0,0.4975479392592592,28.0
8b92b5a6728066959f3f11c35d1cd62f,196.2,226.8,418.0,0.48376047407407397,40.0
8b92b5a6728066959f3f11c35d1cd62f,196.2,277.2,418.0,0.4693784059259259,32.0
8b92b5a6728066959f3f11c35d1cd62f,218.0,226.8,418.0,0.4680417777777778,35.0
8b92b5a6728066959f3f11c35d1cd62f,218.0,277.2,418.0,0.45412702222222223,28.0
8b92b5a6728066959f3f11c35d1cd62f,239.8,252.0,418.0,0.4538912259259259,28.0
8b92b5a6728066959f3f11c35d1cd62f,196.2,252.0,418.0,0.4281933925925926,32.0
8b92b5a6728066959f3f11c35d1cd62f,218.0,252.0,418.0,0.4142802222222222,28.0
8f26468860664ecfed551104179d7f3e,349.8,286.0,386.0,0.9762573333333334,40.0
8f26468860664ecfed551104179d7f3e,286.2,286.0,386.0,0.9644271999999999,48.0
8f26468860664ecfed551104179d7f3e,318.0,286.0,386.0,0.8899733333333333,40.0
8f26468860664ecfed551104179d7f3e,349.8,257.4,386.0,0.8819297666666664,40.0
8f26468860664ecfed551104179d7f3e,349.8,286.0,347.4,0.8810968962962964,40.0
8f26468860664ecfed551104179d7f3e,286.2,257.4,386.0,0.8712426799999999,48.0
8f26468860664ecfed551104179d7f3e,286.2,286.0,347.4,0.8704199022222222,48.0
8f26468860664ecfed551104179d7f3e,318.0,257.4,386.0,0.8039826666666665,40.0
8f26468860664ecfed551104179d7f3e,318.0,286.0,347.4,0.8032234074074073,40.0
8f26468860664ecfed551104179d7f3e,349.8,314.6,386.0,0.802938675,30.0
8f26468860664ecfed551104179d7f3e,349.8,257.4,347.4,0.7959638853703703,40.0
8f26468860664ecfed551104179d7f3e,286.2,314.6,386.0,0.7932087900000001,36.0
8f26468860664ecfed551104179d7f3e,286.2,257.4,347.4,0.7863185197777776,48.0
8f26468860664ecfed551104179d7f3e,318.0,314.6,386.0,0.7319730000000001,30.0
8f26468860664ecfed551104179d7f3e,318.0,257.4,347.4,0.7256146592592592,40.0
8f26468860664ecfed551104179d7f3e,349.8,314.6,347.4,0.7246724304166668,30.0
8f26468860664ecfed551104179d7f3e,286.2,314.6,347.4,0.7158909635,36.0
8f26468860664ecfed551104179d7f3e,318.0,314.6,347.4,0.6606241166666666,30.0
8f26468860664ecfed551104179d7f3e,349.8,286.0,424.6,0.5357088851851852,20.0
8f26468860664ecfed551104179d7f3e,286.2,286.0,424.6,0.5292172488888889,24.0
8f26468860664ecfed551104179d7f3e,318.0,286.0,424.6,0.4883616296296297,20.0
8f26468860664ecfed551104179d7f3e,349.8,257.4,424.6,0.48394782398148145,20.0
8f26468860664ecfed551104179d7f3e,286.2,257.4,424.6,0.47808342011111105,24.0
8f26468860664ecfed551104179d7f3e,318.0,257.4,424.6,0.44117533703703704,20.0
8f26468860664ecfed551104179d7f3e,349.8,314.6,424.6,0.44060245979166673,15.0
8f26468860664ecfed551104179d7f3e,286.2,314.6,424.6,0.4352633082500001,18.0
8f26468860664ecfed551104179d7f3e,318.0,314.6,424.6,0.4016609416666667,15.0
8f61ca662a88d3f0432d0d6a0cfbf2ee,161.1,223.2,383.0,0.9074597430555555,100.0
8f61ca662a88d3f0432d0d6a0cfbf2ee,179.0,223.2,383.0,0.9021560624999999,90.0
8f61ca662a88d3f0432d0d6a0cfbf2ee,161.1,272.8,383.0,0.8803760388888889,80.0
8f61ca662a88d3f0432d0d6a0cfbf2ee,196.9,223.2,383.0,0.8778652055555556,80.0
8f61ca662a88d3f0432d0d6a0cfbf2ee,179.0,272.8,383.0,0.87523065,72.0
8f61ca662a88d3f0432d0d6a0cfbf2ee,196.9,272.8,383.0,0.851664768888889,64.0
8f61ca662a88d3f0432d0d6a0cfbf2ee,161.1,223.2,344.7,0.8190228266203703,100.0
8f61ca662a88d3f0432d0d6a0cfbf2ee,179.0,223.2,344.7,0.81423601875,90.0
8f61ca662a88d3f0432d0d6a0cfbf2ee,161.1,248.0,383.0,0.8031719166666667,80.0
8f61ca662a88d3f0432d0d6a0cfbf2ee,179.0,248.0,383.0,0.79847775,72.0
8f61ca662a88d3f0432d0d6a0cfbf2ee,161.1,272.8,344.7,0.7945785775925925,80.0
8f61ca662a88d3f0432d0d6a0cfbf2ee,196.9,223.2,344.7,0.7923124387037037,80.0
8f61ca662a88d3f0432d0d6a0cfbf2ee,179.0,272.8,344.7,0.7899346350000002,72.0
8f61ca662a88d3f0432d0d6a0cfbf2ee,196.9,248.0,383.0,0.7769784666666667,64.0
8f61ca662a88d3f0432d0d6a0cfbf2ee,196.9,272.8,344.7,0.768665377925926,64.0
8f61ca662a88d3f0432d0d6a0cfbf2ee,161.1,248.0,344.7,0.7248984194444443,80.0
8f61ca662a88d3f0432d0d6a0cfbf2ee,179.0,248.0,344.7,0.7206617249999999,72.0
8f61ca662a88d3f0432d0d6a0cfbf2ee,196.9,248.0,344.7,0.7012576644444445,64.0
8f61ca662a88d3f0432d0d6a0cfbf2ee,161.1,223.2,421.3,0.4979483297453704,50.0
8f61ca662a88d3f0432d0d6a0cfbf2ee,179.0,223.2,421.3,0.495038053125,45.0
8f61ca662a88d3f0432d0d6a0cfbf2ee,161.1,272.8,421.3,0.48308675009259266,40.0
8f61ca662a88d3f0432d0d6a0cfbf2ee,196.9,223.2,421.3,0.48170898620370367,40.0
8f61ca662a88d3f0432d0d6a0cfbf2ee,179.0,272.8,421.3,0.48026333250000003,36.0
8f61ca662a88d3f0432d0d6a0cfbf2ee,196.9,272.8,421.3,0.467332079925926,32.0
8f61ca662a88d3f0432d0d6a0cfbf2ee,161.1,248.0,421.3,0.4407227069444444,40.0
8f61ca662a88d3f0432d0d6a0cfbf2ee,179.0,248.0,421.3,0.4381468875,36.0
8f61ca662a88d3f0432d0d6a0cfbf2ee,196.9,248.0,421.3,0.42634963444444446,32.0
8f6cdeebd6a09f639e27ef1cbb567311,169.4,223.2,383.0,0.9514802916666668,100.0
8f6cdeebd6a09f639e27ef1cbb567311,138.6,223.2,383.0,0.9457523166666666,120.0
8f6cdeebd6a09f639e27ef1cbb567311,169.4,272.8,383.0,0.9230827666666668,80.0
8f6cdeebd6a09f639e27ef1cbb567311,138.6,272.8,383.0,0.9175257466666669,96.0
8f6cdeebd6a09f639e27ef1cbb567311,154.0,223.2,383.0,0.8698036111111109,100.0
8f6cdeebd6a09f639e27ef1cbb567311,169.4,223.2,344.7,0.8587533319444444,100.0
8f6cdeebd6a09f639e27ef1cbb567311,138.6,223.2,344.7,0.8535835794444443,120.0
8f6cdeebd6a09f639e27ef1cbb567311,154.0,272.8,383.0,0.8438437777777777,80.0
8f6cdeebd6a09f639e27ef1cbb567311,169.4,248.0,383.0,0.8421335,80.0
8f6cdeebd6a09f639e27ef1cbb567311,138.6,248.0,383.0,0.8370637999999999,96.0
8f6cdeebd6a09f639e27ef1cbb567311,169.4,272.8,344.7,0.8331233011111112,80.0
8f6cdeebd6a09f639e27ef1cbb567311,138.6,272.8,344.7,0.8281078431111112,96.0
8f6cdeebd6a09f639e27ef1cbb567311,154.0,223.2,344.7,0.7850364907407406,100.0
8f6cdeebd6a09f639e27ef1cbb567311,154.0,248.0,383.0,0.7698433333333333,80.0
8f6cdeebd6a09f639e27ef1cbb567311,154.0,272.8,344.7,0.7616065851851852,80.0
8f6cdeebd6a09f639e27ef1cbb567311,169.4,248.0,344.7,0.7600629833333333,80.0
8f6cdeebd6a09f639e27ef1cbb567311,138.6,248.0,344.7,0.7554873533333332,96.0
8f6cdeebd6a09f639e27ef1cbb567311,154.0,248.0,344.7,0.6948178888888888,80.0
8f6cdeebd6a09f639e27ef1cbb567311,169.4,223.2,421.3,0.5221036256944445,50.0
8f6cdeebd6a09f639e27ef1cbb567311,138.6,223.2,421.3,0.5189605269444444,60.0
8f6cdeebd6a09f639e27ef1cbb567311,169.4,272.8,421.3,0.5065211161111112,40.0
8f6cdeebd6a09f639e27ef1cbb567311,138.6,272.8,421.3,0.5034718251111111,48.0
8f6cdeebd6a09f639e27ef1cbb567311,154.0,223.2,421.3,0.47728536574074065,50.0
8f6cdeebd6a09f639e27ef1cbb567311,154.0,272.8,421.3,0.46304048518518526,40.0
8f6cdeebd6a09f639e27ef1cbb567311,169.4,248.0,421.3,0.46210200833333337,40.0
8f6cdeebd6a09f639e27ef1cbb567311,138.6,248.0,421.3,0.45932012333333333,48.0
8f6cdeebd6a09f639e27ef1cbb567311,154.0,248.0,421.3,0.4224343888888889,40.0
8ff369b05ce8c21076793bc345e6ec1e,241.2,223.2,383.0,0.9325991888888888,70.0
8ff369b05ce8c21076793bc345e6ec1e,241.2,272.8,383.0,0.9047651822222222,56.0
8ff369b05ce8c21076793bc345e6ec1e,268.0,223.2,383.0,0.8846539166666667,60.0
8ff369b05ce8c21076793bc345e6ec1e,268.0,272.8,383.0,0.8582508666666667,48.0
8ff369b05ce8c21076793bc345e6ec1e,241.2,223.2,344.7,0.8417122959259259,70.0
8ff369b05ce8c21076793bc345e6ec1e,241.2,248.0,383.0,0.8254222666666666,56.0
8ff369b05ce8c21076793bc345e6ec1e,241.2,272.8,344.7,0.8165908654814815,56.0
8ff369b05ce8c21076793bc345e6ec1e,294.8,223.2,383.0,0.8082809166666667,50.0
8ff369b05ce8c21076793bc345e6ec1e,268.0,223.2,344.7,0.7984395527777777,60.0
8ff369b05ce8c21076793bc345e6ec1e,294.8,272.8,383.0,0.7841572666666667,40.0
8ff369b05ce8c21076793bc345e6ec1e,268.0,248.0,383.0,0.782987,48.0
8ff369b05ce8c21076793bc345e6ec1e,268.0,272.8,344.7,0.7746096244444445,48.0
8ff369b05ce8c21076793bc345e6ec1e,241.2,248.0,344.7,0.7449803511111109,56.0
8ff369b05ce8c21076793bc345e6ec1e,294.8,223.2,344.7,0.7295095194444444,50.0
8ff369b05ce8c21076793bc345e6ec1e,294.8,248.0,383.0,0.715391,40.0
8ff369b05ce8c21076793bc345e6ec1e,294.8,272.8,344.7,0.7077368511111112,40.0
8ff369b05ce8c21076793bc345e6ec1e,268.0,248.0,344.7,0.7066806333333334,48.0
8ff369b05ce8c21076793bc345e6ec1e,294.8,248.0,344.7,0.6456722333333333,40.0
8ff369b05ce8c21076793bc345e6ec1e,241.2,223.2,421.3,0.5117430409259258,35.0
8ff369b05ce8c21076793bc345e6ec1e,241.2,272.8,421.3,0.49646974948148154,28.0
8ff369b05ce8c21076793bc345e6ec1e,268.0,223.2,421.3,0.48543414027777776,30.0
8ff369b05ce8c21076793bc345e6ec1e,268.0,272.8,421.3,0.4709460544444445,24.0
8ff369b05ce8c21076793bc345e6ec1e,241.2,248.0,421.3,0.45293209111111116,28.0
8ff369b05ce8c21076793bc345e6ec1e,294.8,223.2,421.3,0.44352615694444447,25.0
8ff369b05ce8c21076793bc345e6ec1e,294.8,272.8,421.3,0.43028884111111115,20.0
8ff369b05ce8c21076793bc345e6ec1e,268.0,248.0,421.3,0.4296466833333333,24.0
8ff369b05ce8c21076793bc345e6ec1e,294.8,248.0,421.3,0.3925548833333334,20.0
952d7cb277c22fee189451276b46d536,161.1,288.0,388.0,0.9394974259259259,80.0
952d7cb277c22fee189451276b46d536,179.0,288.0,388.0,0.9340065,72.0
952d7cb277c22fee189451276b46d536,196.9,288.0,388.0,0.9088580592592593,64.0
952d7cb277c22fee189451276b46d536,161.1,259.2,388.0,0.8487003592592591,80.0
952d7cb277c22fee189451276b46d536,161.1,288.0,349.2,0.8479082296296294,80.0
952d7cb277c22fee189451276b46d536,179.0,259.2,388.0,0.8437401,72.0
952d7cb277c22fee189451276b46d536,179.0,288.0,349.2,0.8429525999999999,72.0
952d7cb277c22fee189451276b46d536,196.9,259.2,388.0,0.8210221125925926,64.0
952d7cb277c22fee189451276b46d536,196.9,288.0,349.2,0.8202558162962963,64.0
952d7cb277c22fee189451276b46d536,161.1,316.8,388.0,0.7727208694444445,60.0
952d7cb277c22fee189451276b46d536,179.0,316.8,388.0,0.768204675,54.0
952d7cb277c22fee189451276b46d536,161.1,259.2,349.2,0.7659627362962963,80.0
952d7cb277c22fee189451276b46d536,179.0,259.2,349.2,0.76148604,72.0
952d7cb277c22fee189451276b46d536,196.9,316.8,388.0,0.7475205044444445,48.0
952d7cb277c22fee189451276b46d536,196.9,259.2,349.2,0.7409827709629629,64.0
952d7cb277c22fee189451276b46d536,161.1,316.8,349.2,0.6973902922222223,60.0
952d7cb277c22fee189451276b46d536,179.0,316.8,349.2,0.69331437,54.0
952d7cb277c22fee189451276b46d536,196.9,316.8,349.2,0.6746466462222221,48.0
952d7cb277c22fee189451276b46d536,161.1,288.0,426.8,0.5155433111111111,40.0
952d7cb277c22fee189451276b46d536,179.0,288.0,426.8,0.5125302,36.0
952d7cb277c22fee189451276b46d536,196.9,288.0,426.8,0.4987301511111112,32.0
952d7cb277c22fee189451276b46d536,161.1,259.2,426.8,0.46571899111111104,40.0
952d7cb277c22fee189451276b46d536,179.0,259.2,426.8,0.46299708,36.0
952d7cb277c22fee189451276b46d536,196.9,259.2,426.8,0.4505307271111111,32.0
952d7cb277c22fee189451276b46d536,161.1,316.8,426.8,0.4240257233333334,30.0
952d7cb277c22fee189451276b46d536,179.0,316.8,426.8,0.42154749,27.0
952d7cb277c22fee189451276b46d536,196.9,316.8,426.8,0.4101971813333334,24.0
963709ce03639618149be23f8bb82ece,278.3,223.2,383.0,0.9174306624999999,60.0
963709ce03639618149be23f8bb82ece,278.3,272.8,383.0,0.8900493700000001,48.0
963709ce03639618149be23f8bb82ece,227.7,223.2,383.0,0.8824794076388887,70.0
963709ce03639618149be23f8bb82ece,227.7,272.8,383.0,0.8561412572222222,56.0
963709ce03639618149be23f8bb82ece,253.0,223.2,383.0,0.8369207916666667,60.0
963709ce03639618149be23f8bb82ece,278.3,223.2,344.7,0.8280220254166666,60.0
963709ce03639618149be23f8bb82ece,278.3,248.0,383.0,0.81199695,48.0
963709ce03639618149be23f8bb82ece,253.0,272.8,383.0,0.8119423666666667,48.0
963709ce03639618149be23f8bb82ece,278.3,272.8,344.7,0.8033091896666666,48.0
963709ce03639618149be23f8bb82ece,227.7,223.2,344.7,0.7964769615509257,70.0
963709ce03639618149be23f8bb82ece,227.7,248.0,383.0,0.7810623916666667,56.0
963709ce03639618149be23f8bb82ece,227.7,272.8,344.7,0.7727056079814815,56.0
963709ce03639618149be23f8bb82ece,253.0,223.2,344.7,0.7553582819444444,60.0
963709ce03639618149be23f8bb82ece,253.0,248.0,383.0,0.7407395,48.0
963709ce03639618149be23f8bb82ece,278.3,248.0,344.7,0.7328634050000001,48.0
963709ce03639618149be23f8bb82ece,253.0,272.8,344.7,0.7328141411111112,48.0
963709ce03639618149be23f8bb82ece,227.7,248.0,344.7,0.7049435886111111,56.0
963709ce03639618149be23f8bb82ece,253.0,248.0,344.7,0.6685503833333334,48.0
963709ce03639618149be23f8bb82ece,278.3,223.2,421.3,0.5034196497916666,30.0
963709ce03639618149be23f8bb82ece,278.3,272.8,421.3,0.48839477516666674,24.0
963709ce03639618149be23f8bb82ece,227.7,223.2,421.3,0.4842409268634259,35.0
963709ce03639618149be23f8bb82ece,227.7,272.8,421.3,0.4697884532314815,28.0
963709ce03639618149be23f8bb82ece,253.0,223.2,421.3,0.45924165069444445,30.0
963709ce03639618149be23f8bb82ece,278.3,248.0,421.3,0.44556524750000004,24.0
963709ce03639618149be23f8bb82ece,253.0,272.8,421.3,0.44553529611111115,24.0
963709ce03639618149be23f8bb82ece,227.7,248.0,421.3,0.4285905973611111,28.0
963709ce03639618149be23f8bb82ece,253.0,248.0,421.3,0.4064643083333333,24.0
9a88ed4806deaa5c9b3abac82886d23a,165.6,286.0,386.0,0.9529226666666665,80.0
9a88ed4806deaa5c9b3abac82886d23a,184.0,286.0,386.0,0.947496,72.0
9a88ed4806deaa5c9b3abac82886d23a,202.4,286.0,386.0,0.9220992000000001,64.0
9a88ed4806deaa5c9b3abac82886d23a,165.6,257.4,386.0,0.8608497333333333,80.0
9a88ed4806deaa5c9b3abac82886d23a,165.6,286.0,347.4,0.8600367703703703,80.0
9a88ed4806deaa5c9b3abac82886d23a,184.0,257.4,386.0,0.8559473999999999,72.0
9a88ed4806deaa5c9b3abac82886d23a,184.0,286.0,347.4,0.8551390666666665,72.0
9a88ed4806deaa5c9b3abac82886d23a,202.4,257.4,386.0,0.8330044799999999,64.0
9a88ed4806deaa5c9b3abac82886d23a,202.4,286.0,347.4,0.8322178133333333,64.0
9a88ed4806deaa5c9b3abac82886d23a,165.6,314.6,386.0,0.7837467000000001,60.0
9a88ed4806deaa5c9b3abac82886d23a,184.0,314.6,386.0,0.7792834500000001,54.0
9a88ed4806deaa5c9b3abac82886d23a,165.6,257.4,347.4,0.7769386229629628,80.0
9a88ed4806deaa5c9b3abac82886d23a,184.0,257.4,347.4,0.7725141433333332,72.0
9a88ed4806deaa5c9b3abac82886d23a,202.4,314.6,386.0,0.7583954400000001,48.0
9a88ed4806deaa5c9b3abac82886d23a,202.4,257.4,347.4,0.7518075786666666,64.0
9a88ed4806deaa5c9b3abac82886d23a,165.6,314.6,347.4,0.7073511883333333,60.0
9a88ed4806deaa5c9b3abac82886d23a,184.0,314.6,347.4,0.7033229925,54.0
9a88ed4806deaa5c9b3abac82886d23a,202.4,314.6,347.4,0.6844710359999999,48.0
9a88ed4806deaa5c9b3abac82886d23a,165.6,286.0,424.6,0.5229042814814815,40.0
9a88ed4806deaa5c9b3abac82886d23a,184.0,286.0,424.6,0.5199264666666668,36.0
9a88ed4806deaa5c9b3abac82886d23a,202.4,286.0,424.6,0.5059902933333335,32.0
9a88ed4806deaa5c9b3abac82886d23a,165.6,257.4,424.6,0.47238042185185186,40.0
9a88ed4806deaa5c9b3abac82886d23a,184.0,257.4,424.6,0.46969032833333335,36.0
9a88ed4806deaa5c9b3abac82886d23a,202.4,257.4,424.6,0.45710069066666664,32.0
9a88ed4806deaa5c9b3abac82886d23a,165.6,314.6,424.6,0.4300711058333334,30.0
9a88ed4806deaa5c9b3abac82886d23a,184.0,314.6,424.6,0.42762195375,27.0
9a88ed4806deaa5c9b3abac82886d23a,202.4,314.6,424.6,0.41615992200000007,24.0
9bad717e71278467a7e45ca1001c12ee,161.1,286.0,384.0,0.9238132592592593,80.0
9bad717e71278467a7e45ca1001c12ee,179.0,286.0,384.0,0.918414,72.0
9bad717e71278467a7e45ca1001c12ee,196.9,286.0,384.0,0.8936853925925926,64.0
9bad717e71278467a7e45ca1001c12ee,161.1,257.4,384.0,0.8345529240740739,80.0
9bad717e71278467a7e45ca1001c12ee,161.1,286.0,345.6,0.833776637037037,80.0
9bad717e71278467a7e45ca1001c12ee,179.0,257.4,384.0,0.8296753499999999,72.0
9bad717e71278467a7e45ca1001c12ee,179.0,286.0,345.6,0.8289036000000001,72.0
9bad717e71278467a7e45ca1001c12ee,196.9,257.4,384.0,0.8073360607407407,64.0
9bad717e71278467a7e45ca1001c12ee,196.9,286.0,345.6,0.8065850903703704,64.0
9bad717e71278467a7e45ca1001c12ee,161.1,314.6,384.0,0.7598051958333334,60.0
9bad717e71278467a7e45ca1001c12ee,179.0,314.6,384.0,0.7553644875000001,54.0
9bad717e71278467a7e45ca1001c12ee,161.1,257.4,345.6,0.7532157862962962,80.0
9bad717e71278467a7e45ca1001c12ee,179.0,257.4,345.6,0.74881359,72.0
9bad717e71278467a7e45ca1001c12ee,196.9,314.6,384.0,0.7350260433333334,48.0
9bad717e71278467a7e45ca1001c12ee,196.9,257.4,345.6,0.728651530962963,64.0
9bad717e71278467a7e45ca1001c12ee,161.1,314.6,345.6,0.6857531158333334,60.0
9bad717e71278467a7e45ca1001c12ee,179.0,314.6,345.6,0.6817452075,54.0
9bad717e71278467a7e45ca1001c12ee,196.9,314.6,345.6,0.6633889873333335,48.0
9bad717e71278467a7e45ca1001c12ee,161.1,286.0,422.4,0.5069249407407407,40.0
9bad717e71278467a7e45ca1001c12ee,179.0,286.0,422.4,0.5039621999999999,36.0
9bad717e71278467a7e45ca1001c12ee,196.9,286.0,422.4,0.49039284740740735,32.0
9bad717e71278467a7e45ca1001c12ee,161.1,257.4,422.4,0.4579450309259258,40.0
9bad717e71278467a7e45ca1001c12ee,179.0,257.4,422.4,0.4552685549999999,36.0
9bad717e71278467a7e45ca1001c12ee,196.9,257.4,422.4,0.4430102952592592,32.0
9bad717e71278467a7e45ca1001c12ee,161.1,314.6,422.4,0.4169286379166666,30.0
9bad717e71278467a7e45ca1001c12ee,179.0,314.6,422.4,0.41449188375,27.0
9bad717e71278467a7e45ca1001c12ee,196.9,314.6,422.4,0.4033315496666667,24.0
9c72b7ef9f82b991ef05900066e9dc1b,243.9,282.0,380.0,0.9370320555555556,56.0
9c72b7ef9f82b991ef05900066e9dc1b,271.0,282.0,380.0,0.8888966666666667,48.0
9c72b7ef9f82b991ef05900066e9dc1b,243.9,253.8,380.0,0.846537863888889,56.0
9c72b7ef9f82b991ef05900066e9dc1b,243.9,282.0,342.0,0.8457314962962964,56.0
9c72b7ef9f82b991ef05900066e9dc1b,298.1,282.0,380.0,0.8121858333333335,40.0
9c72b7ef9f82b991ef05900066e9dc1b,271.0,253.8,380.0,0.8030511666666666,48.0
9c72b7ef9f82b991ef05900066e9dc1b,271.0,282.0,342.0,0.8022862222222222,48.0
9c72b7ef9f82b991ef05900066e9dc1b,243.9,310.2,380.0,0.7706446854166665,42.0
9c72b7ef9f82b991ef05900066e9dc1b,243.9,253.8,342.0,0.7640546874074075,56.0
9c72b7ef9f82b991ef05900066e9dc1b,298.1,253.8,380.0,0.7337487083333335,40.0
9c72b7ef9f82b991ef05900066e9dc1b,298.1,282.0,342.0,0.7330497777777779,40.0
9c72b7ef9f82b991ef05900066e9dc1b,271.0,310.2,380.0,0.731056625,36.0
9c72b7ef9f82b991ef05900066e9dc1b,271.0,253.8,342.0,0.7248051555555557,48.0
9c72b7ef9f82b991ef05900066e9dc1b,243.9,310.2,342.0,0.6955562288888889,42.0
9c72b7ef9f82b991ef05900066e9dc1b,298.1,310.2,380.0,0.6679672187500001,30.0
9c72b7ef9f82b991ef05900066e9dc1b,298.1,253.8,342.0,0.6622552444444446,40.0
9c72b7ef9f82b991ef05900066e9dc1b,271.0,310.2,342.0,0.6598254666666666,36.0
9c72b7ef9f82b991ef05900066e9dc1b,298.1,310.2,342.0,0.6028832333333334,30.0
9c72b7ef9f82b991ef05900066e9dc1b,243.9,282.0,418.0,0.5141663074074074,28.0
9c72b7ef9f82b991ef05900066e9dc1b,271.0,282.0,418.0,0.48775355555555555,24.0
9c72b7ef9f82b991ef05900066e9dc1b,243.9,253.8,418.0,0.46451052018518524,28.0
9c72b7ef9f82b991ef05900066e9dc1b,298.1,282.0,418.0,0.44566094444444443,20.0
9c72b7ef9f82b991ef05900066e9dc1b,271.0,253.8,418.0,0.4406485888888889,24.0
9c72b7ef9f82b991ef05900066e9dc1b,243.9,310.2,418.0,0.42286657097222213,21.0
9c72b7ef9f82b991ef05900066e9dc1b,298.1,253.8,418.0,0.40262108611111114,20.0
9c72b7ef9f82b991ef05900066e9dc1b,271.0,310.2,418.0,0.4011438916666667,18.0
9c72b7ef9f82b991ef05900066e9dc1b,298.1,310.2,418.0,0.3665256020833334,15.0
9d44d480026dfab07731a73d1d0c6539,283.0,288.0,388.0,0.9653047777777778,48.0
9d44d480026dfab07731a73d1d0c6539,311.3,288.0,388.0,0.88211725,40.0
9d44d480026dfab07731a73d1d0c6539,254.7,288.0,388.0,0.8720688555555555,48.0
9d44d480026dfab07731a73d1d0c6539,283.0,259.2,388.0,0.8720135777777777,48.0
9d44d480026dfab07731a73d1d0c6539,283.0,288.0,349.2,0.871199688888889,48.0
9d44d480026dfab07731a73d1d0c6539,311.3,259.2,388.0,0.7968656500000002,40.0
9d44d480026dfab07731a73d1d0c6539,311.3,288.0,349.2,0.7961219000000002,40.0
9d44d480026dfab07731a73d1d0c6539,283.0,316.8,388.0,0.7939469833333334,36.0
9d44d480026dfab07731a73d1d0c6539,254.7,259.2,388.0,0.7877883755555555,48.0
9d44d480026dfab07731a73d1d0c6539,254.7,288.0,349.2,0.7870530977777777,48.0
9d44d480026dfab07731a73d1d0c6539,283.0,259.2,349.2,0.7870032088888888,48.0
9d44d480026dfab07731a73d1d0c6539,311.3,316.8,388.0,0.7255266375000001,30.0
9d44d480026dfab07731a73d1d0c6539,311.3,259.2,349.2,0.7191812599999999,40.0
9d44d480026dfab07731a73d1d0c6539,254.7,316.8,388.0,0.7172620016666668,36.0
9d44d480026dfab07731a73d1d0c6539,283.0,316.8,349.2,0.7165471266666668,36.0
9d44d480026dfab07731a73d1d0c6539,254.7,259.2,349.2,0.7109889057777776,48.0
9d44d480026dfab07731a73d1d0c6539,311.3,316.8,349.2,0.654796905,30.0
9d44d480026dfab07731a73d1d0c6539,254.7,316.8,349.2,0.6473379673333334,36.0
9d44d480026dfab07731a73d1d0c6539,283.0,288.0,426.8,0.5297049333333333,24.0
9d44d480026dfab07731a73d1d0c6539,311.3,288.0,426.8,0.48405630000000005,20.0
9d44d480026dfab07731a73d1d0c6539,254.7,288.0,426.8,0.47854230666666664,24.0
9d44d480026dfab07731a73d1d0c6539,283.0,259.2,426.8,0.4785119733333333,24.0
9d44d480026dfab07731a73d1d0c6539,311.3,259.2,426.8,0.43727501999999996,20.0
9d44d480026dfab07731a73d1d0c6539,283.0,316.8,426.8,0.4356734200000001,18.0
9d44d480026dfab07731a73d1d0c6539,254.7,259.2,426.8,0.4322939226666666,24.0
9d44d480026dfab07731a73d1d0c6539,311.3,316.8,426.8,0.398128185,15.0
9d44d480026dfab07731a73d1d0c6539,254.7,316.8,426.8,0.39359301799999996,18.0
9dbb448086386afae3321dda0441c688,207.0,229.5,353.7,0.8750941921296296,80.0
9dbb448086386afae3321dda0441c688,207.0,280.5,353.7,0.8491519425925925,64.0
9dbb448086386afae3321dda0441c688,230.0,229.5,353.7,0.8468653472222222,70.0
9dbb448086386afae3321dda0441c688,230.0,280.5,353.7,0.8217599444444444,56.0
9dbb448086386afae3321dda0441c688,253.0,229.5,353.7,0.7954485225694444,60.0
9dbb448086386afae3321dda0441c688,207.0,255.0,353.7,0.7746136481481481,64.0
9dbb448086386afae3321dda0441c688,253.0,280.5,353.7,0.7718673763888889,48.0
9dbb448086386afae3321dda0441c688,230.0,255.0,353.7,0.7496261111111111,56.0
9dbb448086386afae3321dda0441c688,253.0,255.0,353.7,0.7041130972222223,48.0
9dbb448086386afae3321dda0441c688,207.0,229.5,432.3,0.5321063530092592,40.0
9dbb448086386afae3321dda0441c688,207.0,280.5,432.3,0.5163320101851852,32.0
9dbb448086386afae3321dda0441c688,230.0,229.5,432.3,0.5149416319444444,35.0
9dbb448086386afae3321dda0441c688,230.0,280.5,432.3,0.4996761388888889,28.0
9dbb448086386afae3321dda0441c688,207.0,229.5,393.0,0.484826724537037,40.0
9dbb448086386afae3321dda0441c688,253.0,229.5,432.3,0.4836773185763889,30.0
9dbb448086386afae3321dda0441c688,207.0,255.0,432.3,0.4710085462962963,32.0
9dbb448086386afae3321dda0441c688,207.0,280.5,393.0,0.47045399074074074,32.0
9dbb448086386afae3321dda0441c688,253.0,280.5,432.3,0.4693386590277778,24.0
9dbb448086386afae3321dda0441c688,230.0,229.5,393.0,0.4691871527777778,35.0
9dbb448086386afae3321dda0441c688,230.0,255.0,432.3,0.45581472222222225,28.0
9dbb448086386afae3321dda0441c688,230.0,280.5,393.0,0.45527805555555556,28.0
9dbb448086386afae3321dda0441c688,253.0,229.5,393.0,0.44070078993055556,30.0
9dbb448086386afae3321dda0441c688,207.0,255.0,393.0,0.4291576851851852,32.0
9dbb448086386afae3321dda0441c688,253.0,255.0,432.3,0.42814025694444446,24.0
9dbb448086386afae3321dda0441c688,253.0,280.5,393.0,0.4276361736111111,24.0
9dbb448086386afae3321dda0441c688,230.0,255.0,393.0,0.41531388888888887,28.0
9dbb448086386afae3321dda0441c688,253.0,255.0,393.0,0.3900984027777778,24.0
a053806f0b23db27a17e90bf971c8a62,245.7,286.0,386.0,0.9713190666666667,56.0
a053806f0b23db27a17e90bf971c8a62,273.0,286.0,386.0,0.921448,48.0
a053806f0b23db27a17e90bf971c8a62,245.7,257.4,386.0,0.8774686433333332,56.0
a053806f0b23db27a17e90bf971c8a62,245.7,286.0,347.4,0.8766399859259258,56.0
a053806f0b23db27a17e90bf971c8a62,300.3,286.0,386.0,0.8419473333333335,40.0
a053806f0b23db27a17e90bf971c8a62,273.0,257.4,386.0,0.8324161999999999,48.0
a053806f0b23db27a17e90bf971c8a62,273.0,286.0,347.4,0.8316300888888888,48.0
a053806f0b23db27a17e90bf971c8a62,245.7,314.6,386.0,0.7988771175,42.0
a053806f0b23db27a17e90bf971c8a62,245.7,257.4,347.4,0.7919376089074074,56.0
a053806f0b23db27a17e90bf971c8a62,300.3,257.4,386.0,0.7605970166666667,40.0
a053806f0b23db27a17e90bf971c8a62,300.3,286.0,347.4,0.7598787296296297,40.0
a053806f0b23db27a17e90bf971c8a62,273.0,314.6,386.0,0.7578598500000001,36.0
a053806f0b23db27a17e90bf971c8a62,273.0,257.4,347.4,0.751276641111111,48.0
a053806f0b23db27a17e90bf971c8a62,245.7,314.6,347.4,0.7210067722083333,42.0
a053806f0b23db27a17e90bf971c8a62,300.3,314.6,386.0,0.6924732375,30.0
a053806f0b23db27a17e90bf971c8a62,300.3,257.4,347.4,0.6864580145370369,40.0
a053806f0b23db27a17e90bf971c8a62,273.0,314.6,347.4,0.6839876525,36.0
a053806f0b23db27a17e90bf971c8a62,300.3,314.6,347.4,0.6249745835416668,30.0
a053806f0b23db27a17e90bf971c8a62,245.7,286.0,424.6,0.5329990737037037,28.0
a053806f0b23db27a17e90bf971c8a62,273.0,286.0,424.6,0.5056329555555555,24.0
a053806f0b23db27a17e90bf971c8a62,245.7,257.4,424.6,0.4814998388796296,28.0
a053806f0b23db27a17e90bf971c8a62,300.3,286.0,424.6,0.4620079685185186,20.0
a053806f0b23db27a17e90bf971c8a62,273.0,257.4,424.6,0.4567778794444445,24.0
a053806f0b23db27a17e90bf971c8a62,245.7,314.6,424.6,0.4383737313958334,21.0
a053806f0b23db27a17e90bf971c8a62,300.3,257.4,424.6,0.41736800939814817,20.0
a053806f0b23db27a17e90bf971c8a62,273.0,314.6,424.6,0.41586602375,18.0
a053806f0b23db27a17e90bf971c8a62,300.3,314.6,424.6,0.3799859457291668,15.0
a12aea41ad9864b83129274495d5d5b2,165.6,288.0,388.0,0.9642065925925926,80.0
a12aea41ad9864b83129274495d5d5b2,184.0,288.0,388.0,0.9587156666666666,72.0
a12aea41ad9864b83129274495d5d5b2,202.4,288.0,388.0,0.9330181333333334,64.0
a12aea41ad9864b83129274495d5d5b2,165.6,259.2,388.0,0.8710215259259257,80.0
a12aea41ad9864b83129274495d5d5b2,165.6,288.0,349.2,0.8702085629629628,80.0
a12aea41ad9864b83129274495d5d5b2,184.0,259.2,388.0,0.8660612666666666,72.0
a12aea41ad9864b83129274495d5d5b2,184.0,288.0,349.2,0.8652529333333333,72.0
a12aea41ad9864b83129274495d5d5b2,202.4,259.2,388.0,0.8428472533333333,64.0
a12aea41ad9864b83129274495d5d5b2,202.4,288.0,349.2,0.8420605866666666,64.0
a12aea41ad9864b83129274495d5d5b2,165.6,316.8,388.0,0.7930437444444445,60.0
a12aea41ad9864b83129274495d5d5b2,184.0,316.8,388.0,0.7885275500000001,54.0
a12aea41ad9864b83129274495d5d5b2,165.6,259.2,349.2,0.7861078696296295,80.0
a12aea41ad9864b83129274495d5d5b2,184.0,259.2,349.2,0.7816311733333332,72.0
a12aea41ad9864b83129274495d5d5b2,202.4,316.8,388.0,0.7673917600000001,48.0
a12aea41ad9864b83129274495d5d5b2,202.4,259.2,349.2,0.7606802346666667,64.0
a12aea41ad9864b83129274495d5d5b2,165.6,316.8,349.2,0.7157319422222223,60.0
a12aea41ad9864b83129274495d5d5b2,184.0,316.8,349.2,0.71165602,54.0
a12aea41ad9864b83129274495d5d5b2,202.4,316.8,349.2,0.692580704,48.0
a12aea41ad9864b83129274495d5d5b2,165.6,288.0,426.8,0.5291023111111112,40.0
a12aea41ad9864b83129274495d5d5b2,184.0,288.0,426.8,0.5260892,36.0
a12aea41ad9864b83129274495d5d5b2,202.4,288.0,426.8,0.5119878400000001,32.0
a12aea41ad9864b83129274495d5d5b2,165.6,259.2,426.8,0.47796759111111115,40.0
a12aea41ad9864b83129274495d5d5b2,184.0,259.2,426.8,0.4752456799999999,36.0
a12aea41ad9864b83129274495d5d5b2,202.4,259.2,426.8,0.462507136,32.0
a12aea41ad9864b83129274495d5d5b2,165.6,316.8,426.8,0.43517777333333335,30.0
a12aea41ad9864b83129274495d5d5b2,184.0,316.8,426.8,0.43269954000000005,27.0
a12aea41ad9864b83129274495d5d5b2,202.4,316.8,426.8,0.421101408,24.0
a130566667d4be7bb38053adaefea0af,183.6,229.5,353.7,0.8783203458333332,90.0
a130566667d4be7bb38053adaefea0af,204.0,229.5,353.7,0.8629961157407406,80.0
a130566667d4be7bb38053adaefea0af,183.6,280.5,353.7,0.8522824566666666,72.0
a130566667d4be7bb38053adaefea0af,204.0,280.5,353.7,0.8374125148148147,64.0
a130566667d4be7bb38053adaefea0af,224.4,229.5,353.7,0.8271051557870369,70.0
a130566667d4be7bb38053adaefea0af,224.4,280.5,353.7,0.8025855457407407,56.0
a130566667d4be7bb38053adaefea0af,183.6,255.0,353.7,0.7774693666666668,72.0
a130566667d4be7bb38053adaefea0af,204.0,255.0,353.7,0.7639047037037037,64.0
a130566667d4be7bb38053adaefea0af,224.4,255.0,353.7,0.7321348351851852,56.0
a130566667d4be7bb38053adaefea0af,183.6,229.5,432.3,0.5340680354166666,45.0
a130566667d4be7bb38053adaefea0af,204.0,229.5,432.3,0.5247500439814815,40.0
a130566667d4be7bb38053adaefea0af,183.6,280.5,432.3,0.5182355383333334,36.0
a130566667d4be7bb38053adaefea0af,204.0,280.5,432.3,0.5091937796296296,32.0
a130566667d4be7bb38053adaefea0af,224.4,229.5,432.3,0.5029263271990742,35.0
a130566667d4be7bb38053adaefea0af,224.4,280.5,432.3,0.4880170289814814,28.0
a130566667d4be7bb38053adaefea0af,183.6,229.5,393.0,0.4866141041666666,45.0
a130566667d4be7bb38053adaefea0af,204.0,229.5,393.0,0.4781240509259259,40.0
a130566667d4be7bb38053adaefea0af,183.6,255.0,432.3,0.4727449833333333,36.0
a130566667d4be7bb38053adaefea0af,183.6,280.5,393.0,0.4721883833333333,36.0
a130566667d4be7bb38053adaefea0af,204.0,255.0,432.3,0.4644969074074074,32.0
a130566667d4be7bb38053adaefea0af,204.0,280.5,393.0,0.4639500185185185,32.0
a130566667d4be7bb38053adaefea0af,224.4,229.5,393.0,0.4582394525462964,35.0
a130566667d4be7bb38053adaefea0af,224.4,255.0,432.3,0.44517904537037034,28.0
a130566667d4be7bb38053adaefea0af,224.4,280.5,393.0,0.4446549009259259,28.0
a130566667d4be7bb38053adaefea0af,183.6,255.0,393.0,0.4307398333333333,36.0
a130566667d4be7bb38053adaefea0af,204.0,255.0,393.0,0.42322462962962965,32.0
a130566667d4be7bb38053adaefea0af,224.4,255.0,393.0,0.4056232314814815,28.0
a1c08078a73de9700accb1bfa9d293be,245.0,262.8,355.5,0.8239791388888889,56.0
a1c08078a73de9700accb1bfa9d293be,269.5,262.8,355.5,0.7741249388888889,48.0
a1c08078a73de9700accb1bfa9d293be,245.0,321.2,355.5,0.750280125,42.0
a1c08078a73de9700accb1bfa9d293be,220.5,262.8,355.5,0.7448125157407408,56.0
a1c08078a73de9700accb1bfa9d293be,269.5,321.2,355.5,0.7048850249999999,36.0
a1c08078a73de9700accb1bfa9d293be,245.0,292.0,355.5,0.6841322395833334,42.0
a1c08078a73de9700accb1bfa9d293be,220.5,321.2,355.5,0.6781943874999999,42.0
a1c08078a73de9700accb1bfa9d293be,269.5,292.0,355.5,0.6427393645833334,36.0
a1c08078a73de9700accb1bfa9d293be,220.5,292.0,355.5,0.6184018871527778,42.0
a1c08078a73de9700accb1bfa9d293be,245.0,262.8,434.5,0.5010379305555556,28.0
a1c08078a73de9700accb1bfa9d293be,269.5,262.8,434.5,0.4707230305555556,24.0
a1c08078a73de9700accb1bfa9d293be,245.0,262.8,395.0,0.45651375,28.0
a1c08078a73de9700accb1bfa9d293be,245.0,321.2,434.5,0.4562236875,21.0
a1c08078a73de9700accb1bfa9d293be,220.5,262.8,434.5,0.45289899212962964,28.0
a1c08078a73de9700accb1bfa9d293be,269.5,262.8,395.0,0.42889275000000004,24.0
a1c08078a73de9700accb1bfa9d293be,269.5,321.2,434.5,0.4286202375,18.0
a1c08078a73de9700accb1bfa9d293be,245.0,292.0,434.5,0.41600106770833334,21.0
a1c08078a73de9700accb1bfa9d293be,245.0,321.2,395.0,0.415681875,21.0
a1c08078a73de9700accb1bfa9d293be,220.5,262.8,395.0,0.412652625,28.0
a1c08078a73de9700accb1bfa9d293be,220.5,321.2,434.5,0.41239043124999997,21.0
a1c08078a73de9700accb1bfa9d293be,269.5,292.0,434.5,0.39083125520833334,18.0
a1c08078a73de9700accb1bfa9d293be,269.5,321.2,395.0,0.390531375,18.0
a1c08078a73de9700accb1bfa9d293be,245.0,292.0,395.0,0.37903359375,21.0
a1c08078a73de9700accb1bfa9d293be,220.5,292.0,434.5,0.3760323376736111,21.0
a1c08078a73de9700accb1bfa9d293be,220.5,321.2,395.0,0.37574381249999994,21.0
a1c08078a73de9700accb1bfa9d293be,269.5,292.0,395.0,0.35610046875,18.0
a1c08078a73de9700accb1bfa9d293be,220.5,292.0,395.0,0.342616640625,21.0
a231d37bbfd765b2d130853c472c6f8c,212.0,221.4,379.0,0.9251500555555557,80.0
a231d37bbfd765b2d130853c472c6f8c,212.0,270.6,379.0,0.8974835111111111,64.0
a231d37bbfd765b2d130853c472c6f8c,233.2,221.4,379.0,0.8868105037037036,70.0
a231d37bbfd765b2d130853c472c6f8c,233.2,270.6,379.0,0.8602905007407408,56.0
a231d37bbfd765b2d130853c472c6f8c,190.8,221.4,379.0,0.8368023925925927,80.0
a231d37bbfd765b2d130853c472c6f8c,212.0,221.4,341.1,0.8350133277777778,80.0
a231d37bbfd765b2d130853c472c6f8c,212.0,246.0,379.0,0.8188017777777777,64.0
a231d37bbfd765b2d130853c472c6f8c,190.8,270.6,379.0,0.8117778785185186,64.0
a231d37bbfd765b2d130853c472c6f8c,212.0,270.6,341.1,0.8100423155555557,64.0
a231d37bbfd765b2d130853c472c6f8c,233.2,221.4,341.1,0.8004091718518518,70.0
a231d37bbfd765b2d130853c472c6f8c,233.2,246.0,379.0,0.7848694518518516,56.0
a231d37bbfd765b2d130853c472c6f8c,233.2,270.6,341.1,0.7764729943703704,56.0
a231d37bbfd765b2d130853c472c6f8c,190.8,221.4,341.1,0.7552733162962963,80.0
a231d37bbfd765b2d130853c472c6f8c,190.8,246.0,379.0,0.7406098962962964,64.0
a231d37bbfd765b2d130853c472c6f8c,212.0,246.0,341.1,0.739026488888889,64.0
a231d37bbfd765b2d130853c472c6f8c,190.8,270.6,341.1,0.7326869232592593,64.0
a231d37bbfd765b2d130853c472c6f8c,233.2,246.0,341.1,0.7084001659259259,56.0
a231d37bbfd765b2d130853c472c6f8c,190.8,246.0,341.1,0.6684527881481482,64.0
a231d37bbfd765b2d130853c472c6f8c,212.0,221.4,416.9,0.5076433916666666,40.0
a231d37bbfd765b2d130853c472c6f8c,212.0,270.6,416.9,0.4924623533333334,32.0
a231d37bbfd765b2d130853c472c6f8c,233.2,221.4,416.9,0.4866059177777777,35.0
a231d37bbfd765b2d130853c472c6f8c,233.2,270.6,416.9,0.4720540035555555,28.0
a231d37bbfd765b2d130853c472c6f8c,190.8,221.4,416.9,0.4591657344444445,40.0
a231d37bbfd765b2d130853c472c6f8c,212.0,246.0,416.9,0.4492885333333333,32.0
a231d37bbfd765b2d130853c472c6f8c,190.8,270.6,416.9,0.4454344168888889,32.0
a231d37bbfd765b2d130853c472c6f8c,233.2,246.0,416.9,0.43066936888888885,28.0
a231d37bbfd765b2d130853c472c6f8c,190.8,246.0,416.9,0.40638350222222225,32.0
a23eeef1c0cd8cfd40b780d65382034a,333.3,286.0,386.0,0.9314873333333334,40.0
a23eeef1c0cd8cfd40b780d65382034a,272.7,286.0,386.0,0.9204711999999999,48.0
a23eeef1c0cd8cfd40b780d65382034a,303.0,286.0,386.0,0.8492733333333333,40.0
a23eeef1c0cd8cfd40b780d65382034a,333.3,257.4,386.0,0.8414855166666666,40.0
a23eeef1c0cd8cfd40b780d65382034a,333.3,286.0,347.4,0.8406908407407407,40.0
a23eeef1c0cd8cfd40b780d65382034a,272.7,257.4,386.0,0.83153378,48.0
a23eeef1c0cd8cfd40b780d65382034a,272.7,286.0,347.4,0.8307485022222222,48.0
a23eeef1c0cd8cfd40b780d65382034a,303.0,257.4,386.0,0.7672151666666667,40.0
a23eeef1c0cd8cfd40b780d65382034a,303.0,286.0,347.4,0.7664906296296297,40.0
a23eeef1c0cd8cfd40b780d65382034a,333.3,314.6,386.0,0.7661168625000001,30.0
a23eeef1c0cd8cfd40b780d65382034a,333.3,257.4,347.4,0.7594619284259259,40.0
a23eeef1c0cd8cfd40b780d65382034a,272.7,314.6,386.0,0.757056465,36.0
a23eeef1c0cd8cfd40b780d65382034a,272.7,257.4,347.4,0.7504802347777777,48.0
a23eeef1c0cd8cfd40b780d65382034a,303.0,314.6,386.0,0.6984986250000002,30.0
a23eeef1c0cd8cfd40b780d65382034a,303.0,257.4,347.4,0.692431062037037,40.0
a23eeef1c0cd8cfd40b780d65382034a,333.3,314.6,347.4,0.6914398147916667,30.0
a23eeef1c0cd8cfd40b780d65382034a,272.7,314.6,347.4,0.68326257725,36.0
a23eeef1c0cd8cfd40b780d65382034a,303.0,314.6,347.4,0.6304126479166666,30.0
a23eeef1c0cd8cfd40b780d65382034a,333.3,286.0,424.6,0.511141912962963,20.0
a23eeef1c0cd8cfd40b780d65382034a,272.7,286.0,424.6,0.5050969488888889,24.0
a23eeef1c0cd8cfd40b780d65382034a,303.0,286.0,424.6,0.4660280185185186,20.0
a23eeef1c0cd8cfd40b780d65382034a,333.3,257.4,424.6,0.4617545524537038,20.0
a23eeef1c0cd8cfd40b780d65382034a,272.7,257.4,424.6,0.4562936626111111,24.0
a23eeef1c0cd8cfd40b780d65382034a,303.0,257.4,424.6,0.4209996356481482,20.0
a23eeef1c0cd8cfd40b780d65382034a,333.3,314.6,424.6,0.4203969551041667,15.0
a23eeef1c0cd8cfd40b780d65382034a,272.7,314.6,424.6,0.41542517637500004,18.0
a23eeef1c0cd8cfd40b780d65382034a,303.0,314.6,424.6,0.38329230104166667,15.0
a2c4cc4e764be062aaefa64a99695dbe,331.1,266.4,355.5,0.7976702458333333,40.0
a2c4cc4e764be062aaefa64a99695dbe,270.9,266.4,355.5,0.7882693827777776,48.0
a2c4cc4e764be062aaefa64a99695dbe,301.0,266.4,355.5,0.7272806990740741,40.0
a2c4cc4e764be062aaefa64a99695dbe,331.1,325.6,355.5,0.726387846875,30.0
a2c4cc4e764be062aaefa64a99695dbe,270.9,325.6,355.5,0.7178270754166667,36.0
a2c4cc4e764be062aaefa64a99695dbe,331.1,296.0,355.5,0.6623202656250001,30.0
a2c4cc4e764be062aaefa64a99695dbe,301.0,325.6,355.5,0.6622885381944446,30.0
a2c4cc4e764be062aaefa64a99695dbe,270.9,296.0,355.5,0.65451455625,36.0
a2c4cc4e764be062aaefa64a99695dbe,301.0,296.0,355.5,0.60387453125,30.0
a2c4cc4e764be062aaefa64a99695dbe,331.1,266.4,434.5,0.4850402520833333,20.0
a2c4cc4e764be062aaefa64a99695dbe,270.9,266.4,434.5,0.479323858611111,24.0
a2c4cc4e764be062aaefa64a99695dbe,301.0,266.4,434.5,0.442238400462963,20.0
a2c4cc4e764be062aaefa64a99695dbe,331.1,266.4,395.0,0.44193768749999995,20.0
a2c4cc4e764be062aaefa64a99695dbe,331.1,325.6,434.5,0.44169548281250004,15.0
a2c4cc4e764be062aaefa64a99695dbe,270.9,266.4,395.0,0.4367292749999999,24.0
a2c4cc4e764be062aaefa64a99695dbe,270.9,325.6,434.5,0.4364899247916666,18.0
a2c4cc4e764be062aaefa64a99695dbe,301.0,266.4,395.0,0.402939375,20.0
a2c4cc4e764be062aaefa64a99695dbe,331.1,296.0,434.5,0.4027378359375,15.0
a2c4cc4e764be062aaefa64a99695dbe,301.0,325.6,434.5,0.4027185434027778,15.0
a2c4cc4e764be062aaefa64a99695dbe,331.1,325.6,395.0,0.4024447031250001,15.0
a2c4cc4e764be062aaefa64a99695dbe,270.9,296.0,434.5,0.397991409375,18.0
a2c4cc4e764be062aaefa64a99695dbe,270.9,325.6,395.0,0.39770173124999997,18.0
a2c4cc4e764be062aaefa64a99695dbe,301.0,296.0,434.5,0.367198671875,15.0
a2c4cc4e764be062aaefa64a99695dbe,331.1,296.0,395.0,0.366948984375,15.0
a2c4cc4e764be062aaefa64a99695dbe,301.0,325.6,395.0,0.36693140625,15.0
a2c4cc4e764be062aaefa64a99695dbe,270.9,296.0,395.0,0.36262434375,18.0
a2c4cc4e764be062aaefa64a99695dbe,301.0,296.0,395.0,0.33456796875,15.0
a49d6ed97efd5ce792072d9ef9acf630,211.5,220.5,378.0,0.9171125462962963,80.0
a49d6ed97efd5ce792072d9ef9acf630,211.5,269.5,378.0,0.8896588518518519,64.0
a49d6ed97efd5ce792072d9ef9acf630,235.0,220.5,378.0,0.8876117476851851,70.0
a49d6ed97efd5ce792072d9ef9acf630,235.0,269.5,378.0,0.8610411574074074,56.0
a49d6ed97efd5ce792072d9ef9acf630,258.5,220.5,378.0,0.8337857291666667,60.0
a49d6ed97efd5ce792072d9ef9acf630,211.5,220.5,340.2,0.8277649837962963,80.0
a49d6ed97efd5ce792072d9ef9acf630,211.5,245.0,378.0,0.8116744444444445,64.0
a49d6ed97efd5ce792072d9ef9acf630,258.5,269.5,378.0,0.8088264166666667,48.0
a49d6ed97efd5ce792072d9ef9acf630,211.5,269.5,340.2,0.8029859018518518,64.0
a49d6ed97efd5ce792072d9ef9acf630,235.0,220.5,340.2,0.8011382320601852,70.0
a49d6ed97efd5ce792072d9ef9acf630,235.0,245.0,378.0,0.7855652777777777,56.0
a49d6ed97efd5ce792072d9ef9acf630,235.0,269.5,340.2,0.7771562199074074,56.0
a49d6ed97efd5ce792072d9ef9acf630,258.5,220.5,340.2,0.7525560885416666,60.0
a49d6ed97efd5ce792072d9ef9acf630,258.5,245.0,378.0,0.7379275,48.0
a49d6ed97efd5ce792072d9ef9acf630,211.5,245.0,340.2,0.7325989444444444,64.0
a49d6ed97efd5ce792072d9ef9acf630,258.5,269.5,340.2,0.7300283791666665,48.0
a49d6ed97efd5ce792072d9ef9acf630,235.0,245.0,340.2,0.7090334027777778,56.0
a49d6ed97efd5ce792072d9ef9acf630,258.5,245.0,340.2,0.666036625,48.0
a49d6ed97efd5ce792072d9ef9acf630,211.5,220.5,415.8,0.5032300543981482,40.0
a49d6ed97efd5ce792072d9ef9acf630,211.5,269.5,415.8,0.488165900925926,32.0
a49d6ed97efd5ce792072d9ef9acf630,235.0,220.5,415.8,0.4870426316550926,35.0
a49d6ed97efd5ce792072d9ef9acf630,235.0,269.5,415.8,0.4724630474537037,28.0
a49d6ed97efd5ce792072d9ef9acf630,258.5,220.5,415.8,0.4575076848958334,30.0
a49d6ed97efd5ce792072d9ef9acf630,211.5,245.0,415.8,0.4453749722222222,32.0
a49d6ed97efd5ce792072d9ef9acf630,258.5,269.5,415.8,0.4438122270833334,24.0
a49d6ed97efd5ce792072d9ef9acf630,235.0,245.0,415.8,0.4310485763888889,28.0
a49d6ed97efd5ce792072d9ef9acf630,258.5,245.0,415.8,0.4049091875,24.0
a555028b9dc4a080d444d0af6464279d,180.9,286.0,386.0,0.9323556000000001,72.0
a555028b9dc4a080d444d0af6464279d,201.0,286.0,386.0,0.9160213333333334,64.0
a555028b9dc4a080d444d0af6464279d,221.1,286.0,386.0,0.8778718666666666,56.0
a555028b9dc4a080d444d0af6464279d,180.9,257.4,386.0,0.8422698900000001,72.0
a555028b9dc4a080d444d0af6464279d,180.9,286.0,347.4,0.8414744733333334,72.0
a555028b9dc4a080d444d0af6464279d,201.0,257.4,386.0,0.8275138666666666,64.0
a555028b9dc4a080d444d0af6464279d,201.0,286.0,347.4,0.8267323851851851,64.0
a555028b9dc4a080d444d0af6464279d,221.1,257.4,386.0,0.7930504633333333,56.0
a555028b9dc4a080d444d0af6464279d,221.1,286.0,347.4,0.7923015281481479,56.0
a555028b9dc4a080d444d0af6464279d,180.9,314.6,386.0,0.7668309825,54.0
a555028b9dc4a080d444d0af6464279d,180.9,257.4,347.4,0.7601698451666666,72.0
a555028b9dc4a080d444d0af6464279d,201.0,314.6,386.0,0.7533966000000001,48.0
a555028b9dc4a080d444d0af6464279d,201.0,257.4,347.4,0.7468521614814814,64.0
a555028b9dc4a080d444d0af6464279d,221.1,314.6,386.0,0.7220199525,42.0
a555028b9dc4a080d444d0af6464279d,221.1,257.4,347.4,0.7157480696851851,56.0
a555028b9dc4a080d444d0af6464279d,180.9,314.6,347.4,0.692084326125,54.0
a555028b9dc4a080d444d0af6464279d,201.0,314.6,347.4,0.6799594566666667,48.0
a555028b9dc4a080d444d0af6464279d,221.1,314.6,347.4,0.6516412399583333,42.0
a555028b9dc4a080d444d0af6464279d,180.9,286.0,424.6,0.5116183633333333,36.0
a555028b9dc4a080d444d0af6464279d,201.0,286.0,424.6,0.5026551407407408,32.0
a555028b9dc4a080d444d0af6464279d,221.1,286.0,424.6,0.4817211025925926,28.0
a555028b9dc4a080d444d0af6464279d,180.9,257.4,424.6,0.46218496741666665,36.0
a555028b9dc4a080d444d0af6464279d,201.0,257.4,424.6,0.45408778592592586,32.0
a555028b9dc4a080d444d0af6464279d,221.1,257.4,424.6,0.4351764284907407,28.0
a555028b9dc4a080d444d0af6464279d,180.9,314.6,424.6,0.4207888194375001,27.0
a555028b9dc4a080d444d0af6464279d,201.0,314.6,424.6,0.41341687166666674,24.0
a555028b9dc4a080d444d0af6464279d,221.1,314.6,424.6,0.3961993325208334,21.0
a699f7e10a026261e599215bbbee0cbc,181.8,282.0,380.0,0.9100910000000001,72.0
a699f7e10a026261e599215bbbee0cbc,202.0,282.0,380.0,0.8941688888888889,64.0
a699f7e10a026261e599215bbbee0cbc,222.2,282.0,380.0,0.8569469999999999,56.0
a699f7e10a026261e599215bbbee0cbc,181.8,253.8,380.0,0.82219865,72.0
a699f7e10a026261e599215bbbee0cbc,181.8,282.0,342.0,0.8214154666666668,72.0
a699f7e10a026261e599215bbbee0cbc,202.0,253.8,380.0,0.8078142222222223,64.0
a699f7e10a026261e599215bbbee0cbc,202.0,282.0,342.0,0.8070447407407407,64.0
a699f7e10a026261e599215bbbee0cbc,222.2,253.8,380.0,0.7741870499999999,56.0
a699f7e10a026261e599215bbbee0cbc,222.2,282.0,342.0,0.7734495999999998,56.0
a699f7e10a026261e599215bbbee0cbc,181.8,310.2,380.0,0.7484875124999999,54.0
a699f7e10a026261e599215bbbee0cbc,181.8,253.8,342.0,0.7420869866666667,72.0
a699f7e10a026261e599215bbbee0cbc,202.0,310.2,380.0,0.7353926666666666,48.0
a699f7e10a026261e599215bbbee0cbc,202.0,253.8,342.0,0.7291041185185186,64.0
a699f7e10a026261e599215bbbee0cbc,222.2,310.2,380.0,0.7047802124999999,42.0
a699f7e10a026261e599215bbbee0cbc,222.2,253.8,342.0,0.69875344,56.0
a699f7e10a026261e599215bbbee0cbc,181.8,310.2,342.0,0.6755579599999999,54.0
a699f7e10a026261e599215bbbee0cbc,202.0,310.2,342.0,0.6637390222222221,48.0
a699f7e10a026261e599215bbbee0cbc,222.2,310.2,342.0,0.6361093199999999,42.0
a699f7e10a026261e599215bbbee0cbc,181.8,282.0,418.0,0.4993832666666667,36.0
a699f7e10a026261e599215bbbee0cbc,202.0,282.0,418.0,0.49064651851851854,32.0
a699f7e10a026261e599215bbbee0cbc,222.2,282.0,418.0,0.47022220000000003,28.0
a699f7e10a026261e599215bbbee0cbc,181.8,253.8,418.0,0.4511551566666668,36.0
a699f7e10a026261e599215bbbee0cbc,202.0,253.8,418.0,0.443262162962963,32.0
a699f7e10a026261e599215bbbee0cbc,222.2,253.8,418.0,0.42481033,28.0
a699f7e10a026261e599215bbbee0cbc,181.8,310.2,418.0,0.41070853250000006,27.0
a699f7e10a026261e599215bbbee0cbc,202.0,310.2,418.0,0.4035231555555555,24.0
a699f7e10a026261e599215bbbee0cbc,222.2,310.2,418.0,0.38672555249999996,21.0
a778b11e4e4ba54e29a39958cb07f4f2,168.0,266.4,355.5,0.8325142407407407,80.0
a778b11e4e4ba54e29a39958cb07f4f2,151.2,266.4,355.5,0.8293338492592591,88.0
a778b11e4e4ba54e29a39958cb07f4f2,184.8,266.4,355.5,0.8199797566666667,72.0
a778b11e4e4ba54e29a39958cb07f4f2,168.0,325.6,355.5,0.7581180694444446,60.0
a778b11e4e4ba54e29a39958cb07f4f2,151.2,325.6,355.5,0.7552218880555556,66.0
a778b11e4e4ba54e29a39958cb07f4f2,184.8,325.6,355.5,0.7467037074999999,54.0
a778b11e4e4ba54e29a39958cb07f4f2,168.0,296.0,355.5,0.691251875,60.0
a778b11e4e4ba54e29a39958cb07f4f2,151.2,296.0,355.5,0.6886111374999999,66.0
a778b11e4e4ba54e29a39958cb07f4f2,184.8,296.0,355.5,0.6808442625000001,54.0
a778b11e4e4ba54e29a39958cb07f4f2,168.0,266.4,434.5,0.5062278796296297,40.0
a778b11e4e4ba54e29a39958cb07f4f2,151.2,266.4,434.5,0.5042939753703704,44.0
a778b11e4e4ba54e29a39958cb07f4f2,184.8,266.4,434.5,0.4986060216666666,36.0
a778b11e4e4ba54e29a39958cb07f4f2,168.0,266.4,395.0,0.4612425,40.0
a778b11e4e4ba54e29a39958cb07f4f2,168.0,325.6,434.5,0.46098971527777777,30.0
a778b11e4e4ba54e29a39958cb07f4f2,151.2,266.4,395.0,0.45948044999999993,44.0
a778b11e4e4ba54e29a39958cb07f4f2,151.2,325.6,434.5,0.45922863097222216,33.0
a778b11e4e4ba54e29a39958cb07f4f2,184.8,266.4,395.0,0.45429795,36.0
a778b11e4e4ba54e29a39958cb07f4f2,184.8,325.6,434.5,0.45404897125000004,27.0
a778b11e4e4ba54e29a39958cb07f4f2,168.0,296.0,434.5,0.4203303125,30.0
a778b11e4e4ba54e29a39958cb07f4f2,168.0,325.6,395.0,0.420024375,30.0
a778b11e4e4ba54e29a39958cb07f4f2,151.2,296.0,434.5,0.41872455624999994,33.0
a778b11e4e4ba54e29a39958cb07f4f2,151.2,325.6,395.0,0.41841978750000003,33.0
a778b11e4e4ba54e29a39958cb07f4f2,184.8,296.0,434.5,0.41400174375000004,27.0
a778b11e4e4ba54e29a39958cb07f4f2,184.8,325.6,395.0,0.41370041250000006,27.0
a778b11e4e4ba54e29a39958cb07f4f2,168.0,296.0,395.0,0.382978125,30.0
a778b11e4e4ba54e29a39958cb07f4f2,151.2,296.0,395.0,0.3815150625,33.0
a778b11e4e4ba54e29a39958cb07f4f2,184.8,296.0,395.0,0.3772119375,27.0
a7d151b83674a2f9c36356597a93821c,211.5,226.8,380.0,0.9470355555555555,80.0
a7d151b83674a2f9c36356597a93821c,211.5,277.2,380.0,0.9188804444444445,64.0
a7d151b83674a2f9c36356597a93821c,235.0,226.8,380.0,0.9165722222222222,70.0
a7d151b83674a2f9c36356597a93821c,235.0,277.2,380.0,0.8893227777777778,56.0
a7d151b83674a2f9c36356597a93821c,258.5,226.8,380.0,0.86099,60.0
a7d151b83674a2f9c36356597a93821c,211.5,226.8,342.0,0.8547602962962965,80.0
a7d151b83674a2f9c36356597a93821c,211.5,252.0,380.0,0.8382544444444444,64.0
a7d151b83674a2f9c36356597a93821c,258.5,277.2,380.0,0.835393,48.0
a7d151b83674a2f9c36356597a93821c,211.5,277.2,342.0,0.8293485037037036,64.0
a7d151b83674a2f9c36356597a93821c,235.0,226.8,342.0,0.8272651851851852,70.0
a7d151b83674a2f9c36356597a93821c,235.0,252.0,380.0,0.8112902777777777,56.0
a7d151b83674a2f9c36356597a93821c,235.0,277.2,342.0,0.8026708148148148,56.0
a7d151b83674a2f9c36356597a93821c,258.5,226.8,342.0,0.7770986666666667,60.0
a7d151b83674a2f9c36356597a93821c,258.5,252.0,380.0,0.7620925,48.0
a7d151b83674a2f9c36356597a93821c,211.5,252.0,342.0,0.7565783703703703,64.0
a7d151b83674a2f9c36356597a93821c,258.5,277.2,342.0,0.7539957333333333,48.0
a7d151b83674a2f9c36356597a93821c,235.0,252.0,342.0,0.7322414814814815,56.0
a7d151b83674a2f9c36356597a93821c,258.5,252.0,342.0,0.6878373333333333,48.0
a7d151b83674a2f9c36356597a93821c,211.5,226.8,418.0,0.5196554074074075,40.0
a7d151b83674a2f9c36356597a93821c,211.5,277.2,418.0,0.5042061925925926,32.0
a7d151b83674a2f9c36356597a93821c,235.0,226.8,418.0,0.5029396296296297,35.0
a7d151b83674a2f9c36356597a93821c,235.0,277.2,418.0,0.4879873703703704,28.0
a7d151b83674a2f9c36356597a93821c,258.5,226.8,418.0,0.47244066666666673,30.0
a7d151b83674a2f9c36356597a93821c,211.5,252.0,418.0,0.45996525925925924,32.0
a7d151b83674a2f9c36356597a93821c,258.5,277.2,418.0,0.4583951333333333,24.0
a7d151b83674a2f9c36356597a93821c,235.0,252.0,418.0,0.44516953703703704,28.0
a7d151b83674a2f9c36356597a93821c,258.5,252.0,418.0,0.41817383333333336,24.0
a81b2225c037d3a9acb4e700a03958ae,208.8,286.0,386.0,0.9498837333333333,64.0
a81b2225c037d3a9acb4e700a03958ae,232.0,286.0,386.0,0.9192773333333333,56.0
a81b2225c037d3a9acb4e700a03958ae,255.2,286.0,386.0,0.8634911999999999,48.0
a81b2225c037d3a9acb4e700a03958ae,208.8,257.4,386.0,0.8581044266666666,64.0
a81b2225c037d3a9acb4e700a03958ae,208.8,286.0,347.4,0.8572940562962963,64.0
a81b2225c037d3a9acb4e700a03958ae,232.0,257.4,386.0,0.8304552666666665,56.0
a81b2225c037d3a9acb4e700a03958ae,232.0,286.0,347.4,0.8296710074074073,56.0
a81b2225c037d3a9acb4e700a03958ae,208.8,314.6,386.0,0.7812472800000001,48.0
a81b2225c037d3a9acb4e700a03958ae,255.2,257.4,386.0,0.7800592799999999,48.0
a81b2225c037d3a9acb4e700a03958ae,255.2,286.0,347.4,0.7793226133333333,48.0
a81b2225c037d3a9acb4e700a03958ae,208.8,257.4,347.4,0.7744609143703702,64.0
a81b2225c037d3a9acb4e700a03958ae,232.0,314.6,386.0,0.75607455,42.0
a81b2225c037d3a9acb4e700a03958ae,232.0,257.4,347.4,0.7495068492592593,56.0
a81b2225c037d3a9acb4e700a03958ae,255.2,314.6,386.0,0.71019234,36.0
a81b2225c037d3a9acb4e700a03958ae,208.8,314.6,347.4,0.7050953986666667,48.0
a81b2225c037d3a9acb4e700a03958ae,255.2,257.4,347.4,0.7040231986666665,48.0
a81b2225c037d3a9acb4e700a03958ae,232.0,314.6,347.4,0.6823763741666667,42.0
a81b2225c037d3a9acb4e700a03958ae,255.2,314.6,347.4,0.640966521,36.0
a81b2225c037d3a9acb4e700a03958ae,208.8,286.0,424.6,0.5212367051851852,32.0
a81b2225c037d3a9acb4e700a03958ae,232.0,286.0,424.6,0.5044418296296297,28.0
a81b2225c037d3a9acb4e700a03958ae,255.2,286.0,424.6,0.47382989333333336,24.0
a81b2225c037d3a9acb4e700a03958ae,208.8,257.4,424.6,0.47087396948148147,32.0
a81b2225c037d3a9acb4e700a03958ae,232.0,257.4,424.6,0.455701842037037,28.0
a81b2225c037d3a9acb4e700a03958ae,208.8,314.6,424.6,0.4286995806666668,24.0
a81b2225c037d3a9acb4e700a03958ae,255.2,257.4,424.6,0.4280476806666667,24.0
a81b2225c037d3a9acb4e700a03958ae,232.0,314.6,424.6,0.41488636291666675,21.0
a81b2225c037d3a9acb4e700a03958ae,255.2,314.6,424.6,0.38970907949999994,18.0
a864dfb999785d464e7867269d6489cb,157.5,282.0,380.0,0.8830972222222222,80.0
a864dfb999785d464e7867269d6489cb,175.0,282.0,380.0,0.877825,72.0
a864dfb999785d464e7867269d6489cb,192.5,282.0,380.0,0.8541,64.0
a864dfb999785d464e7867269d6489cb,157.5,253.8,380.0,0.7978118055555555,80.0
a864dfb999785d464e7867269d6489cb,157.5,282.0,342.0,0.7970518518518519,80.0
a864dfb999785d464e7867269d6489cb,175.0,253.8,380.0,0.79304875,72.0
a864dfb999785d464e7867269d6489cb,175.0,282.0,342.0,0.7922933333333333,72.0
a864dfb999785d464e7867269d6489cb,192.5,253.8,380.0,0.771615,64.0
a864dfb999785d464e7867269d6489cb,192.5,282.0,342.0,0.77088,64.0
a864dfb999785d464e7867269d6489cb,157.5,310.2,380.0,0.7262869791666666,60.0
a864dfb999785d464e7867269d6489cb,175.0,310.2,380.0,0.7219509375,54.0
a864dfb999785d464e7867269d6489cb,157.5,253.8,342.0,0.7200762962962963,80.0
a864dfb999785d464e7867269d6489cb,175.0,253.8,342.0,0.7157773333333334,72.0
a864dfb999785d464e7867269d6489cb,192.5,310.2,380.0,0.70243875,48.0
a864dfb999785d464e7867269d6489cb,192.5,253.8,342.0,0.696432,64.0
a864dfb999785d464e7867269d6489cb,157.5,310.2,342.0,0.6555205555555556,60.0
a864dfb999785d464e7867269d6489cb,175.0,310.2,342.0,0.651607,54.0
a864dfb999785d464e7867269d6489cb,192.5,310.2,342.0,0.633996,48.0
a864dfb999785d464e7867269d6489cb,157.5,282.0,418.0,0.4845712962962963,40.0
a864dfb999785d464e7867269d6489cb,175.0,282.0,418.0,0.4816783333333333,36.0
a864dfb999785d464e7867269d6489cb,192.5,282.0,418.0,0.46866,32.0
a864dfb999785d464e7867269d6489cb,157.5,253.8,418.0,0.4377736574074074,40.0
a864dfb999785d464e7867269d6489cb,175.0,253.8,418.0,0.43516008333333334,36.0
a864dfb999785d464e7867269d6489cb,192.5,253.8,418.0,0.423399,32.0
a864dfb999785d464e7867269d6489cb,157.5,310.2,418.0,0.3985267013888889,30.0
a864dfb999785d464e7867269d6489cb,175.0,310.2,418.0,0.3961474375,27.0
a864dfb999785d464e7867269d6489cb,192.5,310.2,418.0,0.38544075,24.0
aaf392f3c544855a81cee5b4895b3983,281.6,282.0,380.0,0.9224280000000001,48.0
aaf392f3c544855a81cee5b4895b3983,230.4,282.0,380.0,0.8872095555555556,56.0
aaf392f3c544855a81cee5b4895b3983,256.0,282.0,380.0,0.8414466666666667,48.0
aaf392f3c544855a81cee5b4895b3983,281.6,253.8,380.0,0.8333442000000002,48.0
aaf392f3c544855a81cee5b4895b3983,281.6,282.0,342.0,0.8325504000000001,48.0
aaf392f3c544855a81cee5b4895b3983,230.4,253.8,380.0,0.8015269888888888,56.0
aaf392f3c544855a81cee5b4895b3983,230.4,282.0,342.0,0.8007634962962964,56.0
aaf392f3c544855a81cee5b4895b3983,256.0,253.8,380.0,0.7601836666666667,48.0
aaf392f3c544855a81cee5b4895b3983,256.0,282.0,342.0,0.7594595555555556,48.0
aaf392f3c544855a81cee5b4895b3983,281.6,310.2,380.0,0.7586338500000002,36.0
aaf392f3c544855a81cee5b4895b3983,281.6,253.8,342.0,0.7521465600000001,48.0
aaf392f3c544855a81cee5b4895b3983,230.4,310.2,380.0,0.7296690916666666,42.0
aaf392f3c544855a81cee5b4895b3983,230.4,253.8,342.0,0.7234294874074075,56.0
aaf392f3c544855a81cee5b4895b3983,256.0,310.2,380.0,0.69203225,36.0
aaf392f3c544855a81cee5b4895b3983,256.0,253.8,342.0,0.686114488888889,48.0
aaf392f3c544855a81cee5b4895b3983,281.6,310.2,342.0,0.6847156799999999,36.0
aaf392f3c544855a81cee5b4895b3983,230.4,310.2,342.0,0.6585731288888889,42.0
aaf392f3c544855a81cee5b4895b3983,256.0,310.2,342.0,0.6246034666666666,36.0
aaf392f3c544855a81cee5b4895b3983,281.6,282.0,418.0,0.5061528000000001,24.0
aaf392f3c544855a81cee5b4895b3983,230.4,282.0,418.0,0.48682780740740744,28.0
aaf392f3c544855a81cee5b4895b3983,256.0,282.0,418.0,0.4617168888888889,24.0
aaf392f3c544855a81cee5b4895b3983,281.6,253.8,418.0,0.4572709200000001,24.0
aaf392f3c544855a81cee5b4895b3983,230.4,253.8,418.0,0.43981224518518525,28.0
aaf392f3c544855a81cee5b4895b3983,256.0,253.8,418.0,0.41712642222222224,24.0
aaf392f3c544855a81cee5b4895b3983,281.6,310.2,418.0,0.41627601,18.0
aaf392f3c544855a81cee5b4895b3983,230.4,310.2,418.0,0.4003825272222223,21.0
aaf392f3c544855a81cee5b4895b3983,256.0,310.2,418.0,0.3797305166666667,18.0
ab2be01db2336d90876b25f646f81b48,283.0,286.0,386.0,0.954008,48.0
ab2be01db2336d90876b25f646f81b48,311.3,286.0,386.0,0.8717940000000002,40.0
ab2be01db2336d90876b25f646f81b48,254.7,286.0,386.0,0.8618631999999999,48.0
ab2be01db2336d90876b25f646f81b48,283.0,257.4,386.0,0.8618302,48.0
ab2be01db2336d90876b25f646f81b48,283.0,286.0,347.4,0.8610163111111111,48.0
ab2be01db2336d90876b25f646f81b48,311.3,257.4,386.0,0.7875598499999998,40.0
ab2be01db2336d90876b25f646f81b48,311.3,286.0,347.4,0.7868160999999998,40.0
ab2be01db2336d90876b25f646f81b48,283.0,314.6,386.0,0.7846393500000001,36.0
ab2be01db2336d90876b25f646f81b48,254.7,257.4,386.0,0.7785885799999999,48.0
ab2be01db2336d90876b25f646f81b48,254.7,286.0,347.4,0.7778533022222223,48.0
ab2be01db2336d90876b25f646f81b48,283.0,257.4,347.4,0.7778235188888888,48.0
ab2be01db2336d90876b25f646f81b48,311.3,314.6,386.0,0.7170211125,30.0
ab2be01db2336d90876b25f646f81b48,311.3,257.4,347.4,0.7107926524999999,40.0
ab2be01db2336d90876b25f646f81b48,254.7,314.6,386.0,0.7088533649999998,36.0
ab2be01db2336d90876b25f646f81b48,283.0,314.6,347.4,0.7081568275000001,36.0
ab2be01db2336d90876b25f646f81b48,254.7,257.4,347.4,0.7026958547777776,48.0
ab2be01db2336d90876b25f646f81b48,311.3,314.6,347.4,0.647129660625,30.0
ab2be01db2336d90876b25f646f81b48,254.7,314.6,347.4,0.6397580622499999,36.0
ab2be01db2336d90876b25f646f81b48,283.0,286.0,424.6,0.5234998444444444,24.0
ab2be01db2336d90876b25f646f81b48,311.3,286.0,424.6,0.47838595000000006,20.0
ab2be01db2336d90876b25f646f81b48,254.7,286.0,424.6,0.4729365488888889,24.0
ab2be01db2336d90876b25f646f81b48,283.0,257.4,424.6,0.47291844055555554,24.0
ab2be01db2336d90876b25f646f81b48,311.3,257.4,424.6,0.43216352375,20.0
ab2be01db2336d90876b25f646f81b48,283.0,314.6,424.6,0.43056093625,18.0
ab2be01db2336d90876b25f646f81b48,254.7,257.4,424.6,0.42724065261111105,24.0
ab2be01db2336d90876b25f646f81b48,311.3,314.6,424.6,0.39345628218750006,15.0
ab2be01db2336d90876b25f646f81b48,254.7,314.6,424.6,0.38897433387499997,18.0
ab79baee2357a91142d0c868d05f3c31,283.8,223.2,383.0,0.9349328083333335,60.0
ab79baee2357a91142d0c868d05f3c31,283.8,272.8,383.0,0.9070291533333333,48.0
ab79baee2357a91142d0c868d05f3c31,232.2,223.2,383.0,0.8991860013888888,70.0
ab79baee2357a91142d0c868d05f3c31,232.2,272.8,383.0,0.8723492322222224,56.0
ab79baee2357a91142d0c868d05f3c31,258.0,223.2,383.0,0.8528318333333333,60.0
ab79baee2357a91142d0c868d05f3c31,283.8,223.2,344.7,0.843818491388889,60.0
ab79baee2357a91142d0c868d05f3c31,283.8,248.0,383.0,0.8274877,48.0
ab79baee2357a91142d0c868d05f3c31,258.0,272.8,383.0,0.8273785333333334,48.0
ab79baee2357a91142d0c868d05f3c31,283.8,272.8,344.7,0.8186342002222222,48.0
ab79baee2357a91142d0c868d05f3c31,232.2,223.2,344.7,0.8115554063425925,70.0
ab79baee2357a91142d0c868d05f3c31,232.2,248.0,383.0,0.7958490166666666,56.0
ab79baee2357a91142d0c868d05f3c31,232.2,272.8,344.7,0.7873340271481483,56.0
ab79baee2357a91142d0c868d05f3c31,258.0,223.2,344.7,0.7697187055555554,60.0
ab79baee2357a91142d0c868d05f3c31,258.0,248.0,383.0,0.754822,48.0
ab79baee2357a91142d0c868d05f3c31,283.8,248.0,344.7,0.7468444966666669,48.0
ab79baee2357a91142d0c868d05f3c31,258.0,272.8,344.7,0.746745968888889,48.0
ab79baee2357a91142d0c868d05f3c31,232.2,248.0,344.7,0.7182891761111111,56.0
ab79baee2357a91142d0c868d05f3c31,258.0,248.0,344.7,0.6812604666666667,48.0
ab79baee2357a91142d0c868d05f3c31,283.8,223.2,421.3,0.5130235626388889,30.0
ab79baee2357a91142d0c868d05f3c31,283.8,272.8,421.3,0.49771205322222223,24.0
ab79baee2357a91142d0c868d05f3c31,232.2,223.2,421.3,0.4934082982175926,35.0
ab79baee2357a91142d0c868d05f3c31,232.2,272.8,421.3,0.47868221864814814,28.0
ab79baee2357a91142d0c868d05f3c31,258.0,223.2,421.3,0.4679724805555555,30.0
ab79baee2357a91142d0c868d05f3c31,283.8,248.0,421.3,0.4540654516666667,24.0
ab79baee2357a91142d0c868d05f3c31,258.0,272.8,421.3,0.4540055488888889,24.0
ab79baee2357a91142d0c868d05f3c31,232.2,248.0,421.3,0.4367044286111111,28.0
ab79baee2357a91142d0c868d05f3c31,258.0,248.0,421.3,0.4141917666666666,24.0
ac8b5267c6be652bd0aff43408408e79,188.1,288.0,388.0,0.9789771833333333,72.0
ac8b5267c6be652bd0aff43408408e79,209.0,288.0,388.0,0.9620102222222222,64.0
ac8b5267c6be652bd0aff43408408e79,229.9,288.0,388.0,0.9220911907407406,56.0
ac8b5267c6be652bd0aff43408408e79,188.1,259.2,388.0,0.8843646233333333,72.0
ac8b5267c6be652bd0aff43408408e79,188.1,288.0,349.2,0.8835392066666666,72.0
ac8b5267c6be652bd0aff43408408e79,209.0,259.2,388.0,0.8690374222222221,64.0
ac8b5267c6be652bd0aff43408408e79,209.0,288.0,349.2,0.868226311111111,64.0
ac8b5267c6be652bd0aff43408408e79,229.9,259.2,388.0,0.8329763374074074,56.0
ac8b5267c6be652bd0aff43408408e79,229.9,288.0,349.2,0.8321988837037037,56.0
ac8b5267c6be652bd0aff43408408e79,188.1,316.8,388.0,0.8051923074999999,54.0
ac8b5267c6be652bd0aff43408408e79,188.1,259.2,349.2,0.7981501826666667,72.0
ac8b5267c6be652bd0aff43408408e79,209.0,316.8,388.0,0.7912372666666666,48.0
ac8b5267c6be652bd0aff43408408e79,209.0,259.2,349.2,0.784317191111111,64.0
ac8b5267c6be652bd0aff43408408e79,229.9,316.8,388.0,0.7584045330555557,42.0
ac8b5267c6be652bd0aff43408408e79,229.9,259.2,349.2,0.7517716090370371,56.0
ac8b5267c6be652bd0aff43408408e79,188.1,316.8,349.2,0.726696173,54.0
ac8b5267c6be652bd0aff43408408e79,209.0,316.8,349.2,0.7141015733333332,48.0
ac8b5267c6be652bd0aff43408408e79,229.9,316.8,349.2,0.6844696187777779,42.0
ac8b5267c6be652bd0aff43408408e79,188.1,288.0,426.8,0.53720758,36.0
ac8b5267c6be652bd0aff43408408e79,209.0,288.0,426.8,0.5278970666666667,32.0
ac8b5267c6be652bd0aff43408408e79,229.9,288.0,426.8,0.5059917488888889,28.0
ac8b5267c6be652bd0aff43408408e79,188.1,259.2,426.8,0.485289532,36.0
ac8b5267c6be652bd0aff43408408e79,209.0,259.2,426.8,0.4768788266666667,32.0
ac8b5267c6be652bd0aff43408408e79,229.9,259.2,426.8,0.4570905328888889,28.0
ac8b5267c6be652bd0aff43408408e79,188.1,316.8,426.8,0.441844221,27.0
ac8b5267c6be652bd0aff43408408e79,209.0,316.8,426.8,0.43418648,24.0
ac8b5267c6be652bd0aff43408408e79,229.9,316.8,426.8,0.4161697236666667,21.0
ad02b3d41b4467a5a65a742951a80e72,188.1,286.0,386.0,0.9675203999999998,72.0
ad02b3d41b4467a5a65a742951a80e72,153.9,286.0,386.0,0.8894306666666668,80.0
ad02b3d41b4467a5a65a742951a80e72,171.0,286.0,386.0,0.884004,72.0
ad02b3d41b4467a5a65a742951a80e72,188.1,257.4,386.0,0.87403701,72.0
ad02b3d41b4467a5a65a742951a80e72,188.1,286.0,347.4,0.8732115933333333,72.0
ad02b3d41b4467a5a65a742951a80e72,153.9,257.4,386.0,0.8034924333333333,80.0
ad02b3d41b4467a5a65a742951a80e72,153.9,286.0,347.4,0.802733637037037,80.0
ad02b3d41b4467a5a65a742951a80e72,171.0,257.4,386.0,0.7985901,72.0
ad02b3d41b4467a5a65a742951a80e72,171.0,286.0,347.4,0.7978359333333334,72.0
ad02b3d41b4467a5a65a742951a80e72,188.1,314.6,386.0,0.7957528425000001,54.0
ad02b3d41b4467a5a65a742951a80e72,188.1,257.4,347.4,0.7888404731666666,72.0
ad02b3d41b4467a5a65a742951a80e72,153.9,314.6,386.0,0.731526675,60.0
ad02b3d41b4467a5a65a742951a80e72,171.0,314.6,386.0,0.7270634250000001,54.0
ad02b3d41b4467a5a65a742951a80e72,153.9,257.4,347.4,0.7251722112962963,80.0
ad02b3d41b4467a5a65a742951a80e72,171.0,257.4,347.4,0.7207477316666666,72.0
ad02b3d41b4467a5a65a742951a80e72,188.1,314.6,347.4,0.7181870351249999,54.0
ad02b3d41b4467a5a65a742951a80e72,153.9,314.6,347.4,0.6602212970833333,60.0
ad02b3d41b4467a5a65a742951a80e72,171.0,314.6,347.4,0.6561931012500001,54.0
ad02b3d41b4467a5a65a742951a80e72,188.1,286.0,424.6,0.5309146033333334,36.0
ad02b3d41b4467a5a65a742951a80e72,153.9,286.0,424.6,0.48806384814814824,40.0
ad02b3d41b4467a5a65a742951a80e72,171.0,286.0,424.6,0.48508603333333333,36.0
ad02b3d41b4467a5a65a742951a80e72,188.1,257.4,424.6,0.47961677341666664,36.0
ad02b3d41b4467a5a65a742951a80e72,153.9,257.4,424.6,0.4409063276851853,40.0
ad02b3d41b4467a5a65a742951a80e72,171.0,257.4,424.6,0.43821623416666666,36.0
ad02b3d41b4467a5a65a742951a80e72,188.1,314.6,424.6,0.43665932493750004,27.0
ad02b3d41b4467a5a65a742951a80e72,153.9,314.6,424.6,0.40141602645833335,30.0
ad02b3d41b4467a5a65a742951a80e72,171.0,314.6,424.6,0.39896687437500006,27.0
ad23381bab48bad4640990fdc6a27c9b,206.1,223.2,383.0,0.9169002944444444,80.0
ad23381bab48bad4640990fdc6a27c9b,206.1,272.8,383.0,0.8895348311111112,64.0
ad23381bab48bad4640990fdc6a27c9b,229.0,223.2,383.0,0.8873057569444445,70.0
ad23381bab48bad4640990fdc6a27c9b,229.0,272.8,383.0,0.860823561111111,56.0
ad23381bab48bad4640990fdc6a27c9b,251.9,223.2,383.0,0.8334203625,60.0
ad23381bab48bad4640990fdc6a27c9b,206.1,223.2,344.7,0.8275433446296296,80.0
ad23381bab48bad4640990fdc6a27c9b,206.1,248.0,383.0,0.8115275333333333,64.0
ad23381bab48bad4640990fdc6a27c9b,251.9,272.8,383.0,0.80854641,48.0
ad23381bab48bad4640990fdc6a27c9b,206.1,272.8,344.7,0.8028447954074074,64.0
ad23381bab48bad4640990fdc6a27c9b,229.0,223.2,344.7,0.8008329567129628,70.0
ad23381bab48bad4640990fdc6a27c9b,229.0,248.0,383.0,0.7853340833333333,56.0
ad23381bab48bad4640990fdc6a27c9b,229.0,272.8,344.7,0.7769315957407407,56.0
ad23381bab48bad4640990fdc6a27c9b,251.9,223.2,344.7,0.75219898875,60.0
ad23381bab48bad4640990fdc6a27c9b,251.9,248.0,383.0,0.73764135,48.0
ad23381bab48bad4640990fdc6a27c9b,206.1,248.0,344.7,0.7324397355555555,64.0
ad23381bab48bad4640990fdc6a27c9b,251.9,272.8,344.7,0.7297491389999999,48.0
ad23381bab48bad4640990fdc6a27c9b,229.0,248.0,344.7,0.7087989805555555,56.0
ad23381bab48bad4640990fdc6a27c9b,251.9,248.0,344.7,0.665754165,48.0
ad23381bab48bad4640990fdc6a27c9b,206.1,223.2,421.3,0.5031286221296296,40.0
ad23381bab48bad4640990fdc6a27c9b,206.1,272.8,421.3,0.48811243340740745,32.0
ad23381bab48bad4640990fdc6a27c9b,229.0,223.2,421.3,0.48688927858796294,35.0
ad23381bab48bad4640990fdc6a27c9b,229.0,272.8,421.3,0.47235776324074075,28.0
ad23381bab48bad4640990fdc6a27c9b,251.9,223.2,421.3,0.45732086812499995,30.0
ad23381bab48bad4640990fdc6a27c9b,206.1,248.0,421.3,0.4453076655555555,32.0
ad23381bab48bad4640990fdc6a27c9b,251.9,272.8,421.3,0.44367184049999997,24.0
ad23381bab48bad4640990fdc6a27c9b,229.0,248.0,421.3,0.4309345930555556,28.0
ad23381bab48bad4640990fdc6a27c9b,251.9,248.0,421.3,0.4047642675,24.0
ad82db0ca04dc6e4f24560b7e49b6000,151.8,266.4,355.5,0.8324206998148148,88.0
ad82db0ca04dc6e4f24560b7e49b6000,138.0,266.4,355.5,0.8306434222222222,96.0
ad82db0ca04dc6e4f24560b7e49b6000,124.2,266.4,355.5,0.8159574968518518,104.0
ad82db0ca04dc6e4f24560b7e49b6000,151.8,325.6,355.5,0.758032887638889,66.0
ad82db0ca04dc6e4f24560b7e49b6000,138.0,325.6,355.5,0.7564144333333335,72.0
ad82db0ca04dc6e4f24560b7e49b6000,124.2,325.6,355.5,0.743040889861111,78.0
ad82db0ca04dc6e4f24560b7e49b6000,151.8,296.0,355.5,0.69117420625,66.0
ad82db0ca04dc6e4f24560b7e49b6000,138.0,296.0,355.5,0.6896985,72.0
ad82db0ca04dc6e4f24560b7e49b6000,124.2,296.0,355.5,0.67750450625,78.0
ad82db0ca04dc6e4f24560b7e49b6000,151.8,266.4,434.5,0.5061710000925925,44.0
ad82db0ca04dc6e4f24560b7e49b6000,138.0,266.4,434.5,0.5050902888888888,48.0
ad82db0ca04dc6e4f24560b7e49b6000,124.2,266.4,434.5,0.49616020157407403,52.0
ad82db0ca04dc6e4f24560b7e49b6000,151.8,266.4,395.0,0.46119067499999994,44.0
ad82db0ca04dc6e4f24560b7e49b6000,151.8,325.6,434.5,0.46093791868055556,33.0
ad82db0ca04dc6e4f24560b7e49b6000,138.0,266.4,395.0,0.46020599999999995,48.0
ad82db0ca04dc6e4f24560b7e49b6000,138.0,325.6,434.5,0.45995378333333337,36.0
ad82db0ca04dc6e4f24560b7e49b6000,124.2,266.4,395.0,0.452069475,52.0
ad82db0ca04dc6e4f24560b7e49b6000,124.2,325.6,434.5,0.4518217175694444,39.0
ad82db0ca04dc6e4f24560b7e49b6000,151.8,296.0,434.5,0.42028308437500006,33.0
ad82db0ca04dc6e4f24560b7e49b6000,151.8,325.6,395.0,0.41997718125000005,33.0
ad82db0ca04dc6e4f24560b7e49b6000,138.0,296.0,434.5,0.41938575,36.0
ad82db0ca04dc6e4f24560b7e49b6000,138.0,325.6,395.0,0.4190805,36.0
ad82db0ca04dc6e4f24560b7e49b6000,124.2,296.0,434.5,0.41197093437499993,39.0
ad82db0ca04dc6e4f24560b7e49b6000,124.2,325.6,395.0,0.4116710812499999,39.0
ad82db0ca04dc6e4f24560b7e49b6000,151.8,296.0,395.0,0.38293509375,33.0
ad82db0ca04dc6e4f24560b7e49b6000,138.0,296.0,395.0,0.3821175,36.0
ad82db0ca04dc6e4f24560b7e49b6000,124.2,296.0,395.0,0.37536159374999994,39.0
ad99ed562d5d808977b10fa512bfde8b,214.0,286.0,386.0,0.9724586666666667,64.0
ad99ed562d5d808977b10fa512bfde8b,235.4,286.0,386.0,0.9321928,56.0
ad99ed562d5d808977b10fa512bfde8b,192.6,286.0,386.0,0.8795541333333332,64.0
ad99ed562d5d808977b10fa512bfde8b,214.0,257.4,386.0,0.8784981333333333,64.0
ad99ed562d5d808977b10fa512bfde8b,214.0,286.0,347.4,0.8776685037037036,64.0
ad99ed562d5d808977b10fa512bfde8b,235.4,257.4,386.0,0.8421228199999999,56.0
ad99ed562d5d808977b10fa512bfde8b,235.4,286.0,347.4,0.8413275422222223,56.0
ad99ed562d5d808977b10fa512bfde8b,214.0,314.6,386.0,0.7998144,48.0
ad99ed562d5d808977b10fa512bfde8b,192.6,257.4,386.0,0.7945701866666665,64.0
ad99ed562d5d808977b10fa512bfde8b,192.6,286.0,347.4,0.7938198162962963,64.0
ad99ed562d5d808977b10fa512bfde8b,214.0,257.4,347.4,0.7928667496296294,64.0
ad99ed562d5d808977b10fa512bfde8b,235.4,314.6,386.0,0.7666970850000001,42.0
ad99ed562d5d808977b10fa512bfde8b,235.4,257.4,347.4,0.7600371107777777,56.0
ad99ed562d5d808977b10fa512bfde8b,192.6,314.6,386.0,0.7234035600000002,48.0
ad99ed562d5d808977b10fa512bfde8b,214.0,314.6,347.4,0.7218526933333332,48.0
ad99ed562d5d808977b10fa512bfde8b,192.6,257.4,347.4,0.7171196583703703,64.0
ad99ed562d5d808977b10fa512bfde8b,235.4,314.6,347.4,0.69196348025,42.0
ad99ed562d5d808977b10fa512bfde8b,192.6,314.6,347.4,0.6528899806666667,48.0
ad99ed562d5d808977b10fa512bfde8b,214.0,286.0,424.6,0.5336244148148148,32.0
ad99ed562d5d808977b10fa512bfde8b,235.4,286.0,424.6,0.511529028888889,28.0
ad99ed562d5d808977b10fa512bfde8b,192.6,286.0,424.6,0.4826442251851852,32.0
ad99ed562d5d808977b10fa512bfde8b,214.0,257.4,424.6,0.4820647585185185,32.0
ad99ed562d5d808977b10fa512bfde8b,235.4,257.4,424.6,0.46210426461111104,28.0
ad99ed562d5d808977b10fa512bfde8b,214.0,314.6,424.6,0.43888805333333347,24.0
ad99ed562d5d808977b10fa512bfde8b,192.6,257.4,424.6,0.4360103574814814,32.0
ad99ed562d5d808977b10fa512bfde8b,235.4,314.6,424.6,0.42071534487500006,21.0
ad99ed562d5d808977b10fa512bfde8b,192.6,314.6,424.6,0.3969585696666667,24.0
ae072ed4f441d6f7ab5283589778daca,165.6,229.5,353.7,0.8851759224537036,100.0
ae072ed4f441d6f7ab5283589778daca,184.0,229.5,353.7,0.8801350572916665,90.0
ae072ed4f441d6f7ab5283589778daca,165.6,280.5,353.7,0.8589347990740739,80.0
ae072ed4f441d6f7ab5283589778daca,202.4,229.5,353.7,0.8565438083333334,80.0
ae072ed4f441d6f7ab5283589778daca,184.0,280.5,353.7,0.8540433708333333,72.0
ae072ed4f441d6f7ab5283589778daca,202.4,280.5,353.7,0.8311514866666667,64.0
ae072ed4f441d6f7ab5283589778daca,165.6,255.0,353.7,0.7835377685185185,80.0
ae072ed4f441d6f7ab5283589778daca,184.0,255.0,353.7,0.7790757083333333,72.0
ae072ed4f441d6f7ab5283589778daca,202.4,255.0,353.7,0.7581932666666666,64.0
ae072ed4f441d6f7ab5283589778daca,165.6,229.5,432.3,0.5382366105324073,50.0
ae072ed4f441d6f7ab5283589778daca,184.0,229.5,432.3,0.5351714817708334,45.0
ae072ed4f441d6f7ab5283589778daca,165.6,280.5,432.3,0.5222805356481481,40.0
ae072ed4f441d6f7ab5283589778daca,202.4,229.5,432.3,0.5208266791666667,40.0
ae072ed4f441d6f7ab5283589778daca,184.0,280.5,432.3,0.5193062729166666,36.0
ae072ed4f441d6f7ab5283589778daca,202.4,280.5,432.3,0.5053867233333333,32.0
ae072ed4f441d6f7ab5283589778daca,165.6,229.5,393.0,0.49041228587962954,50.0
ae072ed4f441d6f7ab5283589778daca,184.0,229.5,393.0,0.48761950520833336,45.0
ae072ed4f441d6f7ab5283589778daca,165.6,255.0,432.3,0.47643491203703703,40.0
ae072ed4f441d6f7ab5283589778daca,165.6,280.5,393.0,0.4758739675925926,40.0
ae072ed4f441d6f7ab5283589778daca,202.4,229.5,393.0,0.47454929166666676,40.0
ae072ed4f441d6f7ab5283589778daca,184.0,255.0,432.3,0.47372172916666666,36.0
ae072ed4f441d6f7ab5283589778daca,184.0,280.5,393.0,0.4731639791666667,36.0
ae072ed4f441d6f7ab5283589778daca,202.4,255.0,432.3,0.46102403333333336,32.0
ae072ed4f441d6f7ab5283589778daca,202.4,280.5,393.0,0.46048123333333335,32.0
ae072ed4f441d6f7ab5283589778daca,165.6,255.0,393.0,0.43410189814814815,40.0
ae072ed4f441d6f7ab5283589778daca,184.0,255.0,393.0,0.43162979166666665,36.0
ae072ed4f441d6f7ab5283589778daca,202.4,255.0,393.0,0.4200603333333333,32.0
af25ed4a56d3b3317fc10fd23b427cc4,286.0,229.5,353.7,0.8952576527777778,60.0
af25ed4a56d3b3317fc10fd23b427cc4,286.0,280.5,353.7,0.8687176555555556,48.0
af25ed4a56d3b3317fc10fd23b427cc4,234.0,229.5,353.7,0.8609797696759258,70.0
af25ed4a56d3b3317fc10fd23b427cc4,234.0,280.5,353.7,0.8354559435185185,56.0
af25ed4a56d3b3317fc10fd23b427cc4,260.0,229.5,353.7,0.81662015625,60.0
af25ed4a56d3b3317fc10fd23b427cc4,286.0,255.0,353.7,0.7924618888888889,48.0
af25ed4a56d3b3317fc10fd23b427cc4,260.0,280.5,353.7,0.792411375,48.0
af25ed4a56d3b3317fc10fd23b427cc4,234.0,255.0,353.7,0.7621198796296297,56.0
af25ed4a56d3b3317fc10fd23b427cc4,260.0,255.0,353.7,0.72285375,48.0
af25ed4a56d3b3317fc10fd23b427cc4,286.0,229.5,432.3,0.5443668680555556,30.0
af25ed4a56d3b3317fc10fd23b427cc4,286.0,280.5,432.3,0.528229061111111,24.0
af25ed4a56d3b3317fc10fd23b427cc4,234.0,229.5,432.3,0.5235239924768519,35.0
af25ed4a56d3b3317fc10fd23b427cc4,234.0,280.5,432.3,0.5080040745370371,28.0
af25ed4a56d3b3317fc10fd23b427cc4,260.0,229.5,432.3,0.496550859375,30.0
af25ed4a56d3b3317fc10fd23b427cc4,286.0,229.5,393.0,0.49599784722222223,30.0
af25ed4a56d3b3317fc10fd23b427cc4,286.0,255.0,432.3,0.48186127777777776,24.0
af25ed4a56d3b3317fc10fd23b427cc4,260.0,280.5,432.3,0.4818305625,24.0
af25ed4a56d3b3317fc10fd23b427cc4,286.0,280.5,393.0,0.48129394444444445,24.0
af25ed4a56d3b3317fc10fd23b427cc4,234.0,229.5,393.0,0.4770069386574074,35.0
af25ed4a56d3b3317fc10fd23b427cc4,234.0,255.0,432.3,0.46341163425925924,28.0
af25ed4a56d3b3317fc10fd23b427cc4,234.0,280.5,393.0,0.4628660231481482,28.0
af25ed4a56d3b3317fc10fd23b427cc4,260.0,229.5,393.0,0.45243046875,30.0
af25ed4a56d3b3317fc10fd23b427cc4,260.0,255.0,432.3,0.439535625,24.0
af25ed4a56d3b3317fc10fd23b427cc4,286.0,255.0,393.0,0.43904611111111114,24.0
af25ed4a56d3b3317fc10fd23b427cc4,260.0,280.5,393.0,0.439018125,24.0
af25ed4a56d3b3317fc10fd23b427cc4,234.0,255.0,393.0,0.422235787037037,28.0
af25ed4a56d3b3317fc10fd23b427cc4,260.0,255.0,393.0,0.40048125,24.0
b10375e57c7a7f209de7bf3aec5aa29f,241.2,286.0,386.0,0.9542250666666667,56.0
b10375e57c7a7f209de7bf3aec5aa29f,268.0,286.0,386.0,0.905168,48.0
b10375e57c7a7f209de7bf3aec5aa29f,241.2,257.4,386.0,0.8620262933333332,56.0
b10375e57c7a7f209de7bf3aec5aa29f,241.2,286.0,347.4,0.8612122192592592,56.0
b10375e57c7a7f209de7bf3aec5aa29f,294.8,286.0,386.0,0.8270240000000001,40.0
b10375e57c7a7f209de7bf3aec5aa29f,268.0,257.4,386.0,0.8177091999999999,48.0
b10375e57c7a7f209de7bf3aec5aa29f,268.0,286.0,347.4,0.8169369777777777,48.0
b10375e57c7a7f209de7bf3aec5aa29f,241.2,314.6,386.0,0.7848178800000001,42.0
b10375e57c7a7f209de7bf3aec5aa29f,241.2,257.4,347.4,0.7780004980740739,56.0
b10375e57c7a7f209de7bf3aec5aa29f,294.8,257.4,386.0,0.7471155999999999,40.0
b10375e57c7a7f209de7bf3aec5aa29f,294.8,286.0,347.4,0.7464100444444444,40.0
b10375e57c7a7f209de7bf3aec5aa29f,268.0,314.6,386.0,0.7444701000000001,36.0
b10375e57c7a7f209de7bf3aec5aa29f,268.0,257.4,347.4,0.7380032022222222,48.0
b10375e57c7a7f209de7bf3aec5aa29f,241.2,314.6,347.4,0.7083179553333333,42.0
b10375e57c7a7f209de7bf3aec5aa29f,294.8,314.6,386.0,0.6801993000000001,30.0
b10375e57c7a7f209de7bf3aec5aa29f,294.8,257.4,347.4,0.6742906955555553,40.0
b10375e57c7a7f209de7bf3aec5aa29f,268.0,314.6,347.4,0.671903065,36.0
b10375e57c7a7f209de7bf3aec5aa29f,294.8,314.6,347.4,0.6138970450000001,30.0
b10375e57c7a7f209de7bf3aec5aa29f,241.2,286.0,424.6,0.523618957037037,28.0
b10375e57c7a7f209de7bf3aec5aa29f,268.0,286.0,424.6,0.49669951111111116,24.0
b10375e57c7a7f209de7bf3aec5aa29f,241.2,257.4,424.6,0.47302604429629624,28.0
b10375e57c7a7f209de7bf3aec5aa29f,294.8,286.0,424.6,0.4538189777777778,20.0
b10375e57c7a7f209de7bf3aec5aa29f,268.0,257.4,424.6,0.4487075988888889,24.0
b10375e57c7a7f209de7bf3aec5aa29f,241.2,314.6,424.6,0.43065890233333337,21.0
b10375e57c7a7f209de7bf3aec5aa29f,294.8,257.4,424.6,0.40997025222222216,20.0
b10375e57c7a7f209de7bf3aec5aa29f,268.0,314.6,424.6,0.40851856750000004,18.0
b10375e57c7a7f209de7bf3aec5aa29f,294.8,314.6,424.6,0.37325077750000013,15.0
b104736a19fe0c796651c18805508482,188.1,223.2,383.0,0.9455932062499999,90.0
b104736a19fe0c796651c18805508482,209.0,223.2,383.0,0.9292048333333334,80.0
b104736a19fe0c796651c18805508482,188.1,272.8,383.0,0.9173713849999999,72.0
b104736a19fe0c796651c18805508482,209.0,272.8,383.0,0.9014721333333334,64.0
b104736a19fe0c796651c18805508482,229.9,223.2,383.0,0.8906470756944445,70.0
b104736a19fe0c796651c18805508482,229.9,272.8,383.0,0.8640651561111111,56.0
b104736a19fe0c796651c18805508482,188.1,223.2,344.7,0.8534399752083333,90.0
b104736a19fe0c796651c18805508482,209.0,223.2,344.7,0.8386487388888887,80.0
b104736a19fe0c796651c18805508482,188.1,248.0,383.0,0.836922975,72.0
b104736a19fe0c796651c18805508482,188.1,272.8,344.7,0.8279685248333334,72.0
b104736a19fe0c796651c18805508482,209.0,248.0,383.0,0.822418,64.0
b104736a19fe0c796651c18805508482,209.0,272.8,344.7,0.8136187422222222,64.0
b104736a19fe0c796651c18805508482,229.9,223.2,344.7,0.8038486456712963,70.0
b104736a19fe0c796651c18805508482,229.9,248.0,383.0,0.7882914083333334,56.0
b104736a19fe0c796651c18805508482,229.9,272.8,344.7,0.7798572795740741,56.0
b104736a19fe0c796651c18805508482,188.1,248.0,344.7,0.7553602524999999,72.0
b104736a19fe0c796651c18805508482,209.0,248.0,344.7,0.7422688666666666,64.0
b104736a19fe0c796651c18805508482,229.9,248.0,344.7,0.7114680980555556,56.0
b104736a19fe0c796651c18805508482,188.1,223.2,421.3,0.5188732186458334,45.0
b104736a19fe0c796651c18805508482,209.0,223.2,421.3,0.5098804638888889,40.0
b104736a19fe0c796651c18805508482,188.1,272.8,421.3,0.5033871225833333,36.0
b104736a19fe0c796651c18805508482,209.0,272.8,421.3,0.4946627622222223,32.0
b104736a19fe0c796651c18805508482,229.9,223.2,421.3,0.48872275285879635,35.0
b104736a19fe0c796651c18805508482,229.9,272.8,421.3,0.4741365163240741,28.0
b104736a19fe0c796651c18805508482,188.1,248.0,421.3,0.45924284875,36.0
b104736a19fe0c796651c18805508482,209.0,248.0,421.3,0.4512835666666667,32.0
b104736a19fe0c796651c18805508482,229.9,248.0,421.3,0.43255735930555556,28.0
b1561453f5edf808c1c92eb2d0f45d38,288.9,229.5,353.7,0.9040287581597221,60.0
b1561453f5edf808c1c92eb2d0f45d38,288.9,280.5,353.7,0.8772287406944445,48.0
b1561453f5edf808c1c92eb2d0f45d38,321.0,229.5,353.7,0.8342631843171296,50.0
b1561453f5edf808c1c92eb2d0f45d38,321.0,280.5,353.7,0.8095313738425925,40.0
b1561453f5edf808c1c92eb2d0f45d38,288.9,255.0,353.7,0.8002258736111111,48.0
b1561453f5edf808c1c92eb2d0f45d38,321.0,255.0,353.7,0.7384709606481481,40.0
b1561453f5edf808c1c92eb2d0f45d38,353.1,229.5,353.7,0.7321352561342593,40.0
b1561453f5edf808c1c92eb2d0f45d38,353.1,280.5,353.7,0.7104310376851851,32.0
b1561453f5edf808c1c92eb2d0f45d38,353.1,255.0,353.7,0.6480696212962962,32.0
b1561453f5edf808c1c92eb2d0f45d38,288.9,229.5,432.3,0.5497001921006943,30.0
b1561453f5edf808c1c92eb2d0f45d38,288.9,280.5,432.3,0.5334042782638888,24.0
b1561453f5edf808c1c92eb2d0f45d38,321.0,229.5,432.3,0.5072788100405092,25.0
b1561453f5edf808c1c92eb2d0f45d38,288.9,229.5,393.0,0.5008572855902778,30.0
b1561453f5edf808c1c92eb2d0f45d38,321.0,280.5,432.3,0.49224048206018517,20.0
b1561453f5edf808c1c92eb2d0f45d38,288.9,255.0,432.3,0.48658221597222223,24.0
b1561453f5edf808c1c92eb2d0f45d38,288.9,280.5,393.0,0.4860093243055556,24.0
b1561453f5edf808c1c92eb2d0f45d38,321.0,229.5,393.0,0.46220520109953706,25.0
b1561453f5edf808c1c92eb2d0f45d38,321.0,255.0,432.3,0.44903176504629627,20.0
b1561453f5edf808c1c92eb2d0f45d38,321.0,280.5,393.0,0.4485030844907407,20.0
b1561453f5edf808c1c92eb2d0f45d38,353.1,229.5,432.3,0.4451793013310186,20.0
b1561453f5edf808c1c92eb2d0f45d38,288.9,255.0,393.0,0.4433475763888889,24.0
b1561453f5edf808c1c92eb2d0f45d38,353.1,280.5,432.3,0.4319819191203704,16.0
b1561453f5edf808c1c92eb2d0f45d38,321.0,255.0,393.0,0.40913362268518516,20.0
b1561453f5edf808c1c92eb2d0f45d38,353.1,229.5,393.0,0.40562346469907407,20.0
b1561453f5edf808c1c92eb2d0f45d38,353.1,255.0,432.3,0.3940626800925926,16.0
b1561453f5edf808c1c92eb2d0f45d38,353.1,280.5,393.0,0.39359871898148147,16.0
b1561453f5edf808c1c92eb2d0f45d38,353.1,255.0,393.0,0.35904874537037035,16.0
b1fa69af5a250262387efec5b10a19ae,280.0,266.4,355.5,0.8138060555555555,48.0
b1fa69af5a250262387efec5b10a19ae,308.0,266.4,355.5,0.7436503611111112,40.0
b1fa69af5a250262387efec5b10a19ae,280.0,325.6,355.5,0.7410817083333333,36.0
b1fa69af5a250262387efec5b10a19ae,252.0,266.4,355.5,0.7352316777777776,48.0
b1fa69af5a250262387efec5b10a19ae,308.0,325.6,355.5,0.6771953541666667,30.0
b1fa69af5a250262387efec5b10a19ae,280.0,296.0,355.5,0.675718125,36.0
b1fa69af5a250262387efec5b10a19ae,252.0,325.6,355.5,0.6695289916666668,36.0
b1fa69af5a250262387efec5b10a19ae,308.0,296.0,355.5,0.6174665625,30.0
b1fa69af5a250262387efec5b10a19ae,252.0,296.0,355.5,0.610476375,36.0
b1fa69af5a250262387efec5b10a19ae,280.0,266.4,434.5,0.4948519722222222,24.0
b1fa69af5a250262387efec5b10a19ae,308.0,266.4,434.5,0.45219231944444443,20.0
b1fa69af5a250262387efec5b10a19ae,280.0,266.4,395.0,0.4508775,24.0
b1fa69af5a250262387efec5b10a19ae,280.0,325.6,434.5,0.4506303958333333,18.0
b1fa69af5a250262387efec5b10a19ae,252.0,266.4,434.5,0.447073161111111,24.0
b1fa69af5a250262387efec5b10a19ae,308.0,266.4,395.0,0.41200875,20.0
b1fa69af5a250262387efec5b10a19ae,308.0,325.6,434.5,0.41178294791666664,15.0
b1fa69af5a250262387efec5b10a19ae,280.0,296.0,434.5,0.4108846875,18.0
b1fa69af5a250262387efec5b10a19ae,280.0,325.6,395.0,0.410585625,18.0
b1fa69af5a250262387efec5b10a19ae,252.0,266.4,395.0,0.40734449999999994,24.0
b1fa69af5a250262387efec5b10a19ae,252.0,325.6,434.5,0.40712125416666667,18.0
b1fa69af5a250262387efec5b10a19ae,308.0,296.0,434.5,0.37546359375,15.0
b1fa69af5a250262387efec5b10a19ae,308.0,325.6,395.0,0.3751903125,15.0
b1fa69af5a250262387efec5b10a19ae,280.0,296.0,395.0,0.374371875,18.0
b1fa69af5a250262387efec5b10a19ae,252.0,296.0,434.5,0.3712130625,18.0
b1fa69af5a250262387efec5b10a19ae,252.0,325.6,395.0,0.37094287500000006,18.0
b1fa69af5a250262387efec5b10a19ae,308.0,296.0,395.0,0.3420984375,15.0
b1fa69af5a250262387efec5b10a19ae,252.0,296.0,395.0,0.338225625,18.0
b4d42409ba0a801454f8f3bc60d94ec1,322.3,288.0,388.0,0.9123173425925926,40.0
b4d42409ba0a801454f8f3bc60d94ec1,263.7,288.0,388.0,0.9017198555555554,48.0
b4d42409ba0a801454f8f3bc60d94ec1,293.0,288.0,388.0,0.8318752777777778,40.0
b4d42409ba0a801454f8f3bc60d94ec1,322.3,259.2,388.0,0.824147075925926,40.0
b4d42409ba0a801454f8f3bc60d94ec1,322.3,288.0,349.2,0.823377862962963,40.0
b4d42409ba0a801454f8f3bc60d94ec1,263.7,259.2,388.0,0.8145737755555554,48.0
b4d42409ba0a801454f8f3bc60d94ec1,263.7,288.0,349.2,0.8138134977777777,48.0
b4d42409ba0a801454f8f3bc60d94ec1,293.0,259.2,388.0,0.7514792777777778,40.0
b4d42409ba0a801454f8f3bc60d94ec1,293.0,288.0,349.2,0.7507778888888889,40.0
b4d42409ba0a801454f8f3bc60d94ec1,322.3,316.8,388.0,0.7503657069444445,30.0
b4d42409ba0a801454f8f3bc60d94ec1,322.3,259.2,349.2,0.7438030896296296,40.0
b4d42409ba0a801454f8f3bc60d94ec1,263.7,316.8,388.0,0.7416494516666666,36.0
b4d42409ba0a801454f8f3bc60d94ec1,263.7,259.2,349.2,0.7351630657777777,48.0
b4d42409ba0a801454f8f3bc60d94ec1,293.0,316.8,388.0,0.6842034583333333,30.0
b4d42409ba0a801454f8f3bc60d94ec1,293.0,259.2,349.2,0.6782194888888887,40.0
b4d42409ba0a801454f8f3bc60d94ec1,322.3,316.8,349.2,0.6772144772222223,30.0
b4d42409ba0a801454f8f3bc60d94ec1,263.7,316.8,349.2,0.6693479473333332,36.0
b4d42409ba0a801454f8f3bc60d94ec1,293.0,316.8,349.2,0.6175022166666666,30.0
b4d42409ba0a801454f8f3bc60d94ec1,322.3,288.0,426.8,0.5006284111111111,20.0
b4d42409ba0a801454f8f3bc60d94ec1,263.7,288.0,426.8,0.4948131066666666,24.0
b4d42409ba0a801454f8f3bc60d94ec1,293.0,288.0,426.8,0.4564863333333333,20.0
b4d42409ba0a801454f8f3bc60d94ec1,322.3,259.2,426.8,0.45224553111111115,20.0
b4d42409ba0a801454f8f3bc60d94ec1,263.7,259.2,426.8,0.44699224266666665,24.0
b4d42409ba0a801454f8f3bc60d94ec1,293.0,259.2,426.8,0.41236953333333337,20.0
b4d42409ba0a801454f8f3bc60d94ec1,322.3,316.8,426.8,0.4117584683333334,15.0
b4d42409ba0a801454f8f3bc60d94ec1,263.7,316.8,426.8,0.40697547800000006,18.0
b4d42409ba0a801454f8f3bc60d94ec1,293.0,316.8,426.8,0.37545235000000005,15.0
b5ff628fcb5e9885b7d13c5dd1ddd441,286.0,282.0,380.0,0.9363466666666667,48.0
b5ff628fcb5e9885b7d13c5dd1ddd441,314.6,282.0,380.0,0.8556816666666668,40.0
b5ff628fcb5e9885b7d13c5dd1ddd441,286.0,253.8,380.0,0.8459186666666667,48.0
b5ff628fcb5e9885b7d13c5dd1ddd441,257.4,282.0,380.0,0.8458753333333332,48.0
b5ff628fcb5e9885b7d13c5dd1ddd441,286.0,282.0,342.0,0.8451128888888889,48.0
b5ff628fcb5e9885b7d13c5dd1ddd441,314.6,253.8,380.0,0.7730439166666667,40.0
b5ff628fcb5e9885b7d13c5dd1ddd441,314.6,282.0,342.0,0.7723075555555557,40.0
b5ff628fcb5e9885b7d13c5dd1ddd441,286.0,310.2,380.0,0.770081,36.0
b5ff628fcb5e9885b7d13c5dd1ddd441,257.4,253.8,380.0,0.7641846333333332,48.0
b5ff628fcb5e9885b7d13c5dd1ddd441,286.0,253.8,342.0,0.7634958222222223,48.0
b5ff628fcb5e9885b7d13c5dd1ddd441,257.4,282.0,342.0,0.7634567111111109,48.0
b5ff628fcb5e9885b7d13c5dd1ddd441,314.6,310.2,380.0,0.7037395625,30.0
b5ff628fcb5e9885b7d13c5dd1ddd441,314.6,253.8,342.0,0.697721688888889,40.0
b5ff628fcb5e9885b7d13c5dd1ddd441,257.4,310.2,380.0,0.695674525,36.0
b5ff628fcb5e9885b7d13c5dd1ddd441,286.0,310.2,342.0,0.6950474666666666,36.0
b5ff628fcb5e9885b7d13c5dd1ddd441,257.4,253.8,342.0,0.6897256177777777,48.0
b5ff628fcb5e9885b7d13c5dd1ddd441,314.6,310.2,342.0,0.6351700666666665,30.0
b5ff628fcb5e9885b7d13c5dd1ddd441,257.4,310.2,342.0,0.6278908533333333,36.0
b5ff628fcb5e9885b7d13c5dd1ddd441,286.0,282.0,418.0,0.5137902222222223,24.0
b5ff628fcb5e9885b7d13c5dd1ddd441,314.6,282.0,418.0,0.4695278888888889,20.0
b5ff628fcb5e9885b7d13c5dd1ddd441,286.0,253.8,418.0,0.4641707555555556,24.0
b5ff628fcb5e9885b7d13c5dd1ddd441,257.4,282.0,418.0,0.46414697777777775,24.0
b5ff628fcb5e9885b7d13c5dd1ddd441,314.6,253.8,418.0,0.4241830722222223,20.0
b5ff628fcb5e9885b7d13c5dd1ddd441,286.0,310.2,418.0,0.4225572666666667,18.0
b5ff628fcb5e9885b7d13c5dd1ddd441,257.4,253.8,418.0,0.41932182444444444,24.0
b5ff628fcb5e9885b7d13c5dd1ddd441,314.6,310.2,418.0,0.38615452916666665,15.0
b5ff628fcb5e9885b7d13c5dd1ddd441,257.4,310.2,418.0,0.3817290983333333,18.0
b8f10d20eb7db7428c07c066fa1e4da0,214.0,220.5,355.5,0.8736803703703704,80.0
b8f10d20eb7db7428c07c066fa1e4da0,214.0,269.5,355.5,0.8475268148148148,64.0
b8f10d20eb7db7428c07c066fa1e4da0,235.4,220.5,355.5,0.8375045425347222,70.0
b8f10d20eb7db7428c07c066fa1e4da0,235.4,269.5,355.5,0.8124339076388889,56.0
b8f10d20eb7db7428c07c066fa1e4da0,192.6,220.5,355.5,0.7902126921296296,80.0
b8f10d20eb7db7428c07c066fa1e4da0,214.0,245.0,355.5,0.7732355555555556,64.0
b8f10d20eb7db7428c07c066fa1e4da0,192.6,269.5,355.5,0.7665577351851851,64.0
b8f10d20eb7db7428c07c066fa1e4da0,235.4,245.0,355.5,0.7412187708333333,56.0
b8f10d20eb7db7428c07c066fa1e4da0,192.6,245.0,355.5,0.6993639444444445,64.0
b8f10d20eb7db7428c07c066fa1e4da0,214.0,220.5,434.5,0.5312598148148148,40.0
b8f10d20eb7db7428c07c066fa1e4da0,214.0,269.5,434.5,0.5153565925925926,32.0
b8f10d20eb7db7428c07c066fa1e4da0,235.4,220.5,434.5,0.509262338107639,35.0
b8f10d20eb7db7428c07c066fa1e4da0,235.4,269.5,434.5,0.4940176086805556,28.0
b8f10d20eb7db7428c07c066fa1e4da0,214.0,220.5,395.0,0.48405,40.0
b8f10d20eb7db7428c07c066fa1e4da0,192.6,220.5,434.5,0.4805055289351851,40.0
b8f10d20eb7db7428c07c066fa1e4da0,214.0,245.0,434.5,0.4701822222222222,32.0
b8f10d20eb7db7428c07c066fa1e4da0,214.0,269.5,395.0,0.46956,32.0
b8f10d20eb7db7428c07c066fa1e4da0,192.6,269.5,434.5,0.4661216324074074,32.0
b8f10d20eb7db7428c07c066fa1e4da0,235.4,220.5,395.0,0.4640073046875,35.0
b8f10d20eb7db7428c07c066fa1e4da0,235.4,245.0,434.5,0.45071373958333333,28.0
b8f10d20eb7db7428c07c066fa1e4da0,235.4,269.5,395.0,0.45011728125,28.0
b8f10d20eb7db7428c07c066fa1e4da0,192.6,220.5,395.0,0.4378059375,40.0
b8f10d20eb7db7428c07c066fa1e4da0,214.0,245.0,395.0,0.4284,32.0
b8f10d20eb7db7428c07c066fa1e4da0,192.6,245.0,434.5,0.4252630277777778,32.0
b8f10d20eb7db7428c07c066fa1e4da0,192.6,269.5,395.0,0.42470025,32.0
b8f10d20eb7db7428c07c066fa1e4da0,235.4,245.0,395.0,0.4106615625,28.0
b8f10d20eb7db7428c07c066fa1e4da0,192.6,245.0,395.0,0.3874725,32.0
b9470f0403af99853ed89bcf86be3235,213.4,223.2,383.0,0.947873788888889,80.0
b9470f0403af99853ed89bcf86be3235,213.4,272.8,383.0,0.9195839022222223,64.0
b9470f0403af99853ed89bcf86be3235,174.6,223.2,383.0,0.8811534874999999,90.0
b9470f0403af99853ed89bcf86be3235,194.0,223.2,383.0,0.8655606666666666,80.0
b9470f0403af99853ed89bcf86be3235,213.4,223.2,344.7,0.8554983025925925,80.0
b9470f0403af99853ed89bcf86be3235,174.6,272.8,383.0,0.85485491,72.0
b9470f0403af99853ed89bcf86be3235,194.0,272.8,383.0,0.8397274666666668,64.0
b9470f0403af99853ed89bcf86be3235,213.4,248.0,383.0,0.8389414666666667,64.0
b9470f0403af99853ed89bcf86be3235,213.4,272.8,344.7,0.8299654201481481,64.0
b9470f0403af99853ed89bcf86be3235,174.6,223.2,344.7,0.7952802595833331,90.0
b9470f0403af99853ed89bcf86be3235,194.0,223.2,344.7,0.7812070444444443,80.0
b9470f0403af99853ed89bcf86be3235,174.6,248.0,383.0,0.77988885,72.0
b9470f0403af99853ed89bcf86be3235,174.6,272.8,344.7,0.7715446223333332,72.0
b9470f0403af99853ed89bcf86be3235,194.0,248.0,383.0,0.766088,64.0
b9470f0403af99853ed89bcf86be3235,194.0,272.8,344.7,0.7578914311111111,64.0
b9470f0403af99853ed89bcf86be3235,213.4,248.0,344.7,0.7571820311111112,64.0
b9470f0403af99853ed89bcf86be3235,174.6,248.0,344.7,0.703884415,72.0
b9470f0403af99853ed89bcf86be3235,194.0,248.0,344.7,0.6914285333333333,64.0
b9470f0403af99853ed89bcf86be3235,213.4,223.2,421.3,0.5201246375925926,40.0
b9470f0403af99853ed89bcf86be3235,213.4,272.8,421.3,0.5046011921481481,32.0
b9470f0403af99853ed89bcf86be3235,174.6,223.2,421.3,0.48351335770833326,45.0
b9470f0403af99853ed89bcf86be3235,194.0,223.2,421.3,0.47495714444444437,40.0
b9470f0403af99853ed89bcf86be3235,174.6,272.8,421.3,0.4690825988333333,36.0
b9470f0403af99853ed89bcf86be3235,194.0,272.8,421.3,0.46078175111111114,32.0
b9470f0403af99853ed89bcf86be3235,213.4,248.0,421.3,0.46035045111111117,32.0
b9470f0403af99853ed89bcf86be3235,174.6,248.0,421.3,0.42794664250000003,36.0
b9470f0403af99853ed89bcf86be3235,194.0,248.0,421.3,0.4203737333333334,32.0
bbc4a9c702728931b676523ffd513a75,161.1,284.0,384.0,0.9175712777777778,80.0
bbc4a9c702728931b676523ffd513a75,179.0,284.0,384.0,0.9122085,72.0
bbc4a9c702728931b676523ffd513a75,196.9,284.0,384.0,0.8876469777777777,64.0
bbc4a9c702728931b676523ffd513a75,161.1,255.6,384.0,0.8289351407407409,80.0
bbc4a9c702728931b676523ffd513a75,161.1,284.0,345.6,0.8281430111111113,80.0
bbc4a9c702728931b676523ffd513a75,179.0,255.6,384.0,0.8240904,72.0
bbc4a9c702728931b676523ffd513a75,179.0,284.0,345.6,0.8233029000000001,72.0
bbc4a9c702728931b676523ffd513a75,196.9,255.6,384.0,0.8019014874074075,64.0
bbc4a9c702728931b676523ffd513a75,196.9,284.0,345.6,0.8011351911111111,64.0
bbc4a9c702728931b676523ffd513a75,161.1,312.4,384.0,0.7546555611111111,60.0
bbc4a9c702728931b676523ffd513a75,179.0,312.4,384.0,0.7502449499999999,54.0
bbc4a9c702728931b676523ffd513a75,161.1,255.6,345.6,0.748145522962963,80.0
bbc4a9c702728931b676523ffd513a75,179.0,255.6,345.6,0.74377296,72.0
bbc4a9c702728931b676523ffd513a75,196.9,312.4,384.0,0.7300443511111111,48.0
bbc4a9c702728931b676523ffd513a75,196.9,255.6,345.6,0.7237466216296297,64.0
bbc4a9c702728931b676523ffd513a75,161.1,312.4,345.6,0.6811053744444444,60.0
bbc4a9c702728931b676523ffd513a75,179.0,312.4,345.6,0.6771246300000001,54.0
bbc4a9c702728931b676523ffd513a75,196.9,312.4,345.6,0.6588928204444445,48.0
bbc4a9c702728931b676523ffd513a75,161.1,284.0,422.4,0.5034997722222222,40.0
bbc4a9c702728931b676523ffd513a75,179.0,284.0,422.4,0.50055705,36.0
bbc4a9c702728931b676523ffd513a75,196.9,284.0,422.4,0.4870793822222222,32.0
bbc4a9c702728931b676523ffd513a75,161.1,255.6,422.4,0.4548623792592593,40.0
bbc4a9c702728931b676523ffd513a75,179.0,255.6,422.4,0.45220392,36.0
bbc4a9c702728931b676523ffd513a75,196.9,255.6,422.4,0.44002817659259263,32.0
bbc4a9c702728931b676523ffd513a75,161.1,312.4,422.4,0.4141028738888888,30.0
bbc4a9c702728931b676523ffd513a75,179.0,312.4,422.4,0.41168263499999996,27.0
bbc4a9c702728931b676523ffd513a75,196.9,312.4,422.4,0.40059794088888884,24.0
bdefb2124af27fa9ca0fa5d293a18aa4,188.1,286.0,386.0,0.9675203999999998,72.0
bdefb2124af27fa9ca0fa5d293a18aa4,209.0,286.0,386.0,0.950752,64.0
bdefb2124af27fa9ca0fa5d293a18aa4,229.9,286.0,386.0,0.9113001333333334,56.0
bdefb2124af27fa9ca0fa5d293a18aa4,188.1,257.4,386.0,0.87403701,72.0
bdefb2124af27fa9ca0fa5d293a18aa4,188.1,286.0,347.4,0.8732115933333333,72.0
bdefb2124af27fa9ca0fa5d293a18aa4,209.0,257.4,386.0,0.8588887999999999,64.0
bdefb2124af27fa9ca0fa5d293a18aa4,209.0,286.0,347.4,0.8580776888888888,64.0
bdefb2124af27fa9ca0fa5d293a18aa4,229.9,257.4,386.0,0.8232488366666665,56.0
bdefb2124af27fa9ca0fa5d293a18aa4,229.9,286.0,347.4,0.822471382962963,56.0
bdefb2124af27fa9ca0fa5d293a18aa4,188.1,314.6,386.0,0.7957528425000001,54.0
bdefb2124af27fa9ca0fa5d293a18aa4,188.1,257.4,347.4,0.7888404731666666,72.0
bdefb2124af27fa9ca0fa5d293a18aa4,209.0,314.6,386.0,0.7819614,48.0
bdefb2124af27fa9ca0fa5d293a18aa4,209.0,257.4,347.4,0.775168831111111,64.0
bdefb2124af27fa9ca0fa5d293a18aa4,229.9,314.6,386.0,0.7495135725000002,42.0
bdefb2124af27fa9ca0fa5d293a18aa4,229.9,257.4,347.4,0.7430028642037037,56.0
bdefb2124af27fa9ca0fa5d293a18aa4,188.1,314.6,347.4,0.7181870351249999,54.0
bdefb2124af27fa9ca0fa5d293a18aa4,209.0,314.6,347.4,0.70573991,48.0
bdefb2124af27fa9ca0fa5d293a18aa4,229.9,314.6,347.4,0.6764549262916667,42.0
bdefb2124af27fa9ca0fa5d293a18aa4,188.1,286.0,424.6,0.5309146033333334,36.0
bdefb2124af27fa9ca0fa5d293a18aa4,209.0,286.0,424.6,0.5217131555555556,32.0
bdefb2124af27fa9ca0fa5d293a18aa4,229.9,286.0,424.6,0.500064441851852,28.0
bdefb2124af27fa9ca0fa5d293a18aa4,188.1,257.4,424.6,0.47961677341666664,36.0
bdefb2124af27fa9ca0fa5d293a18aa4,209.0,257.4,424.6,0.4713043844444445,32.0
bdefb2124af27fa9ca0fa5d293a18aa4,229.9,257.4,424.6,0.45174740456481477,28.0
bdefb2124af27fa9ca0fa5d293a18aa4,188.1,314.6,424.6,0.43665932493750004,27.0
bdefb2124af27fa9ca0fa5d293a18aa4,209.0,314.6,424.6,0.42909144500000007,24.0
bdefb2124af27fa9ca0fa5d293a18aa4,229.9,314.6,424.6,0.41128610935416665,21.0
bdfc62c15432bf98daa6314e01c97f4b,162.9,282.0,380.0,0.9115672222222222,80.0
bdfc62c15432bf98daa6314e01c97f4b,181.0,282.0,380.0,0.906295,72.0
bdfc62c15432bf98daa6314e01c97f4b,199.1,282.0,380.0,0.8819373333333334,64.0
bdfc62c15432bf98daa6314e01c97f4b,162.9,253.8,380.0,0.8235323055555556,80.0
bdfc62c15432bf98daa6314e01c97f4b,162.9,282.0,342.0,0.8227478518518518,80.0
bdfc62c15432bf98daa6314e01c97f4b,181.0,253.8,380.0,0.81876925,72.0
bdfc62c15432bf98daa6314e01c97f4b,181.0,282.0,342.0,0.8179893333333333,72.0
bdfc62c15432bf98daa6314e01c97f4b,199.1,253.8,380.0,0.7967639333333333,64.0
bdfc62c15432bf98daa6314e01c97f4b,199.1,282.0,342.0,0.7960049777777777,64.0
bdfc62c15432bf98daa6314e01c97f4b,162.9,310.2,380.0,0.7497016041666666,60.0
bdfc62c15432bf98daa6314e01c97f4b,181.0,310.2,380.0,0.7453655625,54.0
bdfc62c15432bf98daa6314e01c97f4b,162.9,253.8,342.0,0.7432906962962963,80.0
bdfc62c15432bf98daa6314e01c97f4b,181.0,253.8,342.0,0.7389917333333333,72.0
bdfc62c15432bf98daa6314e01c97f4b,199.1,310.2,380.0,0.7253330499999999,48.0
bdfc62c15432bf98daa6314e01c97f4b,199.1,253.8,342.0,0.7191305244444445,64.0
bdfc62c15432bf98daa6314e01c97f4b,162.9,310.2,342.0,0.6766537555555555,60.0
bdfc62c15432bf98daa6314e01c97f4b,181.0,310.2,342.0,0.6727401999999999,54.0
bdfc62c15432bf98daa6314e01c97f4b,199.1,310.2,342.0,0.6546595733333332,48.0
bdfc62c15432bf98daa6314e01c97f4b,162.9,282.0,418.0,0.5001932962962964,40.0
bdfc62c15432bf98daa6314e01c97f4b,181.0,282.0,418.0,0.49730033333333334,36.0
bdfc62c15432bf98daa6314e01c97f4b,199.1,282.0,418.0,0.4839348444444444,32.0
bdfc62c15432bf98daa6314e01c97f4b,162.9,253.8,418.0,0.4518869574074075,40.0
bdfc62c15432bf98daa6314e01c97f4b,181.0,253.8,418.0,0.4492733833333334,36.0
bdfc62c15432bf98daa6314e01c97f4b,199.1,253.8,418.0,0.43719867111111116,32.0
bdfc62c15432bf98daa6314e01c97f4b,162.9,310.2,418.0,0.4113747263888889,30.0
bdfc62c15432bf98daa6314e01c97f4b,181.0,310.2,418.0,0.40899546249999996,27.0
bdfc62c15432bf98daa6314e01c97f4b,199.1,310.2,418.0,0.3980032633333333,24.0
be032c6684b548fff0bd0e094da34f35,189.9,285.0,383.0,0.9656419375,72.0
be032c6684b548fff0bd0e094da34f35,211.0,285.0,383.0,0.9489494444444444,64.0
be032c6684b548fff0bd0e094da34f35,232.1,285.0,383.0,0.9096066875,56.0
be032c6684b548fff0bd0e094da34f35,189.9,256.5,383.0,0.8723511062500001,72.0
be032c6684b548fff0bd0e094da34f35,189.9,285.0,344.7,0.8715348479166666,72.0
be032c6684b548fff0bd0e094da34f35,211.0,256.5,383.0,0.8572712777777778,64.0
be032c6684b548fff0bd0e094da34f35,211.0,285.0,344.7,0.8564691296296296,64.0
be032c6684b548fff0bd0e094da34f35,232.1,256.5,383.0,0.82172943125,56.0
be032c6684b548fff0bd0e094da34f35,232.1,285.0,344.7,0.8209605395833333,56.0
be032c6684b548fff0bd0e094da34f35,189.9,313.5,383.0,0.7941995765625,54.0
be032c6684b548fff0bd0e094da34f35,189.9,256.5,344.7,0.7873357185416666,72.0
be032c6684b548fff0bd0e094da34f35,211.0,313.5,383.0,0.7804707083333333,48.0
be032c6684b548fff0bd0e094da34f35,211.0,256.5,344.7,0.7737255018518518,64.0
be032c6684b548fff0bd0e094da34f35,232.1,313.5,383.0,0.7481129578125,42.0
be032c6684b548fff0bd0e094da34f35,232.1,256.5,344.7,0.7416474027083334,56.0
be032c6684b548fff0bd0e094da34f35,189.9,313.5,344.7,0.71680048296875,54.0
be032c6684b548fff0bd0e094da34f35,211.0,313.5,344.7,0.7044095680555555,48.0
be032c6684b548fff0bd0e094da34f35,232.1,313.5,344.7,0.6752052573437499,42.0
be032c6684b548fff0bd0e094da34f35,189.9,285.0,421.3,0.5298745135416667,36.0
be032c6684b548fff0bd0e094da34f35,211.0,285.0,421.3,0.5207148796296296,32.0
be032c6684b548fff0bd0e094da34f35,232.1,285.0,421.3,0.4991264177083334,28.0
be032c6684b548fff0bd0e094da34f35,189.9,256.5,421.3,0.47868324697916664,36.0
be032c6684b548fff0bd0e094da34f35,211.0,256.5,421.3,0.47040852685185186,32.0
be032c6684b548fff0bd0e094da34f35,232.1,256.5,421.3,0.45090572989583333,28.0
be032c6684b548fff0bd0e094da34f35,189.9,313.5,421.3,0.435799335078125,27.0
be032c6684b548fff0bd0e094da34f35,211.0,313.5,421.3,0.4282659243055556,24.0
be032c6684b548fff0bd0e094da34f35,232.1,313.5,421.3,0.4105103291406249,21.0
beea47cc5f637c6fde9604c5cdd6c572,214.0,287.0,387.0,0.978208,64.0
beea47cc5f637c6fde9604c5cdd6c572,235.4,287.0,387.0,0.9377040750000001,56.0
beea47cc5f637c6fde9604c5cdd6c572,192.6,287.0,387.0,0.8847541999999999,64.0
beea47cc5f637c6fde9604c5cdd6c572,214.0,258.3,387.0,0.8836808296296297,64.0
beea47cc5f637c6fde9604c5cdd6c572,214.0,287.0,348.3,0.8828512000000001,64.0
beea47cc5f637c6fde9604c5cdd6c572,235.4,258.3,387.0,0.8470909202777779,56.0
beea47cc5f637c6fde9604c5cdd6c572,235.4,287.0,348.3,0.8462956425000001,56.0
beea47cc5f637c6fde9604c5cdd6c572,214.0,315.7,387.0,0.8045513777777779,48.0
beea47cc5f637c6fde9604c5cdd6c572,192.6,258.3,387.0,0.7992577503703704,64.0
beea47cc5f637c6fde9604c5cdd6c572,192.6,287.0,348.3,0.7985073799999999,64.0
beea47cc5f637c6fde9604c5cdd6c572,214.0,258.3,348.3,0.7975386429629631,64.0
beea47cc5f637c6fde9604c5cdd6c572,235.4,315.7,387.0,0.7712379222916667,42.0
beea47cc5f637c6fde9604c5cdd6c572,235.4,258.3,348.3,0.7645155585277779,56.0
beea47cc5f637c6fde9604c5cdd6c572,192.6,315.7,387.0,0.7276879872222222,48.0
beea47cc5f637c6fde9604c5cdd6c572,214.0,315.7,348.3,0.7261228177777779,48.0
beea47cc5f637c6fde9604c5cdd6c572,192.6,258.3,348.3,0.7213452190370371,64.0
beea47cc5f637c6fde9604c5cdd6c572,235.4,315.7,348.3,0.6960567948541666,42.0
beea47cc5f637c6fde9604c5cdd6c572,192.6,315.7,348.3,0.6567521557222221,48.0
beea47cc5f637c6fde9604c5cdd6c572,214.0,287.0,425.7,0.5367824,32.0
beea47cc5f637c6fde9604c5cdd6c572,235.4,287.0,425.7,0.51455625375,28.0
beea47cc5f637c6fde9604c5cdd6c572,192.6,287.0,425.7,0.48550051,32.0
beea47cc5f637c6fde9604c5cdd6c572,214.0,258.3,425.7,0.48491150814814815,32.0
beea47cc5f637c6fde9604c5cdd6c572,235.4,258.3,425.7,0.464833141013889,28.0
beea47cc5f637c6fde9604c5cdd6c572,214.0,315.7,425.7,0.4414899688888889,24.0
beea47cc5f637c6fde9604c5cdd6c572,192.6,258.3,425.7,0.43858514085185185,32.0
beea47cc5f637c6fde9604c5cdd6c572,235.4,315.7,425.7,0.4232095248645833,21.0
beea47cc5f637c6fde9604c5cdd6c572,192.6,315.7,425.7,0.39931190936111105,24.0
bf05ab5b9fe071ca604f12617c73c3ec,283.8,286.0,386.0,0.9566128,48.0
bf05ab5b9fe071ca604f12617c73c3ec,232.2,286.0,386.0,0.9200370666666667,56.0
bf05ab5b9fe071ca604f12617c73c3ec,258.0,286.0,386.0,0.872608,48.0
bf05ab5b9fe071ca604f12617c73c3ec,283.8,257.4,386.0,0.86418332,48.0
bf05ab5b9fe071ca604f12617c73c3ec,283.8,286.0,347.4,0.863367208888889,48.0
bf05ab5b9fe071ca604f12617c73c3ec,232.2,257.4,386.0,0.8311415933333332,56.0
bf05ab5b9fe071ca604f12617c73c3ec,232.2,286.0,347.4,0.8303566859259259,56.0
bf05ab5b9fe071ca604f12617c73c3ec,258.0,257.4,386.0,0.7882952,48.0
bf05ab5b9fe071ca604f12617c73c3ec,258.0,286.0,347.4,0.7875507555555555,48.0
bf05ab5b9fe071ca604f12617c73c3ec,283.8,314.6,386.0,0.7867817100000001,36.0
bf05ab5b9fe071ca604f12617c73c3ec,283.8,257.4,347.4,0.7799472691111111,48.0
bf05ab5b9fe071ca604f12617c73c3ec,232.2,314.6,386.0,0.756699405,42.0
bf05ab5b9fe071ca604f12617c73c3ec,232.2,257.4,347.4,0.7501262764074073,56.0
bf05ab5b9fe071ca604f12617c73c3ec,258.0,314.6,386.0,0.7176906000000001,36.0
bf05ab5b9fe071ca604f12617c73c3ec,258.0,257.4,347.4,0.7114563244444444,48.0
bf05ab5b9fe071ca604f12617c73c3ec,283.8,314.6,347.4,0.7100903614999999,36.0
bf05ab5b9fe071ca604f12617c73c3ec,232.2,314.6,347.4,0.6829403215833333,42.0
bf05ab5b9fe071ca604f12617c73c3ec,258.0,314.6,347.4,0.64773389,36.0
bf05ab5b9fe071ca604f12617c73c3ec,283.8,286.0,424.6,0.5249291955555556,24.0
bf05ab5b9fe071ca604f12617c73c3ec,232.2,286.0,424.6,0.5048587237037037,28.0
bf05ab5b9fe071ca604f12617c73c3ec,258.0,286.0,424.6,0.4788326222222222,24.0
bf05ab5b9fe071ca604f12617c73c3ec,283.8,257.4,424.6,0.4742096854444444,24.0
bf05ab5b9fe071ca604f12617c73c3ec,232.2,257.4,424.6,0.45607845512962963,28.0
bf05ab5b9fe071ca604f12617c73c3ec,258.0,257.4,424.6,0.4325670377777778,24.0
bf05ab5b9fe071ca604f12617c73c3ec,283.8,314.6,424.6,0.4317365292500001,18.0
bf05ab5b9fe071ca604f12617c73c3ec,232.2,314.6,424.6,0.41522924420833335,21.0
bf05ab5b9fe071ca604f12617c73c3ec,258.0,314.6,424.6,0.393823655,18.0
bfcb33e665554321d0a93ce891eadb54,159.0,286.0,386.0,0.9171066666666666,80.0
bfcb33e665554321d0a93ce891eadb54,143.1,286.0,386.0,0.9139049333333331,88.0
bfcb33e665554321d0a93ce891eadb54,174.9,286.0,386.0,0.9030516000000001,72.0
bfcb33e665554321d0a93ce891eadb54,159.0,257.4,386.0,0.8284943333333332,80.0
bfcb33e665554321d0a93ce891eadb54,159.0,286.0,347.4,0.8277119259259258,80.0
bfcb33e665554321d0a93ce891eadb54,143.1,257.4,386.0,0.8256019566666666,88.0
bfcb33e665554321d0a93ce891eadb54,143.1,286.0,347.4,0.8248222807407407,88.0
bfcb33e665554321d0a93ce891eadb54,174.9,257.4,386.0,0.8157972899999999,72.0
bfcb33e665554321d0a93ce891eadb54,174.9,286.0,347.4,0.8150268733333335,72.0
bfcb33e665554321d0a93ce891eadb54,159.0,314.6,386.0,0.7542892500000001,60.0
bfcb33e665554321d0a93ce891eadb54,143.1,314.6,386.0,0.7516559325000001,66.0
bfcb33e665554321d0a93ce891eadb54,159.0,257.4,347.4,0.7477370574074073,80.0
bfcb33e665554321d0a93ce891eadb54,143.1,257.4,347.4,0.7451266144259258,88.0
bfcb33e665554321d0a93ce891eadb54,174.9,314.6,386.0,0.7427294325000001,54.0
bfcb33e665554321d0a93ce891eadb54,174.9,257.4,347.4,0.7362776551666665,72.0
bfcb33e665554321d0a93ce891eadb54,159.0,314.6,347.4,0.6807650958333333,60.0
bfcb33e665554321d0a93ce891eadb54,143.1,314.6,347.4,0.6783884602916667,66.0
bfcb33e665554321d0a93ce891eadb54,174.9,314.6,347.4,0.670332068625,54.0
bfcb33e665554321d0a93ce891eadb54,159.0,286.0,424.6,0.5032507037037037,40.0
bfcb33e665554321d0a93ce891eadb54,143.1,286.0,424.6,0.5014937929629629,44.0
bfcb33e665554321d0a93ce891eadb54,174.9,286.0,424.6,0.4955381633333334,36.0
bfcb33e665554321d0a93ce891eadb54,159.0,257.4,424.6,0.4546258046296297,40.0
bfcb33e665554321d0a93ce891eadb54,143.1,257.4,424.6,0.45303864945370365,44.0
bfcb33e665554321d0a93ce891eadb54,174.9,257.4,424.6,0.4476584624166667,36.0
bfcb33e665554321d0a93ce891eadb54,159.0,314.6,424.6,0.41390670208333336,30.0
bfcb33e665554321d0a93ce891eadb54,143.1,314.6,424.6,0.4124617023541667,33.0
bfcb33e665554321d0a93ce891eadb54,174.9,314.6,424.6,0.40756339818750004,27.0
c36eddeb93ed1ad7e063fda32344745b,275.0,266.4,355.5,0.7997749166666667,48.0
c36eddeb93ed1ad7e063fda32344745b,302.5,266.4,355.5,0.7307884837962964,40.0
c36eddeb93ed1ad7e063fda32344745b,275.0,325.6,355.5,0.7283044375,36.0
c36eddeb93ed1ad7e063fda32344745b,247.5,266.4,355.5,0.7226036527777778,48.0
c36eddeb93ed1ad7e063fda32344745b,302.5,325.6,355.5,0.6654828559027778,30.0
c36eddeb93ed1ad7e063fda32344745b,275.0,296.0,355.5,0.6640678125,36.0
c36eddeb93ed1ad7e063fda32344745b,247.5,325.6,355.5,0.6580294479166666,36.0
c36eddeb93ed1ad7e063fda32344745b,302.5,296.0,355.5,0.606787109375,30.0
c36eddeb93ed1ad7e063fda32344745b,247.5,296.0,355.5,0.59999109375,36.0
c36eddeb93ed1ad7e063fda32344745b,275.0,266.4,434.5,0.48632004166666665,24.0
c36eddeb93ed1ad7e063fda32344745b,302.5,266.4,434.5,0.44437138310185187,20.0
c36eddeb93ed1ad7e063fda32344745b,275.0,266.4,395.0,0.44310375,24.0
c36eddeb93ed1ad7e063fda32344745b,275.0,325.6,434.5,0.44286090625,18.0
c36eddeb93ed1ad7e063fda32344745b,247.5,266.4,434.5,0.4393944236111111,24.0
c36eddeb93ed1ad7e063fda32344745b,302.5,266.4,395.0,0.4048828125,20.0
c36eddeb93ed1ad7e063fda32344745b,302.5,325.6,434.5,0.40466091579861113,15.0
c36eddeb93ed1ad7e063fda32344745b,275.0,296.0,434.5,0.40380046875,18.0
c36eddeb93ed1ad7e063fda32344745b,275.0,325.6,395.0,0.4035065625,18.0
c36eddeb93ed1ad7e063fda32344745b,247.5,266.4,395.0,0.400348125,24.0
c36eddeb93ed1ad7e063fda32344745b,247.5,325.6,434.5,0.4001287135416667,18.0
c36eddeb93ed1ad7e063fda32344745b,302.5,296.0,434.5,0.3689697265625,15.0
c36eddeb93ed1ad7e063fda32344745b,302.5,325.6,395.0,0.368701171875,15.0
c36eddeb93ed1ad7e063fda32344745b,275.0,296.0,395.0,0.3679171875,18.0
c36eddeb93ed1ad7e063fda32344745b,247.5,296.0,434.5,0.364837265625,18.0
c36eddeb93ed1ad7e063fda32344745b,247.5,325.6,395.0,0.36457171875,18.0
c36eddeb93ed1ad7e063fda32344745b,302.5,296.0,395.0,0.336181640625,15.0
c36eddeb93ed1ad7e063fda32344745b,247.5,296.0,395.0,0.33241640625,18.0
c4661c6946240f8ff854e9255c97cbc9,317.7,288.0,388.0,0.899688212962963,40.0
c4661c6946240f8ff854e9255c97cbc9,388.3,288.0,388.0,0.8748143185185185,32.0
c4661c6946240f8ff854e9255c97cbc9,317.7,259.2,388.0,0.8127384796296296,40.0
c4661c6946240f8ff854e9255c97cbc9,317.7,288.0,349.2,0.8119799148148147,40.0
c4661c6946240f8ff854e9255c97cbc9,353.0,288.0,388.0,0.7972824444444444,32.0
c4661c6946240f8ff854e9255c97cbc9,388.3,259.2,388.0,0.7902685051851852,32.0
c4661c6946240f8ff854e9255c97cbc9,388.3,288.0,349.2,0.7895309125925926,32.0
c4661c6946240f8ff854e9255c97cbc9,317.7,316.8,388.0,0.7399784597222223,30.0
c4661c6946240f8ff854e9255c97cbc9,317.7,259.2,349.2,0.7335066881481481,40.0
c4661c6946240f8ff854e9255c97cbc9,353.0,259.2,388.0,0.7202296444444444,32.0
c4661c6946240f8ff854e9255c97cbc9,353.0,288.0,349.2,0.7195574222222222,32.0
c4661c6946240f8ff854e9255c97cbc9,388.3,316.8,388.0,0.7195200988888888,24.0
c4661c6946240f8ff854e9255c97cbc9,388.3,259.2,349.2,0.7132272539259259,32.0
c4661c6946240f8ff854e9255c97cbc9,317.7,316.8,349.2,0.6678398561111111,30.0
c4661c6946240f8ff854e9255c97cbc9,353.0,316.8,388.0,0.6557514333333334,24.0
c4661c6946240f8ff854e9255c97cbc9,353.0,259.2,349.2,0.6500163022222221,32.0
c4661c6946240f8ff854e9255c97cbc9,388.3,316.8,349.2,0.6493759284444445,24.0
c4661c6946240f8ff854e9255c97cbc9,353.0,316.8,349.2,0.5918239066666667,24.0
c4661c6946240f8ff854e9255c97cbc9,317.7,288.0,426.8,0.4936982555555555,20.0
c4661c6946240f8ff854e9255c97cbc9,388.3,288.0,426.8,0.48004886222222226,16.0
c4661c6946240f8ff854e9255c97cbc9,317.7,259.2,426.8,0.4459851355555556,20.0
c4661c6946240f8ff854e9255c97cbc9,353.0,288.0,426.8,0.43750373333333337,16.0
c4661c6946240f8ff854e9255c97cbc9,388.3,259.2,426.8,0.43365487822222226,16.0
c4661c6946240f8ff854e9255c97cbc9,317.7,316.8,426.8,0.40605853166666667,15.0
c4661c6946240f8ff854e9255c97cbc9,353.0,259.2,426.8,0.3952214933333333,16.0
c4661c6946240f8ff854e9255c97cbc9,388.3,316.8,426.8,0.39483213466666667,12.0
c4661c6946240f8ff854e9255c97cbc9,353.0,316.8,426.8,0.35983948000000004,12.0
c61dafed9b7d2c7f917d4debf65896c1,289.3,286.0,386.0,0.9745208000000001,48.0
c61dafed9b7d2c7f917d4debf65896c1,236.7,286.0,386.0,0.9371310666666667,56.0
c61dafed9b7d2c7f917d4debf65896c1,263.0,286.0,386.0,0.888888,48.0
c61dafed9b7d2c7f917d4debf65896c1,289.3,257.4,386.0,0.8803610199999999,48.0
c61dafed9b7d2c7f917d4debf65896c1,289.3,286.0,347.4,0.879529631111111,48.0
c61dafed9b7d2c7f917d4debf65896c1,236.7,257.4,386.0,0.8465839433333332,56.0
c61dafed9b7d2c7f917d4debf65896c1,236.7,286.0,347.4,0.8457844525925924,56.0
c61dafed9b7d2c7f917d4debf65896c1,263.0,257.4,386.0,0.8030022,48.0
c61dafed9b7d2c7f917d4debf65896c1,263.0,286.0,347.4,0.8022438666666666,48.0
c61dafed9b7d2c7f917d4debf65896c1,289.3,314.6,386.0,0.8015104350000001,36.0
c61dafed9b7d2c7f917d4debf65896c1,289.3,257.4,347.4,0.7945480518888888,48.0
c61dafed9b7d2c7f917d4debf65896c1,236.7,314.6,386.0,0.7707586425,42.0
c61dafed9b7d2c7f917d4debf65896c1,236.7,257.4,347.4,0.7640633872407404,56.0
c61dafed9b7d2c7f917d4debf65896c1,263.0,314.6,386.0,0.7310803500000002,36.0
c61dafed9b7d2c7f917d4debf65896c1,263.0,257.4,347.4,0.7247297633333333,48.0
c61dafed9b7d2c7f917d4debf65896c1,289.3,314.6,347.4,0.7233834077500001,36.0
c61dafed9b7d2c7f917d4debf65896c1,236.7,314.6,347.4,0.6956291384583334,42.0
c61dafed9b7d2c7f917d4debf65896c1,263.0,314.6,347.4,0.6598184774999999,36.0
c61dafed9b7d2c7f917d4debf65896c1,289.3,286.0,424.6,0.5347559844444445,24.0
c61dafed9b7d2c7f917d4debf65896c1,236.7,286.0,424.6,0.5142388403703704,28.0
c61dafed9b7d2c7f917d4debf65896c1,263.0,286.0,424.6,0.4877660666666667,24.0
c61dafed9b7d2c7f917d4debf65896c1,289.3,257.4,424.6,0.4830869940555555,24.0
c61dafed9b7d2c7f917d4debf65896c1,236.7,257.4,424.6,0.4645522497129629,28.0
c61dafed9b7d2c7f917d4debf65896c1,263.0,257.4,424.6,0.44063731833333336,24.0
c61dafed9b7d2c7f917d4debf65896c1,289.3,314.6,424.6,0.4398187311250001,18.0
c61dafed9b7d2c7f917d4debf65896c1,236.7,314.6,424.6,0.4229440732708334,21.0
c61dafed9b7d2c7f917d4debf65896c1,263.0,314.6,424.6,0.40117111125,18.0
c68517097037ec6420e21676ab2f1609,238.5,229.5,353.7,0.8768584949363426,70.0
c68517097037ec6420e21676ab2f1609,238.5,280.5,353.7,0.8508639424768518,56.0
c68517097037ec6420e21676ab2f1609,265.0,229.5,353.7,0.8317427517361111,60.0
c68517097037ec6420e21676ab2f1609,265.0,280.5,353.7,0.8070856597222222,48.0
c68517097037ec6420e21676ab2f1609,238.5,255.0,353.7,0.7761753692129629,56.0
c68517097037ec6420e21676ab2f1609,291.5,229.5,353.7,0.7599104231770833,50.0
c68517097037ec6420e21676ab2f1609,291.5,280.5,353.7,0.7373828072916667,40.0
c68517097037ec6420e21676ab2f1609,265.0,255.0,353.7,0.7362399305555556,48.0
c68517097037ec6420e21676ab2f1609,291.5,255.0,353.7,0.6726555729166667,40.0
c68517097037ec6420e21676ab2f1609,238.5,229.5,432.3,0.5331791480758102,35.0
c68517097037ec6420e21676ab2f1609,238.5,280.5,432.3,0.5173730021412037,28.0
c68517097037ec6420e21676ab2f1609,265.0,229.5,432.3,0.5057462456597223,30.0
c68517097037ec6420e21676ab2f1609,265.0,280.5,432.3,0.4907533506944444,24.0
c68517097037ec6420e21676ab2f1609,238.5,229.5,393.0,0.48580419777199074,35.0
c68517097037ec6420e21676ab2f1609,238.5,255.0,432.3,0.4719581603009259,28.0
c68517097037ec6420e21676ab2f1609,238.5,280.5,393.0,0.4714024866898148,28.0
c68517097037ec6420e21676ab2f1609,291.5,229.5,432.3,0.4620681608072917,25.0
c68517097037ec6420e21676ab2f1609,265.0,229.5,393.0,0.4608088107638889,30.0
c68517097037ec6420e21676ab2f1609,291.5,280.5,432.3,0.44837010677083333,20.0
c68517097037ec6420e21676ab2f1609,265.0,255.0,432.3,0.4476751736111111,24.0
c68517097037ec6420e21676ab2f1609,265.0,280.5,393.0,0.4471480902777778,24.0
c68517097037ec6420e21676ab2f1609,238.5,255.0,393.0,0.4300229224537037,28.0
c68517097037ec6420e21676ab2f1609,291.5,229.5,393.0,0.4210116861979167,25.0
c68517097037ec6420e21676ab2f1609,291.5,255.0,432.3,0.40901231770833335,20.0
c68517097037ec6420e21676ab2f1609,291.5,280.5,393.0,0.4085307552083333,20.0
c68517097037ec6420e21676ab2f1609,265.0,255.0,393.0,0.40789756944444444,24.0
c68517097037ec6420e21676ab2f1609,291.5,255.0,393.0,0.3726700520833333,20.0
c96df5913565ba35f3e02e744c9a6dde,246.4,266.4,355.5,0.8394362692592591,56.0
c96df5913565ba35f3e02e744c9a6dde,201.6,266.4,355.5,0.7917303970370368,64.0
c96df5913565ba35f3e02e744c9a6dde,224.0,266.4,355.5,0.7661001833333332,56.0
c96df5913565ba35f3e02e744c9a6dde,246.4,325.6,355.5,0.7644215230555556,42.0
c96df5913565ba35f3e02e744c9a6dde,201.6,325.6,355.5,0.7209788022222223,48.0
c96df5913565ba35f3e02e744c9a6dde,224.0,325.6,355.5,0.6976389875000001,42.0
c96df5913565ba35f3e02e744c9a6dde,246.4,296.0,355.5,0.6969993624999999,42.0
c96df5913565ba35f3e02e744c9a6dde,201.6,296.0,355.5,0.6573883,48.0
c96df5913565ba35f3e02e744c9a6dde,224.0,296.0,355.5,0.6361070625,42.0
c96df5913565ba35f3e02e744c9a6dde,246.4,266.4,434.5,0.5104369653703703,28.0
c96df5913565ba35f3e02e744c9a6dde,201.6,266.4,434.5,0.4814284014814814,32.0
c96df5913565ba35f3e02e744c9a6dde,224.0,266.4,434.5,0.46584340833333326,28.0
c96df5913565ba35f3e02e744c9a6dde,246.4,266.4,395.0,0.4650775499999999,28.0
c96df5913565ba35f3e02e744c9a6dde,246.4,325.6,434.5,0.4648226634722222,21.0
c96df5913565ba35f3e02e744c9a6dde,201.6,266.4,395.0,0.4386467999999999,32.0
c96df5913565ba35f3e02e744c9a6dde,201.6,325.6,434.5,0.43840639888888894,24.0
c96df5913565ba35f3e02e744c9a6dde,224.0,266.4,395.0,0.42444674999999993,28.0
c96df5913565ba35f3e02e744c9a6dde,224.0,325.6,434.5,0.42421413125,21.0
c96df5913565ba35f3e02e744c9a6dde,246.4,296.0,434.5,0.42382519375,21.0
c96df5913565ba35f3e02e744c9a6dde,246.4,325.6,395.0,0.42351671249999995,21.0
c96df5913565ba35f3e02e744c9a6dde,201.6,296.0,434.5,0.39973885,24.0
c96df5913565ba35f3e02e744c9a6dde,201.6,325.6,395.0,0.3994479,24.0
c96df5913565ba35f3e02e744c9a6dde,224.0,296.0,434.5,0.38679834375,21.0
c96df5913565ba35f3e02e744c9a6dde,224.0,325.6,395.0,0.3865168125000001,21.0
c96df5913565ba35f3e02e744c9a6dde,246.4,296.0,395.0,0.38616243749999996,21.0
c96df5913565ba35f3e02e744c9a6dde,201.6,296.0,395.0,0.3642165,24.0
c96df5913565ba35f3e02e744c9a6dde,224.0,296.0,395.0,0.3524259375,21.0
c98f51071fa8c135d7071023f6b23ac0,348.0,288.0,388.0,0.9828757407407407,40.0
c98f51071fa8c135d7071023f6b23ac0,348.0,259.2,388.0,0.8878864074074074,40.0
c98f51071fa8c135d7071023f6b23ac0,313.2,288.0,388.0,0.8873336296296296,40.0
c98f51071fa8c135d7071023f6b23ac0,348.0,288.0,349.2,0.8870577037037037,40.0
c98f51071fa8c135d7071023f6b23ac0,382.8,288.0,388.0,0.8627342814814816,32.0
c98f51071fa8c135d7071023f6b23ac0,348.0,316.8,388.0,0.8083988055555555,30.0
c98f51071fa8c135d7071023f6b23ac0,313.2,259.2,388.0,0.8015778962962963,40.0
c98f51071fa8c135d7071023f6b23ac0,348.0,259.2,349.2,0.801328637037037,40.0
c98f51071fa8c135d7071023f6b23ac0,313.2,288.0,349.2,0.8008297481481481,40.0
c98f51071fa8c135d7071023f6b23ac0,382.8,259.2,388.0,0.7793559348148148,32.0
c98f51071fa8c135d7071023f6b23ac0,382.8,288.0,349.2,0.7786285274074075,32.0
c98f51071fa8c135d7071023f6b23ac0,313.2,316.8,388.0,0.7298170222222221,30.0
c98f51071fa8c135d7071023f6b23ac0,348.0,316.8,349.2,0.7295900777777778,30.0
c98f51071fa8c135d7071023f6b23ac0,313.2,259.2,349.2,0.7234341214814812,40.0
c98f51071fa8c135d7071023f6b23ac0,382.8,316.8,388.0,0.7095844711111111,24.0
c98f51071fa8c135d7071023f6b23ac0,382.8,259.2,349.2,0.7033785220740739,32.0
c98f51071fa8c135d7071023f6b23ac0,313.2,316.8,349.2,0.658669031111111,30.0
c98f51071fa8c135d7071023f6b23ac0,382.8,316.8,349.2,0.6404088995555555,24.0
c98f51071fa8c135d7071023f6b23ac0,348.0,288.0,426.8,0.5393468888888889,20.0
c98f51071fa8c135d7071023f6b23ac0,348.0,259.2,426.8,0.48722208888888885,20.0
c98f51071fa8c135d7071023f6b23ac0,313.2,288.0,426.8,0.4869187555555555,20.0
c98f51071fa8c135d7071023f6b23ac0,382.8,288.0,426.8,0.4734200177777778,16.0
c98f51071fa8c135d7071023f6b23ac0,348.0,316.8,426.8,0.44360376666666673,15.0
c98f51071fa8c135d7071023f6b23ac0,313.2,259.2,426.8,0.4398608355555555,20.0
c98f51071fa8c135d7071023f6b23ac0,382.8,259.2,426.8,0.4276666737777778,16.0
c98f51071fa8c135d7071023f6b23ac0,313.2,316.8,426.8,0.4004825066666667,15.0
c98f51071fa8c135d7071023f6b23ac0,382.8,316.8,426.8,0.3893800213333334,12.0
c9eb200a8d16b9dc82e130d6874c099c,243.0,266.4,355.5,0.828304899074074,56.0
c9eb200a8d16b9dc82e130d6874c099c,270.0,266.4,355.5,0.7857437777777778,48.0
c9eb200a8d16b9dc82e130d6874c099c,243.0,325.6,355.5,0.7542848881944445,42.0
c9eb200a8d16b9dc82e130d6874c099c,297.0,266.4,355.5,0.7179266064814813,40.0
c9eb200a8d16b9dc82e130d6874c099c,270.0,325.6,355.5,0.7155271666666667,36.0
c9eb200a8d16b9dc82e130d6874c099c,243.0,296.0,355.5,0.68775678125,42.0
c9eb200a8d16b9dc82e130d6874c099c,297.0,325.6,355.5,0.6537703576388889,30.0
c9eb200a8d16b9dc82e130d6874c099c,270.0,296.0,355.5,0.6524175,36.0
c9eb200a8d16b9dc82e130d6874c099c,297.0,296.0,355.5,0.59610765625,30.0
c9eb200a8d16b9dc82e130d6874c099c,243.0,266.4,434.5,0.503668300462963,28.0
c9eb200a8d16b9dc82e130d6874c099c,270.0,266.4,434.5,0.47778811111111114,24.0
c9eb200a8d16b9dc82e130d6874c099c,243.0,266.4,395.0,0.458910375,28.0
c9eb200a8d16b9dc82e130d6874c099c,243.0,325.6,434.5,0.4586588684027778,21.0
c9eb200a8d16b9dc82e130d6874c099c,297.0,266.4,434.5,0.4365504467592592,20.0
c9eb200a8d16b9dc82e130d6874c099c,270.0,266.4,395.0,0.43533,24.0
c9eb200a8d16b9dc82e130d6874c099c,270.0,325.6,434.5,0.4350914166666667,18.0
c9eb200a8d16b9dc82e130d6874c099c,243.0,296.0,434.5,0.418205046875,21.0
c9eb200a8d16b9dc82e130d6874c099c,243.0,325.6,395.0,0.41790065625,21.0
c9eb200a8d16b9dc82e130d6874c099c,297.0,266.4,395.0,0.39775687499999995,20.0
c9eb200a8d16b9dc82e130d6874c099c,297.0,325.6,434.5,0.3975388836805556,15.0
c9eb200a8d16b9dc82e130d6874c099c,270.0,296.0,434.5,0.39671625,18.0
c9eb200a8d16b9dc82e130d6874c099c,270.0,325.6,395.0,0.3964275,18.0
c9eb200a8d16b9dc82e130d6874c099c,243.0,296.0,395.0,0.38104171875,21.0
c9eb200a8d16b9dc82e130d6874c099c,297.0,296.0,434.5,0.362475859375,15.0
c9eb200a8d16b9dc82e130d6874c099c,297.0,325.6,395.0,0.36221203125000007,15.0
c9eb200a8d16b9dc82e130d6874c099c,270.0,296.0,395.0,0.3614625,18.0
c9eb200a8d16b9dc82e130d6874c099c,297.0,296.0,395.0,0.33026484375,15.0
cb9988b0557e22e3abc2bbe0a56967d0,169.0,286.0,386.0,0.9713733333333333,80.0
cb9988b0557e22e3abc2bbe0a56967d0,152.1,286.0,386.0,0.9676289333333332,88.0
cb9988b0557e22e3abc2bbe0a56967d0,185.9,286.0,386.0,0.9567756000000001,72.0
cb9988b0557e22e3abc2bbe0a56967d0,169.0,257.4,386.0,0.8775176666666665,80.0
cb9988b0557e22e3abc2bbe0a56967d0,169.0,286.0,347.4,0.8766889629629628,80.0
cb9988b0557e22e3abc2bbe0a56967d0,152.1,257.4,386.0,0.8741350566666665,88.0
cb9988b0557e22e3abc2bbe0a56967d0,152.1,286.0,347.4,0.8733095474074074,88.0
cb9988b0557e22e3abc2bbe0a56967d0,185.9,257.4,386.0,0.86433039,72.0
cb9988b0557e22e3abc2bbe0a56967d0,185.9,286.0,347.4,0.86351414,72.0
cb9988b0557e22e3abc2bbe0a56967d0,169.0,314.6,386.0,0.7989217500000001,60.0
cb9988b0557e22e3abc2bbe0a56967d0,152.1,314.6,386.0,0.7958421075000002,66.0
cb9988b0557e22e3abc2bbe0a56967d0,169.0,257.4,347.4,0.7919818537037036,80.0
cb9988b0557e22e3abc2bbe0a56967d0,152.1,257.4,347.4,0.7889289627592592,88.0
cb9988b0557e22e3abc2bbe0a56967d0,185.9,314.6,386.0,0.7869156075,54.0
cb9988b0557e22e3abc2bbe0a56967d0,185.9,257.4,347.4,0.7800800035,72.0
cb9988b0557e22e3abc2bbe0a56967d0,169.0,314.6,347.4,0.7210470541666666,60.0
cb9988b0557e22e3abc2bbe0a56967d0,152.1,314.6,347.4,0.7182675990416667,66.0
cb9988b0557e22e3abc2bbe0a56967d0,185.9,314.6,347.4,0.7102112073750001,54.0
cb9988b0557e22e3abc2bbe0a56967d0,169.0,286.0,424.6,0.5330288518518519,40.0
cb9988b0557e22e3abc2bbe0a56967d0,152.1,286.0,424.6,0.5309741596296296,44.0
cb9988b0557e22e3abc2bbe0a56967d0,185.9,286.0,424.6,0.52501853,36.0
cb9988b0557e22e3abc2bbe0a56967d0,169.0,257.4,424.6,0.4815267398148148,40.0
cb9988b0557e22e3abc2bbe0a56967d0,152.1,257.4,424.6,0.47967057528703694,44.0
cb9988b0557e22e3abc2bbe0a56967d0,185.9,257.4,424.6,0.47429038825000003,36.0
cb9988b0557e22e3abc2bbe0a56967d0,169.0,314.6,424.6,0.4383982229166667,30.0
cb9988b0557e22e3abc2bbe0a56967d0,152.1,314.6,424.6,0.4367083079791667,33.0
cb9988b0557e22e3abc2bbe0a56967d0,185.9,314.6,424.6,0.4318100038125,27.0
cc0d190e9c91b2ee40868981c9f6d0f6,239.4,282.0,380.0,0.9204245555555556,56.0
cc0d190e9c91b2ee40868981c9f6d0f6,266.0,282.0,380.0,0.87308,48.0
cc0d190e9c91b2ee40868981c9f6d0f6,239.4,253.8,380.0,0.8315342388888889,56.0
cc0d190e9c91b2ee40868981c9f6d0f6,239.4,282.0,342.0,0.830742162962963,56.0
cc0d190e9c91b2ee40868981c9f6d0f6,292.6,282.0,380.0,0.7976872222222223,40.0
cc0d190e9c91b2ee40868981c9f6d0f6,266.0,253.8,380.0,0.788762,48.0
cc0d190e9c91b2ee40868981c9f6d0f6,266.0,282.0,342.0,0.7880106666666666,48.0
cc0d190e9c91b2ee40868981c9f6d0f6,239.4,310.2,380.0,0.7569861541666667,42.0
cc0d190e9c91b2ee40868981c9f6d0f6,239.4,253.8,342.0,0.7505129540740741,56.0
cc0d190e9c91b2ee40868981c9f6d0f6,292.6,253.8,380.0,0.7206503055555555,40.0
cc0d190e9c91b2ee40868981c9f6d0f6,292.6,282.0,342.0,0.719963851851852,40.0
cc0d190e9c91b2ee40868981c9f6d0f6,266.0,310.2,380.0,0.7180485,36.0
cc0d190e9c91b2ee40868981c9f6d0f6,266.0,253.8,342.0,0.7119082666666667,48.0
cc0d190e9c91b2ee40868981c9f6d0f6,239.4,310.2,342.0,0.683228528888889,42.0
cc0d190e9c91b2ee40868981c9f6d0f6,292.6,310.2,380.0,0.6560431041666668,30.0
cc0d190e9c91b2ee40868981c9f6d0f6,292.6,253.8,342.0,0.6504330962962963,40.0
cc0d190e9c91b2ee40868981c9f6d0f6,266.0,310.2,342.0,0.6480847999999999,36.0
cc0d190e9c91b2ee40868981c9f6d0f6,292.6,310.2,342.0,0.5921209555555556,30.0
cc0d190e9c91b2ee40868981c9f6d0f6,239.4,282.0,418.0,0.5050534740740741,28.0
cc0d190e9c91b2ee40868981c9f6d0f6,266.0,282.0,418.0,0.47907466666666665,24.0
cc0d190e9c91b2ee40868981c9f6d0f6,239.4,253.8,418.0,0.45627776185185187,28.0
cc0d190e9c91b2ee40868981c9f6d0f6,292.6,282.0,418.0,0.4377052962962963,20.0
cc0d190e9c91b2ee40868981c9f6d0f6,266.0,253.8,418.0,0.4328078666666667,24.0
cc0d190e9c91b2ee40868981c9f6d0f6,239.4,310.2,418.0,0.4153718897222223,21.0
cc0d190e9c91b2ee40868981c9f6d0f6,292.6,253.8,418.0,0.3954337574074074,20.0
cc0d190e9c91b2ee40868981c9f6d0f6,266.0,310.2,418.0,0.3940061,18.0
cc0d190e9c91b2ee40868981c9f6d0f6,292.6,310.2,418.0,0.35998262638888895,15.0
cd9c1ebb698c60a0d79bc82cf70c2404,342.1,229.5,353.7,0.8874443117766205,50.0
cd9c1ebb698c60a0d79bc82cf70c2404,279.9,229.5,353.7,0.8768080862847221,60.0
cd9c1ebb698c60a0d79bc82cf70c2404,342.1,280.5,353.7,0.8611359417824075,40.0
cd9c1ebb698c60a0d79bc82cf70c2404,279.9,280.5,353.7,0.8508150281944443,48.0
cd9c1ebb698c60a0d79bc82cf70c2404,311.0,229.5,353.7,0.8090588585069445,50.0
cd9c1ebb698c60a0d79bc82cf70c2404,342.1,255.0,353.7,0.7855456956018518,40.0
cd9c1ebb698c60a0d79bc82cf70c2404,311.0,280.5,353.7,0.7850742326388889,40.0
cd9c1ebb698c60a0d79bc82cf70c2404,279.9,255.0,353.7,0.7761307486111111,48.0
cd9c1ebb698c60a0d79bc82cf70c2404,311.0,255.0,353.7,0.7161606597222222,40.0
cd9c1ebb698c60a0d79bc82cf70c2404,342.1,229.5,432.3,0.5396159184751158,25.0
cd9c1ebb698c60a0d79bc82cf70c2404,279.9,229.5,432.3,0.5331484967881943,30.0
cd9c1ebb698c60a0d79bc82cf70c2404,342.1,280.5,432.3,0.5236189538773148,20.0
cd9c1ebb698c60a0d79bc82cf70c2404,279.9,280.5,432.3,0.5173432595138889,24.0
cd9c1ebb698c60a0d79bc82cf70c2404,311.0,229.5,432.3,0.4919531662326389,25.0
cd9c1ebb698c60a0d79bc82cf70c2404,342.1,229.5,393.0,0.49166903718171295,25.0
cd9c1ebb698c60a0d79bc82cf70c2404,279.9,229.5,393.0,0.48577626996527773,30.0
cd9c1ebb698c60a0d79bc82cf70c2404,342.1,255.0,432.3,0.4776558443287037,20.0
cd9c1ebb698c60a0d79bc82cf70c2404,311.0,280.5,432.3,0.47736916840277777,20.0
cd9c1ebb698c60a0d79bc82cf70c2404,342.1,280.5,393.0,0.47709346238425926,20.0
cd9c1ebb698c60a0d79bc82cf70c2404,279.9,255.0,432.3,0.47193102847222224,24.0
cd9c1ebb698c60a0d79bc82cf70c2404,279.9,280.5,393.0,0.47137538680555563,24.0
cd9c1ebb698c60a0d79bc82cf70c2404,311.0,229.5,393.0,0.44824129774305554,25.0
cd9c1ebb698c60a0d79bc82cf70c2404,311.0,255.0,432.3,0.43546585069444443,20.0
cd9c1ebb698c60a0d79bc82cf70c2404,342.1,255.0,393.0,0.4352143460648148,20.0
cd9c1ebb698c60a0d79bc82cf70c2404,311.0,280.5,393.0,0.4349531423611111,20.0
cd9c1ebb698c60a0d79bc82cf70c2404,279.9,255.0,393.0,0.4299982013888889,24.0
cd9c1ebb698c60a0d79bc82cf70c2404,311.0,255.0,393.0,0.3967730902777778,20.0
ce1ff894a22d25ca524b3e3a26227ec6,158.0,266.4,355.5,0.7857437777777776,80.0
ce1ff894a22d25ca524b3e3a26227ec6,142.2,266.4,355.5,0.7830310909259258,88.0
ce1ff894a22d25ca524b3e3a26227ec6,173.8,266.4,355.5,0.7736769983333334,72.0
ce1ff894a22d25ca524b3e3a26227ec6,158.0,325.6,355.5,0.7155271666666668,60.0
ce1ff894a22d25ca524b3e3a26227ec6,142.2,325.6,355.5,0.7130568943055556,66.0
ce1ff894a22d25ca524b3e3a26227ec6,173.8,325.6,355.5,0.7045387137500001,54.0
ce1ff894a22d25ca524b3e3a26227ec6,158.0,296.0,355.5,0.6524175,60.0
ce1ff894a22d25ca524b3e3a26227ec6,142.2,296.0,355.5,0.6501651062499999,66.0
ce1ff894a22d25ca524b3e3a26227ec6,173.8,296.0,355.5,0.6423982312500001,54.0
ce1ff894a22d25ca524b3e3a26227ec6,158.0,266.4,434.5,0.47778811111111114,40.0
ce1ff894a22d25ca524b3e3a26227ec6,142.2,266.4,434.5,0.47613860453703705,44.0
ce1ff894a22d25ca524b3e3a26227ec6,173.8,266.4,434.5,0.4704506508333333,36.0
ce1ff894a22d25ca524b3e3a26227ec6,158.0,266.4,395.0,0.43533,40.0
ce1ff894a22d25ca524b3e3a26227ec6,158.0,325.6,434.5,0.4350914166666667,30.0
ce1ff894a22d25ca524b3e3a26227ec6,142.2,266.4,395.0,0.43382707499999995,44.0
ce1ff894a22d25ca524b3e3a26227ec6,142.2,325.6,434.5,0.43358931534722217,33.0
ce1ff894a22d25ca524b3e3a26227ec6,173.8,266.4,395.0,0.428644575,36.0
ce1ff894a22d25ca524b3e3a26227ec6,173.8,325.6,434.5,0.42840965562500005,27.0
ce1ff894a22d25ca524b3e3a26227ec6,158.0,296.0,434.5,0.39671625,30.0
ce1ff894a22d25ca524b3e3a26227ec6,158.0,325.6,395.0,0.3964275,30.0
ce1ff894a22d25ca524b3e3a26227ec6,142.2,296.0,434.5,0.39534663437499995,33.0
ce1ff894a22d25ca524b3e3a26227ec6,142.2,325.6,395.0,0.39505888125000005,33.0
ce1ff894a22d25ca524b3e3a26227ec6,173.8,296.0,434.5,0.39062382187500005,27.0
ce1ff894a22d25ca524b3e3a26227ec6,173.8,325.6,395.0,0.39033950625,27.0
ce1ff894a22d25ca524b3e3a26227ec6,158.0,296.0,395.0,0.3614625,30.0
ce1ff894a22d25ca524b3e3a26227ec6,142.2,296.0,395.0,0.36021459375,33.0
ce1ff894a22d25ca524b3e3a26227ec6,173.8,296.0,395.0,0.35591146875,27.0
ce9d9f5685ddf0df230b3137826b5cde,281.6,286.0,386.0,0.9494496000000001,48.0
ce9d9f5685ddf0df230b3137826b5cde,230.4,286.0,386.0,0.9131994666666667,56.0
ce9d9f5685ddf0df230b3137826b5cde,256.0,286.0,386.0,0.866096,48.0
ce9d9f5685ddf0df230b3137826b5cde,281.6,257.4,386.0,0.8577122399999999,48.0
ce9d9f5685ddf0df230b3137826b5cde,281.6,286.0,347.4,0.85690224,48.0
ce9d9f5685ddf0df230b3137826b5cde,230.4,257.4,386.0,0.8249646533333334,56.0
ce9d9f5685ddf0df230b3137826b5cde,230.4,286.0,347.4,0.8241855792592593,56.0
ce9d9f5685ddf0df230b3137826b5cde,256.0,257.4,386.0,0.7824123999999999,48.0
ce9d9f5685ddf0df230b3137826b5cde,256.0,286.0,347.4,0.781673511111111,48.0
ce9d9f5685ddf0df230b3137826b5cde,281.6,314.6,386.0,0.7808902200000001,36.0
ce9d9f5685ddf0df230b3137826b5cde,281.6,257.4,347.4,0.774106956,48.0
ce9d9f5685ddf0df230b3137826b5cde,230.4,314.6,386.0,0.7510757100000001,42.0
ce9d9f5685ddf0df230b3137826b5cde,230.4,257.4,347.4,0.7445514320740741,56.0
ce9d9f5685ddf0df230b3137826b5cde,256.0,314.6,386.0,0.7123347000000001,36.0
ce9d9f5685ddf0df230b3137826b5cde,256.0,257.4,347.4,0.7061469488888887,48.0
ce9d9f5685ddf0df230b3137826b5cde,281.6,314.6,347.4,0.704773143,36.0
ce9d9f5685ddf0df230b3137826b5cde,230.4,314.6,347.4,0.6778647948333334,42.0
ce9d9f5685ddf0df230b3137826b5cde,256.0,314.6,347.4,0.642900055,36.0
ce9d9f5685ddf0df230b3137826b5cde,281.6,286.0,424.6,0.52099848,24.0
ce9d9f5685ddf0df230b3137826b5cde,230.4,286.0,424.6,0.501106677037037,28.0
ce9d9f5685ddf0df230b3137826b5cde,256.0,286.0,424.6,0.4752592444444445,24.0
ce9d9f5685ddf0df230b3137826b5cde,281.6,257.4,424.6,0.470658762,24.0
ce9d9f5685ddf0df230b3137826b5cde,230.4,257.4,424.6,0.4526889372962963,28.0
ce9d9f5685ddf0df230b3137826b5cde,256.0,257.4,424.6,0.4293389255555556,24.0
ce9d9f5685ddf0df230b3137826b5cde,281.6,314.6,424.6,0.42850364850000017,18.0
ce9d9f5685ddf0df230b3137826b5cde,230.4,314.6,424.6,0.4121433125833334,21.0
ce9d9f5685ddf0df230b3137826b5cde,256.0,314.6,424.6,0.39088467250000003,18.0
ceda63d824383fb94ca5e9bd08701d70,163.0,286.0,384.0,0.9340718518518518,80.0
ceda63d824383fb94ca5e9bd08701d70,146.7,286.0,384.0,0.9306703185185183,88.0
ceda63d824383fb94ca5e9bd08701d70,179.3,286.0,384.0,0.9198718,72.0
ceda63d824383fb94ca5e9bd08701d70,163.0,257.4,384.0,0.8438203148148147,80.0
ceda63d824383fb94ca5e9bd08701d70,163.0,286.0,345.6,0.8430354074074075,80.0
ceda63d824383fb94ca5e9bd08701d70,146.7,257.4,384.0,0.840747443148148,88.0
ceda63d824383fb94ca5e9bd08701d70,146.7,286.0,345.6,0.8399653940740741,88.0
ceda63d824383fb94ca5e9bd08701d70,179.3,257.4,384.0,0.8309922949999998,72.0
ceda63d824383fb94ca5e9bd08701d70,179.3,286.0,345.6,0.8302193200000002,72.0
ceda63d824383fb94ca5e9bd08701d70,163.0,314.6,384.0,0.7682425416666668,60.0
ceda63d824383fb94ca5e9bd08701d70,146.7,314.6,384.0,0.7654448954166666,66.0
ceda63d824383fb94ca5e9bd08701d70,163.0,257.4,345.6,0.7615799592592593,80.0
ceda63d824383fb94ca5e9bd08701d70,146.7,257.4,345.6,0.7588065755925925,88.0
ceda63d824383fb94ca5e9bd08701d70,179.3,314.6,384.0,0.7565634787500001,54.0
ceda63d824383fb94ca5e9bd08701d70,179.3,257.4,345.6,0.750002183,72.0
ceda63d824383fb94ca5e9bd08701d70,163.0,314.6,345.6,0.6933681416666668,60.0
ceda63d824383fb94ca5e9bd08701d70,146.7,314.6,345.6,0.6908431594166667,66.0
ceda63d824383fb94ca5e9bd08701d70,179.3,314.6,345.6,0.68282734275,54.0
ceda63d824383fb94ca5e9bd08701d70,163.0,286.0,422.4,0.5125541481481481,40.0
ceda63d824383fb94ca5e9bd08701d70,146.7,286.0,422.4,0.5106876214814814,44.0
ceda63d824383fb94ca5e9bd08701d70,179.3,286.0,422.4,0.50476214,36.0
ceda63d824383fb94ca5e9bd08701d70,163.0,257.4,422.4,0.46303033518518505,40.0
ceda63d824383fb94ca5e9bd08701d70,146.7,257.4,422.4,0.4613441553518518,44.0
ceda63d824383fb94ca5e9bd08701d70,179.3,257.4,422.4,0.4559912035,36.0
ceda63d824383fb94ca5e9bd08701d70,163.0,314.6,422.4,0.42155847083333337,30.0
ceda63d824383fb94ca5e9bd08701d70,146.7,314.6,422.4,0.4200233157083333,33.0
ceda63d824383fb94ca5e9bd08701d70,179.3,314.6,422.4,0.415149807375,27.0
cf4c068dfec055bf302e658d71c9c942,211.2,282.0,380.0,0.9329724444444443,64.0
cf4c068dfec055bf302e658d71c9c942,172.8,282.0,380.0,0.8673860000000001,72.0
cf4c068dfec055bf302e658d71c9c942,192.0,282.0,380.0,0.8519911111111111,64.0
cf4c068dfec055bf302e658d71c9c942,211.2,253.8,380.0,0.8428703111111111,64.0
cf4c068dfec055bf302e658d71c9c942,211.2,282.0,342.0,0.8420674370370369,64.0
cf4c068dfec055bf302e658d71c9c942,172.8,253.8,380.0,0.7836179,72.0
cf4c068dfec055bf302e658d71c9c942,172.8,282.0,342.0,0.7828714666666667,72.0
cf4c068dfec055bf302e658d71c9c942,192.0,253.8,380.0,0.7697097777777779,64.0
cf4c068dfec055bf302e658d71c9c942,192.0,282.0,342.0,0.7689765925925925,64.0
cf4c068dfec055bf302e658d71c9c942,211.2,310.2,380.0,0.7673059333333333,48.0
cf4c068dfec055bf302e658d71c9c942,211.2,253.8,342.0,0.7607444859259258,64.0
cf4c068dfec055bf302e658d71c9c942,172.8,310.2,380.0,0.7133655750000001,54.0
cf4c068dfec055bf302e658d71c9c942,172.8,253.8,342.0,0.7072653866666667,72.0
cf4c068dfec055bf302e658d71c9c942,192.0,310.2,380.0,0.7007043333333332,48.0
cf4c068dfec055bf302e658d71c9c942,192.0,253.8,342.0,0.6947124148148149,64.0
cf4c068dfec055bf302e658d71c9c942,211.2,310.2,342.0,0.6925427911111111,48.0
cf4c068dfec055bf302e658d71c9c942,172.8,310.2,342.0,0.64385816,54.0
cf4c068dfec055bf302e658d71c9c942,192.0,310.2,342.0,0.6324305777777777,48.0
cf4c068dfec055bf302e658d71c9c942,211.2,282.0,418.0,0.5119387259259259,32.0
cf4c068dfec055bf302e658d71c9c942,172.8,282.0,418.0,0.47595026666666673,36.0
cf4c068dfec055bf302e658d71c9c942,192.0,282.0,418.0,0.4675028148148148,32.0
cf4c068dfec055bf302e658d71c9c942,211.2,253.8,418.0,0.46249806814814814,32.0
cf4c068dfec055bf302e658d71c9c942,172.8,253.8,418.0,0.42998520666666673,36.0
cf4c068dfec055bf302e658d71c9c942,192.0,253.8,418.0,0.42235357037037036,32.0
cf4c068dfec055bf302e658d71c9c942,211.2,310.2,418.0,0.4210345377777777,24.0
cf4c068dfec055bf302e658d71c9c942,172.8,310.2,418.0,0.39143649500000005,27.0
cf4c068dfec055bf302e658d71c9c942,192.0,310.2,418.0,0.3844890444444444,24.0
d0098765b25906b02fe80a96f1e6e287,280.5,266.4,355.5,0.8152091694444444,48.0
d0098765b25906b02fe80a96f1e6e287,229.5,266.4,355.5,0.7841068115740738,56.0
d0098765b25906b02fe80a96f1e6e287,255.0,266.4,355.5,0.7436503611111112,48.0
d0098765b25906b02fe80a96f1e6e287,280.5,325.6,355.5,0.7423594354166666,36.0
d0098765b25906b02fe80a96f1e6e287,229.5,325.6,355.5,0.7140364850694446,42.0
d0098765b25906b02fe80a96f1e6e287,255.0,325.6,355.5,0.6771953541666667,36.0
d0098765b25906b02fe80a96f1e6e287,280.5,296.0,355.5,0.67688315625,36.0
d0098765b25906b02fe80a96f1e6e287,229.5,296.0,355.5,0.651058296875,42.0
d0098765b25906b02fe80a96f1e6e287,255.0,296.0,355.5,0.6174665625,36.0
d0098765b25906b02fe80a96f1e6e287,280.5,266.4,434.5,0.49570516527777775,24.0
d0098765b25906b02fe80a96f1e6e287,229.5,266.4,434.5,0.47679271921296285,28.0
d0098765b25906b02fe80a96f1e6e287,255.0,266.4,434.5,0.45219231944444443,24.0
d0098765b25906b02fe80a96f1e6e287,280.5,266.4,395.0,0.451654875,24.0
d0098765b25906b02fe80a96f1e6e287,280.5,325.6,434.5,0.4514073447916667,18.0
d0098765b25906b02fe80a96f1e6e287,229.5,266.4,395.0,0.43442306249999996,28.0
d0098765b25906b02fe80a96f1e6e287,229.5,325.6,434.5,0.43418497621527785,21.0
d0098765b25906b02fe80a96f1e6e287,255.0,266.4,395.0,0.41200875,24.0
d0098765b25906b02fe80a96f1e6e287,255.0,325.6,434.5,0.41178294791666664,18.0
d0098765b25906b02fe80a96f1e6e287,280.5,296.0,434.5,0.411593109375,18.0
d0098765b25906b02fe80a96f1e6e287,280.5,325.6,395.0,0.41129353125,18.0
d0098765b25906b02fe80a96f1e6e287,229.5,296.0,434.5,0.3958897578125,21.0
d0098765b25906b02fe80a96f1e6e287,229.5,325.6,395.0,0.39560160937500005,21.0
d0098765b25906b02fe80a96f1e6e287,255.0,296.0,434.5,0.37546359375,18.0
d0098765b25906b02fe80a96f1e6e287,255.0,325.6,395.0,0.3751903125,18.0
d0098765b25906b02fe80a96f1e6e287,280.5,296.0,395.0,0.37501734375,18.0
d0098765b25906b02fe80a96f1e6e287,229.5,296.0,395.0,0.360709453125,21.0
d0098765b25906b02fe80a96f1e6e287,255.0,296.0,395.0,0.3420984375,18.0
d26d5d6c9610627f969c12fa3f73a697,186.3,221.4,379.0,0.9203055197916669,90.0
d26d5d6c9610627f969c12fa3f73a697,207.0,221.4,379.0,0.9043133425925928,80.0
d26d5d6c9610627f969c12fa3f73a697,186.3,270.6,379.0,0.8927838508333334,72.0
d26d5d6c9610627f969c12fa3f73a697,207.0,270.6,379.0,0.8772699185185185,64.0
d26d5d6c9610627f969c12fa3f73a697,227.7,221.4,379.0,0.8667551674768518,70.0
d26d5d6c9610627f969c12fa3f73a697,227.7,270.6,379.0,0.8408349178703703,56.0
d26d5d6c9610627f969c12fa3f73a697,186.3,221.4,341.1,0.8306407917708335,90.0
d26d5d6c9610627f969c12fa3f73a697,207.0,221.4,341.1,0.8162067212962965,80.0
d26d5d6c9610627f969c12fa3f73a697,186.3,246.0,379.0,0.8145141333333333,72.0
d26d5d6c9610627f969c12fa3f73a697,186.3,270.6,341.1,0.8058005399166669,72.0
d26d5d6c9610627f969c12fa3f73a697,207.0,246.0,379.0,0.8003602962962963,64.0
d26d5d6c9610627f969c12fa3f73a697,207.0,270.6,341.1,0.7917981192592594,64.0
d26d5d6c9610627f969c12fa3f73a697,227.7,221.4,341.1,0.7823078131134259,70.0
d26d5d6c9610627f969c12fa3f73a697,227.7,246.0,379.0,0.7671195259259258,56.0
d26d5d6c9610627f969c12fa3f73a697,227.7,270.6,341.1,0.7589129554351852,56.0
d26d5d6c9610627f969c12fa3f73a697,186.3,246.0,341.1,0.7351565866666668,72.0
d26d5d6c9610627f969c12fa3f73a697,207.0,246.0,341.1,0.7223817481481483,64.0
d26d5d6c9610627f969c12fa3f73a697,227.7,246.0,341.1,0.692379602962963,56.0
d26d5d6c9610627f969c12fa3f73a697,186.3,221.4,416.9,0.50498512390625,45.0
d26d5d6c9610627f969c12fa3f73a697,207.0,221.4,416.9,0.49620998194444443,40.0
d26d5d6c9610627f969c12fa3f73a697,186.3,270.6,416.9,0.48988358087500006,36.0
d26d5d6c9610627f969c12fa3f73a697,207.0,270.6,416.9,0.48137085888888886,32.0
d26d5d6c9610627f969c12fa3f73a697,227.7,221.4,416.9,0.4756012609201389,35.0
d26d5d6c9610627f969c12fa3f73a697,227.7,270.6,416.9,0.4613784401527777,28.0
d26d5d6c9610627f969c12fa3f73a697,186.3,246.0,416.9,0.44693584,36.0
d26d5d6c9610627f969c12fa3f73a697,207.0,246.0,416.9,0.43916942222222216,32.0
d26d5d6c9610627f969c12fa3f73a697,227.7,246.0,416.9,0.4209297244444444,28.0
d31c61f54dfba12e6064bda2c75bc9f2,213.4,262.8,355.5,0.8249946874074074,64.0
d31c61f54dfba12e6064bda2c75bc9f2,174.6,262.8,355.5,0.7669237766666667,72.0
d31c61f54dfba12e6064bda2c75bc9f2,194.0,262.8,355.5,0.7533523555555556,64.0
d31c61f54dfba12e6064bda2c75bc9f2,213.4,321.2,355.5,0.75120484,48.0
d31c61f54dfba12e6064bda2c75bc9f2,174.6,321.2,355.5,0.698327955,54.0
d31c61f54dfba12e6064bda2c75bc9f2,194.0,321.2,355.5,0.6859704,48.0
d31c61f54dfba12e6064bda2c75bc9f2,213.4,292.0,355.5,0.6849754277777778,48.0
d31c61f54dfba12e6064bda2c75bc9f2,174.6,292.0,355.5,0.6367603937499999,54.0
d31c61f54dfba12e6064bda2c75bc9f2,194.0,292.0,355.5,0.6254923333333333,48.0
d31c61f54dfba12e6064bda2c75bc9f2,213.4,262.8,434.5,0.5016554562962963,32.0
d31c61f54dfba12e6064bda2c75bc9f2,174.6,262.8,434.5,0.4663442116666667,36.0
d31c61f54dfba12e6064bda2c75bc9f2,194.0,262.8,434.5,0.4580918222222223,32.0
d31c61f54dfba12e6064bda2c75bc9f2,213.4,262.8,395.0,0.45707640000000005,32.0
d31c61f54dfba12e6064bda2c75bc9f2,213.4,321.2,434.5,0.45678598000000004,24.0
d31c61f54dfba12e6064bda2c75bc9f2,174.6,262.8,395.0,0.42490305,36.0
d31c61f54dfba12e6064bda2c75bc9f2,174.6,321.2,434.5,0.4246330725,27.0
d31c61f54dfba12e6064bda2c75bc9f2,194.0,262.8,395.0,0.417384,32.0
d31c61f54dfba12e6064bda2c75bc9f2,194.0,321.2,434.5,0.41711880000000007,24.0
d31c61f54dfba12e6064bda2c75bc9f2,213.4,292.0,434.5,0.4165137861111112,24.0
d31c61f54dfba12e6064bda2c75bc9f2,213.4,321.2,395.0,0.4161942,24.0
d31c61f54dfba12e6064bda2c75bc9f2,174.6,292.0,434.5,0.387195615625,27.0
d31c61f54dfba12e6064bda2c75bc9f2,174.6,321.2,395.0,0.38689852499999994,27.0
d31c61f54dfba12e6064bda2c75bc9f2,194.0,292.0,434.5,0.3803438333333333,24.0
d31c61f54dfba12e6064bda2c75bc9f2,194.0,321.2,395.0,0.380052,24.0
d31c61f54dfba12e6064bda2c75bc9f2,213.4,292.0,395.0,0.37950075,24.0
d31c61f54dfba12e6064bda2c75bc9f2,174.6,292.0,395.0,0.35278790625,27.0
d31c61f54dfba12e6064bda2c75bc9f2,194.0,292.0,395.0,0.346545,24.0
d3d0a6587d8f983d383e032e2b9acacc,163.8,221.4,379.0,0.9053551782407409,100.0
d3d0a6587d8f983d383e032e2b9acacc,182.0,221.4,379.0,0.9001460000000001,90.0
d3d0a6587d8f983d383e032e2b9acacc,163.8,270.6,379.0,0.8782805981481482,80.0
d3d0a6587d8f983d383e032e2b9acacc,200.2,221.4,379.0,0.8759754129629629,80.0
d3d0a6587d8f983d383e032e2b9acacc,182.0,270.6,379.0,0.8732272000000001,72.0
d3d0a6587d8f983d383e032e2b9acacc,200.2,270.6,379.0,0.8497794325925926,64.0
d3d0a6587d8f983d383e032e2b9acacc,163.8,221.4,341.1,0.8171470516203705,100.0
d3d0a6587d8f983d383e032e2b9acacc,182.0,221.4,341.1,0.8124454,90.0
d3d0a6587d8f983d383e032e2b9acacc,163.8,246.0,379.0,0.8012823703703705,80.0
d3d0a6587d8f983d383e032e2b9acacc,182.0,246.0,379.0,0.796672,72.0
d3d0a6587d8f983d383e032e2b9acacc,163.8,270.6,341.1,0.7927103290740742,80.0
d3d0a6587d8f983d383e032e2b9acacc,200.2,221.4,341.1,0.7906297364814815,80.0
d3d0a6587d8f983d383e032e2b9acacc,182.0,270.6,341.1,0.7881492800000001,72.0
d3d0a6587d8f983d383e032e2b9acacc,200.2,246.0,379.0,0.7752798814814814,64.0
d3d0a6587d8f983d383e032e2b9acacc,200.2,270.6,341.1,0.7669860122962964,64.0
d3d0a6587d8f983d383e032e2b9acacc,163.8,246.0,341.1,0.7232139851851852,80.0
d3d0a6587d8f983d383e032e2b9acacc,182.0,246.0,341.1,0.7190528,72.0
d3d0a6587d8f983d383e032e2b9acacc,200.2,246.0,341.1,0.6997449007407408,64.0
d3d0a6587d8f983d383e032e2b9acacc,163.8,221.4,416.9,0.49678165243055566,50.0
d3d0a6587d8f983d383e032e2b9acacc,182.0,221.4,416.9,0.4939233,45.0
d3d0a6587d8f983d383e032e2b9acacc,163.8,270.6,416.9,0.4819254336111111,40.0
d3d0a6587d8f983d383e032e2b9acacc,200.2,221.4,416.9,0.4806605447222222,40.0
d3d0a6587d8f983d383e032e2b9acacc,182.0,270.6,416.9,0.47915255999999995,36.0
d3d0a6587d8f983d383e032e2b9acacc,200.2,270.6,416.9,0.46628642644444446,32.0
d3d0a6587d8f983d383e032e2b9acacc,163.8,246.0,416.9,0.43967537777777776,40.0
d3d0a6587d8f983d383e032e2b9acacc,182.0,246.0,416.9,0.43714559999999997,36.0
d3d0a6587d8f983d383e032e2b9acacc,200.2,246.0,416.9,0.42540743111111107,32.0
d57ede415e9b30ea0e94a15552298aa3,214.0,229.5,353.7,0.9033230370370369,80.0
d57ede415e9b30ea0e94a15552298aa3,214.0,280.5,353.7,0.8765439407407407,64.0
d57ede415e9b30ea0e94a15552298aa3,235.4,229.5,353.7,0.8659198175347222,70.0
d57ede415e9b30ea0e94a15552298aa3,235.4,280.5,353.7,0.8402495431944443,56.0
d57ede415e9b30ea0e94a15552298aa3,192.6,229.5,353.7,0.8170234254629628,80.0
d57ede415e9b30ea0e94a15552298aa3,214.0,255.0,353.7,0.7996011851851852,64.0
d57ede415e9b30ea0e94a15552298aa3,192.6,280.5,353.7,0.7928026892592592,64.0
d57ede415e9b30ea0e94a15552298aa3,235.4,255.0,353.7,0.7664926986111111,56.0
d57ede415e9b30ea0e94a15552298aa3,192.6,255.0,353.7,0.7232107148148148,64.0
d57ede415e9b30ea0e94a15552298aa3,214.0,229.5,432.3,0.5492710740740742,40.0
d57ede415e9b30ea0e94a15552298aa3,214.0,280.5,432.3,0.5329878814814815,32.0
d57ede415e9b30ea0e94a15552298aa3,235.4,229.5,432.3,0.5265278186631945,35.0
d57ede415e9b30ea0e94a15552298aa3,235.4,280.5,432.3,0.5109188520138889,28.0
d57ede415e9b30ea0e94a15552298aa3,214.0,229.5,393.0,0.5004662962962962,40.0
d57ede415e9b30ea0e94a15552298aa3,192.6,229.5,432.3,0.496796069675926,40.0
d57ede415e9b30ea0e94a15552298aa3,214.0,255.0,432.3,0.4862023703703704,32.0
d57ede415e9b30ea0e94a15552298aa3,214.0,280.5,393.0,0.4856299259259259,32.0
d57ede415e9b30ea0e94a15552298aa3,192.6,280.5,432.3,0.4820685035185185,32.0
d57ede415e9b30ea0e94a15552298aa3,235.4,229.5,393.0,0.47974386371527783,35.0
d57ede415e9b30ea0e94a15552298aa3,235.4,255.0,432.3,0.4660705534722222,28.0
d57ede415e9b30ea0e94a15552298aa3,235.4,280.5,393.0,0.4655218118055555,28.0
d57ede415e9b30ea0e94a15552298aa3,192.6,229.5,393.0,0.45265389120370364,40.0
d57ede415e9b30ea0e94a15552298aa3,214.0,255.0,393.0,0.4430014814814815,32.0
d57ede415e9b30ea0e94a15552298aa3,192.6,255.0,432.3,0.4397526796296296,32.0
d57ede415e9b30ea0e94a15552298aa3,192.6,280.5,393.0,0.43923492407407405,32.0
d57ede415e9b30ea0e94a15552298aa3,235.4,255.0,393.0,0.4246584513888889,28.0
d57ede415e9b30ea0e94a15552298aa3,192.6,255.0,393.0,0.4006790185185185,32.0
d6e2cbc227acca3455d02367e9bd0b2b,214.0,264.6,355.5,0.8326685629629631,64.0
d6e2cbc227acca3455d02367e9bd0b2b,235.4,264.6,355.5,0.7981908802777778,56.0
d6e2cbc227acca3455d02367e9bd0b2b,214.0,323.4,355.5,0.7582256888888889,48.0
d6e2cbc227acca3455d02367e9bd0b2b,192.6,264.6,355.5,0.7531189770370371,64.0
d6e2cbc227acca3455d02367e9bd0b2b,235.4,323.4,355.5,0.7268304064583334,42.0
d6e2cbc227acca3455d02367e9bd0b2b,214.0,294.0,355.5,0.6913635555555555,48.0
d6e2cbc227acca3455d02367e9bd0b2b,192.6,323.4,355.5,0.6857880561111112,48.0
d6e2cbc227acca3455d02367e9bd0b2b,235.4,294.0,355.5,0.6627367833333334,42.0
d6e2cbc227acca3455d02367e9bd0b2b,192.6,294.0,355.5,0.6253136444444444,48.0
d6e2cbc227acca3455d02367e9bd0b2b,214.0,264.6,434.5,0.5063217185185186,32.0
d6e2cbc227acca3455d02367e9bd0b2b,235.4,264.6,434.5,0.48535683486111125,28.0
d6e2cbc227acca3455d02367e9bd0b2b,214.0,264.6,395.0,0.46132800000000007,32.0
d6e2cbc227acca3455d02367e9bd0b2b,214.0,323.4,434.5,0.46105515555555554,24.0
d6e2cbc227acca3455d02367e9bd0b2b,192.6,264.6,434.5,0.4579499114814815,32.0
d6e2cbc227acca3455d02367e9bd0b2b,235.4,264.6,395.0,0.44222613750000006,28.0
d6e2cbc227acca3455d02367e9bd0b2b,235.4,323.4,434.5,0.44196459052083337,21.0
d6e2cbc227acca3455d02367e9bd0b2b,214.0,294.0,434.5,0.42039822222222223,24.0
d6e2cbc227acca3455d02367e9bd0b2b,214.0,323.4,395.0,0.42008399999999996,24.0
d6e2cbc227acca3455d02367e9bd0b2b,192.6,264.6,395.0,0.41725470000000003,32.0
d6e2cbc227acca3455d02367e9bd0b2b,192.6,323.4,434.5,0.41700792194444447,24.0
d6e2cbc227acca3455d02367e9bd0b2b,235.4,294.0,434.5,0.40299110833333335,21.0
d6e2cbc227acca3455d02367e9bd0b2b,235.4,323.4,395.0,0.40268989687500006,21.0
d6e2cbc227acca3455d02367e9bd0b2b,214.0,294.0,395.0,0.38304,24.0
d6e2cbc227acca3455d02367e9bd0b2b,192.6,294.0,434.5,0.3802351777777778,24.0
d6e2cbc227acca3455d02367e9bd0b2b,192.6,323.4,395.0,0.37995097499999997,24.0
d6e2cbc227acca3455d02367e9bd0b2b,235.4,294.0,395.0,0.3671797500000001,21.0
d6e2cbc227acca3455d02367e9bd0b2b,192.6,294.0,395.0,0.346446,24.0
d85b31778b741c8bdb462d9f332e56d2,244.0,223.2,383.0,0.9429944027777778,70.0
d85b31778b741c8bdb462d9f332e56d2,244.0,272.8,383.0,0.9148501444444443,56.0
d85b31778b741c8bdb462d9f332e56d2,268.4,223.2,383.0,0.8859267999999999,60.0
d85b31778b741c8bdb462d9f332e56d2,268.4,272.8,383.0,0.8594857599999999,48.0
d85b31778b741c8bdb462d9f332e56d2,219.6,223.2,383.0,0.8524075388888888,70.0
d85b31778b741c8bdb462d9f332e56d2,244.0,223.2,344.7,0.8510944393518517,70.0
d85b31778b741c8bdb462d9f332e56d2,244.0,248.0,383.0,0.8346228333333333,56.0
d85b31778b741c8bdb462d9f332e56d2,219.6,272.8,383.0,0.8269669022222222,56.0
d85b31778b741c8bdb462d9f332e56d2,244.0,272.8,344.7,0.825692992962963,56.0
d85b31778b741c8bdb462d9f332e56d2,268.4,223.2,344.7,0.7995883866666664,60.0
d85b31778b741c8bdb462d9f332e56d2,268.4,248.0,383.0,0.7841136,48.0
d85b31778b741c8bdb462d9f332e56d2,268.4,272.8,344.7,0.7757241706666665,48.0
d85b31778b741c8bdb462d9f332e56d2,219.6,223.2,344.7,0.7693357609259258,70.0
d85b31778b741c8bdb462d9f332e56d2,219.6,248.0,383.0,0.7544464666666666,56.0
d85b31778b741c8bdb462d9f332e56d2,244.0,248.0,344.7,0.7532842722222222,56.0
d85b31778b741c8bdb462d9f332e56d2,219.6,272.8,344.7,0.7463744534814815,56.0
d85b31778b741c8bdb462d9f332e56d2,268.4,248.0,344.7,0.70769744,48.0
d85b31778b741c8bdb462d9f332e56d2,219.6,248.0,344.7,0.680921531111111,56.0
d85b31778b741c8bdb462d9f332e56d2,244.0,223.2,421.3,0.5174471831018519,35.0
d85b31778b741c8bdb462d9f332e56d2,244.0,272.8,421.3,0.5020036479629629,28.0
d85b31778b741c8bdb462d9f332e56d2,268.4,223.2,421.3,0.48613260666666663,30.0
d85b31778b741c8bdb462d9f332e56d2,268.4,272.8,421.3,0.4716236746666666,24.0
d85b31778b741c8bdb462d9f332e56d2,219.6,223.2,421.3,0.46773965842592585,35.0
d85b31778b741c8bdb462d9f332e56d2,244.0,248.0,421.3,0.4579806972222223,28.0
d85b31778b741c8bdb462d9f332e56d2,219.6,272.8,421.3,0.45377967548148146,28.0
d85b31778b741c8bdb462d9f332e56d2,268.4,248.0,421.3,0.43026488,24.0
d85b31778b741c8bdb462d9f332e56d2,219.6,248.0,421.3,0.4139857011111111,28.0
d8d0e4bd0a27b5d4b00b32f474a5923a,276.1,221.4,379.0,0.8942075368055556,60.0
d8d0e4bd0a27b5d4b00b32f474a5923a,276.1,270.6,379.0,0.8674663261111112,48.0
d8d0e4bd0a27b5d4b00b32f474a5923a,225.9,221.4,379.0,0.8601916028935185,70.0
d8d0e4bd0a27b5d4b00b32f474a5923a,225.9,270.6,379.0,0.8344676362037038,56.0
d8d0e4bd0a27b5d4b00b32f474a5923a,251.0,221.4,379.0,0.8157573125,60.0
d8d0e4bd0a27b5d4b00b32f474a5923a,276.1,221.4,341.1,0.807085517152778,60.0
d8d0e4bd0a27b5d4b00b32f474a5923a,276.1,246.0,379.0,0.7914161777777778,48.0
d8d0e4bd0a27b5d4b00b32f474a5923a,251.0,270.6,379.0,0.79136215,48.0
d8d0e4bd0a27b5d4b00b32f474a5923a,276.1,270.6,341.1,0.7829496840555558,48.0
d8d0e4bd0a27b5d4b00b32f474a5923a,225.9,221.4,341.1,0.7763837320717593,70.0
d8d0e4bd0a27b5d4b00b32f474a5923a,225.9,246.0,379.0,0.7613104592592593,56.0
d8d0e4bd0a27b5d4b00b32f474a5923a,225.9,270.6,341.1,0.7531660336018521,56.0
d8d0e4bd0a27b5d4b00b32f474a5923a,251.0,221.4,341.1,0.7362786437500001,60.0
d8d0e4bd0a27b5d4b00b32f474a5923a,251.0,246.0,379.0,0.721984,48.0
d8d0e4bd0a27b5d4b00b32f474a5923a,276.1,246.0,341.1,0.714309048888889,48.0
d8d0e4bd0a27b5d4b00b32f474a5923a,251.0,270.6,341.1,0.7142602850000002,48.0
d8d0e4bd0a27b5d4b00b32f474a5923a,225.9,246.0,341.1,0.6871365096296297,56.0
d8d0e4bd0a27b5d4b00b32f474a5923a,251.0,246.0,341.1,0.6516416000000002,48.0
d8d0e4bd0a27b5d4b00b32f474a5923a,276.1,221.4,416.9,0.4906647782291667,30.0
d8d0e4bd0a27b5d4b00b32f474a5923a,276.1,270.6,416.9,0.4759914840833335,24.0
d8d0e4bd0a27b5d4b00b32f474a5923a,225.9,221.4,416.9,0.47199973685763885,35.0
d8d0e4bd0a27b5d4b00b32f474a5923a,225.9,270.6,416.9,0.4578846194027778,28.0
d8d0e4bd0a27b5d4b00b32f474a5923a,251.0,221.4,416.9,0.44761799062499996,30.0
d8d0e4bd0a27b5d4b00b32f474a5923a,276.1,246.0,416.9,0.43426165333333333,24.0
d8d0e4bd0a27b5d4b00b32f474a5923a,251.0,270.6,416.9,0.4342320075,24.0
d8d0e4bd0a27b5d4b00b32f474a5923a,225.9,246.0,416.9,0.41774220444444443,28.0
d8d0e4bd0a27b5d4b00b32f474a5923a,251.0,246.0,416.9,0.39616319999999994,24.0
dc0b41c3254944ee2f8977c80dc8f455,189.2,262.8,351.9,0.8194284559999999,72.0
dc0b41c3254944ee2f8977c80dc8f455,154.8,262.8,351.9,0.7532452562962964,80.0
dc0b41c3254944ee2f8977c80dc8f455,172.0,262.8,351.9,0.7486745933333333,72.0
dc0b41c3254944ee2f8977c80dc8f455,189.2,321.2,351.9,0.7461364679999999,54.0
dc0b41c3254944ee2f8977c80dc8f455,154.8,321.2,351.9,0.6858728799999999,60.0
dc0b41c3254944ee2f8977c80dc8f455,172.0,321.2,351.9,0.6817110300000001,54.0
dc0b41c3254944ee2f8977c80dc8f455,189.2,292.0,351.9,0.6803539049999999,54.0
dc0b41c3254944ee2f8977c80dc8f455,154.8,292.0,351.9,0.6254034111111112,60.0
dc0b41c3254944ee2f8977c80dc8f455,172.0,292.0,351.9,0.6216084874999999,54.0
dc0b41c3254944ee2f8977c80dc8f455,189.2,262.8,430.1,0.498246012,36.0
dc0b41c3254944ee2f8977c80dc8f455,154.8,262.8,430.1,0.45800392,40.0
dc0b41c3254944ee2f8977c80dc8f455,172.0,262.8,430.1,0.45522477000000006,36.0
dc0b41c3254944ee2f8977c80dc8f455,189.2,262.8,391.0,0.45398012,36.0
dc0b41c3254944ee2f8977c80dc8f455,189.2,321.2,430.1,0.45368148599999997,27.0
dc0b41c3254944ee2f8977c80dc8f455,154.8,262.8,391.0,0.4173132740740741,40.0
dc0b41c3254944ee2f8977c80dc8f455,154.8,321.2,430.1,0.41703876000000006,30.0
dc0b41c3254944ee2f8977c80dc8f455,172.0,262.8,391.0,0.41478103333333327,36.0
dc0b41c3254944ee2f8977c80dc8f455,172.0,321.2,430.1,0.41450818500000003,27.0
dc0b41c3254944ee2f8977c80dc8f455,189.2,292.0,430.1,0.4136829975,27.0
dc0b41c3254944ee2f8977c80dc8f455,189.2,321.2,391.0,0.41337485999999996,27.0
dc0b41c3254944ee2f8977c80dc8f455,154.8,292.0,430.1,0.3802708500000001,30.0
dc0b41c3254944ee2f8977c80dc8f455,154.8,321.2,391.0,0.37998760000000004,30.0
dc0b41c3254944ee2f8977c80dc8f455,172.0,292.0,430.1,0.37796338125000006,27.0
dc0b41c3254944ee2f8977c80dc8f455,172.0,321.2,391.0,0.37768185000000004,27.0
dc0b41c3254944ee2f8977c80dc8f455,189.2,292.0,391.0,0.376929975,27.0
dc0b41c3254944ee2f8977c80dc8f455,154.8,292.0,391.0,0.3464862777777778,30.0
dc0b41c3254944ee2f8977c80dc8f455,172.0,292.0,391.0,0.3443838125,27.0
dcc42a5da445d56728ad8178bf5931e9,240.0,266.4,355.5,0.8184831018518518,56.0
dcc42a5da445d56728ad8178bf5931e9,264.0,266.4,355.5,0.768906411111111,48.0
dcc42a5da445d56728ad8178bf5931e9,240.0,325.6,355.5,0.7453407986111111,42.0
dcc42a5da445d56728ad8178bf5931e9,216.0,266.4,355.5,0.7399087240740742,56.0
dcc42a5da445d56728ad8178bf5931e9,264.0,325.6,355.5,0.7001944416666667,36.0
dcc42a5da445d56728ad8178bf5931e9,240.0,296.0,355.5,0.6796015625,42.0
dcc42a5da445d56728ad8178bf5931e9,216.0,325.6,355.5,0.6737880819444445,42.0
dcc42a5da445d56728ad8178bf5931e9,264.0,296.0,355.5,0.638437125,36.0
dcc42a5da445d56728ad8178bf5931e9,216.0,296.0,355.5,0.6143598125,42.0
dcc42a5da445d56728ad8178bf5931e9,240.0,266.4,434.5,0.49769594907407405,28.0
dcc42a5da445d56728ad8178bf5931e9,264.0,266.4,434.5,0.46754979444444444,24.0
dcc42a5da445d56728ad8178bf5931e9,240.0,266.4,395.0,0.45346875,28.0
dcc42a5da445d56728ad8178bf5931e9,240.0,325.6,434.5,0.4532202256944444,21.0
dcc42a5da445d56728ad8178bf5931e9,216.0,266.4,434.5,0.4499171379629629,28.0
dcc42a5da445d56728ad8178bf5931e9,264.0,266.4,395.0,0.4260014999999999,24.0
dcc42a5da445d56728ad8178bf5931e9,264.0,325.6,434.5,0.42576802916666673,18.0
dcc42a5da445d56728ad8178bf5931e9,240.0,296.0,434.5,0.41324609375,21.0
dcc42a5da445d56728ad8178bf5931e9,240.0,325.6,395.0,0.4129453125,21.0
dcc42a5da445d56728ad8178bf5931e9,216.0,266.4,395.0,0.40993574999999993,28.0
dcc42a5da445d56728ad8178bf5931e9,216.0,325.6,434.5,0.4097110840277778,21.0
dcc42a5da445d56728ad8178bf5931e9,264.0,296.0,434.5,0.3882151875,18.0
dcc42a5da445d56728ad8178bf5931e9,264.0,325.6,395.0,0.387932625,18.0
dcc42a5da445d56728ad8178bf5931e9,240.0,296.0,395.0,0.3765234375,21.0
dcc42a5da445d56728ad8178bf5931e9,216.0,296.0,434.5,0.37357446875,21.0
dcc42a5da445d56728ad8178bf5931e9,216.0,325.6,395.0,0.37330256250000005,21.0
dcc42a5da445d56728ad8178bf5931e9,264.0,296.0,395.0,0.353716875,18.0
dcc42a5da445d56728ad8178bf5931e9,216.0,296.0,395.0,0.3403771875,21.0
ddc544b82bb095f53666029f60d7e482,155.7,266.4,351.9,0.7673533246296295,80.0
ddc544b82bb095f53666029f60d7e482,173.0,266.4,351.9,0.7627223449999999,72.0
ddc544b82bb095f53666029f60d7e482,190.3,266.4,351.9,0.7420681758518518,64.0
ddc544b82bb095f53666029f60d7e482,155.7,325.6,351.9,0.6987801440277777,60.0
ddc544b82bb095f53666029f60d7e482,173.0,325.6,351.9,0.69456300375,54.0
ddc544b82bb095f53666029f60d7e482,190.3,325.6,351.9,0.6757545581111111,48.0
ddc544b82bb095f53666029f60d7e482,155.7,296.0,351.9,0.6371475687499998,60.0
ddc544b82bb095f53666029f60d7e482,173.0,296.0,351.9,0.6333023812499999,54.0
ddc544b82bb095f53666029f60d7e482,190.3,296.0,351.9,0.6161528449999999,48.0
ddc544b82bb095f53666029f60d7e482,155.7,266.4,430.1,0.4665822025,40.0
ddc544b82bb095f53666029f60d7e482,173.0,266.4,430.1,0.46376637750000005,36.0
ddc544b82bb095f53666029f60d7e482,190.3,266.4,430.1,0.451207798,32.0
ddc544b82bb095f53666029f60d7e482,155.7,266.4,391.0,0.4251294324074073,40.0
ddc544b82bb095f53666029f60d7e482,155.7,325.6,430.1,0.424886904375,30.0
ddc544b82bb095f53666029f60d7e482,173.0,266.4,391.0,0.422563775,36.0
ddc544b82bb095f53666029f60d7e482,173.0,325.6,430.1,0.4223227106250001,27.0
ddc544b82bb095f53666029f60d7e482,190.3,266.4,391.0,0.4111209429629629,32.0
ddc544b82bb095f53666029f60d7e482,190.3,325.6,430.1,0.4108864065000001,24.0
ddc544b82bb095f53666029f60d7e482,155.7,296.0,430.1,0.38741177812499994,30.0
ddc544b82bb095f53666029f60d7e482,155.7,325.6,391.0,0.3871384881944444,30.0
ddc544b82bb095f53666029f60d7e482,173.0,296.0,430.1,0.385073746875,27.0
ddc544b82bb095f53666029f60d7e482,173.0,325.6,391.0,0.38480210625,27.0
ddc544b82bb095f53666029f60d7e482,190.3,296.0,430.1,0.37464612750000004,24.0
ddc544b82bb095f53666029f60d7e482,190.3,325.6,391.0,0.3743818427777778,24.0
ddc544b82bb095f53666029f60d7e482,155.7,296.0,391.0,0.35299278125,30.0
ddc544b82bb095f53666029f60d7e482,173.0,296.0,391.0,0.35086246875,27.0
ddc544b82bb095f53666029f60d7e482,190.3,296.0,391.0,0.341361275,24.0
ddc8f0c662924d5b7914ba35ddb1ebe4,275.0,264.6,355.5,0.7945665416666666,48.0
ddc8f0c662924d5b7914ba35ddb1ebe4,225.0,264.6,355.5,0.7643637199074076,56.0
ddc8f0c662924d5b7914ba35ddb1ebe4,250.0,264.6,355.5,0.7248677222222222,48.0
ddc8f0c662924d5b7914ba35ddb1ebe4,275.0,323.4,355.5,0.72353009375,36.0
ddc8f0c662924d5b7914ba35ddb1ebe4,225.0,323.4,355.5,0.6960274878472222,42.0
ddc8f0c662924d5b7914ba35ddb1ebe4,250.0,323.4,355.5,0.6600625416666667,36.0
ddc8f0c662924d5b7914ba35ddb1ebe4,275.0,294.0,355.5,0.6597275,36.0
ddc8f0c662924d5b7914ba35ddb1ebe4,225.0,294.0,355.5,0.6346501388888889,42.0
ddc8f0c662924d5b7914ba35ddb1ebe4,250.0,294.0,355.5,0.6018566666666667,36.0
ddc8f0c662924d5b7914ba35ddb1ebe4,275.0,264.6,434.5,0.48315297916666666,24.0
ddc8f0c662924d5b7914ba35ddb1ebe4,225.0,264.6,434.5,0.46478751504629634,28.0
ddc8f0c662924d5b7914ba35ddb1ebe4,250.0,264.6,434.5,0.4407711388888889,24.0
ddc8f0c662924d5b7914ba35ddb1ebe4,275.0,264.6,395.0,0.440218125,24.0
ddc8f0c662924d5b7914ba35ddb1ebe4,275.0,323.4,434.5,0.439957765625,18.0
ddc8f0c662924d5b7914ba35ddb1ebe4,225.0,264.6,395.0,0.42348468750000007,28.0
ddc8f0c662924d5b7914ba35ddb1ebe4,225.0,323.4,434.5,0.4232342248263889,21.0
ddc8f0c662924d5b7914ba35ddb1ebe4,250.0,264.6,395.0,0.4016025,24.0
ddc8f0c662924d5b7914ba35ddb1ebe4,250.0,323.4,434.5,0.4013649791666667,18.0
ddc8f0c662924d5b7914ba35ddb1ebe4,275.0,294.0,434.5,0.40116125,18.0
ddc8f0c662924d5b7914ba35ddb1ebe4,275.0,323.4,395.0,0.40086140625,18.0
ddc8f0c662924d5b7914ba35ddb1ebe4,225.0,294.0,434.5,0.3859124305555556,21.0
ddc8f0c662924d5b7914ba35ddb1ebe4,225.0,323.4,395.0,0.385623984375,21.0
ddc8f0c662924d5b7914ba35ddb1ebe4,250.0,294.0,434.5,0.36597166666666664,18.0
ddc8f0c662924d5b7914ba35ddb1ebe4,250.0,323.4,395.0,0.365698125,18.0
ddc8f0c662924d5b7914ba35ddb1ebe4,275.0,294.0,395.0,0.3655125,18.0
ddc8f0c662924d5b7914ba35ddb1ebe4,225.0,294.0,395.0,0.35161875,21.0
ddc8f0c662924d5b7914ba35ddb1ebe4,250.0,294.0,395.0,0.33345,18.0
e205014ff79e36431f829f1fab46061c,245.7,288.0,388.0,0.9828208314814814,56.0
e205014ff79e36431f829f1fab46061c,273.0,288.0,388.0,0.9323592222222222,48.0
e205014ff79e36431f829f1fab46061c,245.7,259.2,388.0,0.8878368048148145,56.0
e205014ff79e36431f829f1fab46061c,245.7,288.0,349.2,0.8870081474074073,56.0
e205014ff79e36431f829f1fab46061c,300.3,288.0,388.0,0.8519171574074074,40.0
e205014ff79e36431f829f1fab46061c,273.0,259.2,388.0,0.8422520222222222,48.0
e205014ff79e36431f829f1fab46061c,273.0,288.0,349.2,0.8414659111111111,48.0
e205014ff79e36431f829f1fab46061c,245.7,316.8,388.0,0.8083536436111111,42.0
e205014ff79e36431f829f1fab46061c,245.7,259.2,349.2,0.8012838700740739,56.0
e205014ff79e36431f829f1fab46061c,300.3,259.2,388.0,0.769584224074074,40.0
e205014ff79e36431f829f1fab46061c,300.3,288.0,349.2,0.7688659370370371,40.0
e205014ff79e36431f829f1fab46061c,273.0,316.8,388.0,0.7668498166666667,36.0
e205014ff79e36431f829f1fab46061c,273.0,259.2,349.2,0.7601430311111109,48.0
e205014ff79e36431f829f1fab46061c,245.7,316.8,349.2,0.7295493185555555,42.0
e205014ff79e36431f829f1fab46061c,300.3,316.8,388.0,0.7006875680555557,30.0
e205014ff79e36431f829f1fab46061c,300.3,259.2,349.2,0.6945594303703703,40.0
e205014ff79e36431f829f1fab46061c,273.0,316.8,349.2,0.6920915933333334,36.0
e205014ff79e36431f829f1fab46061c,300.3,316.8,349.2,0.6323793327777779,30.0
e205014ff79e36431f829f1fab46061c,245.7,288.0,426.8,0.5393167577777778,28.0
e205014ff79e36431f829f1fab46061c,273.0,288.0,426.8,0.5116262666666667,24.0
e205014ff79e36431f829f1fab46061c,245.7,259.2,426.8,0.48719486977777776,28.0
e205014ff79e36431f829f1fab46061c,300.3,288.0,426.8,0.46748418888888893,20.0
e205014ff79e36431f829f1fab46061c,273.0,259.2,426.8,0.46218050666666666,24.0
e205014ff79e36431f829f1fab46061c,245.7,316.8,426.8,0.4435789843333333,21.0
e205014ff79e36431f829f1fab46061c,300.3,259.2,426.8,0.4223045088888888,20.0
e205014ff79e36431f829f1fab46061c,273.0,316.8,426.8,0.42080402000000006,18.0
e205014ff79e36431f829f1fab46061c,300.3,316.8,426.8,0.38449790166666675,15.0
e67976152cc42ec69a300f4522f58632,280.5,229.5,353.7,0.8786227977430555,60.0
e67976152cc42ec69a300f4522f58632,280.5,280.5,353.7,0.8525759423611111,48.0
e67976152cc42ec69a300f4522f58632,229.5,229.5,353.7,0.8451010444155093,70.0
e67976152cc42ec69a300f4522f58632,229.5,280.5,353.7,0.8200479445601853,56.0
e67976152cc42ec69a300f4522f58632,255.0,229.5,353.7,0.8014975607638889,60.0
e67976152cc42ec69a300f4522f58632,255.0,280.5,353.7,0.7777370902777778,48.0
e67976152cc42ec69a300f4522f58632,280.5,255.0,353.7,0.7777370902777778,48.0
e67976152cc42ec69a300f4522f58632,229.5,255.0,353.7,0.7480643900462963,56.0
e67976152cc42ec69a300f4522f58632,255.0,255.0,353.7,0.7094675694444444,48.0
e67976152cc42ec69a300f4522f58632,280.5,229.5,432.3,0.5342519431423611,30.0
e67976152cc42ec69a300f4522f58632,280.5,280.5,432.3,0.5184139940972222,24.0
e67976152cc42ec69a300f4522f58632,229.5,229.5,432.3,0.5138688368778935,35.0
e67976152cc42ec69a300f4522f58632,229.5,280.5,432.3,0.49863514693287037,28.0
e67976152cc42ec69a300f4522f58632,255.0,229.5,432.3,0.48735547309027777,30.0
e67976152cc42ec69a300f4522f58632,280.5,229.5,393.0,0.48678167100694447,30.0
e67976152cc42ec69a300f4522f58632,255.0,280.5,432.3,0.47290777430555553,24.0
e67976152cc42ec69a300f4522f58632,280.5,255.0,432.3,0.47290777430555553,24.0
e67976152cc42ec69a300f4522f58632,280.5,280.5,393.0,0.4723509826388889,24.0
e67976152cc42ec69a300f4522f58632,229.5,229.5,393.0,0.46820967954282405,35.0
e67976152cc42ec69a300f4522f58632,229.5,255.0,432.3,0.4548651082175926,28.0
e67976152cc42ec69a300f4522f58632,229.5,280.5,393.0,0.45432955960648147,28.0
e67976152cc42ec69a300f4522f58632,255.0,229.5,393.0,0.4440521267361111,30.0
e67976152cc42ec69a300f4522f58632,255.0,255.0,432.3,0.4313960763888889,24.0
e67976152cc42ec69a300f4522f58632,255.0,280.5,393.0,0.4308881597222222,24.0
e67976152cc42ec69a300f4522f58632,280.5,255.0,393.0,0.4308881597222222,24.0
e67976152cc42ec69a300f4522f58632,229.5,255.0,393.0,0.41444865162037037,28.0
e67976152cc42ec69a300f4522f58632,255.0,255.0,393.0,0.3930649305555556,24.0
e70cd62d04659cbda3f1df24c7140e35,177.3,221.4,379.0,0.8781111760416669,90.0
e70cd62d04659cbda3f1df24c7140e35,197.0,221.4,379.0,0.8626399166666668,80.0
e70cd62d04659cbda3f1df24c7140e35,177.3,270.6,379.0,0.8518513258333333,72.0
e70cd62d04659cbda3f1df24c7140e35,197.0,270.6,379.0,0.8368427333333334,64.0
e70cd62d04659cbda3f1df24c7140e35,216.7,221.4,379.0,0.8266444950231482,70.0
e70cd62d04659cbda3f1df24c7140e35,216.7,270.6,379.0,0.8019237521296296,56.0
e70cd62d04659cbda3f1df24c7140e35,177.3,221.4,341.1,0.7925574136458334,90.0
e70cd62d04659cbda3f1df24c7140e35,197.0,221.4,341.1,0.7785935083333334,80.0
e70cd62d04659cbda3f1df24c7140e35,177.3,246.0,379.0,0.7771701333333334,72.0
e70cd62d04659cbda3f1df24c7140e35,177.3,270.6,341.1,0.7688560424166668,72.0
e70cd62d04659cbda3f1df24c7140e35,197.0,246.0,379.0,0.7634773333333333,64.0
e70cd62d04659cbda3f1df24c7140e35,197.0,270.6,341.1,0.7553097266666667,64.0
e70cd62d04659cbda3f1df24c7140e35,216.7,221.4,341.1,0.7461050956365741,70.0
e70cd62d04659cbda3f1df24c7140e35,216.7,246.0,379.0,0.7316196740740739,56.0
e70cd62d04659cbda3f1df24c7140e35,216.7,270.6,341.1,0.7237928775648149,56.0
e70cd62d04659cbda3f1df24c7140e35,177.3,246.0,341.1,0.7014509866666668,72.0
e70cd62d04659cbda3f1df24c7140e35,197.0,246.0,341.1,0.6890922666666668,64.0
e70cd62d04659cbda3f1df24c7140e35,216.7,246.0,341.1,0.660338477037037,56.0
e70cd62d04659cbda3f1df24c7140e35,177.3,221.4,416.9,0.48183246921874995,45.0
e70cd62d04659cbda3f1df24c7140e35,197.0,221.4,416.9,0.4733431625,40.0
e70cd62d04659cbda3f1df24c7140e35,177.3,270.6,416.9,0.46742330462500004,36.0
e70cd62d04659cbda3f1df24c7140e35,197.0,270.6,416.9,0.45918787,32.0
e70cd62d04659cbda3f1df24c7140e35,216.7,221.4,416.9,0.4535919472048611,35.0
e70cd62d04659cbda3f1df24c7140e35,216.7,270.6,416.9,0.4400273133472222,28.0
e70cd62d04659cbda3f1df24c7140e35,177.3,246.0,416.9,0.42644464,36.0
e70cd62d04659cbda3f1df24c7140e35,197.0,246.0,416.9,0.41893119999999995,32.0
e70cd62d04659cbda3f1df24c7140e35,216.7,246.0,416.9,0.40145043555555554,28.0
e740f34d87ef8ba88af8bc4375aaebab,167.0,286.0,384.0,0.9556688888888889,80.0
e740f34d87ef8ba88af8bc4375aaebab,150.3,286.0,384.0,0.9520513851851854,88.0
e740f34d87ef8ba88af8bc4375aaebab,183.7,286.0,384.0,0.9412528666666666,72.0
e740f34d87ef8ba88af8bc4375aaebab,167.0,257.4,384.0,0.8633306111111111,80.0
e740f34d87ef8ba88af8bc4375aaebab,167.0,286.0,345.6,0.8625275555555557,80.0
e740f34d87ef8ba88af8bc4375aaebab,150.3,257.4,384.0,0.8600626364814814,88.0
e740f34d87ef8ba88af8bc4375aaebab,150.3,286.0,345.6,0.8592626207407408,88.0
e740f34d87ef8ba88af8bc4375aaebab,183.7,257.4,384.0,0.8503074883333331,72.0
e740f34d87ef8ba88af8bc4375aaebab,183.7,286.0,345.6,0.8495165466666668,72.0
e740f34d87ef8ba88af8bc4375aaebab,167.0,314.6,384.0,0.786005375,60.0
e740f34d87ef8ba88af8bc4375aaebab,150.3,314.6,384.0,0.7830301004166668,66.0
e740f34d87ef8ba88af8bc4375aaebab,167.0,257.4,345.6,0.7791887444444444,80.0
e740f34d87ef8ba88af8bc4375aaebab,150.3,257.4,345.6,0.776239272925926,88.0
e740f34d87ef8ba88af8bc4375aaebab,183.7,314.6,384.0,0.7741486837500001,54.0
e740f34d87ef8ba88af8bc4375aaebab,183.7,257.4,345.6,0.7674348803333333,72.0
e740f34d87ef8ba88af8bc4375aaebab,167.0,314.6,345.6,0.7093997750000002,60.0
e740f34d87ef8ba88af8bc4375aaebab,150.3,314.6,345.6,0.7067144764166667,66.0
e740f34d87ef8ba88af8bc4375aaebab,183.7,314.6,345.6,0.69869865975,54.0
e740f34d87ef8ba88af8bc4375aaebab,167.0,286.0,422.4,0.524405111111111,40.0
e740f34d87ef8ba88af8bc4375aaebab,150.3,286.0,422.4,0.5224200748148149,44.0
e740f34d87ef8ba88af8bc4375aaebab,183.7,286.0,422.4,0.5164945933333333,36.0
e740f34d87ef8ba88af8bc4375aaebab,167.0,257.4,422.4,0.47373623888888877,40.0
e740f34d87ef8ba88af8bc4375aaebab,150.3,257.4,422.4,0.4719430000185186,44.0
e740f34d87ef8ba88af8bc4375aaebab,183.7,257.4,422.4,0.4665900481666666,36.0
e740f34d87ef8ba88af8bc4375aaebab,167.0,314.6,422.4,0.43130548750000003,30.0
e740f34d87ef8ba88af8bc4375aaebab,150.3,314.6,422.4,0.42967286220833334,33.0
e740f34d87ef8ba88af8bc4375aaebab,183.7,314.6,422.4,0.424799353875,27.0
e743e947473252606cfa14519dbf593b,320.1,229.5,353.7,0.8319947949942129,50.0
e743e947473252606cfa14519dbf593b,261.9,229.5,353.7,0.8223667425347222,60.0
e743e947473252606cfa14519dbf593b,320.1,280.5,353.7,0.8073302311342593,40.0
e743e947473252606cfa14519dbf593b,261.9,280.5,353.7,0.7979876031944444,48.0
e743e947473252606cfa14519dbf593b,291.0,229.5,353.7,0.758650206886574,50.0
e743e947473252606cfa14519dbf593b,320.1,255.0,353.7,0.7364630335648148,40.0
e743e947473252606cfa14519dbf593b,291.0,280.5,353.7,0.7361599502314815,40.0
e743e947473252606cfa14519dbf593b,261.9,255.0,353.7,0.7279404986111111,48.0
e743e947473252606cfa14519dbf593b,291.0,255.0,353.7,0.6715400578703704,40.0
e743e947473252606cfa14519dbf593b,320.1,229.5,432.3,0.5058995020978011,25.0
e743e947473252606cfa14519dbf593b,261.9,229.5,432.3,0.5000451061631944,30.0
e743e947473252606cfa14519dbf593b,320.1,280.5,432.3,0.4909020638310186,20.0
e743e947473252606cfa14519dbf593b,261.9,280.5,432.3,0.4852212220138889,24.0
e743e947473252606cfa14519dbf593b,291.0,229.5,432.3,0.46130187861689814,25.0
e743e947473252606cfa14519dbf593b,320.1,229.5,393.0,0.46094844979745375,25.0
e743e947473252606cfa14519dbf593b,261.9,229.5,393.0,0.4556142387152778,30.0
e743e947473252606cfa14519dbf593b,320.1,255.0,432.3,0.44781083275462963,20.0
e743e947473252606cfa14519dbf593b,291.0,280.5,432.3,0.44762654108796296,20.0
e743e947473252606cfa14519dbf593b,320.1,280.5,393.0,0.44728358969907406,20.0
e743e947473252606cfa14519dbf593b,261.9,255.0,432.3,0.44262865347222224,24.0
e743e947473252606cfa14519dbf593b,261.9,280.5,393.0,0.4421075118055555,24.0
e743e947473252606cfa14519dbf593b,291.0,229.5,393.0,0.4203134910300926,25.0
e743e947473252606cfa14519dbf593b,291.0,255.0,432.3,0.40833402199074076,20.0
e743e947473252606cfa14519dbf593b,320.1,255.0,393.0,0.4080211747685185,20.0
e743e947473252606cfa14519dbf593b,291.0,280.5,393.0,0.40785325810185186,20.0
e743e947473252606cfa14519dbf593b,261.9,255.0,393.0,0.4032994513888889,24.0
e743e947473252606cfa14519dbf593b,291.0,255.0,393.0,0.37205202546296295,20.0
e86f3262de6efa8372f7a6e317b74e6b,144.0,286.0,386.0,0.9192773333333333,88.0
e86f3262de6efa8372f7a6e317b74e6b,158.4,286.0,386.0,0.9138506666666668,80.0
e86f3262de6efa8372f7a6e317b74e6b,129.6,286.0,386.0,0.9090752,96.0
e86f3262de6efa8372f7a6e317b74e6b,144.0,257.4,386.0,0.8304552666666667,88.0
e86f3262de6efa8372f7a6e317b74e6b,144.0,286.0,347.4,0.8296710074074074,88.0
e86f3262de6efa8372f7a6e317b74e6b,158.4,257.4,386.0,0.8255529333333333,80.0
e86f3262de6efa8372f7a6e317b74e6b,158.4,286.0,347.4,0.8247733037037037,80.0
e86f3262de6efa8372f7a6e317b74e6b,129.6,257.4,386.0,0.8212388799999999,96.0
e86f3262de6efa8372f7a6e317b74e6b,129.6,286.0,347.4,0.8204633244444444,96.0
e86f3262de6efa8372f7a6e317b74e6b,144.0,314.6,386.0,0.75607455,66.0
e86f3262de6efa8372f7a6e317b74e6b,158.4,314.6,386.0,0.7516113000000001,60.0
e86f3262de6efa8372f7a6e317b74e6b,144.0,257.4,347.4,0.7495068492592593,88.0
e86f3262de6efa8372f7a6e317b74e6b,129.6,314.6,386.0,0.7476836400000002,72.0
e86f3262de6efa8372f7a6e317b74e6b,158.4,257.4,347.4,0.7450823696296295,80.0
e86f3262de6efa8372f7a6e317b74e6b,129.6,257.4,347.4,0.7411888275555553,96.0
e86f3262de6efa8372f7a6e317b74e6b,144.0,314.6,347.4,0.6823763741666666,66.0
e86f3262de6efa8372f7a6e317b74e6b,158.4,314.6,347.4,0.6783481783333334,60.0
e86f3262de6efa8372f7a6e317b74e6b,129.6,314.6,347.4,0.674803366,72.0
e86f3262de6efa8372f7a6e317b74e6b,144.0,286.0,424.6,0.5044418296296297,44.0
e86f3262de6efa8372f7a6e317b74e6b,158.4,286.0,424.6,0.5014640148148148,40.0
e86f3262de6efa8372f7a6e317b74e6b,129.6,286.0,424.6,0.49884353777777773,48.0
e86f3262de6efa8372f7a6e317b74e6b,144.0,257.4,424.6,0.455701842037037,44.0
e86f3262de6efa8372f7a6e317b74e6b,158.4,257.4,424.6,0.4530117485185185,40.0
e86f3262de6efa8372f7a6e317b74e6b,129.6,257.4,424.6,0.4506444662222222,48.0
e86f3262de6efa8372f7a6e317b74e6b,144.0,314.6,424.6,0.4148863629166667,33.0
e86f3262de6efa8372f7a6e317b74e6b,158.4,314.6,424.6,0.41243721083333346,30.0
e86f3262de6efa8372f7a6e317b74e6b,129.6,314.6,424.6,0.41028195700000003,36.0
ea4f4880b999f6854b641f68b394c657,180.9,282.0,380.0,0.9058205,72.0
ea4f4880b999f6854b641f68b394c657,201.0,282.0,380.0,0.8899511111111111,64.0
ea4f4880b999f6854b641f68b394c657,221.1,282.0,380.0,0.8528873888888889,56.0
ea4f4880b999f6854b641f68b394c657,180.9,253.8,380.0,0.8183405750000001,72.0
ea4f4880b999f6854b641f68b394c657,180.9,282.0,342.0,0.8175610666666667,72.0
ea4f4880b999f6854b641f68b394c657,201.0,253.8,380.0,0.8040037777777778,64.0
ea4f4880b999f6854b641f68b394c657,201.0,282.0,342.0,0.8032379259259259,64.0
ea4f4880b999f6854b641f68b394c657,221.1,253.8,380.0,0.7705194972222222,56.0
ea4f4880b999f6854b641f68b394c657,221.1,282.0,342.0,0.7697855407407407,56.0
ea4f4880b999f6854b641f68b394c657,180.9,310.2,380.0,0.74497531875,54.0
ea4f4880b999f6854b641f68b394c657,180.9,253.8,342.0,0.7386048266666668,72.0
ea4f4880b999f6854b641f68b394c657,201.0,310.2,380.0,0.7319238333333333,48.0
ea4f4880b999f6854b641f68b394c657,201.0,253.8,342.0,0.7256649481481482,64.0
ea4f4880b999f6854b641f68b394c657,221.1,310.2,380.0,0.7014414604166668,42.0
ea4f4880b999f6854b641f68b394c657,221.1,253.8,342.0,0.6954432385185184,56.0
ea4f4880b999f6854b641f68b394c657,180.9,310.2,342.0,0.67238798,54.0
ea4f4880b999f6854b641f68b394c657,201.0,310.2,342.0,0.6606081777777777,48.0
ea4f4880b999f6854b641f68b394c657,221.1,310.2,342.0,0.6330958822222222,42.0
ea4f4880b999f6854b641f68b394c657,180.9,282.0,418.0,0.4970399666666667,36.0
ea4f4880b999f6854b641f68b394c657,201.0,282.0,418.0,0.4883321481481481,32.0
ea4f4880b999f6854b641f68b394c657,221.1,282.0,418.0,0.4679946185185185,28.0
ea4f4880b999f6854b641f68b394c657,180.9,253.8,418.0,0.44903816166666666,36.0
ea4f4880b999f6854b641f68b394c657,201.0,253.8,418.0,0.4411713037037037,32.0
ea4f4880b999f6854b641f68b394c657,221.1,253.8,418.0,0.422797877962963,28.0
ea4f4880b999f6854b641f68b394c657,180.9,310.2,418.0,0.40878132874999995,27.0
ea4f4880b999f6854b641f68b394c657,201.0,310.2,418.0,0.4016197444444444,24.0
ea4f4880b999f6854b641f68b394c657,221.1,310.2,418.0,0.38489351930555554,21.0
ea6403e25e3a52198dad19251c207a47,245.0,226.8,380.0,0.9539833333333333,70.0
ea6403e25e3a52198dad19251c207a47,245.0,277.2,380.0,0.9256216666666667,56.0
ea6403e25e3a52198dad19251c207a47,269.5,226.8,380.0,0.8962633333333335,60.0
ea6403e25e3a52198dad19251c207a47,269.5,277.2,380.0,0.8696176666666665,48.0
ea6403e25e3a52198dad19251c207a47,220.5,226.8,380.0,0.8623261111111111,70.0
ea6403e25e3a52198dad19251c207a47,245.0,226.8,342.0,0.8610311111111111,70.0
ea6403e25e3a52198dad19251c207a47,245.0,252.0,380.0,0.8444041666666666,56.0
ea6403e25e3a52198dad19251c207a47,220.5,277.2,380.0,0.8366893888888888,56.0
ea6403e25e3a52198dad19251c207a47,245.0,277.2,342.0,0.8354328888888889,56.0
ea6403e25e3a52198dad19251c207a47,269.5,226.8,342.0,0.8089351111111113,60.0
ea6403e25e3a52198dad19251c207a47,269.5,252.0,380.0,0.7933141666666667,48.0
ea6403e25e3a52198dad19251c207a47,269.5,277.2,342.0,0.7848856888888888,48.0
ea6403e25e3a52198dad19251c207a47,220.5,226.8,342.0,0.7783045925925925,70.0
ea6403e25e3a52198dad19251c207a47,220.5,252.0,380.0,0.7632751388888889,56.0
ea6403e25e3a52198dad19251c207a47,245.0,252.0,342.0,0.7621288888888889,56.0
ea6403e25e3a52198dad19251c207a47,220.5,277.2,342.0,0.7551658074074074,56.0
ea6403e25e3a52198dad19251c207a47,269.5,252.0,342.0,0.7160168888888889,48.0
ea6403e25e3a52198dad19251c207a47,220.5,252.0,342.0,0.6889047407407407,56.0
ea6403e25e3a52198dad19251c207a47,245.0,226.8,418.0,0.5234677777777778,35.0
ea6403e25e3a52198dad19251c207a47,245.0,277.2,418.0,0.5079052222222222,28.0
ea6403e25e3a52198dad19251c207a47,269.5,226.8,418.0,0.4917957777777778,30.0
ea6403e25e3a52198dad19251c207a47,269.5,277.2,418.0,0.4771748222222222,24.0
ea6403e25e3a52198dad19251c207a47,220.5,226.8,418.0,0.4731738148148148,35.0
ea6403e25e3a52198dad19251c207a47,245.0,252.0,418.0,0.4633397222222222,28.0
ea6403e25e3a52198dad19251c207a47,220.5,277.2,418.0,0.4591064851851851,28.0
ea6403e25e3a52198dad19251c207a47,269.5,252.0,418.0,0.43530572222222225,24.0
ea6403e25e3a52198dad19251c207a47,220.5,252.0,418.0,0.4188227685185185,28.0
eb4895380ccaa410da0fefb6f12b197b,278.3,286.0,386.0,0.9387048,48.0
eb4895380ccaa410da0fefb6f12b197b,227.7,286.0,386.0,0.9029430666666667,56.0
eb4895380ccaa410da0fefb6f12b197b,253.0,286.0,386.0,0.856328,48.0
eb4895380ccaa410da0fefb6f12b197b,278.3,257.4,386.0,0.8480056200000001,48.0
eb4895380ccaa410da0fefb6f12b197b,278.3,286.0,347.4,0.8472047866666668,48.0
eb4895380ccaa410da0fefb6f12b197b,227.7,257.4,386.0,0.8156992433333332,56.0
eb4895380ccaa410da0fefb6f12b197b,227.7,286.0,347.4,0.8149289192592593,56.0
eb4895380ccaa410da0fefb6f12b197b,253.0,257.4,386.0,0.7735882,48.0
eb4895380ccaa410da0fefb6f12b197b,253.0,286.0,347.4,0.7728576444444444,48.0
eb4895380ccaa410da0fefb6f12b197b,278.3,314.6,386.0,0.772052985,36.0
eb4895380ccaa410da0fefb6f12b197b,278.3,257.4,347.4,0.7653464863333332,48.0
eb4895380ccaa410da0fefb6f12b197b,227.7,314.6,386.0,0.7426401675000001,42.0
eb4895380ccaa410da0fefb6f12b197b,227.7,257.4,347.4,0.7361891655740738,56.0
eb4895380ccaa410da0fefb6f12b197b,253.0,314.6,386.0,0.7043008500000001,36.0
eb4895380ccaa410da0fefb6f12b197b,253.0,257.4,347.4,0.6981828855555555,48.0
eb4895380ccaa410da0fefb6f12b197b,278.3,314.6,347.4,0.6967973152499999,36.0
eb4895380ccaa410da0fefb6f12b197b,227.7,314.6,347.4,0.6702515047083333,42.0
eb4895380ccaa410da0fefb6f12b197b,253.0,314.6,347.4,0.6356493025000001,36.0
eb4895380ccaa410da0fefb6f12b197b,278.3,286.0,424.6,0.5151024066666667,24.0
eb4895380ccaa410da0fefb6f12b197b,227.7,286.0,424.6,0.49547860703703706,28.0
eb4895380ccaa410da0fefb6f12b197b,253.0,286.0,424.6,0.4698991777777778,24.0
eb4895380ccaa410da0fefb6f12b197b,278.3,257.4,424.6,0.46533237683333334,24.0
eb4895380ccaa410da0fefb6f12b197b,227.7,257.4,424.6,0.4476046605462962,28.0
eb4895380ccaa410da0fefb6f12b197b,253.0,257.4,424.6,0.42449675722222224,24.0
eb4895380ccaa410da0fefb6f12b197b,278.3,314.6,424.6,0.423654327375,18.0
eb4895380ccaa410da0fefb6f12b197b,227.7,314.6,424.6,0.4075144151458333,21.0
eb4895380ccaa410da0fefb6f12b197b,253.0,314.6,424.6,0.38647619875000006,18.0
eb8c91d6266d086a541d9c7411a9d92f,149.0,288.0,388.0,0.9603629444444445,88.0
eb8c91d6266d086a541d9c7411a9d92f,163.9,288.0,388.0,0.9548720185185186,80.0
eb8c91d6266d086a541d9c7411a9d92f,134.1,288.0,388.0,0.9494909111111111,96.0
eb8c91d6266d086a541d9c7411a9d92f,149.0,259.2,388.0,0.8675493444444443,88.0
eb8c91d6266d086a541d9c7411a9d92f,149.0,288.0,349.2,0.8667396222222221,88.0
eb8c91d6266d086a541d9c7411a9d92f,163.9,259.2,388.0,0.8625890851851851,80.0
eb8c91d6266d086a541d9c7411a9d92f,163.9,288.0,349.2,0.8617839925925928,80.0
eb8c91d6266d086a541d9c7411a9d92f,134.1,259.2,388.0,0.857728031111111,96.0
eb8c91d6266d086a541d9c7411a9d92f,134.1,288.0,349.2,0.8569274755555554,96.0
eb8c91d6266d086a541d9c7411a9d92f,149.0,316.8,388.0,0.7898824083333335,66.0
eb8c91d6266d086a541d9c7411a9d92f,163.9,316.8,388.0,0.7853662138888889,60.0
eb8c91d6266d086a541d9c7411a9d92f,149.0,259.2,349.2,0.7829741822222221,88.0
eb8c91d6266d086a541d9c7411a9d92f,134.1,316.8,388.0,0.7809403433333333,72.0
eb8c91d6266d086a541d9c7411a9d92f,163.9,259.2,349.2,0.7784974859259258,80.0
eb8c91d6266d086a541d9c7411a9d92f,134.1,259.2,349.2,0.7741103235555553,96.0
eb8c91d6266d086a541d9c7411a9d92f,149.0,316.8,349.2,0.7128787966666668,66.0
eb8c91d6266d086a541d9c7411a9d92f,163.9,316.8,349.2,0.7088028744444446,60.0
eb8c91d6266d086a541d9c7411a9d92f,134.1,316.8,349.2,0.7048084706666667,72.0
eb8c91d6266d086a541d9c7411a9d92f,149.0,288.0,426.8,0.5269931333333334,44.0
eb8c91d6266d086a541d9c7411a9d92f,163.9,288.0,426.8,0.5239800222222223,40.0
eb8c91d6266d086a541d9c7411a9d92f,134.1,288.0,426.8,0.5210271733333334,48.0
eb8c91d6266d086a541d9c7411a9d92f,149.0,259.2,426.8,0.47606225333333335,44.0
eb8c91d6266d086a541d9c7411a9d92f,163.9,259.2,426.8,0.47334034222222215,40.0
eb8c91d6266d086a541d9c7411a9d92f,134.1,259.2,426.8,0.47067286933333324,48.0
eb8c91d6266d086a541d9c7411a9d92f,149.0,316.8,426.8,0.4334430100000001,33.0
eb8c91d6266d086a541d9c7411a9d92f,163.9,316.8,426.8,0.43096477666666677,30.0
eb8c91d6266d086a541d9c7411a9d92f,134.1,316.8,426.8,0.428536108,36.0
ec50ec2078db5c1fbf57db09049b95f3,158.0,282.0,380.0,0.8857333333333334,80.0
ec50ec2078db5c1fbf57db09049b95f3,142.2,282.0,380.0,0.8826754444444443,88.0
ec50ec2078db5c1fbf57db09049b95f3,173.8,282.0,380.0,0.8721310000000001,72.0
ec50ec2078db5c1fbf57db09049b95f3,158.0,253.8,380.0,0.8001933333333333,80.0
ec50ec2078db5c1fbf57db09049b95f3,158.0,282.0,342.0,0.7994311111111111,80.0
ec50ec2078db5c1fbf57db09049b95f3,142.2,253.8,380.0,0.7974307611111111,88.0
ec50ec2078db5c1fbf57db09049b95f3,142.2,282.0,342.0,0.7966711703703702,88.0
ec50ec2078db5c1fbf57db09049b95f3,173.8,253.8,380.0,0.78790465,72.0
ec50ec2078db5c1fbf57db09049b95f3,173.8,282.0,342.0,0.7871541333333334,72.0
ec50ec2078db5c1fbf57db09049b95f3,158.0,310.2,380.0,0.728455,60.0
ec50ec2078db5c1fbf57db09049b95f3,142.2,310.2,380.0,0.7259400958333333,66.0
ec50ec2078db5c1fbf57db09049b95f3,158.0,253.8,342.0,0.7222257777777777,80.0
ec50ec2078db5c1fbf57db09049b95f3,142.2,253.8,342.0,0.7197323792592594,88.0
ec50ec2078db5c1fbf57db09049b95f3,173.8,310.2,380.0,0.7172680125,54.0
ec50ec2078db5c1fbf57db09049b95f3,173.8,253.8,342.0,0.7111344533333334,72.0
ec50ec2078db5c1fbf57db09049b95f3,158.0,310.2,342.0,0.6574773333333334,60.0
ec50ec2078db5c1fbf57db09049b95f3,142.2,310.2,342.0,0.6552074711111111,66.0
ec50ec2078db5c1fbf57db09049b95f3,173.8,310.2,342.0,0.64738036,54.0
ec50ec2078db5c1fbf57db09049b95f3,158.0,282.0,418.0,0.48601777777777777,40.0
ec50ec2078db5c1fbf57db09049b95f3,142.2,282.0,418.0,0.4843398592592592,44.0
ec50ec2078db5c1fbf57db09049b95f3,173.8,282.0,418.0,0.47855393333333335,36.0
ec50ec2078db5c1fbf57db09049b95f3,158.0,253.8,418.0,0.43908044444444444,40.0
ec50ec2078db5c1fbf57db09049b95f3,142.2,253.8,418.0,0.43756457148148153,44.0
ec50ec2078db5c1fbf57db09049b95f3,173.8,253.8,418.0,0.4323374233333333,36.0
ec50ec2078db5c1fbf57db09049b95f3,158.0,310.2,418.0,0.39971633333333334,30.0
ec50ec2078db5c1fbf57db09049b95f3,142.2,310.2,418.0,0.39833636027777775,33.0
ec50ec2078db5c1fbf57db09049b95f3,173.8,310.2,418.0,0.39357783250000006,27.0
edebe6dd9669ec03369694b6dbbd4c54,275.0,229.5,353.7,0.8619879427083333,60.0
edebe6dd9669ec03369694b6dbbd4c54,275.0,280.5,353.7,0.8364342291666667,48.0
edebe6dd9669ec03369694b6dbbd4c54,225.0,229.5,353.7,0.8292223191550926,70.0
edebe6dd9669ec03369694b6dbbd4c54,225.0,280.5,353.7,0.8046399456018518,56.0
edebe6dd9669ec03369694b6dbbd4c54,250.0,229.5,353.7,0.7863749652777777,60.0
edebe6dd9669ec03369694b6dbbd4c54,250.0,280.5,353.7,0.7630628055555555,48.0
edebe6dd9669ec03369694b6dbbd4c54,275.0,255.0,353.7,0.7630122916666666,48.0
edebe6dd9669ec03369694b6dbbd4c54,225.0,255.0,353.7,0.734008900462963,56.0
edebe6dd9669ec03369694b6dbbd4c54,250.0,255.0,353.7,0.6960813888888889,48.0
edebe6dd9669ec03369694b6dbbd4c54,275.0,229.5,432.3,0.5241370182291667,30.0
edebe6dd9669ec03369694b6dbbd4c54,275.0,280.5,432.3,0.5085989270833333,24.0
edebe6dd9669ec03369694b6dbbd4c54,225.0,229.5,432.3,0.5042136812789352,35.0
edebe6dd9669ec03369694b6dbbd4c54,225.0,280.5,432.3,0.4892662193287037,28.0
edebe6dd9669ec03369694b6dbbd4c54,250.0,229.5,432.3,0.47816008680555555,30.0
edebe6dd9669ec03369694b6dbbd4c54,275.0,229.5,393.0,0.47756549479166666,30.0
edebe6dd9669ec03369694b6dbbd4c54,250.0,280.5,432.3,0.4639849861111111,24.0
edebe6dd9669ec03369694b6dbbd4c54,275.0,255.0,432.3,0.46395427083333335,24.0
edebe6dd9669ec03369694b6dbbd4c54,275.0,280.5,393.0,0.4634080208333333,24.0
edebe6dd9669ec03369694b6dbbd4c54,225.0,229.5,393.0,0.45941242042824076,35.0
edebe6dd9669ec03369694b6dbbd4c54,225.0,255.0,432.3,0.4463185821759259,28.0
edebe6dd9669ec03369694b6dbbd4c54,225.0,280.5,393.0,0.4457930960648148,28.0
edebe6dd9669ec03369694b6dbbd4c54,250.0,229.5,393.0,0.43567378472222223,30.0
edebe6dd9669ec03369694b6dbbd4c54,250.0,255.0,432.3,0.4232565277777778,24.0
edebe6dd9669ec03369694b6dbbd4c54,250.0,280.5,393.0,0.42275819444444446,24.0
edebe6dd9669ec03369694b6dbbd4c54,275.0,255.0,393.0,0.42273020833333336,24.0
edebe6dd9669ec03369694b6dbbd4c54,225.0,255.0,393.0,0.4066615162037037,28.0
edebe6dd9669ec03369694b6dbbd4c54,250.0,255.0,393.0,0.3856486111111111,24.0
ef2c4cbdd2be88c4d7a73fe0a429c842,245.0,220.5,378.0,0.9238407986111111,70.0
ef2c4cbdd2be88c4d7a73fe0a429c842,245.0,269.5,378.0,0.8961856944444444,56.0
ef2c4cbdd2be88c4d7a73fe0a429c842,269.5,220.5,378.0,0.8679445486111111,60.0
ef2c4cbdd2be88c4d7a73fe0a429c842,269.5,269.5,378.0,0.8419626944444445,48.0
ef2c4cbdd2be88c4d7a73fe0a429c842,220.5,220.5,378.0,0.8350796238425926,70.0
ef2c4cbdd2be88c4d7a73fe0a429c842,245.0,220.5,340.2,0.8338377517361111,70.0
ef2c4cbdd2be88c4d7a73fe0a429c842,245.0,245.0,378.0,0.8176291666666666,56.0
ef2c4cbdd2be88c4d7a73fe0a429c842,220.5,269.5,378.0,0.8100815787037037,56.0
ef2c4cbdd2be88c4d7a73fe0a429c842,245.0,269.5,340.2,0.8088768819444444,56.0
ef2c4cbdd2be88c4d7a73fe0a429c842,269.5,220.5,340.2,0.7833870642361112,60.0
ef2c4cbdd2be88c4d7a73fe0a429c842,269.5,245.0,378.0,0.7681591666666666,48.0
ef2c4cbdd2be88c4d7a73fe0a429c842,269.5,269.5,340.2,0.7599364319444445,48.0
ef2c4cbdd2be88c4d7a73fe0a429c842,220.5,220.5,340.2,0.7537239285300926,70.0
ef2c4cbdd2be88c4d7a73fe0a429c842,220.5,245.0,378.0,0.7390726388888889,56.0
ef2c4cbdd2be88c4d7a73fe0a429c842,245.0,245.0,340.2,0.7379735416666666,56.0
ef2c4cbdd2be88c4d7a73fe0a429c842,220.5,269.5,340.2,0.7311612599537037,56.0
ef2c4cbdd2be88c4d7a73fe0a429c842,269.5,245.0,340.2,0.6933230416666667,48.0
ef2c4cbdd2be88c4d7a73fe0a429c842,220.5,245.0,340.2,0.6670702013888888,56.0
ef2c4cbdd2be88c4d7a73fe0a429c842,245.0,220.5,415.8,0.5069219227430556,35.0
ef2c4cbdd2be88c4d7a73fe0a429c842,245.0,269.5,415.8,0.4917472534722222,28.0
ef2c4cbdd2be88c4d7a73fe0a429c842,269.5,220.5,415.8,0.47625101649305557,30.0
ef2c4cbdd2be88c4d7a73fe0a429c842,269.5,269.5,415.8,0.4619944784722222,24.0
ef2c4cbdd2be88c4d7a73fe0a429c842,220.5,220.5,415.8,0.4582176595775463,35.0
ef2c4cbdd2be88c4d7a73fe0a429c842,245.0,245.0,415.8,0.4486423958333333,28.0
ef2c4cbdd2be88c4d7a73fe0a429c842,220.5,269.5,415.8,0.44450094872685186,28.0
ef2c4cbdd2be88c4d7a73fe0a429c842,269.5,245.0,415.8,0.4214976458333333,24.0
ef2c4cbdd2be88c4d7a73fe0a429c842,220.5,245.0,415.8,0.40553753819444444,28.0
f152ca1c81c447e9f47aac4e934dc6fc,163.0,282.0,380.0,0.9120944444444444,80.0
f152ca1c81c447e9f47aac4e934dc6fc,146.7,282.0,380.0,0.9087729444444443,88.0
f152ca1c81c447e9f47aac4e934dc6fc,179.3,282.0,380.0,0.8982285000000001,72.0
f152ca1c81c447e9f47aac4e934dc6fc,163.0,253.8,380.0,0.8240086111111111,80.0
f152ca1c81c447e9f47aac4e934dc6fc,163.0,282.0,342.0,0.8232237037037037,80.0
f152ca1c81c447e9f47aac4e934dc6fc,146.7,253.8,380.0,0.8210078861111111,88.0
f152ca1c81c447e9f47aac4e934dc6fc,146.7,282.0,342.0,0.8202258370370368,88.0
f152ca1c81c447e9f47aac4e934dc6fc,179.3,253.8,380.0,0.8114817750000001,72.0
f152ca1c81c447e9f47aac4e934dc6fc,179.3,282.0,342.0,0.8107088,72.0
f152ca1c81c447e9f47aac4e934dc6fc,163.0,310.2,380.0,0.7501352083333334,60.0
f152ca1c81c447e9f47aac4e934dc6fc,146.7,310.2,380.0,0.7474035020833333,66.0
f152ca1c81c447e9f47aac4e934dc6fc,163.0,253.8,342.0,0.7437205925925926,80.0
f152ca1c81c447e9f47aac4e934dc6fc,146.7,253.8,342.0,0.741012245925926,88.0
f152ca1c81c447e9f47aac4e934dc6fc,179.3,310.2,380.0,0.7387314187499999,54.0
f152ca1c81c447e9f47aac4e934dc6fc,179.3,253.8,342.0,0.7324143200000001,72.0
f152ca1c81c447e9f47aac4e934dc6fc,163.0,310.2,342.0,0.6770451111111111,60.0
f152ca1c81c447e9f47aac4e934dc6fc,146.7,310.2,342.0,0.674579571111111,66.0
f152ca1c81c447e9f47aac4e934dc6fc,179.3,310.2,342.0,0.6667524599999999,54.0
f152ca1c81c447e9f47aac4e934dc6fc,163.0,282.0,418.0,0.5004825925925926,40.0
f152ca1c81c447e9f47aac4e934dc6fc,146.7,282.0,418.0,0.4986600259259259,44.0
f152ca1c81c447e9f47aac4e934dc6fc,179.3,282.0,418.0,0.49287410000000004,36.0
f152ca1c81c447e9f47aac4e934dc6fc,163.0,253.8,418.0,0.4521483148148148,40.0
f152ca1c81c447e9f47aac4e934dc6fc,146.7,253.8,418.0,0.4505017631481481,44.0
f152ca1c81c447e9f47aac4e934dc6fc,179.3,253.8,418.0,0.4452746150000001,36.0
f152ca1c81c447e9f47aac4e934dc6fc,163.0,310.2,418.0,0.41161265277777775,30.0
f152ca1c81c447e9f47aac4e934dc6fc,146.7,310.2,418.0,0.4101137165277778,33.0
f152ca1c81c447e9f47aac4e934dc6fc,179.3,310.2,418.0,0.40535518875000004,27.0
f1efec47e48187c72213058375afab2c,286.0,266.4,355.5,0.8306434222222222,48.0
f1efec47e48187c72213058375afab2c,314.6,266.4,355.5,0.7590846138888888,40.0
f1efec47e48187c72213058375afab2c,286.0,325.6,355.5,0.7564144333333335,36.0
f1efec47e48187c72213058375afab2c,257.4,266.4,355.5,0.7503853077777776,48.0
f1efec47e48187c72213058375afab2c,314.6,325.6,355.5,0.6912503520833334,30.0
f1efec47e48187c72213058375afab2c,286.0,296.0,355.5,0.6896985,36.0
f1efec47e48187c72213058375afab2c,257.4,325.6,355.5,0.6833284441666666,36.0
f1efec47e48187c72213058375afab2c,314.6,296.0,355.5,0.6302819062500001,30.0
f1efec47e48187c72213058375afab2c,257.4,296.0,355.5,0.6230587125,36.0
f1efec47e48187c72213058375afab2c,286.0,266.4,434.5,0.5050902888888888,24.0
f1efec47e48187c72213058375afab2c,314.6,266.4,434.5,0.4615774430555555,20.0
f1efec47e48187c72213058375afab2c,286.0,266.4,395.0,0.46020599999999995,24.0
f1efec47e48187c72213058375afab2c,286.0,325.6,434.5,0.45995378333333337,18.0
f1efec47e48187c72213058375afab2c,257.4,266.4,434.5,0.456287646111111,24.0
f1efec47e48187c72213058375afab2c,314.6,266.4,395.0,0.420559875,20.0
f1efec47e48187c72213058375afab2c,314.6,325.6,434.5,0.4203293864583334,15.0
f1efec47e48187c72213058375afab2c,286.0,296.0,434.5,0.41938575,18.0
f1efec47e48187c72213058375afab2c,286.0,325.6,395.0,0.4190805,18.0
f1efec47e48187c72213058375afab2c,257.4,266.4,395.0,0.41574014999999986,24.0
f1efec47e48187c72213058375afab2c,257.4,325.6,434.5,0.41551230291666663,18.0
f1efec47e48187c72213058375afab2c,314.6,296.0,434.5,0.383256234375,15.0
f1efec47e48187c72213058375afab2c,314.6,325.6,395.0,0.3829772812500001,15.0
f1efec47e48187c72213058375afab2c,286.0,296.0,395.0,0.3821175,18.0
f1efec47e48187c72213058375afab2c,257.4,296.0,434.5,0.37886401875,18.0
f1efec47e48187c72213058375afab2c,257.4,325.6,395.0,0.3785882625,18.0
f1efec47e48187c72213058375afab2c,314.6,296.0,395.0,0.34919859375,15.0
f1efec47e48187c72213058375afab2c,257.4,296.0,395.0,0.34519668749999993,18.0
f201c0669374a768669461ddff1643e4,152.0,182.0,375.0,0.91476,132.0
f201c0669374a768669461ddff1643e4,167.2,182.0,375.0,0.9096266666666666,120.0
f201c0669374a768669461ddff1643e4,136.8,182.0,375.0,0.904288,144.0
f201c0669374a768669461ddff1643e4,152.0,200.2,375.0,0.8345596875,110.0
f201c0669374a768669461ddff1643e4,167.2,200.2,375.0,0.8298764120370369,100.0
f201c0669374a768669461ddff1643e4,152.0,163.8,375.0,0.828048375,132.0
f201c0669374a768669461ddff1643e4,152.0,182.0,337.5,0.82566,132.0
f201c0669374a768669461ddff1643e4,136.8,200.2,375.0,0.8250058055555556,120.0
f201c0669374a768669461ddff1643e4,167.2,163.8,375.0,0.8234016388888888,120.0
f201c0669374a768669461ddff1643e4,167.2,182.0,337.5,0.8210266666666666,120.0
f201c0669374a768669461ddff1643e4,136.8,163.8,375.0,0.8185690333333335,144.0
f201c0669374a768669461ddff1643e4,136.8,182.0,337.5,0.816208,144.0
f201c0669374a768669461ddff1643e4,152.0,200.2,337.5,0.75327140625,110.0
f201c0669374a768669461ddff1643e4,167.2,200.2,337.5,0.7490442939814813,100.0
f201c0669374a768669461ddff1643e4,152.0,163.8,337.5,0.7473943125,132.0
f201c0669374a768669461ddff1643e4,136.8,200.2,337.5,0.7446480972222222,120.0
f201c0669374a768669461ddff1643e4,167.2,163.8,337.5,0.7432001805555556,120.0
f201c0669374a768669461ddff1643e4,136.8,163.8,337.5,0.7388382833333336,144.0
f201c0669374a768669461ddff1643e4,152.0,182.0,412.5,0.50193,66.0
f201c0669374a768669461ddff1643e4,167.2,182.0,412.5,0.49911333333333324,60.0
f201c0669374a768669461ddff1643e4,136.8,182.0,412.5,0.496184,72.0
f201c0669374a768669461ddff1643e4,152.0,200.2,412.5,0.457923984375,55.0
f201c0669374a768669461ddff1643e4,167.2,200.2,412.5,0.4553542650462962,50.0
f201c0669374a768669461ddff1643e4,152.0,163.8,412.5,0.45435121875,66.0
f201c0669374a768669461ddff1643e4,136.8,200.2,412.5,0.45268175694444446,60.0
f201c0669374a768669461ddff1643e4,167.2,163.8,412.5,0.4518015486111111,60.0
f201c0669374a768669461ddff1643e4,136.8,163.8,412.5,0.4491498916666668,72.0
f324c5af11a778e41d0ca8572b5187bb,165.6,286.0,384.0,0.9481099259259259,80.0
f324c5af11a778e41d0ca8572b5187bb,184.0,286.0,384.0,0.9427106666666667,72.0
f324c5af11a778e41d0ca8572b5187bb,202.4,286.0,384.0,0.9174421333333334,64.0
f324c5af11a778e41d0ca8572b5187bb,165.6,257.4,384.0,0.8565020074074073,80.0
f324c5af11a778e41d0ca8572b5187bb,165.6,286.0,345.6,0.8557053037037038,80.0
f324c5af11a778e41d0ca8572b5187bb,184.0,257.4,384.0,0.8516244333333333,72.0
f324c5af11a778e41d0ca8572b5187bb,184.0,286.0,345.6,0.8508322666666668,72.0
f324c5af11a778e41d0ca8572b5187bb,202.4,257.4,384.0,0.8287973866666666,64.0
f324c5af11a778e41d0ca8572b5187bb,202.4,286.0,345.6,0.8280264533333334,64.0
f324c5af11a778e41d0ca8572b5187bb,165.6,314.6,384.0,0.7797883833333333,60.0
f324c5af11a778e41d0ca8572b5187bb,184.0,314.6,384.0,0.775347675,54.0
f324c5af11a778e41d0ca8572b5187bb,165.6,257.4,345.6,0.7730256696296296,80.0
f324c5af11a778e41d0ca8572b5187bb,184.0,257.4,345.6,0.7686234733333334,72.0
f324c5af11a778e41d0ca8572b5187bb,202.4,314.6,384.0,0.75456516,48.0
f324c5af11a778e41d0ca8572b5187bb,202.4,257.4,345.6,0.7480211946666667,64.0
f324c5af11a778e41d0ca8572b5187bb,165.6,314.6,345.6,0.7037887033333334,60.0
f324c5af11a778e41d0ca8572b5187bb,184.0,314.6,345.6,0.699780795,54.0
f324c5af11a778e41d0ca8572b5187bb,202.4,314.6,345.6,0.6810237840000001,48.0
f324c5af11a778e41d0ca8572b5187bb,165.6,286.0,422.4,0.5202572740740741,40.0
f324c5af11a778e41d0ca8572b5187bb,184.0,286.0,422.4,0.5172945333333333,36.0
f324c5af11a778e41d0ca8572b5187bb,202.4,286.0,422.4,0.5034289066666667,32.0
f324c5af11a778e41d0ca8572b5187bb,165.6,257.4,422.4,0.46998917259259254,40.0
f324c5af11a778e41d0ca8572b5187bb,184.0,257.4,422.4,0.46731269666666664,36.0
f324c5af11a778e41d0ca8572b5187bb,202.4,257.4,422.4,0.4547867893333333,32.0
f324c5af11a778e41d0ca8572b5187bb,165.6,314.6,422.4,0.4278940316666667,30.0
f324c5af11a778e41d0ca8572b5187bb,184.0,314.6,422.4,0.4254572775,27.0
f324c5af11a778e41d0ca8572b5187bb,202.4,314.6,422.4,0.41405326800000003,24.0
f95687311339e4b9b0ef5622b26fd941,188.1,229.5,353.7,0.8987358497395833,90.0
f95687311339e4b9b0ef5622b26fd941,209.0,229.5,353.7,0.8831595763888888,80.0
f95687311339e4b9b0ef5622b26fd941,188.1,280.5,353.7,0.8720927410416666,72.0
f95687311339e4b9b0ef5622b26fd941,209.0,280.5,353.7,0.8569782277777778,64.0
f95687311339e4b9b0ef5622b26fd941,229.9,229.5,353.7,0.8465124866608796,70.0
f95687311339e4b9b0ef5622b26fd941,229.9,280.5,353.7,0.8214175444675925,56.0
f95687311339e4b9b0ef5622b26fd941,188.1,255.0,353.7,0.7955407104166667,72.0
f95687311339e4b9b0ef5622b26fd941,209.0,255.0,353.7,0.7817529444444444,64.0
f95687311339e4b9b0ef5622b26fd941,229.9,255.0,353.7,0.7493137668981482,56.0
f95687311339e4b9b0ef5622b26fd941,188.1,229.5,432.3,0.5464818069010416,45.0
f95687311339e4b9b0ef5622b26fd941,209.0,229.5,432.3,0.5370105590277778,40.0
f95687311339e4b9b0ef5622b26fd941,188.1,280.5,432.3,0.5302813023958333,36.0
f95687311339e4b9b0ef5622b26fd941,209.0,280.5,432.3,0.5210908305555556,32.0
f95687311339e4b9b0ef5622b26fd941,229.9,229.5,432.3,0.5147270729311343,35.0
f95687311339e4b9b0ef5622b26fd941,229.9,280.5,432.3,0.49946794049768517,28.0
f95687311339e4b9b0ef5622b26fd941,188.1,229.5,393.0,0.4979248658854166,45.0
f95687311339e4b9b0ef5622b26fd941,209.0,229.5,393.0,0.48929517361111113,40.0
f95687311339e4b9b0ef5622b26fd941,188.1,255.0,432.3,0.48373337395833327,36.0
f95687311339e4b9b0ef5622b26fd941,188.1,280.5,393.0,0.48316383645833333,36.0
f95687311339e4b9b0ef5622b26fd941,209.0,255.0,432.3,0.47534963888888887,32.0
f95687311339e4b9b0ef5622b26fd941,209.0,280.5,393.0,0.47478997222222225,32.0
f95687311339e4b9b0ef5622b26fd941,229.9,229.5,393.0,0.4689916581307871,35.0
f95687311339e4b9b0ef5622b26fd941,229.9,255.0,432.3,0.4556247994212963,28.0
f95687311339e4b9b0ef5622b26fd941,229.9,280.5,393.0,0.4550883563657407,28.0
f95687311339e4b9b0ef5622b26fd941,188.1,255.0,393.0,0.4407518645833333,36.0
f95687311339e4b9b0ef5622b26fd941,209.0,255.0,393.0,0.43311305555555557,32.0
f95687311339e4b9b0ef5622b26fd941,229.9,255.0,393.0,0.4151408414351852,28.0
fa8da38322149b23e14a120e71d38975,211.5,229.5,353.7,0.8932413067129629,80.0
fa8da38322149b23e14a120e71d38975,211.5,280.5,353.7,0.8667610842592592,64.0
fa8da38322149b23e14a120e71d38975,235.0,229.5,353.7,0.8645083752893519,70.0
fa8da38322149b23e14a120e71d38975,235.0,280.5,353.7,0.8388799432870371,56.0
fa8da38322149b23e14a120e71d38975,258.5,229.5,353.7,0.8120833776041667,60.0
fa8da38322149b23e14a120e71d38975,211.5,255.0,353.7,0.7906770648148148,64.0
fa8da38322149b23e14a120e71d38975,258.5,280.5,353.7,0.7880090895833333,48.0
fa8da38322149b23e14a120e71d38975,235.0,255.0,353.7,0.7652433217592592,56.0
fa8da38322149b23e14a120e71d38975,258.5,255.0,353.7,0.7188378958333334,48.0
fa8da38322149b23e14a120e71d38975,211.5,229.5,432.3,0.5431408165509259,40.0
fa8da38322149b23e14a120e71d38975,211.5,280.5,432.3,0.5270393560185186,32.0
fa8da38322149b23e14a120e71d38975,235.0,229.5,432.3,0.5256695826099537,35.0
fa8da38322149b23e14a120e71d38975,235.0,280.5,432.3,0.5100860584490741,28.0
fa8da38322149b23e14a120e71d38975,211.5,229.5,393.0,0.4948807349537037,40.0
fa8da38322149b23e14a120e71d38975,258.5,229.5,432.3,0.49379224348958334,30.0
fa8da38322149b23e14a120e71d38975,211.5,255.0,432.3,0.4807760046296296,32.0
fa8da38322149b23e14a120e71d38975,211.5,280.5,393.0,0.48020994907407405,32.0
fa8da38322149b23e14a120e71d38975,258.5,280.5,432.3,0.4791537260416666,24.0
fa8da38322149b23e14a120e71d38975,235.0,229.5,393.0,0.4789618851273148,35.0
fa8da38322149b23e14a120e71d38975,235.0,255.0,432.3,0.46531086226851853,28.0
fa8da38322149b23e14a120e71d38975,235.0,280.5,393.0,0.4647630150462963,28.0
fa8da38322149b23e14a120e71d38975,258.5,229.5,393.0,0.4499169661458333,30.0
fa8da38322149b23e14a120e71d38975,211.5,255.0,393.0,0.4380572685185185,32.0
fa8da38322149b23e14a120e71d38975,258.5,255.0,432.3,0.43709376041666664,24.0
fa8da38322149b23e14a120e71d38975,258.5,280.5,393.0,0.43657913541666665,24.0
fa8da38322149b23e14a120e71d38975,235.0,255.0,393.0,0.4239662615740741,28.0
fa8da38322149b23e14a120e71d38975,258.5,255.0,393.0,0.39825635416666666,24.0
fc6931875b8384c7bacd18bb4699795f,240.9,229.5,353.7,0.8853271484085649,70.0
fc6931875b8384c7bacd18bb4699795f,240.9,280.5,353.7,0.8590815419212962,56.0
fc6931875b8384c7bacd18bb4699795f,197.1,229.5,353.7,0.8351705400462962,80.0
fc6931875b8384c7bacd18bb4699795f,197.1,280.5,353.7,0.8104118309259258,64.0
fc6931875b8384c7bacd18bb4699795f,219.0,229.5,353.7,0.8080506854745368,70.0
fc6931875b8384c7bacd18bb4699795f,219.0,280.5,353.7,0.7840959469907407,56.0
fc6931875b8384c7bacd18bb4699795f,240.9,255.0,353.7,0.783671630324074,56.0
fc6931875b8384c7bacd18bb4699795f,197.1,255.0,353.7,0.7392741314814815,64.0
fc6931875b8384c7bacd18bb4699795f,219.0,255.0,353.7,0.7152682476851852,56.0
fc6931875b8384c7bacd18bb4699795f,240.9,229.5,432.3,0.5383285643952546,35.0
fc6931875b8384c7bacd18bb4699795f,240.9,280.5,432.3,0.5223697635300926,28.0
fc6931875b8384c7bacd18bb4699795f,197.1,229.5,432.3,0.5078305332175925,40.0
fc6931875b8384c7bacd18bb4699795f,197.1,280.5,432.3,0.4927758493518518,32.0
fc6931875b8384c7bacd18bb4699795f,219.0,229.5,432.3,0.49134014048032415,35.0
fc6931875b8384c7bacd18bb4699795f,240.9,229.5,393.0,0.4904960692997686,35.0
fc6931875b8384c7bacd18bb4699795f,219.0,280.5,432.3,0.4767743158564815,28.0
fc6931875b8384c7bacd18bb4699795f,240.9,255.0,432.3,0.4765163075231481,28.0
fc6931875b8384c7bacd18bb4699795f,240.9,280.5,393.0,0.47595526724537035,28.0
fc6931875b8384c7bacd18bb4699795f,197.1,229.5,393.0,0.4627079016203703,40.0
fc6931875b8384c7bacd18bb4699795f,197.1,255.0,432.3,0.449520137962963,32.0
fc6931875b8384c7bacd18bb4699795f,197.1,280.5,393.0,0.44899088240740737,32.0
fc6931875b8384c7bacd18bb4699795f,219.0,229.5,393.0,0.4476827416087963,35.0
fc6931875b8384c7bacd18bb4699795f,219.0,255.0,432.3,0.4349232141203704,28.0
fc6931875b8384c7bacd18bb4699795f,219.0,280.5,393.0,0.43441114467592595,28.0
fc6931875b8384c7bacd18bb4699795f,240.9,255.0,393.0,0.43417606134259257,28.0
fc6931875b8384c7bacd18bb4699795f,197.1,255.0,393.0,0.40957860185185185,32.0
fc6931875b8384c7bacd18bb4699795f,219.0,255.0,393.0,0.3962786689814815,28.0
fe503fe59c48da80878a0b8f7ad58dcb,183.6,223.2,383.0,0.9241132999999999,90.0
fe503fe59c48da80878a0b8f7ad58dcb,204.0,223.2,383.0,0.9079901111111112,80.0
fe503fe59c48da80878a0b8f7ad58dcb,183.6,272.8,383.0,0.89653256,72.0
fe503fe59c48da80878a0b8f7ad58dcb,204.0,272.8,383.0,0.8808905777777778,64.0
fe503fe59c48da80878a0b8f7ad58dcb,224.4,223.2,383.0,0.8702279055555556,70.0
fe503fe59c48da80878a0b8f7ad58dcb,224.4,272.8,383.0,0.844255408888889,56.0
fe503fe59c48da80878a0b8f7ad58dcb,183.6,223.2,344.7,0.8340534033333332,90.0
fe503fe59c48da80878a0b8f7ad58dcb,204.0,223.2,344.7,0.8195015074074073,80.0
fe503fe59c48da80878a0b8f7ad58dcb,183.6,248.0,383.0,0.8179116,72.0
fe503fe59c48da80878a0b8f7ad58dcb,183.6,272.8,344.7,0.8091605573333333,72.0
fe503fe59c48da80878a0b8f7ad58dcb,204.0,248.0,383.0,0.8036413333333333,64.0
fe503fe59c48da80878a0b8f7ad58dcb,204.0,272.8,344.7,0.7950429718518519,64.0
fe503fe59c48da80878a0b8f7ad58dcb,224.4,223.2,344.7,0.7854194353703703,70.0
fe503fe59c48da80878a0b8f7ad58dcb,224.4,248.0,383.0,0.7702188666666667,56.0
fe503fe59c48da80878a0b8f7ad58dcb,224.4,272.8,344.7,0.7619781005925926,56.0
fe503fe59c48da80878a0b8f7ad58dcb,183.6,248.0,344.7,0.73820164,72.0
fe503fe59c48da80878a0b8f7ad58dcb,204.0,248.0,344.7,0.7253220888888888,64.0
fe503fe59c48da80878a0b8f7ad58dcb,224.4,248.0,344.7,0.6951568244444445,56.0
fe503fe59c48da80878a0b8f7ad58dcb,183.6,223.2,421.3,0.5070865983333334,45.0
fe503fe59c48da80878a0b8f7ad58dcb,204.0,223.2,421.3,0.4982393574074074,40.0
fe503fe59c48da80878a0b8f7ad58dcb,183.6,272.8,421.3,0.49195228133333335,36.0
fe503fe59c48da80878a0b8f7ad58dcb,204.0,272.8,421.3,0.4833690918518519,32.0
fe503fe59c48da80878a0b8f7ad58dcb,224.4,223.2,421.3,0.4775181878703704,35.0
fe503fe59c48da80878a0b8f7ad58dcb,224.4,272.8,421.3,0.4632663585925927,28.0
fe503fe59c48da80878a0b8f7ad58dcb,183.6,248.0,421.3,0.44881077999999996,36.0
fe503fe59c48da80878a0b8f7ad58dcb,204.0,248.0,421.3,0.4409802888888889,32.0
fe503fe59c48da80878a0b8f7ad58dcb,224.4,248.0,421.3,0.4226404544444445,28.0
fe7802fb3f92b710413a4de88233a3f7,156.6,288.0,388.0,0.9147882592592592,80.0
fe7802fb3f92b710413a4de88233a3f7,174.0,288.0,388.0,0.9092973333333333,72.0
fe7802fb3f92b710413a4de88233a3f7,191.4,288.0,388.0,0.8846979851851853,64.0
fe7802fb3f92b710413a4de88233a3f7,156.6,259.2,388.0,0.8263791925925925,80.0
fe7802fb3f92b710413a4de88233a3f7,156.6,288.0,349.2,0.8256078962962963,80.0
fe7802fb3f92b710413a4de88233a3f7,174.0,259.2,388.0,0.8214189333333333,72.0
fe7802fb3f92b710413a4de88233a3f7,174.0,288.0,349.2,0.8206522666666667,72.0
fe7802fb3f92b710413a4de88233a3f7,191.4,259.2,388.0,0.7991969718518518,64.0
fe7802fb3f92b710413a4de88233a3f7,191.4,288.0,349.2,0.798451045925926,64.0
fe7802fb3f92b710413a4de88233a3f7,156.6,316.8,388.0,0.7523979944444443,60.0
fe7802fb3f92b710413a4de88233a3f7,174.0,316.8,388.0,0.7478818,54.0
fe7802fb3f92b710413a4de88233a3f7,156.6,259.2,349.2,0.7458176029629628,80.0
fe7802fb3f92b710413a4de88233a3f7,174.0,259.2,349.2,0.7413409066666665,72.0
fe7802fb3f92b710413a4de88233a3f7,191.4,316.8,388.0,0.7276492488888888,48.0
fe7802fb3f92b710413a4de88233a3f7,191.4,259.2,349.2,0.7212853072592592,64.0
fe7802fb3f92b710413a4de88233a3f7,156.6,316.8,349.2,0.679048642222222,60.0
fe7802fb3f92b710413a4de88233a3f7,174.0,316.8,349.2,0.6749727199999999,54.0
fe7802fb3f92b710413a4de88233a3f7,191.4,316.8,349.2,0.6567125884444445,48.0
fe7802fb3f92b710413a4de88233a3f7,156.6,288.0,426.8,0.5019843111111111,40.0
fe7802fb3f92b710413a4de88233a3f7,174.0,288.0,426.8,0.4989712,36.0
fe7802fb3f92b710413a4de88233a3f7,191.4,288.0,426.8,0.48547246222222223,32.0
fe7802fb3f92b710413a4de88233a3f7,156.6,259.2,426.8,0.45347039111111104,40.0
fe7802fb3f92b710413a4de88233a3f7,174.0,259.2,426.8,0.45074847999999995,36.0
fe7802fb3f92b710413a4de88233a3f7,191.4,259.2,426.8,0.43855431822222224,32.0
fe7802fb3f92b710413a4de88233a3f7,156.6,316.8,426.8,0.4128736733333333,30.0
fe7802fb3f92b710413a4de88233a3f7,174.0,316.8,426.8,0.41039544000000006,27.0
fe7802fb3f92b710413a4de88233a3f7,191.4,316.8,426.8,0.3992929546666667,24.0
fea00d6f87d3f80808e9e8d1b501120a,165.6,266.4,355.5,0.8212893296296295,80.0
fea00d6f87d3f80808e9e8d1b501120a,184.0,266.4,355.5,0.8166122833333335,72.0
fea00d6f87d3f80808e9e8d1b501120a,202.4,266.4,355.5,0.7947237066666666,64.0
fea00d6f87d3f80808e9e8d1b501120a,165.6,325.6,355.5,0.7478962527777779,60.0
fea00d6f87d3f80808e9e8d1b501120a,184.0,325.6,355.5,0.7436371625,54.0
fea00d6f87d3f80808e9e8d1b501120a,202.4,325.6,355.5,0.7237046200000001,48.0
fea00d6f87d3f80808e9e8d1b501120a,165.6,296.0,355.5,0.681931625,60.0
fea00d6f87d3f80808e9e8d1b501120a,184.0,296.0,355.5,0.6780481875,54.0
fea00d6f87d3f80808e9e8d1b501120a,202.4,296.0,355.5,0.6598736999999999,48.0
fea00d6f87d3f80808e9e8d1b501120a,165.6,266.4,434.5,0.4994023351851851,40.0
fea00d6f87d3f80808e9e8d1b501120a,184.0,266.4,434.5,0.4965583583333333,36.0
fea00d6f87d3f80808e9e8d1b501120a,202.4,266.4,434.5,0.4832485466666666,32.0
fea00d6f87d3f80808e9e8d1b501120a,165.6,266.4,395.0,0.4550235,40.0
fea00d6f87d3f80808e9e8d1b501120a,165.6,325.6,434.5,0.45477412361111114,30.0
fea00d6f87d3f80808e9e8d1b501120a,184.0,266.4,395.0,0.45243225,36.0
fea00d6f87d3f80808e9e8d1b501120a,184.0,325.6,434.5,0.45218429375,27.0
fea00d6f87d3f80808e9e8d1b501120a,202.4,266.4,395.0,0.44030519999999995,32.0
fea00d6f87d3f80808e9e8d1b501120a,202.4,325.6,434.5,0.44006389000000007,24.0
fea00d6f87d3f80808e9e8d1b501120a,165.6,296.0,434.5,0.4146629375,30.0
fea00d6f87d3f80808e9e8d1b501120a,165.6,325.6,395.0,0.414361125,30.0
fea00d6f87d3f80808e9e8d1b501120a,184.0,296.0,434.5,0.41230153125,27.0
fea00d6f87d3f80808e9e8d1b501120a,184.0,325.6,395.0,0.4120014375,27.0
fea00d6f87d3f80808e9e8d1b501120a,202.4,296.0,434.5,0.40125015,24.0
fea00d6f87d3f80808e9e8d1b501120a,202.4,325.6,395.0,0.4009581,24.0
fea00d6f87d3f80808e9e8d1b501120a,165.6,296.0,395.0,0.377814375,30.0
fea00d6f87d3f80808e9e8d1b501120a,184.0,296.0,395.0,0.3756628125,27.0
fea00d6f87d3f80808e9e8d1b501120a,202.4,296.0,395.0,0.3655935,24.0
